Unity Editor version:    6000.6.0f1 (f7f8ed4d1e24)
Branch:                  6000.6/respin/6000.6.0f1-fa21a270ab12
Build type:              Release
Batch mode:              YES
macOS version:           Version 15.3.1 (Build 24D70)
Darwin version:          24.3.0
Architecture:            arm64
Running under Rosetta:   NO
Available memory:        16384 MB
Date:                    2026-09-17T18:20:21Z
[Licensing::Module] Trying to connect to existing licensing client channel...
[Licensing::IpcConnector] Successfully connected to: "LicenseClient-bindubk" at "2026-09-17T18:20:21.007902Z"

COMMAND LINE ARGUMENTS:
/Applications/Unity/Hub/Editor/6000.6.0f1/Unity.app/Contents/MacOS/Unity
-adb2
-batchMode
-noUpm
-name
AssetImportWorkerHW1
-projectPath
/Users/bindubk/First class
-logFile
Logs/AssetImportWorkerHW1.log
-srvPort
49471
-parentPid
1293
-analyticsCloudUserId
2476039697077
-analyticsCloudProjectId
f4b88a0d-c475-4b16-977d-332eee8888cf
-analyticsLocalProjectId
dbccc032dd1bb48bca9d4ccc55844bf0
-editorAnalyticsEnabled
1
-cbmEditorLicense
cacf36cfaebbaabbfbdc758ccb163688bab86c78
-cbmMachineId
BSkf0hx3iS8km8Oz33HVBO8Lhl8=
-licensingIpc
LicenseClient-bindubk
-noDiagnosticSwitchPersistentStore
-job-worker-count
4
-background-job-worker-count
8
-asset-garbage-collectors
1
-force-metal
-name AssetImport
Successfully changed project path to: /Users/bindubk/First class
/Users/bindubk/First class
[UnityMemory] Configuration Parameters - Can be set up in boot.config
    "memorysetup-temp-allocator-size-gi-baking-worker=262144"
    "memorysetup-temp-allocator-size-gi-baking-worker=262144"
    "memorysetup-temp-allocator-size-gi-baking-worker=262144"
    "memorysetup-temp-allocator-size-gi-baking-worker=262144"
    "memorysetup-temp-allocator-size-gi-baking-worker=262144"
    "memorysetup-temp-allocator-size-nav-mesh-worker=65536"
    "memorysetup-temp-allocator-size-audio-worker=65536"
    "memorysetup-temp-allocator-size-cloud-worker=32768"
    "memorysetup-temp-allocator-size-preload-manager=33554432"
    "memorysetup-remapper-allocator-initial-capacity=32768"
    "memorysetup-temp-allocator-size-gfx=262144"
    "memorysetup-allocator-temp-initial-block-size-main=262144"
    "memorysetup-allocator-temp-initial-block-size-worker=262144"
    "memorysetup-temp-allocator-size-background-worker=32768"
    "memorysetup-temp-allocator-size-job-worker=262144"
    "memorysetup-bucket-allocator-granularity=16"
    "memorysetup-bucket-allocator-bucket-count=8"
    "memorysetup-bucket-allocator-block-size=33554432"
    "memorysetup-bucket-allocator-block-count=8"
    "memorysetup-main-allocator-block-size=16777216"
    "memorysetup-thread-allocator-block-size=16777216"
    "memorysetup-main-allocator-mimalloc-enabled=1"
    "memorysetup-gfx-main-allocator-block-size=16777216"
    "memorysetup-gfx-thread-allocator-block-size=16777216"
    "memorysetup-cache-allocator-block-size=4194304"
    "memorysetup-typetree-allocator-block-size=2097152"
    "memorysetup-profiler-bucket-allocator-granularity=16"
    "memorysetup-profiler-bucket-allocator-bucket-count=8"
    "memorysetup-profiler-bucket-allocator-block-size=33554432"
    "memorysetup-profiler-bucket-allocator-block-count=8"
    "memorysetup-profiler-allocator-block-size=16777216"
    "memorysetup-profiler-editor-allocator-block-size=1048576"
    "memorysetup-temp-allocator-size-main=16777216"
    "memorysetup-job-temp-allocator-block-size=2097152"
    "memorysetup-job-temp-allocator-block-size-background=1048576"
    "memorysetup-job-temp-allocator-reduction-small-platforms=262144"
Player connection [8639563840]  Target information:

Player connection [8639563840]  * "[IP] 10.2.227.131 [Port] 0 [Flags] 2 [Guid] 2417106644 [EditorId] 2417106644 [Version] 1048832 [Id] OSXEditor(0,Bindus-MacBook-Pro.local) [Debug] 1 [PackageName] OSXEditor [ProjectName] Editor" 

Player connection [8639563840] Host joined multi-casting on [225.0.0.222:54997]...
Player connection [8639563840] Host joined alternative multi-casting on [225.0.0.222:34997]...
JobSystem: Creating JobQueue using job-worker-count value 4
Input System module state changed to: Initialized.
[Physics::Module] Initialized fallback backend.
[Physics::Module] Id: 0xdecafbad
Library Redirect Path: Library/
Initialising UDS system complete:
  - System type: Client
  - Resource namespace: 190470d0556946ccbed2f8507aca70fd
  - Shared memory size: 1073741824
  - Command buffer id: 1052672
  - Command buffer size: 8192
  - Hashmap size: 4194304
  - Service connected: true
  - Service working directory: Library/DataStore/
[Physics::Module] Selected backend.
[Physics::Module] Name: PhysX
[Physics::Module] Id: 0xf2b8ea05
[Physics::Module] SDK Version: 4.1.2
[Physics::Module] Integration Version: 1.0.0
[Physics::Module] Threading Mode: Multi-Threaded
Initialize engine version: 6000.6.0f1 (f7f8ed4d1e24)
[EntityIdStore] init: VM path (explicit commit), pageSize=16384, blockCount=262144, entitiesPerBlock=1024, slots reserved=4294967296 bytes
[Subsystems] Discovering subsystems at path /Applications/Unity/Hub/Editor/6000.6.0f1/Unity.app/Contents/Resources/UnitySubsystems
[Subsystems] Discovering subsystems at path /Users/bindubk/First class/Assets
Forcing GfxDevice: Metal
GfxDevice: creating device client; kGfxThreadingModeNonThreaded
 preferred device: Apple M4 (high power)
Metal devices available: 1
0: Apple M4 (high power)
Using device Apple M4 (high power)
Initializing Metal device caps: Apple M4
Mac GPU Family: 2
Apple GPU Family: 9
MSL Version: 3.0
Has Float MSAA: 1
Has Float Filtering: 1
ReadWrite Texture Tier: 2
[Licensing::Client] Handshaking with LicensingClient:
  Version:                 1.18.3+d7ffd15
  Session Id:              84f726ea7a74491f9eb2fa494c875d77
  Correlation Id:          769ada1390fcfc3ea012e0a1a4477502
  External correlation Id: 2708221992808887458
  Machine Id:              BSkf0hx3iS8km8Oz33HVBO8Lhl8=
[Licensing::Module] Successfully connected to LicensingClient on channel: "LicenseClient-bindubk" (connect: 0.00s, validation: 0.01s, handshake: 0.42s)
[Licensing::IpcConnector] Successfully connected to: "LicenseClient-bindubk-notifications" at "2026-09-17T18:20:21.433858Z"
[Licensing::Module] Licensing Background thread has ended after 0.43s
Initialize mono
Mono path[0] = '/Applications/Unity/Hub/Editor/6000.6.0f1/Unity.app/Contents/Resources/Scripting/Managed'
Mono path[1] = '/Applications/Unity/Hub/Editor/6000.6.0f1/Unity.app/Contents/Resources/Scripting/BCLExtensions/runtime/netstandard2.1'
Mono path[2] = '/Applications/Unity/Hub/Editor/6000.6.0f1/Unity.app/Contents/Resources/Scripting/MonoBleedingEdge/lib/mono/unityjit-macos'
Mono config path = '/Applications/Unity/Hub/Editor/6000.6.0f1/Unity.app/Contents/Resources/Scripting/MonoBleedingEdge/etc'
Using monoOptions --debugger-agent=transport=dt_socket,embedding=1,server=y,suspend=n,address=127.0.0.1:56341
CodeReloadManager initialized
Begin MonoManager ReloadAssembly
Registering precompiled unity dll's ...
Register platform support module: /Applications/Unity/Hub/Editor/6000.6.0f1/PlaybackEngines/MacStandaloneSupport/UnityEditor.OSXStandalone.Extensions.dll
Registered in 0.000354 seconds.
Native extension for OSXStandalone target not found
Package Manager log level set to [2]
[Package Manager] Failed to launch server process. Reason: Unity was launched with the -noUpm command-line argument
[Package Manager] Unable to send message (not connected to server process).
[Package Manager] Cannot connect to Unity Package Manager local server
ScheduleIndexationOnStartup MainProcess:False IndexOnStartup:True
Scripting: successfully reloaded assembly
- Finished resetting the current domain, in  0.494 seconds
Domain Reload Profiling: 821ms
	BeginReloadAssembly (63ms)
	RebuildCommonClasses (4ms)
	RebuildNativeTypeToScriptingClass (15ms)
	initialDomainReloadingComplete (36ms)
	LoadAllAssembliesAndSetupDomain (208ms)
		LoadAssemblies (62ms)
		TypeCache.Refresh (157ms)
			TypeCache.ScanAssembly (144ms)
		AnalyzeDomain (1ms)
	FinalizeReload (495ms)
		SetupLoadedEditorAssemblies (0ms)
			BeforeProcessingInitializeOnLoad (58ms)
			ProcessInitializeOnLoadAttributes (56ms)
			ProcessInitializeOnLoadMethodAttributes (309ms)
Initializing Unity extensions:
[Licensing::Client] Successfully resolved entitlement details
[Licensing::Module] License group:
  Id: 2476039697077-UnityPersXXXX
  Product: Unity Personal
  Type: Assigned
  Expiration: Unlimited
[CoreBusinessMetrics] Unexpected thread when updating session info.
[CoreBusinessMetrics] Unexpected thread when updating session info.
========================================================================
Worker process is ready to serve import requests
Import Worker Mode flag is 0x00
Begin MonoManager ReloadAssembly
'Packages/com.unity.render-pipelines.core/Editor/Deprecated.cs' contains partial class of Unity.Object, exactly 1 of the partial classes needs to be in a file with the same filename. This is to know the one that can be referenced from ie. GameObjects
'Packages/com.unity.render-pipelines.core/Editor/Deprecated.cs' contains partial class of Unity.Object, exactly 1 of the partial classes needs to be in a file with the same filename. This is to know the one that can be referenced from ie. GameObjects
Native extension for OSXStandalone target not found
[Package Manager] Failed to launch server process. Reason: Unity was launched with the -noUpm command-line argument
[Package Manager] Unable to send message (not connected to server process).
[Package Manager] Cannot connect to Unity Package Manager local server
[Package Manager] Failed to launch server process. Reason: Unity was launched with the -noUpm command-line argument
[Package Manager] Unable to send message (not connected to server process).
[Package Manager] Cannot connect to Unity Package Manager local server
ScheduleIndexationOnStartup MainProcess:False IndexOnStartup:True
Scripting: successfully reloaded assembly
- Finished resetting the current domain, in  0.556 seconds
Domain Reload Profiling: 1214ms
	BeginReloadAssembly (142ms)
		DisableScriptedObjects (8ms)
		CreateAndSetChildDomain (49ms)
	RebuildCommonClasses (6ms)
	RebuildNativeTypeToScriptingClass (14ms)
	initialDomainReloadingComplete (26ms)
	LoadAllAssembliesAndSetupDomain (470ms)
		LoadAssemblies (159ms)
		TypeCache.Refresh (196ms)
			TypeCache.ScanAssembly (181ms)
		AnalyzeDomain (50ms)
			BuildScriptInfoCaches (46ms)
			ResolveRequiredComponents (3ms)
	FinalizeReload (556ms)
		SetupLoadedEditorAssemblies (0ms)
			BeforeProcessingInitializeOnLoad (76ms)
			ProcessInitializeOnLoadAttributes (188ms)
			ProcessInitializeOnLoadMethodAttributes (47ms)
		AwakeInstancesAfterBackupRestoration (6ms)
AcceleratorClientConnectionCallback - disconnected - :0
Launching external process: /Applications/Unity/Hub/Editor/6000.6.0f1/Unity.app/Contents/Helpers/UnityShaderCompiler
WARNING: Shader Unsupported: 'Universal Render Pipeline/VR/SpatialMapping/Wireframe' - All subshaders removed
WARNING: Shader Did you use #pragma only_renderers and omit this platform?
WARNING: Shader If subshaders removal was intentional, you may have forgotten turning Fallback off?
Shader Hidden/ChartRasterizerHardware is not supported: GPU does not support conservative rasterization
Shader Hidden/ChartRasterizerHardware is not supported: GPU does not support conservative rasterization
Launched and connected shader compiler UnityShaderCompiler after 0.01 seconds
Unloading 60 Unused Serialized files (Serialized files now loaded: 0)
Unloading 7417 unused Assets / (10.2 MB). Loaded Objects now: 8339.
Memory consumption went from 198.5 MB to 188.3 MB.
Total: 7.151959 ms (FindLiveObjects: 0.495750 ms CreateObjectMapping: 0.182708 ms MarkObjects: 4.663417 ms  DeleteObjects: 1.683333 ms)

========================================================================
Received Import Request.
  Time of request: 2026-09-17T18:20:25.084023Z
  Time since last request: 412.434986208 seconds.
  importAddress: GUID: 4a6ed47ab3732e642a9f8b492ed24194 - Path: Packages/com.unity.2d.common/Third Party Notices.md - Importer: ScriptedImporter/UnityEditor.QuickSearchModule:UnityEditor.Search:ASIAI0B
Importing 'GUID: 4a6ed47ab3732e642a9f8b492ed24194 - Path: Packages/com.unity.2d.common/Third Party Notices.md - Importer: ScriptedImporter/UnityEditor.QuickSearchModule:UnityEditor.Search:ASIAI0B' with importer (ScriptedImporter : UnityEditor.QuickSearchModule:UnityEditor.Search:ASIAI0B)
Imported 'GUID: 4a6ed47ab3732e642a9f8b492ed24194' -> (Import Result ID: '999e3b0811104378c4f8e924ff5a8300') in 0.032 seconds [static and dynamic dependencies]. Details - ImportResultOutputID=7e5aff5f720f32999b12de9109f82827 DependenciesID=8f5f8764ff06e1e27a19440bcc0bceb5 StaticDependenciesID=a660cf0411a4433210afdb12505d29f6 
Number of updated asset objects reloaded before import = 0
Number of asset objects unloaded after import = 1
========================================================================
Received Import Request.
  Time of request: 2026-09-17T18:20:25.1255Z
  Time since last request: 0.000038375 seconds.
  importAddress: GUID: 346d40e23f03e4f48bdda501fffa178a - Path: Packages/com.unity.2d.psdimporter/Editor/Assets/Icons/Selected/Layers Separated@1x.png - Importer: ScriptedImporter/UnityEditor.QuickSearchModule:UnityEditor.Search:ASIAI0B
Importing 'GUID: 346d40e23f03e4f48bdda501fffa178a - Path: Packages/com.unity.2d.psdimporter/Editor/Assets/Icons/Selected/Layers Separated@1x.png - Importer: ScriptedImporter/UnityEditor.QuickSearchModule:UnityEditor.Search:ASIAI0B' with importer (ScriptedImporter : UnityEditor.QuickSearchModule:UnityEditor.Search:ASIAI0B)
Imported 'GUID: 346d40e23f03e4f48bdda501fffa178a' -> (Import Result ID: '74d4db5039e7af980be4f81e4c9a748e') in 0.042 seconds [static and dynamic dependencies]. Details - ImportResultOutputID=86414446723881184ca5fcb291894778 DependenciesID=5f4c049cd2e1dd184b37a92fa8c40693 StaticDependenciesID=e654c6b585b571e9170c15101db28156 
Number of updated asset objects reloaded before import = 0
Number of asset objects unloaded after import = 3
========================================================================
Received Import Request.
  Time of request: 2026-09-17T18:20:25.175291Z
  Time since last request: 0.00017175 seconds.
  importAddress: GUID: 9e83c20a8293f44ec8a375d3805f477d - Path: Packages/com.unity.2d.animation/package.json - Importer: ScriptedImporter/UnityEditor.QuickSearchModule:UnityEditor.Search:ASIAI0B
Importing 'GUID: 9e83c20a8293f44ec8a375d3805f477d - Path: Packages/com.unity.2d.animation/package.json - Importer: ScriptedImporter/UnityEditor.QuickSearchModule:UnityEditor.Search:ASIAI0B' with importer (ScriptedImporter : UnityEditor.QuickSearchModule:UnityEditor.Search:ASIAI0B)
Imported 'GUID: 9e83c20a8293f44ec8a375d3805f477d' -> (Import Result ID: 'b8bb9fef1ed0ed23e5138ea762162fc7') in 0.001 seconds [static and dynamic dependencies]. Details - ImportResultOutputID=34d3417e7fca0c0feb6c637dcee20b28 DependenciesID=fdfa55bebe6bc829c3b16cd9901ee2c0 StaticDependenciesID=52b007b11574bb1500aaa291b19728b8 
Number of updated asset objects reloaded before import = 0
Number of asset objects unloaded after import = 1
========================================================================
Received Import Request.
  Time of request: 2026-09-17T18:20:25.18531Z
  Time since last request: 0.000216625 seconds.
  importAddress: GUID: e4fb0444010e8434990669a1a40671df - Path: Packages/com.unity.2d.common/Path/Editor/EditablePath/EditablePathUtility.cs - Importer: ScriptedImporter/UnityEditor.QuickSearchModule:UnityEditor.Search:ASIAI0B
Importing 'GUID: e4fb0444010e8434990669a1a40671df - Path: Packages/com.unity.2d.common/Path/Editor/EditablePath/EditablePathUtility.cs - Importer: ScriptedImporter/UnityEditor.QuickSearchModule:UnityEditor.Search:ASIAI0B' with importer (ScriptedImporter : UnityEditor.QuickSearchModule:UnityEditor.Search:ASIAI0B)
Imported 'GUID: e4fb0444010e8434990669a1a40671df' -> (Import Result ID: '2786b18766546e33cba89f0e758ca165') in 0.003 seconds [static and dynamic dependencies]. Details - ImportResultOutputID=e5d5449ccf440f31b661908d488d5f3c DependenciesID=bb01ad77d590b2abaae52b27ac558bd3 StaticDependenciesID=2e044a0f6abcbdc8dfb1a068870ec793 
Number of updated asset objects reloaded before import = 0
Number of asset objects unloaded after import = 0
========================================================================
Received Import Request.
  Time of request: 2026-09-17T18:20:25.196737Z
  Time since last request: 0.00018575 seconds.
  importAddress: GUID: 73b40baae33683644bc747233705b62a - Path: Packages/com.unity.feature.2d/CHANGELOG.md - Importer: ScriptedImporter/UnityEditor.QuickSearchModule:UnityEditor.Search:ASIAI0B
Importing 'GUID: 73b40baae33683644bc747233705b62a - Path: Packages/com.unity.feature.2d/CHANGELOG.md - Importer: ScriptedImporter/UnityEditor.QuickSearchModule:UnityEditor.Search:ASIAI0B' with importer (ScriptedImporter : UnityEditor.QuickSearchModule:UnityEditor.Search:ASIAI0B)
Imported 'GUID: 73b40baae33683644bc747233705b62a' -> (Import Result ID: '5b38470daae6722a5c31263daf1781a1') in 0.001 seconds [static and dynamic dependencies]. Details - ImportResultOutputID=e9f39e4024dd10e940f52848285b3a9a DependenciesID=a1331a28eeac7a671a41a5d239b77623 StaticDependenciesID=1f68031cefff28e30f388d7194b5750f 
Number of updated asset objects reloaded before import = 0
Number of asset objects unloaded after import = 1
========================================================================
Received Import Request.
  Time of request: 2026-09-17T18:20:25.206327Z
  Time since last request: 0.000259583 seconds.
  importAddress: GUID: 774c00e683b6094459a1ed557b35694b - Path: Packages/com.unity.2d.animation/IK/Editor/Inspectors/IKManager2DEditor.cs - Importer: ScriptedImporter/UnityEditor.QuickSearchModule:UnityEditor.Search:ASIAI0B
Importing 'GUID: 774c00e683b6094459a1ed557b35694b - Path: Packages/com.unity.2d.animation/IK/Editor/Inspectors/IKManager2DEditor.cs - Importer: ScriptedImporter/UnityEditor.QuickSearchModule:UnityEditor.Search:ASIAI0B' with importer (ScriptedImporter : UnityEditor.QuickSearchModule:UnityEditor.Search:ASIAI0B)
Imported 'GUID: 774c00e683b6094459a1ed557b35694b' -> (Import Result ID: '981c5bea5599c557560915d48328ddc9') in 0.002 seconds [static and dynamic dependencies]. Details - ImportResultOutputID=e8864153ecef7ba40828d69bd794c03b DependenciesID=c2c33b77b6b13d904ccb04a96820e0f1 StaticDependenciesID=6100dc648166ce0577d9e4e8afd7771b 
Number of updated asset objects reloaded before import = 0
Number of asset objects unloaded after import = 0
========================================================================
Received Import Request.
  Time of request: 2026-09-17T18:20:25.216487Z
  Time since last request: 0.000365334 seconds.
  importAddress: GUID: 86336a55e7547dc488e6f36257a6f183 - Path: Packages/com.unity.2d.pixel-perfect/Runtime - Importer: ScriptedImporter/UnityEditor.QuickSearchModule:UnityEditor.Search:ASIAI0B
Importing 'GUID: 86336a55e7547dc488e6f36257a6f183 - Path: Packages/com.unity.2d.pixel-perfect/Runtime - Importer: ScriptedImporter/UnityEditor.QuickSearchModule:UnityEditor.Search:ASIAI0B' with importer (ScriptedImporter : UnityEditor.QuickSearchModule:UnityEditor.Search:ASIAI0B)
Imported 'GUID: 86336a55e7547dc488e6f36257a6f183' -> (Import Result ID: 'b10ceb771ed8c8b2917f30db040d85c3') in 0.001 seconds [static and dynamic dependencies]. Details - ImportResultOutputID=150daa3f4398828f9db253bacb2380dd DependenciesID=668df4ec7fdf283779f96d39d8f27bcd StaticDependenciesID=126c825f61504e503ebb1fd8c0c2f66e 
Number of updated asset objects reloaded before import = 0
Number of asset objects unloaded after import = 1
========================================================================
Received Import Request.
  Time of request: 2026-09-17T18:20:25.225672Z
  Time since last request: 0.000292583 seconds.
  importAddress: GUID: 7dff351efa9c4548b5ccca9af78c43cc - Path: Packages/com.unity.2d.common/Runtime/InternalBridge/IAnimationPreviewable.cs - Importer: ScriptedImporter/UnityEditor.QuickSearchModule:UnityEditor.Search:ASIAI0B
Importing 'GUID: 7dff351efa9c4548b5ccca9af78c43cc - Path: Packages/com.unity.2d.common/Runtime/InternalBridge/IAnimationPreviewable.cs - Importer: ScriptedImporter/UnityEditor.QuickSearchModule:UnityEditor.Search:ASIAI0B' with importer (ScriptedImporter : UnityEditor.QuickSearchModule:UnityEditor.Search:ASIAI0B)
Imported 'GUID: 7dff351efa9c4548b5ccca9af78c43cc' -> (Import Result ID: '966c430cc82bc4a1f00e8fbeaa3f60cf') in 0.001 seconds [static and dynamic dependencies]. Details - ImportResultOutputID=dd69db46e048346a41f3880bdfd83d6b DependenciesID=d576d34b58cef33ba950cdbe0a5c4243 StaticDependenciesID=2df9defe1438c4b4861633f7c2d62e0a 
Number of updated asset objects reloaded before import = 0
Number of asset objects unloaded after import = 0
========================================================================
Received Import Request.
  Time of request: 2026-09-17T18:20:25.235483Z
  Time since last request: 0.000223666 seconds.
  importAddress: GUID: 3f03c59d42c144a89743fbad7c07fbd3 - Path: Packages/com.unity.2d.sprite/Editor/SpriteEditorModule/SpriteFrameModule/UndoObject/EditCapabilityUndoObject.cs - Importer: ScriptedImporter/UnityEditor.QuickSearchModule:UnityEditor.Search:ASIAI0B
Importing 'GUID: 3f03c59d42c144a89743fbad7c07fbd3 - Path: Packages/com.unity.2d.sprite/Editor/SpriteEditorModule/SpriteFrameModule/UndoObject/EditCapabilityUndoObject.cs - Importer: ScriptedImporter/UnityEditor.QuickSearchModule:UnityEditor.Search:ASIAI0B' with importer (ScriptedImporter : UnityEditor.QuickSearchModule:UnityEditor.Search:ASIAI0B)
Imported 'GUID: 3f03c59d42c144a89743fbad7c07fbd3' -> (Import Result ID: 'c71623e7d218f69ddb37ae7b48b7cd26') in 0.001 seconds [static and dynamic dependencies]. Details - ImportResultOutputID=34178ee94663143a45e32c8d5d3a6832 DependenciesID=94960920fa873052774ba6b3795ebd03 StaticDependenciesID=e28f7089fb0cfba65f32da66de8f784f 
Number of updated asset objects reloaded before import = 0
Number of asset objects unloaded after import = 0
========================================================================
Received Import Request.
  Time of request: 2026-09-17T18:20:25.244404Z
  Time since last request: 0.000139041 seconds.
  importAddress: GUID: 305b8effee6b040328c293f518335b37 - Path: Packages/com.unity.2d.animation/Editor/Assets/ComponentIcons/d_Animation.IKManager@32.png - Importer: ScriptedImporter/UnityEditor.QuickSearchModule:UnityEditor.Search:ASIAI0B
Importing 'GUID: 305b8effee6b040328c293f518335b37 - Path: Packages/com.unity.2d.animation/Editor/Assets/ComponentIcons/d_Animation.IKManager@32.png - Importer: ScriptedImporter/UnityEditor.QuickSearchModule:UnityEditor.Search:ASIAI0B' with importer (ScriptedImporter : UnityEditor.QuickSearchModule:UnityEditor.Search:ASIAI0B)
Imported 'GUID: 305b8effee6b040328c293f518335b37' -> (Import Result ID: '4a74273fd7c30b856a05a70bc621f2d4') in 0.003 seconds [static and dynamic dependencies]. Details - ImportResultOutputID=6610d66aae89de80b74ae5e0ab69f90c DependenciesID=a766d48bb80f2dd896b7ede26df969b5 StaticDependenciesID=410bfcb001c62ab79d9b891c4073fb95 
Number of updated asset objects reloaded before import = 0
Number of asset objects unloaded after import = 3
========================================================================
Received Import Request.
  Time of request: 2026-09-17T18:20:25.255036Z
  Time since last request: 0.000219542 seconds.
  importAddress: GUID: 4bdfc57c0f4c65947a6971d815bd7ea7 - Path: Packages/com.unity.2d.psdimporter/Editor/PSDPlugin/PsdFile/ImageResource.cs - Importer: ScriptedImporter/UnityEditor.QuickSearchModule:UnityEditor.Search:ASIAI0B
Importing 'GUID: 4bdfc57c0f4c65947a6971d815bd7ea7 - Path: Packages/com.unity.2d.psdimporter/Editor/PSDPlugin/PsdFile/ImageResource.cs - Importer: ScriptedImporter/UnityEditor.QuickSearchModule:UnityEditor.Search:ASIAI0B' with importer (ScriptedImporter : UnityEditor.QuickSearchModule:UnityEditor.Search:ASIAI0B)
Imported 'GUID: 4bdfc57c0f4c65947a6971d815bd7ea7' -> (Import Result ID: 'aa4576877e4484217184bd2d45f3a2c0') in 0.001 seconds [static and dynamic dependencies]. Details - ImportResultOutputID=c0aa129106e4cd4cb65315d427443cfe DependenciesID=5d46690f44f2310eae2a6741e8511670 StaticDependenciesID=bebbbe7cc8dbaa1666e7d7428e16809b 
Number of updated asset objects reloaded before import = 0
Number of asset objects unloaded after import = 0
========================================================================
Received Import Request.
  Time of request: 2026-09-17T18:20:25.264291Z
  Time since last request: 0.000222875 seconds.
  importAddress: GUID: 6e2c347c12b3fe04b94007ad25ace23a - Path: Packages/com.unity.2d.animation/Editor/Assets/EditorIcons/d_Create Bones@3x.png - Importer: ScriptedImporter/UnityEditor.QuickSearchModule:UnityEditor.Search:ASIAI0B
Importing 'GUID: 6e2c347c12b3fe04b94007ad25ace23a - Path: Packages/com.unity.2d.animation/Editor/Assets/EditorIcons/d_Create Bones@3x.png - Importer: ScriptedImporter/UnityEditor.QuickSearchModule:UnityEditor.Search:ASIAI0B' with importer (ScriptedImporter : UnityEditor.QuickSearchModule:UnityEditor.Search:ASIAI0B)
Imported 'GUID: 6e2c347c12b3fe04b94007ad25ace23a' -> (Import Result ID: '5ab39b6cbc7226e69f81c3d5bdaae7e7') in 0.003 seconds [static and dynamic dependencies]. Details - ImportResultOutputID=490f7f957e5f10f79bcd1ac639ff4058 DependenciesID=96b1c4dfd839bebc071b2e5d28eb3491 StaticDependenciesID=24a90dbb55c0a31433c31eeb6eaea014 
Number of updated asset objects reloaded before import = 0
Number of asset objects unloaded after import = 3
========================================================================
Received Import Request.
  Time of request: 2026-09-17T18:20:25.275948Z
  Time since last request: 0.000260917 seconds.
  importAddress: GUID: e31c136ab48c1194184380e435f3936d - Path: Packages/com.unity.2d.sprite/README.md - Importer: ScriptedImporter/UnityEditor.QuickSearchModule:UnityEditor.Search:ASIAI0B
Importing 'GUID: e31c136ab48c1194184380e435f3936d - Path: Packages/com.unity.2d.sprite/README.md - Importer: ScriptedImporter/UnityEditor.QuickSearchModule:UnityEditor.Search:ASIAI0B' with importer (ScriptedImporter : UnityEditor.QuickSearchModule:UnityEditor.Search:ASIAI0B)
Imported 'GUID: e31c136ab48c1194184380e435f3936d' -> (Import Result ID: '8bcf1d7dac6719e6bba53713afe47a88') in 0.001 seconds [static and dynamic dependencies]. Details - ImportResultOutputID=3063e9e800bb693dfcfb7ab7023e6e8d DependenciesID=f28f8bf078e97d7f25d77c4c9918fcad StaticDependenciesID=78ed38cddc74bbe20df279d1f845c346 
Number of updated asset objects reloaded before import = 0
Number of asset objects unloaded after import = 1
========================================================================
Received Import Request.
  Time of request: 2026-09-17T18:20:25.285335Z
  Time since last request: 0.000285209 seconds.
  importAddress: GUID: e79658349ea684b40a48780d33ff6024 - Path: Packages/com.unity.2d.sprite/Editor/SpriteEditorModule/SpriteFrameModule/SpritePolygonModeModule.cs - Importer: ScriptedImporter/UnityEditor.QuickSearchModule:UnityEditor.Search:ASIAI0B
Importing 'GUID: e79658349ea684b40a48780d33ff6024 - Path: Packages/com.unity.2d.sprite/Editor/SpriteEditorModule/SpriteFrameModule/SpritePolygonModeModule.cs - Importer: ScriptedImporter/UnityEditor.QuickSearchModule:UnityEditor.Search:ASIAI0B' with importer (ScriptedImporter : UnityEditor.QuickSearchModule:UnityEditor.Search:ASIAI0B)
Imported 'GUID: e79658349ea684b40a48780d33ff6024' -> (Import Result ID: 'ac0029e5a2e4cc09842e481e71ca1622') in 0.001 seconds [static and dynamic dependencies]. Details - ImportResultOutputID=6bfdcf9f143f3ed09f085ba82a3c3f4e DependenciesID=2e4427e9d748387ebe5361c3f40c340b StaticDependenciesID=f661163fc6fa19cd3553baa87836dbed 
Number of updated asset objects reloaded before import = 0
Number of asset objects unloaded after import = 0
========================================================================
Received Import Request.
  Time of request: 2026-09-17T18:20:25.294522Z
  Time since last request: 0.000279292 seconds.
  importAddress: GUID: 123abb5d8f7434106bb182008cbd5f07 - Path: Packages/com.unity.2d.tilemap.extras/Editor/Menu - Importer: ScriptedImporter/UnityEditor.QuickSearchModule:UnityEditor.Search:ASIAI0B
Importing 'GUID: 123abb5d8f7434106bb182008cbd5f07 - Path: Packages/com.unity.2d.tilemap.extras/Editor/Menu - Importer: ScriptedImporter/UnityEditor.QuickSearchModule:UnityEditor.Search:ASIAI0B' with importer (ScriptedImporter : UnityEditor.QuickSearchModule:UnityEditor.Search:ASIAI0B)
Imported 'GUID: 123abb5d8f7434106bb182008cbd5f07' -> (Import Result ID: '5fba10cc37b5ab5087aa81f5816c8be0') in 0.001 seconds [static and dynamic dependencies]. Details - ImportResultOutputID=b16caab47386b267aa9a50fa734c5447 DependenciesID=44e9246c505e38ec862e85c0c590189a StaticDependenciesID=6fa89c5d4aeb4cfefc301bdc2492d2fb 
Number of updated asset objects reloaded before import = 0
Number of asset objects unloaded after import = 1
========================================================================
Received Import Request.
  Time of request: 2026-09-17T18:20:25.304246Z
  Time since last request: 0.000483959 seconds.
  importAddress: GUID: 6b2a04ba0c02e4442bbf785060fc2c01 - Path: Packages/com.unity.2d.animation/Editor/SkinningModule/Undo - Importer: ScriptedImporter/UnityEditor.QuickSearchModule:UnityEditor.Search:ASIAI0B
Importing 'GUID: 6b2a04ba0c02e4442bbf785060fc2c01 - Path: Packages/com.unity.2d.animation/Editor/SkinningModule/Undo - Importer: ScriptedImporter/UnityEditor.QuickSearchModule:UnityEditor.Search:ASIAI0B' with importer (ScriptedImporter : UnityEditor.QuickSearchModule:UnityEditor.Search:ASIAI0B)
Imported 'GUID: 6b2a04ba0c02e4442bbf785060fc2c01' -> (Import Result ID: 'e0f232f23ee2749b95404e45352e9830') in 0.001 seconds [static and dynamic dependencies]. Details - ImportResultOutputID=e40690ad9e4901c5d3e3b1c1069663c3 DependenciesID=c2e4576aee6fff1016ffcce48ceee7e3 StaticDependenciesID=83a1048d674714be31aa6881edffb226 
Number of updated asset objects reloaded before import = 0
Number of asset objects unloaded after import = 1
========================================================================
Received Import Request.
  Time of request: 2026-09-17T18:20:25.315977Z
  Time since last request: 0.002647625 seconds.
  importAddress: GUID: 1088bf24503634e7dbadf455fdcf78b6 - Path: Packages/com.unity.2d.psdimporter/Editor/Assets/Icons/Dark/Layers Mixed@8x.png - Importer: ScriptedImporter/UnityEditor.QuickSearchModule:UnityEditor.Search:ASIAI0B
Importing 'GUID: 1088bf24503634e7dbadf455fdcf78b6 - Path: Packages/com.unity.2d.psdimporter/Editor/Assets/Icons/Dark/Layers Mixed@8x.png - Importer: ScriptedImporter/UnityEditor.QuickSearchModule:UnityEditor.Search:ASIAI0B' with importer (ScriptedImporter : UnityEditor.QuickSearchModule:UnityEditor.Search:ASIAI0B)
Imported 'GUID: 1088bf24503634e7dbadf455fdcf78b6' -> (Import Result ID: '149e0ef85b451cd9c26dc81eb1439dbc') in 0.003 seconds [static and dynamic dependencies]. Details - ImportResultOutputID=2337f6bc38544d54e08ce15e94f359b5 DependenciesID=a5f546124fc99c417b5b22948da3cbcb StaticDependenciesID=6d5f296f651e022d6fdbac7e9eac863d 
Number of updated asset objects reloaded before import = 0
Number of asset objects unloaded after import = 3
========================================================================
Received Import Request.
  Time of request: 2026-09-17T18:20:25.327646Z
  Time since last request: 0.000495708 seconds.
  importAddress: GUID: 5c35aefb0965746fc8ade2cd405f2ac7 - Path: Packages/com.unity.2d.psdimporter/Editor/Assets/Icons/Light/Layers Collapsed@8x.png - Importer: ScriptedImporter/UnityEditor.QuickSearchModule:UnityEditor.Search:ASIAI0B
Importing 'GUID: 5c35aefb0965746fc8ade2cd405f2ac7 - Path: Packages/com.unity.2d.psdimporter/Editor/Assets/Icons/Light/Layers Collapsed@8x.png - Importer: ScriptedImporter/UnityEditor.QuickSearchModule:UnityEditor.Search:ASIAI0B' with importer (ScriptedImporter : UnityEditor.QuickSearchModule:UnityEditor.Search:ASIAI0B)
Imported 'GUID: 5c35aefb0965746fc8ade2cd405f2ac7' -> (Import Result ID: '1149333e9c83e49213d0182f463fa8cf') in 0.004 seconds [static and dynamic dependencies]. Details - ImportResultOutputID=93b68480f69083ae7e8e636a61bbfced DependenciesID=ce43e07f00e9f7c7eafc89afe7e3a9ae StaticDependenciesID=d25b59131c687510aade842f42017bb5 
Number of updated asset objects reloaded before import = 0
Number of asset objects unloaded after import = 3
========================================================================
Received Import Request.
  Time of request: 2026-09-17T18:20:25.339523Z
  Time since last request: 0.000192791 seconds.
  importAddress: GUID: fef9ee9b48f7a45aaa6991afe5f95a2b - Path: Packages/com.unity.2d.common/README.md - Importer: ScriptedImporter/UnityEditor.QuickSearchModule:UnityEditor.Search:ASIAI0B
Importing 'GUID: fef9ee9b48f7a45aaa6991afe5f95a2b - Path: Packages/com.unity.2d.common/README.md - Importer: ScriptedImporter/UnityEditor.QuickSearchModule:UnityEditor.Search:ASIAI0B' with importer (ScriptedImporter : UnityEditor.QuickSearchModule:UnityEditor.Search:ASIAI0B)
Imported 'GUID: fef9ee9b48f7a45aaa6991afe5f95a2b' -> (Import Result ID: '64841642cafec00b7c04cf19abf41f13') in 0.001 seconds [static and dynamic dependencies]. Details - ImportResultOutputID=42411afa649a21803d82d30a938448a9 DependenciesID=a371f0be4e7b7e334bae3996b40ef529 StaticDependenciesID=2cac09413a87017df92856e90de7a5c9 
Number of updated asset objects reloaded before import = 0
Number of asset objects unloaded after import = 1
========================================================================
Received Import Request.
  Time of request: 2026-09-17T18:20:25.349155Z
  Time since last request: 0.000399208 seconds.
  importAddress: GUID: 46e8f61d13f8b49c7b2ac6beb5788f2c - Path: Packages/com.unity.2d.animation/Editor/Assets/ComponentIcons/Animation.SpriteLibrary On@128.png - Importer: ScriptedImporter/UnityEditor.QuickSearchModule:UnityEditor.Search:ASIAI0B
Importing 'GUID: 46e8f61d13f8b49c7b2ac6beb5788f2c - Path: Packages/com.unity.2d.animation/Editor/Assets/ComponentIcons/Animation.SpriteLibrary On@128.png - Importer: ScriptedImporter/UnityEditor.QuickSearchModule:UnityEditor.Search:ASIAI0B' with importer (ScriptedImporter : UnityEditor.QuickSearchModule:UnityEditor.Search:ASIAI0B)
Imported 'GUID: 46e8f61d13f8b49c7b2ac6beb5788f2c' -> (Import Result ID: 'c99ef5691efe0a9244657c96622a8215') in 0.003 seconds [static and dynamic dependencies]. Details - ImportResultOutputID=892cad76c23a143179a769d670185d58 DependenciesID=ab3412365684a1ca026e16d9d232ee87 StaticDependenciesID=624adb2ed9b320bdaf454297fd698afd 
Number of updated asset objects reloaded before import = 0
Number of asset objects unloaded after import = 3
========================================================================
Received Import Request.
  Time of request: 2026-09-17T18:20:25.360015Z
  Time since last request: 0.000131917 seconds.
  importAddress: GUID: 82f78c36add1c2c4795c911a7abfb93e - Path: Packages/com.unity.2d.tilemap/Editor/Icons/d_Tilemap.ActiveTargetLayers@4x.png - Importer: ScriptedImporter/UnityEditor.QuickSearchModule:UnityEditor.Search:ASIAI0B
Importing 'GUID: 82f78c36add1c2c4795c911a7abfb93e - Path: Packages/com.unity.2d.tilemap/Editor/Icons/d_Tilemap.ActiveTargetLayers@4x.png - Importer: ScriptedImporter/UnityEditor.QuickSearchModule:UnityEditor.Search:ASIAI0B' with importer (ScriptedImporter : UnityEditor.QuickSearchModule:UnityEditor.Search:ASIAI0B)
Imported 'GUID: 82f78c36add1c2c4795c911a7abfb93e' -> (Import Result ID: '0d9f45e4ecb7249c535dd64e34d9b94d') in 0.003 seconds [static and dynamic dependencies]. Details - ImportResultOutputID=abf4662aa6302dc227329df3d6bdd30d DependenciesID=b44c30fd22f7f7615804606e032b9d3a StaticDependenciesID=fd8966d37ef5d58aeefc80022f750bbb 
Number of updated asset objects reloaded before import = 0
Number of asset objects unloaded after import = 3
========================================================================
Received Import Request.
  Time of request: 2026-09-17T18:20:25.370506Z
  Time since last request: 0.000072792 seconds.
  importAddress: GUID: 68e86a17b9682ee4a81c0bd5627704a1 - Path: Packages/com.unity.2d.animation/Editor/SkinningModule/UI/BoneInspectorPanel.cs - Importer: ScriptedImporter/UnityEditor.QuickSearchModule:UnityEditor.Search:ASIAI0B
Importing 'GUID: 68e86a17b9682ee4a81c0bd5627704a1 - Path: Packages/com.unity.2d.animation/Editor/SkinningModule/UI/BoneInspectorPanel.cs - Importer: ScriptedImporter/UnityEditor.QuickSearchModule:UnityEditor.Search:ASIAI0B' with importer (ScriptedImporter : UnityEditor.QuickSearchModule:UnityEditor.Search:ASIAI0B)
Imported 'GUID: 68e86a17b9682ee4a81c0bd5627704a1' -> (Import Result ID: 'ae05b358f10e936a78e690f4e0ebeb7b') in 0.001 seconds [static and dynamic dependencies]. Details - ImportResultOutputID=5bc47acfc9e36652a141c9af287503e1 DependenciesID=7534776a61c5cc56d0bce9556f70ad14 StaticDependenciesID=836e28d3b3fd70951d45a27f0f776fdf 
Number of updated asset objects reloaded before import = 0
Number of asset objects unloaded after import = 0
========================================================================
Received Import Request.
  Time of request: 2026-09-17T18:20:25.379101Z
  Time since last request: 0.000282125 seconds.
  importAddress: GUID: e6d2ec79afb9d4070a44e00c7d9ac3a4 - Path: Packages/com.unity.2d.animation/Editor/SpriteLib/SpriteLibraryEditor/UI/CategoriesTab.cs - Importer: ScriptedImporter/UnityEditor.QuickSearchModule:UnityEditor.Search:ASIAI0B
Importing 'GUID: e6d2ec79afb9d4070a44e00c7d9ac3a4 - Path: Packages/com.unity.2d.animation/Editor/SpriteLib/SpriteLibraryEditor/UI/CategoriesTab.cs - Importer: ScriptedImporter/UnityEditor.QuickSearchModule:UnityEditor.Search:ASIAI0B' with importer (ScriptedImporter : UnityEditor.QuickSearchModule:UnityEditor.Search:ASIAI0B)
Imported 'GUID: e6d2ec79afb9d4070a44e00c7d9ac3a4' -> (Import Result ID: '2e24cad210a6adb359a264246b3616a0') in 0.001 seconds [static and dynamic dependencies]. Details - ImportResultOutputID=76febef7d06fd09686940588110ee3d5 DependenciesID=f180e8a2f3c9912bd9cbf627c62f889e StaticDependenciesID=b212a79b15f7d102127f0b107027564f 
Number of updated asset objects reloaded before import = 0
Number of asset objects unloaded after import = 0
========================================================================
Received Import Request.
  Time of request: 2026-09-17T18:20:25.388848Z
  Time since last request: 0.000275375 seconds.
  importAddress: GUID: 9ca415e19264343fda4eee42c9a3452c - Path: Packages/com.unity.2d.animation/Editor/Assets/ComponentIcons/d_Animation.SpriteLibraryManager.png - Importer: ScriptedImporter/UnityEditor.QuickSearchModule:UnityEditor.Search:ASIAI0B
Importing 'GUID: 9ca415e19264343fda4eee42c9a3452c - Path: Packages/com.unity.2d.animation/Editor/Assets/ComponentIcons/d_Animation.SpriteLibraryManager.png - Importer: ScriptedImporter/UnityEditor.QuickSearchModule:UnityEditor.Search:ASIAI0B' with importer (ScriptedImporter : UnityEditor.QuickSearchModule:UnityEditor.Search:ASIAI0B)
Imported 'GUID: 9ca415e19264343fda4eee42c9a3452c' -> (Import Result ID: '277c0c561956c3abee68827bbafafe97') in 0.004 seconds [static and dynamic dependencies]. Details - ImportResultOutputID=56757ce1d5f682484e42bc230731957c DependenciesID=2fcafc16d170e223818a5125ddf4a174 StaticDependenciesID=8004be67d35ff3145848f59717907bcd 
Number of updated asset objects reloaded before import = 0
Number of asset objects unloaded after import = 3
========================================================================
Received Import Request.
  Time of request: 2026-09-17T18:20:25.400883Z
  Time since last request: 0.000266792 seconds.
  importAddress: GUID: b458108a28e54e58a7851918548d3965 - Path: Packages/com.unity.2d.animation/IK/Runtime/IconUtility.cs - Importer: ScriptedImporter/UnityEditor.QuickSearchModule:UnityEditor.Search:ASIAI0B
Importing 'GUID: b458108a28e54e58a7851918548d3965 - Path: Packages/com.unity.2d.animation/IK/Runtime/IconUtility.cs - Importer: ScriptedImporter/UnityEditor.QuickSearchModule:UnityEditor.Search:ASIAI0B' with importer (ScriptedImporter : UnityEditor.QuickSearchModule:UnityEditor.Search:ASIAI0B)
Imported 'GUID: b458108a28e54e58a7851918548d3965' -> (Import Result ID: 'dbb871b32b17eb75fa9b9dc332198b81') in 0.001 seconds [static and dynamic dependencies]. Details - ImportResultOutputID=a0502e3d6fd9381dedd5f86ff93833f0 DependenciesID=8ddd036d3e467261942d801d7e3bcdb8 StaticDependenciesID=109b1800308f5c7f130cab61a0a37fb4 
Number of updated asset objects reloaded before import = 0
Number of asset objects unloaded after import = 0
========================================================================
Received Import Request.
  Time of request: 2026-09-17T18:20:25.410851Z
  Time since last request: 0.00019525 seconds.
  importAddress: GUID: f718650777d1c4054b67f17a9e60cfaa - Path: Packages/com.unity.2d.sprite/Editor/SpriteEditorModule/SpriteOutlineOverlay.cs - Importer: ScriptedImporter/UnityEditor.QuickSearchModule:UnityEditor.Search:ASIAI0B
Importing 'GUID: f718650777d1c4054b67f17a9e60cfaa - Path: Packages/com.unity.2d.sprite/Editor/SpriteEditorModule/SpriteOutlineOverlay.cs - Importer: ScriptedImporter/UnityEditor.QuickSearchModule:UnityEditor.Search:ASIAI0B' with importer (ScriptedImporter : UnityEditor.QuickSearchModule:UnityEditor.Search:ASIAI0B)
Imported 'GUID: f718650777d1c4054b67f17a9e60cfaa' -> (Import Result ID: '7cfce94bddd3bb2a5ccf92af7496cb17') in 0.001 seconds [static and dynamic dependencies]. Details - ImportResultOutputID=77ece8e1c23e712e6b5c688f7eef175b DependenciesID=4ec604f8d3872ebf264cbb2bfb92fdb2 StaticDependenciesID=07f84f56e640ad0b283ee7dfb46c9b5b 
Number of updated asset objects reloaded before import = 0
Number of asset objects unloaded after import = 0
========================================================================
Received Import Request.
  Time of request: 2026-09-17T18:20:25.419674Z
  Time since last request: 0.000192666 seconds.
  importAddress: GUID: 38d7d4ae5ba301c48a9c37d530dff736 - Path: Packages/com.unity.2d.tilemap/Editor/PaintableGrid.cs - Importer: ScriptedImporter/UnityEditor.QuickSearchModule:UnityEditor.Search:ASIAI0B
Importing 'GUID: 38d7d4ae5ba301c48a9c37d530dff736 - Path: Packages/com.unity.2d.tilemap/Editor/PaintableGrid.cs - Importer: ScriptedImporter/UnityEditor.QuickSearchModule:UnityEditor.Search:ASIAI0B' with importer (ScriptedImporter : UnityEditor.QuickSearchModule:UnityEditor.Search:ASIAI0B)
Imported 'GUID: 38d7d4ae5ba301c48a9c37d530dff736' -> (Import Result ID: '7092a789394d2a59303b9bb92a22abca') in 0.001 seconds [static and dynamic dependencies]. Details - ImportResultOutputID=abf69b48ec47e781040c9f66d90f26f8 DependenciesID=0702098d9c8468f3c4cc06e2296dde0a StaticDependenciesID=4f5977c9fbca90e943a8467c9c265210 
Number of updated asset objects reloaded before import = 0
Number of asset objects unloaded after import = 0
========================================================================
Received Import Request.
  Time of request: 2026-09-17T18:20:25.428799Z
  Time since last request: 0.000380167 seconds.
  importAddress: GUID: 7c2b901e4f6a40ec9b8d1a2e3f4c5b6a - Path: Packages/com.unity.2d.animation/Editor/SpriteSkin/BoneHierarchy/BoneHierarchyUtilities.cs - Importer: ScriptedImporter/UnityEditor.QuickSearchModule:UnityEditor.Search:ASIAI0B
Importing 'GUID: 7c2b901e4f6a40ec9b8d1a2e3f4c5b6a - Path: Packages/com.unity.2d.animation/Editor/SpriteSkin/BoneHierarchy/BoneHierarchyUtilities.cs - Importer: ScriptedImporter/UnityEditor.QuickSearchModule:UnityEditor.Search:ASIAI0B' with importer (ScriptedImporter : UnityEditor.QuickSearchModule:UnityEditor.Search:ASIAI0B)
Imported 'GUID: 7c2b901e4f6a40ec9b8d1a2e3f4c5b6a' -> (Import Result ID: '748113924f28b8872e463261945b984c') in 0.001 seconds [static and dynamic dependencies]. Details - ImportResultOutputID=2fad96f76dd35480fb8ca78105c31985 DependenciesID=b269dec0c540b252da9b4cd69bb06d61 StaticDependenciesID=65b279bd43eab601b9758e17549f7e06 
Number of updated asset objects reloaded before import = 0
Number of asset objects unloaded after import = 0
========================================================================
Received Import Request.
  Time of request: 2026-09-17T18:20:25.438156Z
  Time since last request: 0.000410666 seconds.
  importAddress: GUID: f618c5fe13b18994aa5aee8b97d8dca1 - Path: Packages/com.unity.2d.animation/Editor/Assets/EditorIcons/Create Bones@4x.png - Importer: ScriptedImporter/UnityEditor.QuickSearchModule:UnityEditor.Search:ASIAI0B
Importing 'GUID: f618c5fe13b18994aa5aee8b97d8dca1 - Path: Packages/com.unity.2d.animation/Editor/Assets/EditorIcons/Create Bones@4x.png - Importer: ScriptedImporter/UnityEditor.QuickSearchModule:UnityEditor.Search:ASIAI0B' with importer (ScriptedImporter : UnityEditor.QuickSearchModule:UnityEditor.Search:ASIAI0B)
Imported 'GUID: f618c5fe13b18994aa5aee8b97d8dca1' -> (Import Result ID: 'ef2f04b5145074bb168560504ee083b8') in 0.004 seconds [static and dynamic dependencies]. Details - ImportResultOutputID=567de7ba85e5c646825032ec8b696238 DependenciesID=eb0c016e287c798805548c911fee6379 StaticDependenciesID=7897166429a83c9ccb11f495c80c81a9 
Number of updated asset objects reloaded before import = 0
Number of asset objects unloaded after import = 3
========================================================================
Received Import Request.
  Time of request: 2026-09-17T18:20:25.449785Z
  Time since last request: 0.000178 seconds.
  importAddress: GUID: b584d4fe7220e4f45a0c39b9af9b42ba - Path: Packages/com.unity.2d.pixel-perfect/Editor/CinemachinePixelPerfectEditor.cs - Importer: ScriptedImporter/UnityEditor.QuickSearchModule:UnityEditor.Search:ASIAI0B
Importing 'GUID: b584d4fe7220e4f45a0c39b9af9b42ba - Path: Packages/com.unity.2d.pixel-perfect/Editor/CinemachinePixelPerfectEditor.cs - Importer: ScriptedImporter/UnityEditor.QuickSearchModule:UnityEditor.Search:ASIAI0B' with importer (ScriptedImporter : UnityEditor.QuickSearchModule:UnityEditor.Search:ASIAI0B)
Imported 'GUID: b584d4fe7220e4f45a0c39b9af9b42ba' -> (Import Result ID: 'd101e251ab9451c43a519a610b05b5c2') in 0.001 seconds [static and dynamic dependencies]. Details - ImportResultOutputID=e6223de1f6331e45dbb0dfb9f6f78f4d DependenciesID=4b827b35c98976f259d09e10ba30100a StaticDependenciesID=799e0acf13d763fa6479535f26fe22e1 
Number of updated asset objects reloaded before import = 0
Number of asset objects unloaded after import = 0
========================================================================
Received Import Request.
  Time of request: 2026-09-17T18:20:25.458731Z
  Time since last request: 0.000244167 seconds.
  importAddress: GUID: 0c6027d31d0b44acbb45af1bcf05e0db - Path: Packages/com.unity.2d.psdimporter/Editor/Assets/Icons/Light/Layers Separated@16x.png - Importer: ScriptedImporter/UnityEditor.QuickSearchModule:UnityEditor.Search:ASIAI0B
Importing 'GUID: 0c6027d31d0b44acbb45af1bcf05e0db - Path: Packages/com.unity.2d.psdimporter/Editor/Assets/Icons/Light/Layers Separated@16x.png - Importer: ScriptedImporter/UnityEditor.QuickSearchModule:UnityEditor.Search:ASIAI0B' with importer (ScriptedImporter : UnityEditor.QuickSearchModule:UnityEditor.Search:ASIAI0B)
Imported 'GUID: 0c6027d31d0b44acbb45af1bcf05e0db' -> (Import Result ID: 'b9971fa204bd8b3e90d369e870ab1285') in 0.003 seconds [static and dynamic dependencies]. Details - ImportResultOutputID=26c1f50d3e86dcade20fdda6fdb59e04 DependenciesID=b939c562865f7ea265a9a4a0e859a13c StaticDependenciesID=ec3d85da2906118dc172386d44b64eaf 
Number of updated asset objects reloaded before import = 0
Number of asset objects unloaded after import = 3
========================================================================
Received Import Request.
  Time of request: 2026-09-17T18:20:25.469766Z
  Time since last request: 0.000076667 seconds.
  importAddress: GUID: 80cc8d218dc9bee4091ecde845959866 - Path: Packages/com.unity.2d.animation/Editor/Assets/EditorIcons/d_Generate_Geometry@2x.png - Importer: ScriptedImporter/UnityEditor.QuickSearchModule:UnityEditor.Search:ASIAI0B
Importing 'GUID: 80cc8d218dc9bee4091ecde845959866 - Path: Packages/com.unity.2d.animation/Editor/Assets/EditorIcons/d_Generate_Geometry@2x.png - Importer: ScriptedImporter/UnityEditor.QuickSearchModule:UnityEditor.Search:ASIAI0B' with importer (ScriptedImporter : UnityEditor.QuickSearchModule:UnityEditor.Search:ASIAI0B)
Imported 'GUID: 80cc8d218dc9bee4091ecde845959866' -> (Import Result ID: '514451cf2be73fa56e6f050d16577bd3') in 0.003 seconds [static and dynamic dependencies]. Details - ImportResultOutputID=a1c06b464679f3627804522539fcc2d3 DependenciesID=fef8d63b7466ba494714ef437612f580 StaticDependenciesID=56c1a4db7519ce85d02bd3c7b31d7f4e 
Number of updated asset objects reloaded before import = 0
Number of asset objects unloaded after import = 3
========================================================================
Received Import Request.
  Time of request: 2026-09-17T18:20:25.480929Z
  Time since last request: 0.000252625 seconds.
  importAddress: GUID: 26b0ec3fec60ce84eac8ead5fd651199 - Path: Packages/com.unity.2d.animation/Editor/SkinningModule/UI/Toolbar.cs - Importer: ScriptedImporter/UnityEditor.QuickSearchModule:UnityEditor.Search:ASIAI0B
Importing 'GUID: 26b0ec3fec60ce84eac8ead5fd651199 - Path: Packages/com.unity.2d.animation/Editor/SkinningModule/UI/Toolbar.cs - Importer: ScriptedImporter/UnityEditor.QuickSearchModule:UnityEditor.Search:ASIAI0B' with importer (ScriptedImporter : UnityEditor.QuickSearchModule:UnityEditor.Search:ASIAI0B)
Imported 'GUID: 26b0ec3fec60ce84eac8ead5fd651199' -> (Import Result ID: '2fab0dd81ee5ec8c105db5fb07e17dee') in 0.001 seconds [static and dynamic dependencies]. Details - ImportResultOutputID=917bfe2060c80b5c3baa7f822f5b21f9 DependenciesID=627f45582cd23d833e8730fc2544612d StaticDependenciesID=7377b5ba07233d6b8a1f41a7e90e38c8 
Number of updated asset objects reloaded before import = 0
Number of asset objects unloaded after import = 0
========================================================================
Received Import Request.
  Time of request: 2026-09-17T18:20:25.489944Z
  Time since last request: 0.00040975 seconds.
  importAddress: GUID: 979425d925f745e4a93aff5f4bfa9236 - Path: Packages/com.unity.2d.tilemap/Editor/UI/TilePaletteWhiteboxPaletteDropdownMenu.cs - Importer: ScriptedImporter/UnityEditor.QuickSearchModule:UnityEditor.Search:ASIAI0B
Importing 'GUID: 979425d925f745e4a93aff5f4bfa9236 - Path: Packages/com.unity.2d.tilemap/Editor/UI/TilePaletteWhiteboxPaletteDropdownMenu.cs - Importer: ScriptedImporter/UnityEditor.QuickSearchModule:UnityEditor.Search:ASIAI0B' with importer (ScriptedImporter : UnityEditor.QuickSearchModule:UnityEditor.Search:ASIAI0B)
Imported 'GUID: 979425d925f745e4a93aff5f4bfa9236' -> (Import Result ID: 'a0b424e0cf8165871e554e1397bb62af') in 0.001 seconds [static and dynamic dependencies]. Details - ImportResultOutputID=819f73b58868aebaf0cfdfefd39e1108 DependenciesID=7e15af35f05e32b40699310aa586c7c7 StaticDependenciesID=6ff5b02917820b333f1d96bb2ac82c1d 
Number of updated asset objects reloaded before import = 0
Number of asset objects unloaded after import = 0
========================================================================
Received Import Request.
  Time of request: 2026-09-17T18:20:25.499319Z
  Time since last request: 0.000207333 seconds.
  importAddress: GUID: 5d0f1086030a4bc4a6d184421673afdf - Path: Packages/com.unity.2d.animation/Editor/Assets/SpriteSwap/SpriteSwapOverlay.uss - Importer: ScriptedImporter/UnityEditor.QuickSearchModule:UnityEditor.Search:ASIAI0B
Importing 'GUID: 5d0f1086030a4bc4a6d184421673afdf - Path: Packages/com.unity.2d.animation/Editor/Assets/SpriteSwap/SpriteSwapOverlay.uss - Importer: ScriptedImporter/UnityEditor.QuickSearchModule:UnityEditor.Search:ASIAI0B' with importer (ScriptedImporter : UnityEditor.QuickSearchModule:UnityEditor.Search:ASIAI0B)
Imported 'GUID: 5d0f1086030a4bc4a6d184421673afdf' -> (Import Result ID: 'd0fbc3481bc7b066ad75687a841856eb') in 0.015 seconds [static and dynamic dependencies]. Details - ImportResultOutputID=a117e42c8d5d8adb0097e52043b6f346 DependenciesID=39bd740f41d02c8fc7f3aa904a6dcb3e StaticDependenciesID=aa07fa65710db6dbc62b621f90022e89 
Number of updated asset objects reloaded before import = 0
Number of asset objects unloaded after import = 1
========================================================================
Received Import Request.
  Time of request: 2026-09-17T18:20:25.523012Z
  Time since last request: 0.000230834 seconds.
  importAddress: GUID: 3120ec2beffde56499fe86f755fc25b9 - Path: Packages/com.unity.2d.animation/Editor/Assets/EditorIcons/d_Weight_Slider@3x.png - Importer: ScriptedImporter/UnityEditor.QuickSearchModule:UnityEditor.Search:ASIAI0B
Importing 'GUID: 3120ec2beffde56499fe86f755fc25b9 - Path: Packages/com.unity.2d.animation/Editor/Assets/EditorIcons/d_Weight_Slider@3x.png - Importer: ScriptedImporter/UnityEditor.QuickSearchModule:UnityEditor.Search:ASIAI0B' with importer (ScriptedImporter : UnityEditor.QuickSearchModule:UnityEditor.Search:ASIAI0B)
Imported 'GUID: 3120ec2beffde56499fe86f755fc25b9' -> (Import Result ID: 'cc8c5e12c9cfb339cb4c5cca904d27d0') in 0.006 seconds [static and dynamic dependencies]. Details - ImportResultOutputID=181fd2815982b8dea81dae9b8a8aedd8 DependenciesID=8beef4b78003b90b935480b05505cd63 StaticDependenciesID=8dec4211e9beb6ffafe87f59cfee21ef 
Number of updated asset objects reloaded before import = 0
Number of asset objects unloaded after import = 3
========================================================================
Received Import Request.
  Time of request: 2026-09-17T18:20:25.53754Z
  Time since last request: 0.000206 seconds.
  importAddress: GUID: 55c552c82618a429ebc328c8ba27b416 - Path: Packages/com.unity.2d.common/Editor/ImagePacker/Jobs - Importer: ScriptedImporter/UnityEditor.QuickSearchModule:UnityEditor.Search:ASIAI0B
Importing 'GUID: 55c552c82618a429ebc328c8ba27b416 - Path: Packages/com.unity.2d.common/Editor/ImagePacker/Jobs - Importer: ScriptedImporter/UnityEditor.QuickSearchModule:UnityEditor.Search:ASIAI0B' with importer (ScriptedImporter : UnityEditor.QuickSearchModule:UnityEditor.Search:ASIAI0B)
Imported 'GUID: 55c552c82618a429ebc328c8ba27b416' -> (Import Result ID: 'e336b7c25333e9239ebb681b772fc965') in 0.001 seconds [static and dynamic dependencies]. Details - ImportResultOutputID=ef0cfd7d33be3e01e78dc2f303682c55 DependenciesID=4895d9ceb0be90ba6701fe98a3bc1a02 StaticDependenciesID=f1cdc7cf6e17d65270c6b69144f2cd98 
Number of updated asset objects reloaded before import = 0
Number of asset objects unloaded after import = 1
========================================================================
Received Import Request.
  Time of request: 2026-09-17T18:20:25.547184Z
  Time since last request: 0.000203166 seconds.
  importAddress: GUID: 114d4aa7bb14433489b942bb28ff6183 - Path: Packages/com.unity.2d.animation/Editor/Assets/EditorIcons/Selected/Generate_Geometry@2x.png - Importer: ScriptedImporter/UnityEditor.QuickSearchModule:UnityEditor.Search:ASIAI0B
Importing 'GUID: 114d4aa7bb14433489b942bb28ff6183 - Path: Packages/com.unity.2d.animation/Editor/Assets/EditorIcons/Selected/Generate_Geometry@2x.png - Importer: ScriptedImporter/UnityEditor.QuickSearchModule:UnityEditor.Search:ASIAI0B' with importer (ScriptedImporter : UnityEditor.QuickSearchModule:UnityEditor.Search:ASIAI0B)
Imported 'GUID: 114d4aa7bb14433489b942bb28ff6183' -> (Import Result ID: '26f2f60cdf89e99c49773c8204b4d74c') in 0.003 seconds [static and dynamic dependencies]. Details - ImportResultOutputID=14911dec40b67f21cc32f17b20176ac6 DependenciesID=9f416b4bebe37416d84b4e444c4e5044 StaticDependenciesID=580eb86d5e5f4926fc995767e3780005 
Number of updated asset objects reloaded before import = 0
Number of asset objects unloaded after import = 3
========================================================================
Received Import Request.
  Time of request: 2026-09-17T18:20:25.558422Z
  Time since last request: 0.000179833 seconds.
  importAddress: GUID: 4bbae1155d5b2384d81c76c1973fa104 - Path: Packages/com.unity.2d.pixel-perfect/Editor - Importer: ScriptedImporter/UnityEditor.QuickSearchModule:UnityEditor.Search:ASIAI0B
Importing 'GUID: 4bbae1155d5b2384d81c76c1973fa104 - Path: Packages/com.unity.2d.pixel-perfect/Editor - Importer: ScriptedImporter/UnityEditor.QuickSearchModule:UnityEditor.Search:ASIAI0B' with importer (ScriptedImporter : UnityEditor.QuickSearchModule:UnityEditor.Search:ASIAI0B)
Imported 'GUID: 4bbae1155d5b2384d81c76c1973fa104' -> (Import Result ID: '3622e28b9170d1b848364730760f5bcc') in 0.001 seconds [static and dynamic dependencies]. Details - ImportResultOutputID=190549f5c7b0fad92a73969b5ea51368 DependenciesID=879385eebaf43edf263d02f8beb12e21 StaticDependenciesID=1ff2c2710e04d0bf51be76e3ac5eea49 
Number of updated asset objects reloaded before import = 0
Number of asset objects unloaded after import = 1
========================================================================
Received Import Request.
  Time of request: 2026-09-17T18:20:25.567506Z
  Time since last request: 0.000258292 seconds.
  importAddress: GUID: 9ea72647c24be493ba6f15a9cd2a24ae - Path: Packages/com.unity.2d.spriteshape/Editor/Handles/ss_playhead.png - Importer: ScriptedImporter/UnityEditor.QuickSearchModule:UnityEditor.Search:ASIAI0B
Importing 'GUID: 9ea72647c24be493ba6f15a9cd2a24ae - Path: Packages/com.unity.2d.spriteshape/Editor/Handles/ss_playhead.png - Importer: ScriptedImporter/UnityEditor.QuickSearchModule:UnityEditor.Search:ASIAI0B' with importer (ScriptedImporter : UnityEditor.QuickSearchModule:UnityEditor.Search:ASIAI0B)
Imported 'GUID: 9ea72647c24be493ba6f15a9cd2a24ae' -> (Import Result ID: 'f55782fbc80c39a918fcb62aadd179e8') in 0.003 seconds [static and dynamic dependencies]. Details - ImportResultOutputID=616d3a1e69cc9a73f0b761f83260ad29 DependenciesID=5d759263a881ec238c180f9162d49c93 StaticDependenciesID=8e74644b04d78926a0271f9c7e4be4a1 
Number of updated asset objects reloaded before import = 0
Number of asset objects unloaded after import = 3
========================================================================
Received Import Request.
  Time of request: 2026-09-17T18:20:25.578005Z
  Time since last request: 0.000170292 seconds.
  importAddress: GUID: 30fd2fefe692f4f9db682596d88c3039 - Path: Packages/com.unity.2d.animation/Editor/Assets/EditorIcons/d_SetPivot.png - Importer: ScriptedImporter/UnityEditor.QuickSearchModule:UnityEditor.Search:ASIAI0B
Importing 'GUID: 30fd2fefe692f4f9db682596d88c3039 - Path: Packages/com.unity.2d.animation/Editor/Assets/EditorIcons/d_SetPivot.png - Importer: ScriptedImporter/UnityEditor.QuickSearchModule:UnityEditor.Search:ASIAI0B' with importer (ScriptedImporter : UnityEditor.QuickSearchModule:UnityEditor.Search:ASIAI0B)
Imported 'GUID: 30fd2fefe692f4f9db682596d88c3039' -> (Import Result ID: '32aeb3ca6d6392cf348e4b4a23a6c7ea') in 0.003 seconds [static and dynamic dependencies]. Details - ImportResultOutputID=be7eb0a1c5c79e329242c99254eb4c24 DependenciesID=b214491ac1eb6e83924d3d8376b37804 StaticDependenciesID=893e74f11d13966a937a7f4d907aa983 
Number of updated asset objects reloaded before import = 0
Number of asset objects unloaded after import = 3
========================================================================
Received Import Request.
  Time of request: 2026-09-17T18:20:25.58766Z
  Time since last request: 0.000148125 seconds.
  importAddress: GUID: 301b54467351d474796896b209c59cc3 - Path: Packages/com.unity.2d.spriteshape/Editor/SpriteShapeEditorTool.cs - Importer: ScriptedImporter/UnityEditor.QuickSearchModule:UnityEditor.Search:ASIAI0B
Importing 'GUID: 301b54467351d474796896b209c59cc3 - Path: Packages/com.unity.2d.spriteshape/Editor/SpriteShapeEditorTool.cs - Importer: ScriptedImporter/UnityEditor.QuickSearchModule:UnityEditor.Search:ASIAI0B' with importer (ScriptedImporter : UnityEditor.QuickSearchModule:UnityEditor.Search:ASIAI0B)
Imported 'GUID: 301b54467351d474796896b209c59cc3' -> (Import Result ID: '673d81ad63cc2697b04bf91536ecdf33') in 0.001 seconds [static and dynamic dependencies]. Details - ImportResultOutputID=476cd9aed2512128188dc4d3b9ca8fcf DependenciesID=c5724566d73fe8e5f4c7be566c9082cc StaticDependenciesID=51fff64d0c18dd6306de224a3cc9d263 
Number of updated asset objects reloaded before import = 0
Number of asset objects unloaded after import = 0
========================================================================
Received Import Request.
  Time of request: 2026-09-17T18:20:25.595661Z
  Time since last request: 0.000244875 seconds.
  importAddress: GUID: 15b1d39ac42ce4674bd63f86f9a0c5df - Path: Packages/com.unity.2d.psdimporter/Editor/Assets/Icons/Selected/Layers Separated@8x.png - Importer: ScriptedImporter/UnityEditor.QuickSearchModule:UnityEditor.Search:ASIAI0B
Importing 'GUID: 15b1d39ac42ce4674bd63f86f9a0c5df - Path: Packages/com.unity.2d.psdimporter/Editor/Assets/Icons/Selected/Layers Separated@8x.png - Importer: ScriptedImporter/UnityEditor.QuickSearchModule:UnityEditor.Search:ASIAI0B' with importer (ScriptedImporter : UnityEditor.QuickSearchModule:UnityEditor.Search:ASIAI0B)
Imported 'GUID: 15b1d39ac42ce4674bd63f86f9a0c5df' -> (Import Result ID: '872ff86a6a66eb79639405e41df74a89') in 0.003 seconds [static and dynamic dependencies]. Details - ImportResultOutputID=4d552a73c5c336b440689436984069db DependenciesID=ab49a3bff9c146109b43c37f17c32611 StaticDependenciesID=a80e03dc20539043301b88d330c8a1ff 
Number of updated asset objects reloaded before import = 0
Number of asset objects unloaded after import = 3
========================================================================
Received Import Request.
  Time of request: 2026-09-17T18:20:25.605956Z
  Time since last request: 0.000145791 seconds.
  importAddress: GUID: edca8f45c1127f147b3fa62aad3ed9c1 - Path: Packages/com.unity.2d.tilemap/Editor/UI/TilePaletteOverlayDark.uss - Importer: ScriptedImporter/UnityEditor.QuickSearchModule:UnityEditor.Search:ASIAI0B
Importing 'GUID: edca8f45c1127f147b3fa62aad3ed9c1 - Path: Packages/com.unity.2d.tilemap/Editor/UI/TilePaletteOverlayDark.uss - Importer: ScriptedImporter/UnityEditor.QuickSearchModule:UnityEditor.Search:ASIAI0B' with importer (ScriptedImporter : UnityEditor.QuickSearchModule:UnityEditor.Search:ASIAI0B)
Imported 'GUID: edca8f45c1127f147b3fa62aad3ed9c1' -> (Import Result ID: 'f0ac326c4f6db939026eca738e995cf9') in 0.002 seconds [static and dynamic dependencies]. Details - ImportResultOutputID=2ba3a6722409a3226bb867b44e39fa85 DependenciesID=419ed56947cd4b341bd9ad87d95381b1 StaticDependenciesID=4e00d0e616288669d02b3f77a1b87c12 
Number of updated asset objects reloaded before import = 0
Number of asset objects unloaded after import = 1
========================================================================
Received Import Request.
  Time of request: 2026-09-17T18:20:25.61522Z
  Time since last request: 0.000172625 seconds.
  importAddress: GUID: 202df544ad1a74ecaa0968d42c391430 - Path: Packages/com.unity.2d.animation/Editor/SpriteLib/SpriteLibraryEditor/UI - Importer: ScriptedImporter/UnityEditor.QuickSearchModule:UnityEditor.Search:ASIAI0B
Importing 'GUID: 202df544ad1a74ecaa0968d42c391430 - Path: Packages/com.unity.2d.animation/Editor/SpriteLib/SpriteLibraryEditor/UI - Importer: ScriptedImporter/UnityEditor.QuickSearchModule:UnityEditor.Search:ASIAI0B' with importer (ScriptedImporter : UnityEditor.QuickSearchModule:UnityEditor.Search:ASIAI0B)
Imported 'GUID: 202df544ad1a74ecaa0968d42c391430' -> (Import Result ID: '1b5045463e07c24539b6c3c6bf9422d6') in 0.001 seconds [static and dynamic dependencies]. Details - ImportResultOutputID=4bee4f19d227cf263fcad57cf3655c42 DependenciesID=31e4d6266de36dc537b9598c1c826e25 StaticDependenciesID=d6f040a7d0da81e1e27047dec4e22c2d 
Number of updated asset objects reloaded before import = 0
Number of asset objects unloaded after import = 1
========================================================================
Received Import Request.
  Time of request: 2026-09-17T18:20:25.622998Z
  Time since last request: 0.0001525 seconds.
  importAddress: GUID: 0a8f4dcd626bcd14bbbfa5a5e116b16e - Path: Packages/com.unity.2d.animation/Editor/Assets/SkinningModule/SpriteOutline.shader - Importer: ScriptedImporter/UnityEditor.QuickSearchModule:UnityEditor.Search:ASIAI0B
Importing 'GUID: 0a8f4dcd626bcd14bbbfa5a5e116b16e - Path: Packages/com.unity.2d.animation/Editor/Assets/SkinningModule/SpriteOutline.shader - Importer: ScriptedImporter/UnityEditor.QuickSearchModule:UnityEditor.Search:ASIAI0B' with importer (ScriptedImporter : UnityEditor.QuickSearchModule:UnityEditor.Search:ASIAI0B)
Imported 'GUID: 0a8f4dcd626bcd14bbbfa5a5e116b16e' -> (Import Result ID: '74e17be65005d54917c0b65a93c2b62a') in 0.004 seconds [static and dynamic dependencies]. Details - ImportResultOutputID=1a9aaa86bbc22e0b798d0d8c5c0e5ce8 DependenciesID=ad9cecb2c5474a96089753b60b9e4a70 StaticDependenciesID=bd4846f713aa6d920ec26d70126680c3 
Number of updated asset objects reloaded before import = 0
Number of asset objects unloaded after import = 1
========================================================================
Received Import Request.
  Time of request: 2026-09-17T18:20:25.634274Z
  Time since last request: 0.000195 seconds.
  importAddress: GUID: 16da4b0d2c0de485e88531827b28f7d8 - Path: Packages/com.unity.2d.common/Editor/InternalBridge/SpriteDataProviders/SpriteCustomMetadataProvider.cs - Importer: ScriptedImporter/UnityEditor.QuickSearchModule:UnityEditor.Search:ASIAI0B
Importing 'GUID: 16da4b0d2c0de485e88531827b28f7d8 - Path: Packages/com.unity.2d.common/Editor/InternalBridge/SpriteDataProviders/SpriteCustomMetadataProvider.cs - Importer: ScriptedImporter/UnityEditor.QuickSearchModule:UnityEditor.Search:ASIAI0B' with importer (ScriptedImporter : UnityEditor.QuickSearchModule:UnityEditor.Search:ASIAI0B)
Imported 'GUID: 16da4b0d2c0de485e88531827b28f7d8' -> (Import Result ID: 'e3fe96e0d3064ca1aff67d53494cf954') in 0.001 seconds [static and dynamic dependencies]. Details - ImportResultOutputID=47eb98d2c6461f50e9bf125fa07e0f1f DependenciesID=3a6e7d91c1a4d668ed78c7663b648afc StaticDependenciesID=d5a7f38120dd9099dd17139db0c41e83 
Number of updated asset objects reloaded before import = 0
Number of asset objects unloaded after import = 0
========================================================================
Received Import Request.
  Time of request: 2026-09-17T18:20:25.65539Z
  Time since last request: 0.012938625 seconds.
  importAddress: GUID: 554a30a45860f494ca38586c54b7e5d9 - Path: Packages/com.unity.2d.animation/Editor/Assets/EditorIcons/Sprite_Mode@4x.png - Importer: ScriptedImporter/UnityEditor.QuickSearchModule:UnityEditor.Search:ASIAI0B
Importing 'GUID: 554a30a45860f494ca38586c54b7e5d9 - Path: Packages/com.unity.2d.animation/Editor/Assets/EditorIcons/Sprite_Mode@4x.png - Importer: ScriptedImporter/UnityEditor.QuickSearchModule:UnityEditor.Search:ASIAI0B' with importer (ScriptedImporter : UnityEditor.QuickSearchModule:UnityEditor.Search:ASIAI0B)
Imported 'GUID: 554a30a45860f494ca38586c54b7e5d9' -> (Import Result ID: '5695490c3fbf819c34219a02391a2a6b') in 0.003 seconds [static and dynamic dependencies]. Details - ImportResultOutputID=8d32236698f1a15cbcc4cdc09a5ae88a DependenciesID=e0b9c9c806a37581b2fa438e2c491456 StaticDependenciesID=1ef303c280cb3db55cc2be7f687c39fd 
Number of updated asset objects reloaded before import = 0
Number of asset objects unloaded after import = 3
========================================================================
Received Import Request.
  Time of request: 2026-09-17T18:20:25.66679Z
  Time since last request: 0.000353542 seconds.
  importAddress: GUID: ce7c098d3ea5489fa6ab87ebfef6bbd4 - Path: Packages/com.unity.2d.tilemap/Editor/UI/External/GridView.cs - Importer: ScriptedImporter/UnityEditor.QuickSearchModule:UnityEditor.Search:ASIAI0B
Importing 'GUID: ce7c098d3ea5489fa6ab87ebfef6bbd4 - Path: Packages/com.unity.2d.tilemap/Editor/UI/External/GridView.cs - Importer: ScriptedImporter/UnityEditor.QuickSearchModule:UnityEditor.Search:ASIAI0B' with importer (ScriptedImporter : UnityEditor.QuickSearchModule:UnityEditor.Search:ASIAI0B)
Imported 'GUID: ce7c098d3ea5489fa6ab87ebfef6bbd4' -> (Import Result ID: 'a5d3a82a458f7ab5401f439691b987cf') in 0.001 seconds [static and dynamic dependencies]. Details - ImportResultOutputID=310ef90324cdb127257a81acb130e94d DependenciesID=8fd35638a223a45dc67ddf16b6a19050 StaticDependenciesID=65c11ff86be00de36610af8ec9fd39e6 
Number of updated asset objects reloaded before import = 0
Number of asset objects unloaded after import = 0
========================================================================
Received Import Request.
  Time of request: 2026-09-17T18:20:25.675736Z
  Time since last request: 0.000253333 seconds.
  importAddress: GUID: d0ba7992e08412649839c5b94f950c79 - Path: Packages/com.unity.2d.tilemap/Editor/EditorTools/GridSelection/GridSelectionScaleTool.cs - Importer: ScriptedImporter/UnityEditor.QuickSearchModule:UnityEditor.Search:ASIAI0B
Importing 'GUID: d0ba7992e08412649839c5b94f950c79 - Path: Packages/com.unity.2d.tilemap/Editor/EditorTools/GridSelection/GridSelectionScaleTool.cs - Importer: ScriptedImporter/UnityEditor.QuickSearchModule:UnityEditor.Search:ASIAI0B' with importer (ScriptedImporter : UnityEditor.QuickSearchModule:UnityEditor.Search:ASIAI0B)
Imported 'GUID: d0ba7992e08412649839c5b94f950c79' -> (Import Result ID: '9126c2d1a50f05abf3dabe25389a4f3d') in 0.001 seconds [static and dynamic dependencies]. Details - ImportResultOutputID=3f7eda4beb7d63b6bab9df0552ab7267 DependenciesID=6274fad4cb1ef4dc992e49b103011473 StaticDependenciesID=d53f3e654ad7bba4b28f36fc60a69784 
Number of updated asset objects reloaded before import = 0
Number of asset objects unloaded after import = 0
========================================================================
Received Import Request.
  Time of request: 2026-09-17T18:20:25.684847Z
  Time since last request: 0.000200333 seconds.
  importAddress: GUID: 138d3cdf8c274dd4c995e7ec72539d1b - Path: Packages/com.unity.2d.psdimporter/Editor/PSDPlugin/PhotoShopFileType/DocumentLoadContext.cs - Importer: ScriptedImporter/UnityEditor.QuickSearchModule:UnityEditor.Search:ASIAI0B
Importing 'GUID: 138d3cdf8c274dd4c995e7ec72539d1b - Path: Packages/com.unity.2d.psdimporter/Editor/PSDPlugin/PhotoShopFileType/DocumentLoadContext.cs - Importer: ScriptedImporter/UnityEditor.QuickSearchModule:UnityEditor.Search:ASIAI0B' with importer (ScriptedImporter : UnityEditor.QuickSearchModule:UnityEditor.Search:ASIAI0B)
Imported 'GUID: 138d3cdf8c274dd4c995e7ec72539d1b' -> (Import Result ID: 'dbb5ad4ae96f22ff4bee8e694c910d53') in 0.001 seconds [static and dynamic dependencies]. Details - ImportResultOutputID=48b93ce2b8ee6b20e18fa2ddacf83d80 DependenciesID=122d066039a3fe166903e6c630aaf3b4 StaticDependenciesID=2ca75a3b6f62892b997eb8c52ea1d304 
Number of updated asset objects reloaded before import = 0
Number of asset objects unloaded after import = 0
========================================================================
Received Import Request.
  Time of request: 2026-09-17T18:20:25.694142Z
  Time since last request: 0.00020625 seconds.
  importAddress: GUID: 8272ea7c59da847458432e7c88bf7766 - Path: Packages/com.unity.2d.animation/Editor/Assets/EditorIcons/Selected/Split_Edge@4x.png - Importer: ScriptedImporter/UnityEditor.QuickSearchModule:UnityEditor.Search:ASIAI0B
Importing 'GUID: 8272ea7c59da847458432e7c88bf7766 - Path: Packages/com.unity.2d.animation/Editor/Assets/EditorIcons/Selected/Split_Edge@4x.png - Importer: ScriptedImporter/UnityEditor.QuickSearchModule:UnityEditor.Search:ASIAI0B' with importer (ScriptedImporter : UnityEditor.QuickSearchModule:UnityEditor.Search:ASIAI0B)
Imported 'GUID: 8272ea7c59da847458432e7c88bf7766' -> (Import Result ID: 'bf6c65bd9ef373890538c6a9fd1fb553') in 0.004 seconds [static and dynamic dependencies]. Details - ImportResultOutputID=a00bb4179d0bb6dd5b09074e502c3bf7 DependenciesID=1d66d82969bd38e80aa742702bd05a05 StaticDependenciesID=9d1a6ce2cb557a6208ed67cbc3449e2d 
Number of updated asset objects reloaded before import = 0
Number of asset objects unloaded after import = 3
========================================================================
Received Import Request.
  Time of request: 2026-09-17T18:20:25.705988Z
  Time since last request: 0.000141833 seconds.
  importAddress: GUID: 575e67e67fc4b3349bef2112e32f0be3 - Path: Packages/com.unity.2d.animation/Editor/Assets/EditorIcons/d_Visibility_Tool@4x.png - Importer: ScriptedImporter/UnityEditor.QuickSearchModule:UnityEditor.Search:ASIAI0B
Importing 'GUID: 575e67e67fc4b3349bef2112e32f0be3 - Path: Packages/com.unity.2d.animation/Editor/Assets/EditorIcons/d_Visibility_Tool@4x.png - Importer: ScriptedImporter/UnityEditor.QuickSearchModule:UnityEditor.Search:ASIAI0B' with importer (ScriptedImporter : UnityEditor.QuickSearchModule:UnityEditor.Search:ASIAI0B)
Imported 'GUID: 575e67e67fc4b3349bef2112e32f0be3' -> (Import Result ID: 'f230bb48b039ab2a7e3e091fae78a872') in 0.003 seconds [static and dynamic dependencies]. Details - ImportResultOutputID=a8f9aae1d762b1781cf80f8e431f6922 DependenciesID=06f94531bebfa2246d403bb4f71e368d StaticDependenciesID=8db2de85544644873be442043e7f0da3 
Number of updated asset objects reloaded before import = 0
Number of asset objects unloaded after import = 3
========================================================================
Received Import Request.
  Time of request: 2026-09-17T18:20:25.716599Z
  Time since last request: 0.000191542 seconds.
  importAddress: GUID: fc34e0d1bbd8e4a1da30c0d435cdb6a6 - Path: Packages/com.unity.2d.common/Path/Editor/EditablePath/IUndoObject.cs - Importer: ScriptedImporter/UnityEditor.QuickSearchModule:UnityEditor.Search:ASIAI0B
Importing 'GUID: fc34e0d1bbd8e4a1da30c0d435cdb6a6 - Path: Packages/com.unity.2d.common/Path/Editor/EditablePath/IUndoObject.cs - Importer: ScriptedImporter/UnityEditor.QuickSearchModule:UnityEditor.Search:ASIAI0B' with importer (ScriptedImporter : UnityEditor.QuickSearchModule:UnityEditor.Search:ASIAI0B)
Imported 'GUID: fc34e0d1bbd8e4a1da30c0d435cdb6a6' -> (Import Result ID: '45f1759c537775bd0ab16f61c311872a') in 0.001 seconds [static and dynamic dependencies]. Details - ImportResultOutputID=1642a05131f8588393a3a5cc4d6b6941 DependenciesID=04817e9ffb7ad09e8199f3775f262850 StaticDependenciesID=f9ab33d31f61d04108b4091b89552de3 
Number of updated asset objects reloaded before import = 0
Number of asset objects unloaded after import = 0
========================================================================
Received Import Request.
  Time of request: 2026-09-17T18:20:25.72536Z
  Time since last request: 0.000236458 seconds.
  importAddress: GUID: 4f5e03422df3a442089f65a1856ece1b - Path: Packages/com.unity.2d.common/Runtime - Importer: ScriptedImporter/UnityEditor.QuickSearchModule:UnityEditor.Search:ASIAI0B
Importing 'GUID: 4f5e03422df3a442089f65a1856ece1b - Path: Packages/com.unity.2d.common/Runtime - Importer: ScriptedImporter/UnityEditor.QuickSearchModule:UnityEditor.Search:ASIAI0B' with importer (ScriptedImporter : UnityEditor.QuickSearchModule:UnityEditor.Search:ASIAI0B)
Imported 'GUID: 4f5e03422df3a442089f65a1856ece1b' -> (Import Result ID: '88899a08f95d2913f23e8de4329dbc1e') in 0.001 seconds [static and dynamic dependencies]. Details - ImportResultOutputID=6bcc8d4695e825cac94f79c102a6ab86 DependenciesID=efafba882d698b18220b01f1b98675fd StaticDependenciesID=f7d58caabc2b5bade68dc09d0858dd7c 
Number of updated asset objects reloaded before import = 0
Number of asset objects unloaded after import = 1
========================================================================
Received Import Request.
  Time of request: 2026-09-17T18:20:25.733659Z
  Time since last request: 0.000212292 seconds.
  importAddress: GUID: 2543b18169f9e4044a266a0bf35fe4cf - Path: Packages/com.unity.2d.pixel-perfect/Editor/Unity.2D.PixelPerfect.Editor.asmdef - Importer: ScriptedImporter/UnityEditor.QuickSearchModule:UnityEditor.Search:ASIAI0B
Importing 'GUID: 2543b18169f9e4044a266a0bf35fe4cf - Path: Packages/com.unity.2d.pixel-perfect/Editor/Unity.2D.PixelPerfect.Editor.asmdef - Importer: ScriptedImporter/UnityEditor.QuickSearchModule:UnityEditor.Search:ASIAI0B' with importer (ScriptedImporter : UnityEditor.QuickSearchModule:UnityEditor.Search:ASIAI0B)
Imported 'GUID: 2543b18169f9e4044a266a0bf35fe4cf' -> (Import Result ID: '263d529abf29c73f81896fdb281e1dc0') in 0.001 seconds [static and dynamic dependencies]. Details - ImportResultOutputID=55de4cdbd92c15ea6031eb074f8e8297 DependenciesID=1d634036ca9bb1e74ed7e7fc69739c83 StaticDependenciesID=dc75296ea2d4e7fd50f27d8f1ea777eb 
Number of updated asset objects reloaded before import = 0
Number of asset objects unloaded after import = 1
========================================================================
Received Import Request.
  Time of request: 2026-09-17T18:20:25.743125Z
  Time since last request: 0.00023575 seconds.
  importAddress: GUID: ec8da9418a6bf493e93ef4c7b7575847 - Path: Packages/com.unity.2d.animation/Runtime/SkeletonAsset.cs - Importer: ScriptedImporter/UnityEditor.QuickSearchModule:UnityEditor.Search:ASIAI0B
Importing 'GUID: ec8da9418a6bf493e93ef4c7b7575847 - Path: Packages/com.unity.2d.animation/Runtime/SkeletonAsset.cs - Importer: ScriptedImporter/UnityEditor.QuickSearchModule:UnityEditor.Search:ASIAI0B' with importer (ScriptedImporter : UnityEditor.QuickSearchModule:UnityEditor.Search:ASIAI0B)
Imported 'GUID: ec8da9418a6bf493e93ef4c7b7575847' -> (Import Result ID: '50ef7796716a17feb3cd3dcb067cb0bb') in 0.001 seconds [static and dynamic dependencies]. Details - ImportResultOutputID=cfc9b0190fced0be7fc541e359e122c8 DependenciesID=ccb9a01717fb3be05c7d4ea693111e50 StaticDependenciesID=ae2a9907919aa33077459d5b53193013 
Number of updated asset objects reloaded before import = 0
Number of asset objects unloaded after import = 0
========================================================================
Received Import Request.
  Time of request: 2026-09-17T18:20:25.752125Z
  Time since last request: 0.000330666 seconds.
  importAddress: GUID: 8e2a754470eca3549bf5b80afcf34aa7 - Path: Packages/com.unity.2d.tilemap/README.md - Importer: ScriptedImporter/UnityEditor.QuickSearchModule:UnityEditor.Search:ASIAI0B
Importing 'GUID: 8e2a754470eca3549bf5b80afcf34aa7 - Path: Packages/com.unity.2d.tilemap/README.md - Importer: ScriptedImporter/UnityEditor.QuickSearchModule:UnityEditor.Search:ASIAI0B' with importer (ScriptedImporter : UnityEditor.QuickSearchModule:UnityEditor.Search:ASIAI0B)
Imported 'GUID: 8e2a754470eca3549bf5b80afcf34aa7' -> (Import Result ID: '354fe77ad9094e564404febfd3e84db7') in 0.001 seconds [static and dynamic dependencies]. Details - ImportResultOutputID=dfb5174aa6a3c730ef1473e15afb0f0e DependenciesID=5a4c4632a020cb26e1997e8496feb28c StaticDependenciesID=03df4ce98d72f357b52d42c0feaf1afd 
Number of updated asset objects reloaded before import = 0
Number of asset objects unloaded after import = 1
========================================================================
Received Import Request.
  Time of request: 2026-09-17T18:20:25.761309Z
  Time since last request: 0.000322708 seconds.
  importAddress: GUID: 7c5cb5d0bb89666419fa44a3e64ed366 - Path: Packages/com.unity.2d.animation/Editor/Assets/SkinningModule/VisibilityToolWindow.uxml - Importer: ScriptedImporter/UnityEditor.QuickSearchModule:UnityEditor.Search:ASIAI0B
Importing 'GUID: 7c5cb5d0bb89666419fa44a3e64ed366 - Path: Packages/com.unity.2d.animation/Editor/Assets/SkinningModule/VisibilityToolWindow.uxml - Importer: ScriptedImporter/UnityEditor.QuickSearchModule:UnityEditor.Search:ASIAI0B' with importer (ScriptedImporter : UnityEditor.QuickSearchModule:UnityEditor.Search:ASIAI0B)
Imported 'GUID: 7c5cb5d0bb89666419fa44a3e64ed366' -> (Import Result ID: 'b0891c9dbcd11fd55b6c03f2e5a88c3f') in 0.007 seconds [static and dynamic dependencies]. Details - ImportResultOutputID=e1292fbb4cf7d43cc0d9dd9c414b8571 DependenciesID=ce17be2f1c69ed8521baf569f0b57bc3 StaticDependenciesID=3d1d238428ce5f6d4053c05a20cf1df2 
Number of updated asset objects reloaded before import = 0
Number of asset objects unloaded after import = 2
========================================================================
Received Import Request.
  Time of request: 2026-09-17T18:20:25.775776Z
  Time since last request: 0.000211583 seconds.
  importAddress: GUID: 748ae8b33df036b46a86e0387f1602cf - Path: Packages/com.unity.2d.animation/Editor/Assets/EditorIcons/character_Mode@4x.png - Importer: ScriptedImporter/UnityEditor.QuickSearchModule:UnityEditor.Search:ASIAI0B
Importing 'GUID: 748ae8b33df036b46a86e0387f1602cf - Path: Packages/com.unity.2d.animation/Editor/Assets/EditorIcons/character_Mode@4x.png - Importer: ScriptedImporter/UnityEditor.QuickSearchModule:UnityEditor.Search:ASIAI0B' with importer (ScriptedImporter : UnityEditor.QuickSearchModule:UnityEditor.Search:ASIAI0B)
Imported 'GUID: 748ae8b33df036b46a86e0387f1602cf' -> (Import Result ID: '7fda8dafcee7123f51605c8d0bc1759e') in 0.003 seconds [static and dynamic dependencies]. Details - ImportResultOutputID=ae77406dd6f25abc9a388b55635b988a DependenciesID=0a88a9c486d18c1c318b63e8c0bb9200 StaticDependenciesID=16e27f1943e07dd94dd5551a6df38013 
Number of updated asset objects reloaded before import = 0
Number of asset objects unloaded after import = 3
========================================================================
Received Import Request.
  Time of request: 2026-09-17T18:20:25.787602Z
  Time since last request: 0.000358291 seconds.
  importAddress: GUID: a20f7223e2252fc4d813fc92d0f3a614 - Path: Packages/com.unity.2d.animation/Editor/Assets/EditorIcons/Visibility_Hidded.png - Importer: ScriptedImporter/UnityEditor.QuickSearchModule:UnityEditor.Search:ASIAI0B
Importing 'GUID: a20f7223e2252fc4d813fc92d0f3a614 - Path: Packages/com.unity.2d.animation/Editor/Assets/EditorIcons/Visibility_Hidded.png - Importer: ScriptedImporter/UnityEditor.QuickSearchModule:UnityEditor.Search:ASIAI0B' with importer (ScriptedImporter : UnityEditor.QuickSearchModule:UnityEditor.Search:ASIAI0B)
Imported 'GUID: a20f7223e2252fc4d813fc92d0f3a614' -> (Import Result ID: '587e947fc561085940fe6f2230231ed2') in 0.003 seconds [static and dynamic dependencies]. Details - ImportResultOutputID=c51ff4aa1ca48cfef5b4da8e5f3468a9 DependenciesID=c999b9bb498f4f09f2b73f5f4d6af8fc StaticDependenciesID=7267d303eb04d209495a41fd8ab1c4ad 
Number of updated asset objects reloaded before import = 0
Number of asset objects unloaded after import = 3
========================================================================
Received Import Request.
  Time of request: 2026-09-17T18:20:25.798219Z
  Time since last request: 0.000211625 seconds.
  importAddress: GUID: 03dd6911110407b418a3e5d3f0c473af - Path: Packages/com.unity.2d.sprite/Editor/AssemblyInfo.cs - Importer: ScriptedImporter/UnityEditor.QuickSearchModule:UnityEditor.Search:ASIAI0B
Importing 'GUID: 03dd6911110407b418a3e5d3f0c473af - Path: Packages/com.unity.2d.sprite/Editor/AssemblyInfo.cs - Importer: ScriptedImporter/UnityEditor.QuickSearchModule:UnityEditor.Search:ASIAI0B' with importer (ScriptedImporter : UnityEditor.QuickSearchModule:UnityEditor.Search:ASIAI0B)
Imported 'GUID: 03dd6911110407b418a3e5d3f0c473af' -> (Import Result ID: '7d232b7510a7462d6a993030db50d667') in 0.001 seconds [static and dynamic dependencies]. Details - ImportResultOutputID=0b268d870ea492f0cfc93253b6ec2d77 DependenciesID=c90519e655f9c0dcf61797e287a47c2e StaticDependenciesID=807f5e1d6be646e813017e88c73589c0 
Number of updated asset objects reloaded before import = 0
Number of asset objects unloaded after import = 0
========================================================================
Received Import Request.
  Time of request: 2026-09-17T18:20:25.806513Z
  Time since last request: 0.00015125 seconds.
  importAddress: GUID: f6feb2f28f8c42deb866964fcd39ab9d - Path: Packages/com.unity.2d.aseprite/Editor/AsepriteImporterDataProvider.cs - Importer: ScriptedImporter/UnityEditor.QuickSearchModule:UnityEditor.Search:ASIAI0B
Importing 'GUID: f6feb2f28f8c42deb866964fcd39ab9d - Path: Packages/com.unity.2d.aseprite/Editor/AsepriteImporterDataProvider.cs - Importer: ScriptedImporter/UnityEditor.QuickSearchModule:UnityEditor.Search:ASIAI0B' with importer (ScriptedImporter : UnityEditor.QuickSearchModule:UnityEditor.Search:ASIAI0B)
Imported 'GUID: f6feb2f28f8c42deb866964fcd39ab9d' -> (Import Result ID: 'e087264c13afd659156700f93b946aa8') in 0.001 seconds [static and dynamic dependencies]. Details - ImportResultOutputID=7a87870a0c6bb7f3d13c0387261c2957 DependenciesID=3c7be6480da7926be2348d1cb75837c7 StaticDependenciesID=7eb0c0a04dac95a3ed10dcdd505bd510 
Number of updated asset objects reloaded before import = 0
Number of asset objects unloaded after import = 0
========================================================================
Received Import Request.
  Time of request: 2026-09-17T18:20:25.814433Z
  Time since last request: 0.000171416 seconds.
  importAddress: GUID: a3c4ea29a117e3f418ded11a50e4d52d - Path: Packages/com.unity.2d.tilemap/Editor/Icons/d_Grid.FlipY@2x.png - Importer: ScriptedImporter/UnityEditor.QuickSearchModule:UnityEditor.Search:ASIAI0B
Importing 'GUID: a3c4ea29a117e3f418ded11a50e4d52d - Path: Packages/com.unity.2d.tilemap/Editor/Icons/d_Grid.FlipY@2x.png - Importer: ScriptedImporter/UnityEditor.QuickSearchModule:UnityEditor.Search:ASIAI0B' with importer (ScriptedImporter : UnityEditor.QuickSearchModule:UnityEditor.Search:ASIAI0B)
Imported 'GUID: a3c4ea29a117e3f418ded11a50e4d52d' -> (Import Result ID: '1dcf0277e0b0365e0e0c93641f7dead9') in 0.003 seconds [static and dynamic dependencies]. Details - ImportResultOutputID=607aeb0b39f340fe5d6d2a6b977337ec DependenciesID=b7957848d6c7d459360068bb10fbeead StaticDependenciesID=af52a96ac046b66b06dcf11d6d6f3bbf 
Number of updated asset objects reloaded before import = 0
Number of asset objects unloaded after import = 3
========================================================================
Received Import Request.
  Time of request: 2026-09-17T18:20:25.824329Z
  Time since last request: 0.0001265 seconds.
  importAddress: GUID: b2aca1e4f59dad54785b6ffded66224a - Path: Packages/com.unity.2d.animation/Editor/Assets/EditorIcons/d_Weight_Slider@2x.png - Importer: ScriptedImporter/UnityEditor.QuickSearchModule:UnityEditor.Search:ASIAI0B
Importing 'GUID: b2aca1e4f59dad54785b6ffded66224a - Path: Packages/com.unity.2d.animation/Editor/Assets/EditorIcons/d_Weight_Slider@2x.png - Importer: ScriptedImporter/UnityEditor.QuickSearchModule:UnityEditor.Search:ASIAI0B' with importer (ScriptedImporter : UnityEditor.QuickSearchModule:UnityEditor.Search:ASIAI0B)
Imported 'GUID: b2aca1e4f59dad54785b6ffded66224a' -> (Import Result ID: '69de5078766a23196d602829ac668a5c') in 0.003 seconds [static and dynamic dependencies]. Details - ImportResultOutputID=496c7f34a33b17976f214d2d357b188f DependenciesID=4194276c8cfb4a25bb215320c224e9e7 StaticDependenciesID=ff21d2e1d28f379b9c4a44c11ae013f1 
Number of updated asset objects reloaded before import = 0
Number of asset objects unloaded after import = 3
========================================================================
Received Import Request.
  Time of request: 2026-09-17T18:20:25.833688Z
  Time since last request: 0.00011625 seconds.
  importAddress: GUID: 492c70ec0e6ff4af48a6886e4e1608f8 - Path: Packages/com.unity.2d.sprite/Editor/Assets/LockedOptions.png - Importer: ScriptedImporter/UnityEditor.QuickSearchModule:UnityEditor.Search:ASIAI0B
Importing 'GUID: 492c70ec0e6ff4af48a6886e4e1608f8 - Path: Packages/com.unity.2d.sprite/Editor/Assets/LockedOptions.png - Importer: ScriptedImporter/UnityEditor.QuickSearchModule:UnityEditor.Search:ASIAI0B' with importer (ScriptedImporter : UnityEditor.QuickSearchModule:UnityEditor.Search:ASIAI0B)
Imported 'GUID: 492c70ec0e6ff4af48a6886e4e1608f8' -> (Import Result ID: '2da42098f0c998bd7d60ffd35c6f07e7') in 0.003 seconds [static and dynamic dependencies]. Details - ImportResultOutputID=804a9e019cd2dbec81fa4925aea61fb7 DependenciesID=bf200a943ab8486147c8e1f6f0e82a18 StaticDependenciesID=e935e5b25fd57524b9716049f00adc02 
Number of updated asset objects reloaded before import = 0
Number of asset objects unloaded after import = 1
========================================================================
Received Import Request.
  Time of request: 2026-09-17T18:20:25.843736Z
  Time since last request: 0.000116542 seconds.
  importAddress: GUID: 7ed99b178ead940bf9cc24b0b0213517 - Path: Packages/com.unity.2d.animation/Editor/Assets/ComponentIcons/d_Animation.SpriteSkin@64.png - Importer: ScriptedImporter/UnityEditor.QuickSearchModule:UnityEditor.Search:ASIAI0B
Importing 'GUID: 7ed99b178ead940bf9cc24b0b0213517 - Path: Packages/com.unity.2d.animation/Editor/Assets/ComponentIcons/d_Animation.SpriteSkin@64.png - Importer: ScriptedImporter/UnityEditor.QuickSearchModule:UnityEditor.Search:ASIAI0B' with importer (ScriptedImporter : UnityEditor.QuickSearchModule:UnityEditor.Search:ASIAI0B)
Imported 'GUID: 7ed99b178ead940bf9cc24b0b0213517' -> (Import Result ID: '6a576c9ba95de3189052fd00ae350ff1') in 0.003 seconds [static and dynamic dependencies]. Details - ImportResultOutputID=57b1ce30057a57002f68bfcd94f2112b DependenciesID=d5f3fc9d4cd9a45a3cd7fcc8dfe40edc StaticDependenciesID=46b073227a38ee652be4d3caece45a99 
Number of updated asset objects reloaded before import = 0
Number of asset objects unloaded after import = 3
========================================================================
Received Import Request.
  Time of request: 2026-09-17T18:20:25.85336Z
  Time since last request: 0.000117667 seconds.
  importAddress: GUID: 93baf20e5693c4d3f94ae97c693e9b83 - Path: Packages/com.unity.2d.animation/Editor/UpgradeTools/AnimClipUpgrader.cs - Importer: ScriptedImporter/UnityEditor.QuickSearchModule:UnityEditor.Search:ASIAI0B
Importing 'GUID: 93baf20e5693c4d3f94ae97c693e9b83 - Path: Packages/com.unity.2d.animation/Editor/UpgradeTools/AnimClipUpgrader.cs - Importer: ScriptedImporter/UnityEditor.QuickSearchModule:UnityEditor.Search:ASIAI0B' with importer (ScriptedImporter : UnityEditor.QuickSearchModule:UnityEditor.Search:ASIAI0B)
Imported 'GUID: 93baf20e5693c4d3f94ae97c693e9b83' -> (Import Result ID: '0ab26a550ba2c93599c0fa199d64c984') in 0.001 seconds [static and dynamic dependencies]. Details - ImportResultOutputID=c2e5b1d24cd3c270b08c67516abb2ef8 DependenciesID=b129069f92008fb4357c29a127efbf9f StaticDependenciesID=55fbec32ff5e16f8830837d171844ec1 
Number of updated asset objects reloaded before import = 0
Number of asset objects unloaded after import = 0
========================================================================
Received Import Request.
  Time of request: 2026-09-17T18:20:25.861301Z
  Time since last request: 0.000154542 seconds.
  importAddress: GUID: 1fb3cc40b13640e78b129330aef9e971 - Path: Packages/com.unity.2d.aseprite/Editor/Tasks - Importer: ScriptedImporter/UnityEditor.QuickSearchModule:UnityEditor.Search:ASIAI0B
Importing 'GUID: 1fb3cc40b13640e78b129330aef9e971 - Path: Packages/com.unity.2d.aseprite/Editor/Tasks - Importer: ScriptedImporter/UnityEditor.QuickSearchModule:UnityEditor.Search:ASIAI0B' with importer (ScriptedImporter : UnityEditor.QuickSearchModule:UnityEditor.Search:ASIAI0B)
Imported 'GUID: 1fb3cc40b13640e78b129330aef9e971' -> (Import Result ID: '6fb9874eff0226ef1bc34ce75e98db51') in 0.001 seconds [static and dynamic dependencies]. Details - ImportResultOutputID=2b389b34ad81641042a5b86180fdf300 DependenciesID=9ff9bb602d3a5da329856aed2ca9fae6 StaticDependenciesID=84fad918f892ab6a3a966edc3ebbce74 
Number of updated asset objects reloaded before import = 0
Number of asset objects unloaded after import = 1
========================================================================
Received Import Request.
  Time of request: 2026-09-17T18:20:25.86902Z
  Time since last request: 0.000129667 seconds.
  importAddress: GUID: bdeb3b0829b54c0c868afbe166a33a73 - Path: Packages/com.unity.2d.animation/Editor/SpriteLib/SpriteLibrarySourceAssetFactory.cs - Importer: ScriptedImporter/UnityEditor.QuickSearchModule:UnityEditor.Search:ASIAI0B
Importing 'GUID: bdeb3b0829b54c0c868afbe166a33a73 - Path: Packages/com.unity.2d.animation/Editor/SpriteLib/SpriteLibrarySourceAssetFactory.cs - Importer: ScriptedImporter/UnityEditor.QuickSearchModule:UnityEditor.Search:ASIAI0B' with importer (ScriptedImporter : UnityEditor.QuickSearchModule:UnityEditor.Search:ASIAI0B)
Imported 'GUID: bdeb3b0829b54c0c868afbe166a33a73' -> (Import Result ID: '5b2f62e9a185c616cebc45beb92e1000') in 0.001 seconds [static and dynamic dependencies]. Details - ImportResultOutputID=c3e594387cbbd70808483d0ecf415338 DependenciesID=5f77c503a2afc4b445b6d779c78318d9 StaticDependenciesID=00098f163d64a4fe65f498dc5582ad29 
Number of updated asset objects reloaded before import = 0
Number of asset objects unloaded after import = 0
========================================================================
Received Import Request.
  Time of request: 2026-09-17T18:20:25.87663Z
  Time since last request: 0.000166291 seconds.
  importAddress: GUID: e883969672bd261498f38ec9e9fc393f - Path: Packages/com.unity.2d.tilemap/Editor/Icons/Grid.FlipX.png - Importer: ScriptedImporter/UnityEditor.QuickSearchModule:UnityEditor.Search:ASIAI0B
Importing 'GUID: e883969672bd261498f38ec9e9fc393f - Path: Packages/com.unity.2d.tilemap/Editor/Icons/Grid.FlipX.png - Importer: ScriptedImporter/UnityEditor.QuickSearchModule:UnityEditor.Search:ASIAI0B' with importer (ScriptedImporter : UnityEditor.QuickSearchModule:UnityEditor.Search:ASIAI0B)
Imported 'GUID: e883969672bd261498f38ec9e9fc393f' -> (Import Result ID: 'ae6fc9ec6afc9dd99b5f3770128e2e49') in 0.003 seconds [static and dynamic dependencies]. Details - ImportResultOutputID=7036b87bf3a5186351af132eaaa4b6a6 DependenciesID=691485db1564bdce820df78d94ffa9a6 StaticDependenciesID=9983344e91f35d8c6360f5df88992f29 
Number of updated asset objects reloaded before import = 0
Number of asset objects unloaded after import = 3
========================================================================
Received Import Request.
  Time of request: 2026-09-17T18:20:25.886085Z
  Time since last request: 0.000136458 seconds.
  importAddress: GUID: 40cebb2c3989f5844a7cbdc20bb68bdf - Path: Packages/com.unity.2d.animation/Editor/SkinningModule/VisibilityTool/BoneTreeViewController.cs - Importer: ScriptedImporter/UnityEditor.QuickSearchModule:UnityEditor.Search:ASIAI0B
Importing 'GUID: 40cebb2c3989f5844a7cbdc20bb68bdf - Path: Packages/com.unity.2d.animation/Editor/SkinningModule/VisibilityTool/BoneTreeViewController.cs - Importer: ScriptedImporter/UnityEditor.QuickSearchModule:UnityEditor.Search:ASIAI0B' with importer (ScriptedImporter : UnityEditor.QuickSearchModule:UnityEditor.Search:ASIAI0B)
Imported 'GUID: 40cebb2c3989f5844a7cbdc20bb68bdf' -> (Import Result ID: '5a3f88fedb1a880668f2b56ef1b1384a') in 0.001 seconds [static and dynamic dependencies]. Details - ImportResultOutputID=b524c78346d5674e0f9154e1994895c8 DependenciesID=a01e8e53173756f282cf2662f3a0a1e3 StaticDependenciesID=a0c08b78a78522d348d9d0d5c5dcc065 
Number of updated asset objects reloaded before import = 0
Number of asset objects unloaded after import = 0
========================================================================
Received Import Request.
  Time of request: 2026-09-17T18:20:25.893738Z
  Time since last request: 0.000133916 seconds.
  importAddress: GUID: 5260ebe2b8ba2724eb92daea93bddf3c - Path: Packages/com.unity.2d.animation/Editor/SkinningModule/SelectionTool.cs - Importer: ScriptedImporter/UnityEditor.QuickSearchModule:UnityEditor.Search:ASIAI0B
Importing 'GUID: 5260ebe2b8ba2724eb92daea93bddf3c - Path: Packages/com.unity.2d.animation/Editor/SkinningModule/SelectionTool.cs - Importer: ScriptedImporter/UnityEditor.QuickSearchModule:UnityEditor.Search:ASIAI0B' with importer (ScriptedImporter : UnityEditor.QuickSearchModule:UnityEditor.Search:ASIAI0B)
Imported 'GUID: 5260ebe2b8ba2724eb92daea93bddf3c' -> (Import Result ID: '15384a14fc76049e2b4565cddeb2ee46') in 0.001 seconds [static and dynamic dependencies]. Details - ImportResultOutputID=874c1cedb9164ac59d29f817b8e2f974 DependenciesID=9fd1a5eb3d36e55533ef3455de0fec7e StaticDependenciesID=32ee0b5d7b4920af7b28bf5518746956 
Number of updated asset objects reloaded before import = 0
Number of asset objects unloaded after import = 0
========================================================================
Received Import Request.
  Time of request: 2026-09-17T18:20:25.90172Z
  Time since last request: 0.000132625 seconds.
  importAddress: GUID: d0e92ddf428f3da4abe78b8ef60e2a84 - Path: Packages/com.unity.2d.animation/Editor/Assets/EditorIcons/d_Generate_Weights@3x.png - Importer: ScriptedImporter/UnityEditor.QuickSearchModule:UnityEditor.Search:ASIAI0B
Importing 'GUID: d0e92ddf428f3da4abe78b8ef60e2a84 - Path: Packages/com.unity.2d.animation/Editor/Assets/EditorIcons/d_Generate_Weights@3x.png - Importer: ScriptedImporter/UnityEditor.QuickSearchModule:UnityEditor.Search:ASIAI0B' with importer (ScriptedImporter : UnityEditor.QuickSearchModule:UnityEditor.Search:ASIAI0B)
Imported 'GUID: d0e92ddf428f3da4abe78b8ef60e2a84' -> (Import Result ID: '950bf4e45d40749c8ab83d5fe0097809') in 0.002 seconds [static and dynamic dependencies]. Details - ImportResultOutputID=9e4c4e8bab3dd2f9d4a47c018a509a85 DependenciesID=71371b50cd816c6ffe882b6816e3f31d StaticDependenciesID=22694aab021d03918a28cc65f5439c25 
Number of updated asset objects reloaded before import = 0
Number of asset objects unloaded after import = 3
========================================================================
Received Import Request.
  Time of request: 2026-09-17T18:20:25.911128Z
  Time since last request: 0.0001035 seconds.
  importAddress: GUID: 406d759682a9c4fd6b4363091ea2ed90 - Path: Packages/com.unity.2d.animation/Editor/Assets/SpriteLibraryEditor/CategoriesTab.uss - Importer: ScriptedImporter/UnityEditor.QuickSearchModule:UnityEditor.Search:ASIAI0B
Importing 'GUID: 406d759682a9c4fd6b4363091ea2ed90 - Path: Packages/com.unity.2d.animation/Editor/Assets/SpriteLibraryEditor/CategoriesTab.uss - Importer: ScriptedImporter/UnityEditor.QuickSearchModule:UnityEditor.Search:ASIAI0B' with importer (ScriptedImporter : UnityEditor.QuickSearchModule:UnityEditor.Search:ASIAI0B)
Imported 'GUID: 406d759682a9c4fd6b4363091ea2ed90' -> (Import Result ID: 'ef1adc7ea2345e58a4df6ea46c6c4ac1') in 0.001 seconds [static and dynamic dependencies]. Details - ImportResultOutputID=a976207f087b51a72b81bd9632d98176 DependenciesID=b238183ed05ba658fedfc4645bb08756 StaticDependenciesID=2d5838d917427b5cca96fc1f42541713 
Number of updated asset objects reloaded before import = 0
Number of asset objects unloaded after import = 1
========================================================================
Received Import Request.
  Time of request: 2026-09-17T18:20:25.919485Z
  Time since last request: 0.000158417 seconds.
  importAddress: GUID: 1ab8b6926208740cc93ea0a982cb56a9 - Path: Packages/com.unity.2d.animation/Editor/UpgradeTools/Utilities/UpgradeLogWriter.cs - Importer: ScriptedImporter/UnityEditor.QuickSearchModule:UnityEditor.Search:ASIAI0B
Importing 'GUID: 1ab8b6926208740cc93ea0a982cb56a9 - Path: Packages/com.unity.2d.animation/Editor/UpgradeTools/Utilities/UpgradeLogWriter.cs - Importer: ScriptedImporter/UnityEditor.QuickSearchModule:UnityEditor.Search:ASIAI0B' with importer (ScriptedImporter : UnityEditor.QuickSearchModule:UnityEditor.Search:ASIAI0B)
Imported 'GUID: 1ab8b6926208740cc93ea0a982cb56a9' -> (Import Result ID: 'f51b758d9913ca6a206d84748026c438') in 0.001 seconds [static and dynamic dependencies]. Details - ImportResultOutputID=bcfe6d2810e2794e27e4cad0ffe0a46c DependenciesID=2ebac2b24198decf499c7df56870d7da StaticDependenciesID=071837fd8ad6e715223942ad97ef186b 
Number of updated asset objects reloaded before import = 0
Number of asset objects unloaded after import = 0
========================================================================
Received Import Request.
  Time of request: 2026-09-17T18:20:25.927728Z
  Time since last request: 0.000262292 seconds.
  importAddress: GUID: f1d766c90aeb37d4fb8c7d1ed3ba1378 - Path: Packages/com.unity.2d.tilemap/Editor/Icons/d_Tilemap.FocusNone@4x.png - Importer: ScriptedImporter/UnityEditor.QuickSearchModule:UnityEditor.Search:ASIAI0B
Importing 'GUID: f1d766c90aeb37d4fb8c7d1ed3ba1378 - Path: Packages/com.unity.2d.tilemap/Editor/Icons/d_Tilemap.FocusNone@4x.png - Importer: ScriptedImporter/UnityEditor.QuickSearchModule:UnityEditor.Search:ASIAI0B' with importer (ScriptedImporter : UnityEditor.QuickSearchModule:UnityEditor.Search:ASIAI0B)
Imported 'GUID: f1d766c90aeb37d4fb8c7d1ed3ba1378' -> (Import Result ID: 'f5307395f70ff9440e18251b018c267e') in 0.004 seconds [static and dynamic dependencies]. Details - ImportResultOutputID=acddb91b92f5335dc2965397e357f1da DependenciesID=c18578b5be0985a36b7fed3074c77524 StaticDependenciesID=494553bfe5d609155579e9aa0bfa4ecf 
Number of updated asset objects reloaded before import = 0
Number of asset objects unloaded after import = 3
========================================================================
Received Import Request.
  Time of request: 2026-09-17T18:20:25.939261Z
  Time since last request: 0.000187709 seconds.
  importAddress: GUID: 7c8d4f5e6a9b8c2d3e4f5a6b7c8d9e0f - Path: Packages/com.unity.2d.sprite/Tests/Editor/SpriteUtilityWindowTests.cs - Importer: ScriptedImporter/UnityEditor.QuickSearchModule:UnityEditor.Search:ASIAI0B
Importing 'GUID: 7c8d4f5e6a9b8c2d3e4f5a6b7c8d9e0f - Path: Packages/com.unity.2d.sprite/Tests/Editor/SpriteUtilityWindowTests.cs - Importer: ScriptedImporter/UnityEditor.QuickSearchModule:UnityEditor.Search:ASIAI0B' with importer (ScriptedImporter : UnityEditor.QuickSearchModule:UnityEditor.Search:ASIAI0B)
Imported 'GUID: 7c8d4f5e6a9b8c2d3e4f5a6b7c8d9e0f' -> (Import Result ID: '64a34657ad2568af0214925d7166861f') in 0.001 seconds [static and dynamic dependencies]. Details - ImportResultOutputID=333e3c6fadc9e0fc37970668a6a6235f DependenciesID=ab3a071436fbff023a437ab41ee8531e StaticDependenciesID=8ce31132ab57759265b40b0f5182d41f 
Number of updated asset objects reloaded before import = 0
Number of asset objects unloaded after import = 0
========================================================================
Received Import Request.
  Time of request: 2026-09-17T18:20:25.947686Z
  Time since last request: 0.000190417 seconds.
  importAddress: GUID: d131a2d0c5c33464b90253c59096277f - Path: Packages/com.unity.2d.tilemap.extras/Third Party Notices.md - Importer: ScriptedImporter/UnityEditor.QuickSearchModule:UnityEditor.Search:ASIAI0B
Importing 'GUID: d131a2d0c5c33464b90253c59096277f - Path: Packages/com.unity.2d.tilemap.extras/Third Party Notices.md - Importer: ScriptedImporter/UnityEditor.QuickSearchModule:UnityEditor.Search:ASIAI0B' with importer (ScriptedImporter : UnityEditor.QuickSearchModule:UnityEditor.Search:ASIAI0B)
Imported 'GUID: d131a2d0c5c33464b90253c59096277f' -> (Import Result ID: '1b10d149802884af3be5ab822081f67e') in 0.001 seconds [static and dynamic dependencies]. Details - ImportResultOutputID=239cad1cea546c287c60c17151f08d0a DependenciesID=99208c47edee33da93ef13015c627190 StaticDependenciesID=45387ae717a95a78e667258e397f2e7b 
Number of updated asset objects reloaded before import = 0
Number of asset objects unloaded after import = 1
========================================================================
Received Import Request.
  Time of request: 2026-09-17T18:20:25.963576Z
  Time since last request: 0.007622791 seconds.
  importAddress: GUID: ec8214d7d416a8746bb342b71e8e4269 - Path: Packages/com.unity.2d.animation/Editor/Assets/EditorIcons/Weight_Slider@3x.png - Importer: ScriptedImporter/UnityEditor.QuickSearchModule:UnityEditor.Search:ASIAI0B
Importing 'GUID: ec8214d7d416a8746bb342b71e8e4269 - Path: Packages/com.unity.2d.animation/Editor/Assets/EditorIcons/Weight_Slider@3x.png - Importer: ScriptedImporter/UnityEditor.QuickSearchModule:UnityEditor.Search:ASIAI0B' with importer (ScriptedImporter : UnityEditor.QuickSearchModule:UnityEditor.Search:ASIAI0B)
Imported 'GUID: ec8214d7d416a8746bb342b71e8e4269' -> (Import Result ID: '74fba76c75dda351d3cf3dd84db0c1a2') in 0.003 seconds [static and dynamic dependencies]. Details - ImportResultOutputID=c132e8d59840e0d7d9686951913d1e1c DependenciesID=3b12635439cc0d02dad70e69be03b285 StaticDependenciesID=07a6c78bb63841bfdfc234f807e0e7ce 
Number of updated asset objects reloaded before import = 0
Number of asset objects unloaded after import = 3
========================================================================
Received Import Request.
  Time of request: 2026-09-17T18:20:25.974954Z
  Time since last request: 0.000176167 seconds.
  importAddress: GUID: 4817dc4ea8764f74298414d8ac0bb8d5 - Path: Packages/com.unity.2d.animation/Editor/Assets/LayoutOverlay - Importer: ScriptedImporter/UnityEditor.QuickSearchModule:UnityEditor.Search:ASIAI0B
Importing 'GUID: 4817dc4ea8764f74298414d8ac0bb8d5 - Path: Packages/com.unity.2d.animation/Editor/Assets/LayoutOverlay - Importer: ScriptedImporter/UnityEditor.QuickSearchModule:UnityEditor.Search:ASIAI0B' with importer (ScriptedImporter : UnityEditor.QuickSearchModule:UnityEditor.Search:ASIAI0B)
Imported 'GUID: 4817dc4ea8764f74298414d8ac0bb8d5' -> (Import Result ID: 'ec283704079967bbaca6939ce9fa200c') in 0.001 seconds [static and dynamic dependencies]. Details - ImportResultOutputID=1b22ee5228da4f60961b7dfb2a19bbbc DependenciesID=5dff9709a17691ea398947ae9cccef3c StaticDependenciesID=21c38205a180b922d2e1ff1178a422d8 
Number of updated asset objects reloaded before import = 0
Number of asset objects unloaded after import = 1
========================================================================
Received Import Request.
  Time of request: 2026-09-17T18:20:25.983681Z
  Time since last request: 0.000353208 seconds.
  importAddress: GUID: c3d98d7d00da4fcc9ee2300bf0bd2749 - Path: Packages/com.unity.2d.tilemap/Editor/UI/External - Importer: ScriptedImporter/UnityEditor.QuickSearchModule:UnityEditor.Search:ASIAI0B
Importing 'GUID: c3d98d7d00da4fcc9ee2300bf0bd2749 - Path: Packages/com.unity.2d.tilemap/Editor/UI/External - Importer: ScriptedImporter/UnityEditor.QuickSearchModule:UnityEditor.Search:ASIAI0B' with importer (ScriptedImporter : UnityEditor.QuickSearchModule:UnityEditor.Search:ASIAI0B)
Imported 'GUID: c3d98d7d00da4fcc9ee2300bf0bd2749' -> (Import Result ID: 'b2806c866e054fc540ee563e27a5c9ab') in 0.001 seconds [static and dynamic dependencies]. Details - ImportResultOutputID=0ea2744329b5deef90d4c64cd78f1832 DependenciesID=c51cdfae37506eeba9468f0c3ae2a0b7 StaticDependenciesID=745bfaba5ccabe62e2bf7568bb38358d 
Number of updated asset objects reloaded before import = 0
Number of asset objects unloaded after import = 1
========================================================================
Received Import Request.
  Time of request: 2026-09-17T18:20:25.993067Z
  Time since last request: 0.000402042 seconds.
  importAddress: GUID: 285de09dadd2d3048a1028754eda2fa1 - Path: Packages/com.unity.2d.psdimporter/Editor/PSDPlugin/PsdFile/ImageResources/ResolutionInfo.cs - Importer: ScriptedImporter/UnityEditor.QuickSearchModule:UnityEditor.Search:ASIAI0B
Importing 'GUID: 285de09dadd2d3048a1028754eda2fa1 - Path: Packages/com.unity.2d.psdimporter/Editor/PSDPlugin/PsdFile/ImageResources/ResolutionInfo.cs - Importer: ScriptedImporter/UnityEditor.QuickSearchModule:UnityEditor.Search:ASIAI0B' with importer (ScriptedImporter : UnityEditor.QuickSearchModule:UnityEditor.Search:ASIAI0B)
Imported 'GUID: 285de09dadd2d3048a1028754eda2fa1' -> (Import Result ID: '1e3ea0769c58244b0397b00886e41782') in 0.001 seconds [static and dynamic dependencies]. Details - ImportResultOutputID=c7d34ccee14b469b443a48a0921747c8 DependenciesID=e4b3555257cb4d5c4fda576d1aa72a74 StaticDependenciesID=28e7193fd0c7dd36a346951875d68a17 
Number of updated asset objects reloaded before import = 0
Number of asset objects unloaded after import = 0
========================================================================
Received Import Request.
  Time of request: 2026-09-17T18:20:26.001869Z
  Time since last request: 0.000162333 seconds.
  importAddress: GUID: 613783dc1674e844b87788ea74ede0f6 - Path: Packages/com.unity.2d.tilemap.extras/Runtime/Unity.2D.Tilemap.Extras.asmdef - Importer: ScriptedImporter/UnityEditor.QuickSearchModule:UnityEditor.Search:ASIAI0B
Importing 'GUID: 613783dc1674e844b87788ea74ede0f6 - Path: Packages/com.unity.2d.tilemap.extras/Runtime/Unity.2D.Tilemap.Extras.asmdef - Importer: ScriptedImporter/UnityEditor.QuickSearchModule:UnityEditor.Search:ASIAI0B' with importer (ScriptedImporter : UnityEditor.QuickSearchModule:UnityEditor.Search:ASIAI0B)
Imported 'GUID: 613783dc1674e844b87788ea74ede0f6' -> (Import Result ID: 'e3751613576b14b6f7729467fbfc670d') in 0.001 seconds [static and dynamic dependencies]. Details - ImportResultOutputID=6e34d2a3dad9514710686437b18f7e58 DependenciesID=a6fd8abd71c2897461b1af50920918d9 StaticDependenciesID=c26146f028b8365143535370349ec36f 
Number of updated asset objects reloaded before import = 0
Number of asset objects unloaded after import = 1
========================================================================
Received Import Request.
  Time of request: 2026-09-17T18:20:26.011397Z
  Time since last request: 0.000178291 seconds.
  importAddress: GUID: 99b1cddb027ea4e7ea076c946a5e5d7d - Path: Packages/com.unity.2d.common/Path/Editor/IMGUI/RectSelector.cs - Importer: ScriptedImporter/UnityEditor.QuickSearchModule:UnityEditor.Search:ASIAI0B
Importing 'GUID: 99b1cddb027ea4e7ea076c946a5e5d7d - Path: Packages/com.unity.2d.common/Path/Editor/IMGUI/RectSelector.cs - Importer: ScriptedImporter/UnityEditor.QuickSearchModule:UnityEditor.Search:ASIAI0B' with importer (ScriptedImporter : UnityEditor.QuickSearchModule:UnityEditor.Search:ASIAI0B)
Imported 'GUID: 99b1cddb027ea4e7ea076c946a5e5d7d' -> (Import Result ID: '3698b3c266a3fafe900b4bd0c7e4d529') in 0.001 seconds [static and dynamic dependencies]. Details - ImportResultOutputID=6ca387eccf2cf7525cec97edaea2a9e8 DependenciesID=30056529385a0c012e930d9f9a28a110 StaticDependenciesID=692bf9aa778a0b86e41baf88ff2612ab 
Number of updated asset objects reloaded before import = 0
Number of asset objects unloaded after import = 0
========================================================================
Received Import Request.
  Time of request: 2026-09-17T18:20:26.021013Z
  Time since last request: 0.000555958 seconds.
  importAddress: GUID: a2f920e9797844aedbe4eb4bf4fa83e7 - Path: Packages/com.unity.2d.animation/Editor/Assets/SpriteLibraryEditor/LabelsTab.uxml - Importer: ScriptedImporter/UnityEditor.QuickSearchModule:UnityEditor.Search:ASIAI0B
Importing 'GUID: a2f920e9797844aedbe4eb4bf4fa83e7 - Path: Packages/com.unity.2d.animation/Editor/Assets/SpriteLibraryEditor/LabelsTab.uxml - Importer: ScriptedImporter/UnityEditor.QuickSearchModule:UnityEditor.Search:ASIAI0B' with importer (ScriptedImporter : UnityEditor.QuickSearchModule:UnityEditor.Search:ASIAI0B)
Imported 'GUID: a2f920e9797844aedbe4eb4bf4fa83e7' -> (Import Result ID: '46e503e0e1b19792a5a9cf72b0365478') in 0.005 seconds [static and dynamic dependencies]. Details - ImportResultOutputID=28c9f81814073cb094ea7f370675d785 DependenciesID=fb8fa83d8c4b3e97e11a2639f2e368cc StaticDependenciesID=6ee43ab777e96f0f4fc5beefbfe12405 
Number of updated asset objects reloaded before import = 0
Number of asset objects unloaded after import = 5
========================================================================
Received Import Request.
  Time of request: 2026-09-17T18:20:26.034069Z
  Time since last request: 0.000179042 seconds.
  importAddress: GUID: dde790a688b0426aa8b203f14ba9ced2 - Path: Packages/com.unity.2d.sprite/Editor/UI/SpriteEditor/SpriteFrameCapabilityWindow.uxml - Importer: ScriptedImporter/UnityEditor.QuickSearchModule:UnityEditor.Search:ASIAI0B
Importing 'GUID: dde790a688b0426aa8b203f14ba9ced2 - Path: Packages/com.unity.2d.sprite/Editor/UI/SpriteEditor/SpriteFrameCapabilityWindow.uxml - Importer: ScriptedImporter/UnityEditor.QuickSearchModule:UnityEditor.Search:ASIAI0B' with importer (ScriptedImporter : UnityEditor.QuickSearchModule:UnityEditor.Search:ASIAI0B)
Imported 'GUID: dde790a688b0426aa8b203f14ba9ced2' -> (Import Result ID: 'ef74ab939458a5e7e9abfcea637c7a83') in 0.003 seconds [static and dynamic dependencies]. Details - ImportResultOutputID=fbba9c62c2f390906c9a27c555f8c802 DependenciesID=c63ab5fa51e5b0fb14c96a41983e5955 StaticDependenciesID=c9b09776183c971dd828f96f0c4b97ba 
Number of updated asset objects reloaded before import = 0
Number of asset objects unloaded after import = 2
========================================================================
Received Import Request.
  Time of request: 2026-09-17T18:20:26.045276Z
  Time since last request: 0.000216666 seconds.
  importAddress: GUID: 685c184ded89b4284a0869dc09590e85 - Path: Packages/com.unity.2d.animation/Editor/Assets/SpriteLibraryEditor/SpriteLibraryEditorWindow.uss - Importer: ScriptedImporter/UnityEditor.QuickSearchModule:UnityEditor.Search:ASIAI0B
Importing 'GUID: 685c184ded89b4284a0869dc09590e85 - Path: Packages/com.unity.2d.animation/Editor/Assets/SpriteLibraryEditor/SpriteLibraryEditorWindow.uss - Importer: ScriptedImporter/UnityEditor.QuickSearchModule:UnityEditor.Search:ASIAI0B' with importer (ScriptedImporter : UnityEditor.QuickSearchModule:UnityEditor.Search:ASIAI0B)
Imported 'GUID: 685c184ded89b4284a0869dc09590e85' -> (Import Result ID: '5dfdc0f738b52cddad2e05edfb2d98e9') in 0.002 seconds [static and dynamic dependencies]. Details - ImportResultOutputID=10ba0733e6928efdbe0a6ed9441775c7 DependenciesID=e8629f73af4a084f0ac54d043f54f139 StaticDependenciesID=0999f39acfd500f66775e98609b1e7d1 
Number of updated asset objects reloaded before import = 0
Number of asset objects unloaded after import = 1
========================================================================
Received Import Request.
  Time of request: 2026-09-17T18:20:26.055204Z
  Time since last request: 0.000132291 seconds.
  importAddress: GUID: d6b05c5474b58463ea815d6ef8c13027 - Path: Packages/com.unity.2d.psdimporter/Editor/ImportUtilites.cs - Importer: ScriptedImporter/UnityEditor.QuickSearchModule:UnityEditor.Search:ASIAI0B
Importing 'GUID: d6b05c5474b58463ea815d6ef8c13027 - Path: Packages/com.unity.2d.psdimporter/Editor/ImportUtilites.cs - Importer: ScriptedImporter/UnityEditor.QuickSearchModule:UnityEditor.Search:ASIAI0B' with importer (ScriptedImporter : UnityEditor.QuickSearchModule:UnityEditor.Search:ASIAI0B)
Imported 'GUID: d6b05c5474b58463ea815d6ef8c13027' -> (Import Result ID: '81309309b2109344cd8e5748fc0d4729') in 0.001 seconds [static and dynamic dependencies]. Details - ImportResultOutputID=a42e79f05d00b5232cb171bf17133797 DependenciesID=29141b121aa18c0a0d560af810c79240 StaticDependenciesID=98bd5ab2c40a9554dedbcb0c3a6e2be3 
Number of updated asset objects reloaded before import = 0
Number of asset objects unloaded after import = 0
========================================================================
Received Import Request.
  Time of request: 2026-09-17T18:20:26.0641Z
  Time since last request: 0.000199666 seconds.
  importAddress: GUID: 49e6e07d70170412982a1e51c6c6d4de - Path: Packages/com.unity.2d.animation/Editor/Assets/ComponentIcons/d_Animation.SpriteSkin@32.png - Importer: ScriptedImporter/UnityEditor.QuickSearchModule:UnityEditor.Search:ASIAI0B
Importing 'GUID: 49e6e07d70170412982a1e51c6c6d4de - Path: Packages/com.unity.2d.animation/Editor/Assets/ComponentIcons/d_Animation.SpriteSkin@32.png - Importer: ScriptedImporter/UnityEditor.QuickSearchModule:UnityEditor.Search:ASIAI0B' with importer (ScriptedImporter : UnityEditor.QuickSearchModule:UnityEditor.Search:ASIAI0B)
Imported 'GUID: 49e6e07d70170412982a1e51c6c6d4de' -> (Import Result ID: 'a5a28ab65336582eb75c22230b1dd8a1') in 0.004 seconds [static and dynamic dependencies]. Details - ImportResultOutputID=663be6a95d05f6b1bc45801a5b11d733 DependenciesID=fb3e5d84fa2b9c29e49fed4f74e32a2d StaticDependenciesID=d5a089e0209c02f945e0ad2d97d7df15 
Number of updated asset objects reloaded before import = 0
Number of asset objects unloaded after import = 3
========================================================================
Received Import Request.
  Time of request: 2026-09-17T18:20:26.07612Z
  Time since last request: 0.0001885 seconds.
  importAddress: GUID: 46c6bae783f6540308d09b07db693d54 - Path: Packages/com.unity.2d.animation/Editor/Assets/ComponentIcons/Animation.SpriteLibraryManager@2x.png - Importer: ScriptedImporter/UnityEditor.QuickSearchModule:UnityEditor.Search:ASIAI0B
Importing 'GUID: 46c6bae783f6540308d09b07db693d54 - Path: Packages/com.unity.2d.animation/Editor/Assets/ComponentIcons/Animation.SpriteLibraryManager@2x.png - Importer: ScriptedImporter/UnityEditor.QuickSearchModule:UnityEditor.Search:ASIAI0B' with importer (ScriptedImporter : UnityEditor.QuickSearchModule:UnityEditor.Search:ASIAI0B)
Imported 'GUID: 46c6bae783f6540308d09b07db693d54' -> (Import Result ID: '84c3dd8d379c2e409622ddae6d1f7615') in 0.003 seconds [static and dynamic dependencies]. Details - ImportResultOutputID=6f8ea870a2f8d16d04c267258746f68f DependenciesID=1747618d7cb2b55fc638250a5c32e670 StaticDependenciesID=f60d28552716fe902c227592cdae3263 
Number of updated asset objects reloaded before import = 0
Number of asset objects unloaded after import = 3
========================================================================
Received Import Request.
  Time of request: 2026-09-17T18:20:26.087304Z
  Time since last request: 0.000389958 seconds.
  importAddress: GUID: 31012546a3d216f66e7e22c57ca15653 - Path: Packages/com.unity.mathematics - Importer: ScriptedImporter/UnityEditor.QuickSearchModule:UnityEditor.Search:ASIAI0B
Importing 'GUID: 31012546a3d216f66e7e22c57ca15653 - Path: Packages/com.unity.mathematics - Importer: ScriptedImporter/UnityEditor.QuickSearchModule:UnityEditor.Search:ASIAI0B' with importer (ScriptedImporter : UnityEditor.QuickSearchModule:UnityEditor.Search:ASIAI0B)
Imported 'GUID: 31012546a3d216f66e7e22c57ca15653' -> (Import Result ID: '444bb3eb0d98f1e321acc77210b2b9a8') in 0.001 seconds [static and dynamic dependencies]. Details - ImportResultOutputID=f6981ef6aface739b42859c75599d622 DependenciesID=b55a84d320639467b4b626dc39bb254c StaticDependenciesID=e3a31c636997ace4528d4e6401fadb10 
Number of updated asset objects reloaded before import = 0
Number of asset objects unloaded after import = 1
========================================================================
Received Import Request.
  Time of request: 2026-09-17T18:20:26.096711Z
  Time since last request: 0.000220208 seconds.
  importAddress: GUID: d2ddd27a2c7de4ad99b3d8c9d00e4265 - Path: Packages/com.unity.2d.animation/Editor/Assets/ComponentIcons/Animation.SpriteSkin On@128.png - Importer: ScriptedImporter/UnityEditor.QuickSearchModule:UnityEditor.Search:ASIAI0B
Importing 'GUID: d2ddd27a2c7de4ad99b3d8c9d00e4265 - Path: Packages/com.unity.2d.animation/Editor/Assets/ComponentIcons/Animation.SpriteSkin On@128.png - Importer: ScriptedImporter/UnityEditor.QuickSearchModule:UnityEditor.Search:ASIAI0B' with importer (ScriptedImporter : UnityEditor.QuickSearchModule:UnityEditor.Search:ASIAI0B)
Imported 'GUID: d2ddd27a2c7de4ad99b3d8c9d00e4265' -> (Import Result ID: '15abd044811109483595b933ab0ca978') in 0.003 seconds [static and dynamic dependencies]. Details - ImportResultOutputID=802c9b2061c5955d104b001a2c80df66 DependenciesID=8b76353d8eecfb39d03e9224842b26e3 StaticDependenciesID=9533d15b66596ec5963d924420b592c7 
Number of updated asset objects reloaded before import = 0
Number of asset objects unloaded after import = 3
========================================================================
Received Import Request.
  Time of request: 2026-09-17T18:20:26.10742Z
  Time since last request: 0.000238917 seconds.
  importAddress: GUID: 04270704ae4dc994cb99e586b2ddf5e0 - Path: Packages/com.unity.mathematics/Unity.Mathematics - Importer: ScriptedImporter/UnityEditor.QuickSearchModule:UnityEditor.Search:ASIAI0B
Importing 'GUID: 04270704ae4dc994cb99e586b2ddf5e0 - Path: Packages/com.unity.mathematics/Unity.Mathematics - Importer: ScriptedImporter/UnityEditor.QuickSearchModule:UnityEditor.Search:ASIAI0B' with importer (ScriptedImporter : UnityEditor.QuickSearchModule:UnityEditor.Search:ASIAI0B)
Imported 'GUID: 04270704ae4dc994cb99e586b2ddf5e0' -> (Import Result ID: '823def52f49d4c3a1f9dc111d1a33892') in 0.001 seconds [static and dynamic dependencies]. Details - ImportResultOutputID=ef486b4f77eccea0f2a42952be51aa69 DependenciesID=74cca84613591bb7f5f4b54364960773 StaticDependenciesID=1cdbb494da3293a3ec52f53c4e1df0b8 
Number of updated asset objects reloaded before import = 0
Number of asset objects unloaded after import = 1
========================================================================
Received Import Request.
  Time of request: 2026-09-17T18:20:26.116821Z
  Time since last request: 0.000267 seconds.
  importAddress: GUID: f46388f8206c4c5f8846ecc7830a93c4 - Path: Packages/com.unity.2d.tooling/Editor/Insider/Interface/ISaveFile.cs - Importer: ScriptedImporter/UnityEditor.QuickSearchModule:UnityEditor.Search:ASIAI0B
Importing 'GUID: f46388f8206c4c5f8846ecc7830a93c4 - Path: Packages/com.unity.2d.tooling/Editor/Insider/Interface/ISaveFile.cs - Importer: ScriptedImporter/UnityEditor.QuickSearchModule:UnityEditor.Search:ASIAI0B' with importer (ScriptedImporter : UnityEditor.QuickSearchModule:UnityEditor.Search:ASIAI0B)
Imported 'GUID: f46388f8206c4c5f8846ecc7830a93c4' -> (Import Result ID: '509ff2b2f8955f8395fae97d99652d68') in 0.001 seconds [static and dynamic dependencies]. Details - ImportResultOutputID=6f44650699f0f2c9e8ce616b9b220791 DependenciesID=40990a857095b88c3c3e7d9c951658c3 StaticDependenciesID=64e77c14dbf83165a47b51001778fa7d 
Number of updated asset objects reloaded before import = 0
Number of asset objects unloaded after import = 0
========================================================================
Received Import Request.
  Time of request: 2026-09-17T18:20:26.126242Z
  Time since last request: 0.000455083 seconds.
  importAddress: GUID: fbf2f9b6d5c2a412aaa9c0c4ce2534dd - Path: Packages/com.unity.2d.animation/Editor/UpgradeTools/AssetUpgrader.cs - Importer: ScriptedImporter/UnityEditor.QuickSearchModule:UnityEditor.Search:ASIAI0B
Importing 'GUID: fbf2f9b6d5c2a412aaa9c0c4ce2534dd - Path: Packages/com.unity.2d.animation/Editor/UpgradeTools/AssetUpgrader.cs - Importer: ScriptedImporter/UnityEditor.QuickSearchModule:UnityEditor.Search:ASIAI0B' with importer (ScriptedImporter : UnityEditor.QuickSearchModule:UnityEditor.Search:ASIAI0B)
Imported 'GUID: fbf2f9b6d5c2a412aaa9c0c4ce2534dd' -> (Import Result ID: '66e14fa828230d1c656d4faa92e7aafd') in 0.001 seconds [static and dynamic dependencies]. Details - ImportResultOutputID=146f6e27b909a1d54d9dfb5dc8bcfd26 DependenciesID=8c203100e4fa466c8dd51c19fda6d471 StaticDependenciesID=cd5022f10c8526289c26fe61673e0c26 
Number of updated asset objects reloaded before import = 0
Number of asset objects unloaded after import = 0
========================================================================
Received Import Request.
  Time of request: 2026-09-17T18:20:26.13539Z
  Time since last request: 0.000237583 seconds.
  importAddress: GUID: 002d0dba65a5470db8f0ec135f0288b1 - Path: Packages/com.unity.2d.tilemap.extras/Editor/Tiles/AnimatedTile - Importer: ScriptedImporter/UnityEditor.QuickSearchModule:UnityEditor.Search:ASIAI0B
Importing 'GUID: 002d0dba65a5470db8f0ec135f0288b1 - Path: Packages/com.unity.2d.tilemap.extras/Editor/Tiles/AnimatedTile - Importer: ScriptedImporter/UnityEditor.QuickSearchModule:UnityEditor.Search:ASIAI0B' with importer (ScriptedImporter : UnityEditor.QuickSearchModule:UnityEditor.Search:ASIAI0B)
Imported 'GUID: 002d0dba65a5470db8f0ec135f0288b1' -> (Import Result ID: 'b253ac58c27aa9fca2ab22ac164d82bb') in 0.001 seconds [static and dynamic dependencies]. Details - ImportResultOutputID=3409bf7061dc780ef08e86a85a4f5735 DependenciesID=a72345d21dec76f65de3345bbe83b91c StaticDependenciesID=786cc03ecb54352e6da51444badbfa2c 
Number of updated asset objects reloaded before import = 0
Number of asset objects unloaded after import = 1
========================================================================
Received Import Request.
  Time of request: 2026-09-17T18:20:26.144718Z
  Time since last request: 0.000262791 seconds.
  importAddress: GUID: b5e5a351c019c4444bc838b6e5fcd0a3 - Path: Packages/com.unity.2d.animation/Editor/SkinningModule/UI/WeightPainterPanel.cs - Importer: ScriptedImporter/UnityEditor.QuickSearchModule:UnityEditor.Search:ASIAI0B
Importing 'GUID: b5e5a351c019c4444bc838b6e5fcd0a3 - Path: Packages/com.unity.2d.animation/Editor/SkinningModule/UI/WeightPainterPanel.cs - Importer: ScriptedImporter/UnityEditor.QuickSearchModule:UnityEditor.Search:ASIAI0B' with importer (ScriptedImporter : UnityEditor.QuickSearchModule:UnityEditor.Search:ASIAI0B)
Imported 'GUID: b5e5a351c019c4444bc838b6e5fcd0a3' -> (Import Result ID: 'dba46d5838d99b1affdbe4106ec91810') in 0.001 seconds [static and dynamic dependencies]. Details - ImportResultOutputID=3b497f8a3e916afd5ddff7e485c7a4cb DependenciesID=9a8ee88abb685ec3619a2a4b7756dd66 StaticDependenciesID=f9ce2c0e4afed7d743264fe4aad95e23 
Number of updated asset objects reloaded before import = 0
Number of asset objects unloaded after import = 0
========================================================================
Received Import Request.
  Time of request: 2026-09-17T18:20:26.153694Z
  Time since last request: 0.000252875 seconds.
  importAddress: GUID: 2d2e8c77fdf4f364c83224444f65fb4d - Path: Packages/com.unity.2d.animation/Editor/Assets/EditorIcons/d_Edit_Geometry@2x.png - Importer: ScriptedImporter/UnityEditor.QuickSearchModule:UnityEditor.Search:ASIAI0B
Importing 'GUID: 2d2e8c77fdf4f364c83224444f65fb4d - Path: Packages/com.unity.2d.animation/Editor/Assets/EditorIcons/d_Edit_Geometry@2x.png - Importer: ScriptedImporter/UnityEditor.QuickSearchModule:UnityEditor.Search:ASIAI0B' with importer (ScriptedImporter : UnityEditor.QuickSearchModule:UnityEditor.Search:ASIAI0B)
Imported 'GUID: 2d2e8c77fdf4f364c83224444f65fb4d' -> (Import Result ID: 'efc584b0846b08b09419eec98610eaea') in 0.003 seconds [static and dynamic dependencies]. Details - ImportResultOutputID=56162e2373365463ce2c126f5266e720 DependenciesID=32faf320046cf2e31ee6f1418871c3c6 StaticDependenciesID=7a4777886c083c87c5e46fdd294a3137 
Number of updated asset objects reloaded before import = 0
Number of asset objects unloaded after import = 3
========================================================================
Received Import Request.
  Time of request: 2026-09-17T18:20:26.164481Z
  Time since last request: 0.000203416 seconds.
  importAddress: GUID: 518ded92e5dbf494e8f76a74d752272e - Path: Packages/com.unity.2d.animation/Editor/Assets/EditorIcons/Selected/Split Bones@4x.png - Importer: ScriptedImporter/UnityEditor.QuickSearchModule:UnityEditor.Search:ASIAI0B
Importing 'GUID: 518ded92e5dbf494e8f76a74d752272e - Path: Packages/com.unity.2d.animation/Editor/Assets/EditorIcons/Selected/Split Bones@4x.png - Importer: ScriptedImporter/UnityEditor.QuickSearchModule:UnityEditor.Search:ASIAI0B' with importer (ScriptedImporter : UnityEditor.QuickSearchModule:UnityEditor.Search:ASIAI0B)
Imported 'GUID: 518ded92e5dbf494e8f76a74d752272e' -> (Import Result ID: '4d32c79566b2d31e622c2ae12077e608') in 0.003 seconds [static and dynamic dependencies]. Details - ImportResultOutputID=e9b784ed2b48882ac2b7a83a65aa066d DependenciesID=b978e60c8abfbac20ba8bb80bf210840 StaticDependenciesID=3b78b9362fa2ceb03dd4d027aac81ad3 
Number of updated asset objects reloaded before import = 0
Number of asset objects unloaded after import = 3
========================================================================
Received Import Request.
  Time of request: 2026-09-17T18:20:26.175738Z
  Time since last request: 0.00015325 seconds.
  importAddress: GUID: f9d56601f537268cc5e3c8a44a8e1dff - Path: Packages/com.unity.2d.sprite - Importer: ScriptedImporter/UnityEditor.QuickSearchModule:UnityEditor.Search:ASIAI0B
Importing 'GUID: f9d56601f537268cc5e3c8a44a8e1dff - Path: Packages/com.unity.2d.sprite - Importer: ScriptedImporter/UnityEditor.QuickSearchModule:UnityEditor.Search:ASIAI0B' with importer (ScriptedImporter : UnityEditor.QuickSearchModule:UnityEditor.Search:ASIAI0B)
Imported 'GUID: f9d56601f537268cc5e3c8a44a8e1dff' -> (Import Result ID: '469eaa16b847e2508016d20b25cf614d') in 0.001 seconds [static and dynamic dependencies]. Details - ImportResultOutputID=130525bea7a6f64da4d5ec885a2e42ae DependenciesID=d07ca0d5fe866107aa8d250d64a64848 StaticDependenciesID=59e0c80f47bc34af8ac883604cf5c4df 
Number of updated asset objects reloaded before import = 0
Number of asset objects unloaded after import = 1
========================================================================
Received Import Request.
  Time of request: 2026-09-17T18:20:26.184845Z
  Time since last request: 0.000294583 seconds.
  importAddress: GUID: 83e34b79b8614e1459c93e81b2dbd135 - Path: Packages/com.unity.2d.tilemap/Editor/EditorTools/GridSelection/GridSelectionTransformTool.cs - Importer: ScriptedImporter/UnityEditor.QuickSearchModule:UnityEditor.Search:ASIAI0B
Importing 'GUID: 83e34b79b8614e1459c93e81b2dbd135 - Path: Packages/com.unity.2d.tilemap/Editor/EditorTools/GridSelection/GridSelectionTransformTool.cs - Importer: ScriptedImporter/UnityEditor.QuickSearchModule:UnityEditor.Search:ASIAI0B' with importer (ScriptedImporter : UnityEditor.QuickSearchModule:UnityEditor.Search:ASIAI0B)
Imported 'GUID: 83e34b79b8614e1459c93e81b2dbd135' -> (Import Result ID: '69300530f154d69f6e769b716c1e5f5b') in 0.001 seconds [static and dynamic dependencies]. Details - ImportResultOutputID=f6c6f75593a43feb3178bfa1d8ada088 DependenciesID=6efa598051548cf69d61c89e02215a15 StaticDependenciesID=9c67cefde09b503f07c062ce61ca2032 
Number of updated asset objects reloaded before import = 0
Number of asset objects unloaded after import = 0
========================================================================
Received Import Request.
  Time of request: 2026-09-17T18:20:26.193499Z
  Time since last request: 0.000360917 seconds.
  importAddress: GUID: 29f90cd6202745c448e74a1398b1c731 - Path: Packages/com.unity.2d.animation/Editor/Assets/EditorIcons/Selected/Split Bones@3x.png - Importer: ScriptedImporter/UnityEditor.QuickSearchModule:UnityEditor.Search:ASIAI0B
Importing 'GUID: 29f90cd6202745c448e74a1398b1c731 - Path: Packages/com.unity.2d.animation/Editor/Assets/EditorIcons/Selected/Split Bones@3x.png - Importer: ScriptedImporter/UnityEditor.QuickSearchModule:UnityEditor.Search:ASIAI0B' with importer (ScriptedImporter : UnityEditor.QuickSearchModule:UnityEditor.Search:ASIAI0B)
Imported 'GUID: 29f90cd6202745c448e74a1398b1c731' -> (Import Result ID: '8d5da27401f9cea0f2791ebb36b5d24f') in 0.004 seconds [static and dynamic dependencies]. Details - ImportResultOutputID=640f5e98adbffccb10a382c882efbefb DependenciesID=fe9c252b571cb1de9ecc0166fe12c35e StaticDependenciesID=223f23adcfd328cfc643ebe7dbee123a 
Number of updated asset objects reloaded before import = 0
Number of asset objects unloaded after import = 3
========================================================================
Received Import Request.
  Time of request: 2026-09-17T18:20:26.205315Z
  Time since last request: 0.000244792 seconds.
  importAddress: GUID: 9bcdd57132ec4d83828b3d2c0ed2c8d8 - Path: Packages/com.unity.2d.tilemap/Editor/EditorTools/TilemapEditorToolPreferencesAsset.cs - Importer: ScriptedImporter/UnityEditor.QuickSearchModule:UnityEditor.Search:ASIAI0B
Importing 'GUID: 9bcdd57132ec4d83828b3d2c0ed2c8d8 - Path: Packages/com.unity.2d.tilemap/Editor/EditorTools/TilemapEditorToolPreferencesAsset.cs - Importer: ScriptedImporter/UnityEditor.QuickSearchModule:UnityEditor.Search:ASIAI0B' with importer (ScriptedImporter : UnityEditor.QuickSearchModule:UnityEditor.Search:ASIAI0B)
Imported 'GUID: 9bcdd57132ec4d83828b3d2c0ed2c8d8' -> (Import Result ID: 'b0d6eca805b0bd6fc7449bf71c37fe49') in 0.001 seconds [static and dynamic dependencies]. Details - ImportResultOutputID=ef30e18f1f9d4e449e65b7b181187cdc DependenciesID=265fac70a5b15f008ed55b7b29f46b44 StaticDependenciesID=12a721b9dc66a05821bbebf96411d98d 
Number of updated asset objects reloaded before import = 0
Number of asset objects unloaded after import = 0
========================================================================
Received Import Request.
  Time of request: 2026-09-17T18:20:26.214595Z
  Time since last request: 0.000190875 seconds.
  importAddress: GUID: fd469cc9c7a046649b08db54fa8e1cca - Path: Packages/com.unity.2d.animation/IK/Runtime/Solver2D.cs - Importer: ScriptedImporter/UnityEditor.QuickSearchModule:UnityEditor.Search:ASIAI0B
Importing 'GUID: fd469cc9c7a046649b08db54fa8e1cca - Path: Packages/com.unity.2d.animation/IK/Runtime/Solver2D.cs - Importer: ScriptedImporter/UnityEditor.QuickSearchModule:UnityEditor.Search:ASIAI0B' with importer (ScriptedImporter : UnityEditor.QuickSearchModule:UnityEditor.Search:ASIAI0B)
Imported 'GUID: fd469cc9c7a046649b08db54fa8e1cca' -> (Import Result ID: 'a20f2254ec101d6957920836b628ed18') in 0.001 seconds [static and dynamic dependencies]. Details - ImportResultOutputID=144f89a0d75b84b00752ea162701ceca DependenciesID=fe24852d0d71417f65db5628a088e66f StaticDependenciesID=e18669884831f7365183bc815c3abb21 
Number of updated asset objects reloaded before import = 0
Number of asset objects unloaded after import = 0
========================================================================
Received Import Request.
  Time of request: 2026-09-17T18:20:26.223506Z
  Time since last request: 0.000234125 seconds.
  importAddress: GUID: ef0d2c47c58545249b479bc1706d89b7 - Path: Packages/com.unity.2d.psdimporter/Editor/PSDPlugin/PsdFile/RleRowLengths.cs - Importer: ScriptedImporter/UnityEditor.QuickSearchModule:UnityEditor.Search:ASIAI0B
Importing 'GUID: ef0d2c47c58545249b479bc1706d89b7 - Path: Packages/com.unity.2d.psdimporter/Editor/PSDPlugin/PsdFile/RleRowLengths.cs - Importer: ScriptedImporter/UnityEditor.QuickSearchModule:UnityEditor.Search:ASIAI0B' with importer (ScriptedImporter : UnityEditor.QuickSearchModule:UnityEditor.Search:ASIAI0B)
Imported 'GUID: ef0d2c47c58545249b479bc1706d89b7' -> (Import Result ID: '4c7c20b3b88885e94ce5d7e8a5f15cc7') in 0.001 seconds [static and dynamic dependencies]. Details - ImportResultOutputID=813a3ae9be195d5b3ecefc25a193c77e DependenciesID=66c71df7eb8a21550374714d8e5c1408 StaticDependenciesID=e3c9084d109bcf04ee387b374ad18081 
Number of updated asset objects reloaded before import = 0
Number of asset objects unloaded after import = 0
========================================================================
Received Import Request.
  Time of request: 2026-09-17T18:20:26.232196Z
  Time since last request: 0.000173084 seconds.
  importAddress: GUID: 87efdb9c1b914cfbb184d4e87aab7fed - Path: Packages/com.unity.2d.aseprite/Editor/Aseprite/Chunks/BaseChunk.cs - Importer: ScriptedImporter/UnityEditor.QuickSearchModule:UnityEditor.Search:ASIAI0B
Importing 'GUID: 87efdb9c1b914cfbb184d4e87aab7fed - Path: Packages/com.unity.2d.aseprite/Editor/Aseprite/Chunks/BaseChunk.cs - Importer: ScriptedImporter/UnityEditor.QuickSearchModule:UnityEditor.Search:ASIAI0B' with importer (ScriptedImporter : UnityEditor.QuickSearchModule:UnityEditor.Search:ASIAI0B)
Imported 'GUID: 87efdb9c1b914cfbb184d4e87aab7fed' -> (Import Result ID: 'ae4b5c20fb7506c58ee4c34db601e7fd') in 0.001 seconds [static and dynamic dependencies]. Details - ImportResultOutputID=160b1300ab8993d6303258812ba7ea41 DependenciesID=8c1c176f14fbcd56135ba161be6e8826 StaticDependenciesID=fda74f1d523d127ee36bbdcacfc00529 
Number of updated asset objects reloaded before import = 0
Number of asset objects unloaded after import = 0
========================================================================
Received Import Request.
  Time of request: 2026-09-17T18:20:26.241031Z
  Time since last request: 0.000251041 seconds.
  importAddress: GUID: 2972f301b2bf3dd46989677197b9a34d - Path: Packages/com.unity.2d.animation/Editor/Assets/EditorIcons/Parent_Bone.png - Importer: ScriptedImporter/UnityEditor.QuickSearchModule:UnityEditor.Search:ASIAI0B
Importing 'GUID: 2972f301b2bf3dd46989677197b9a34d - Path: Packages/com.unity.2d.animation/Editor/Assets/EditorIcons/Parent_Bone.png - Importer: ScriptedImporter/UnityEditor.QuickSearchModule:UnityEditor.Search:ASIAI0B' with importer (ScriptedImporter : UnityEditor.QuickSearchModule:UnityEditor.Search:ASIAI0B)
Imported 'GUID: 2972f301b2bf3dd46989677197b9a34d' -> (Import Result ID: '9e58670d6a11bcf0dbbc609b980e9573') in 0.003 seconds [static and dynamic dependencies]. Details - ImportResultOutputID=69211548d50a879e628c226ec9f763d0 DependenciesID=4995e9fd2438f129119cd7c82c2a34a1 StaticDependenciesID=cd04dda07fb6ca51481eef4f4c449a10 
Number of updated asset objects reloaded before import = 0
Number of asset objects unloaded after import = 3
========================================================================
Received Import Request.
  Time of request: 2026-09-17T18:20:26.252051Z
  Time since last request: 0.000172084 seconds.
  importAddress: GUID: 070c631c5a8d05e41baf0a64b742067d - Path: Packages/com.unity.2d.tilemap/Editor/Icons/Tilemap.FocusNone@4x.png - Importer: ScriptedImporter/UnityEditor.QuickSearchModule:UnityEditor.Search:ASIAI0B
Importing 'GUID: 070c631c5a8d05e41baf0a64b742067d - Path: Packages/com.unity.2d.tilemap/Editor/Icons/Tilemap.FocusNone@4x.png - Importer: ScriptedImporter/UnityEditor.QuickSearchModule:UnityEditor.Search:ASIAI0B' with importer (ScriptedImporter : UnityEditor.QuickSearchModule:UnityEditor.Search:ASIAI0B)
Imported 'GUID: 070c631c5a8d05e41baf0a64b742067d' -> (Import Result ID: 'f18c78d661f549dcb8256c535a633518') in 0.003 seconds [static and dynamic dependencies]. Details - ImportResultOutputID=398fb0dea19e5b066fe8bd0a6c8bc52d DependenciesID=cf4174f739fcdc0098ff9483eaa361db StaticDependenciesID=011c5a220623d49ba05532d771626e3f 
Number of updated asset objects reloaded before import = 0
Number of asset objects unloaded after import = 3
========================================================================
Received Import Request.
  Time of request: 2026-09-17T18:20:26.263127Z
  Time since last request: 0.000212333 seconds.
  importAddress: GUID: 62637c66c368548789226f78e6b15e78 - Path: Packages/com.unity.2d.psdimporter/Editor/PSDImporterAPI.cs - Importer: ScriptedImporter/UnityEditor.QuickSearchModule:UnityEditor.Search:ASIAI0B
Importing 'GUID: 62637c66c368548789226f78e6b15e78 - Path: Packages/com.unity.2d.psdimporter/Editor/PSDImporterAPI.cs - Importer: ScriptedImporter/UnityEditor.QuickSearchModule:UnityEditor.Search:ASIAI0B' with importer (ScriptedImporter : UnityEditor.QuickSearchModule:UnityEditor.Search:ASIAI0B)
Imported 'GUID: 62637c66c368548789226f78e6b15e78' -> (Import Result ID: '676b14bf2f5b435edd13cfb38d6178b0') in 0.001 seconds [static and dynamic dependencies]. Details - ImportResultOutputID=d0b3c352cd9c2ad58e00a6da856cfd36 DependenciesID=5eabb4aaf991e485bdff6788ab9bccaa StaticDependenciesID=5a9fa16e81392c7039dd0f92fbb2cebf 
Number of updated asset objects reloaded before import = 0
Number of asset objects unloaded after import = 0
========================================================================
Received Import Request.
  Time of request: 2026-09-17T18:20:26.272538Z
  Time since last request: 0.000194166 seconds.
  importAddress: GUID: 592cc37b962a5604599e514ecc35f4b2 - Path: Packages/com.unity.2d.tilemap/Editor/Icons/Tilemap.FocusNone.png - Importer: ScriptedImporter/UnityEditor.QuickSearchModule:UnityEditor.Search:ASIAI0B
Importing 'GUID: 592cc37b962a5604599e514ecc35f4b2 - Path: Packages/com.unity.2d.tilemap/Editor/Icons/Tilemap.FocusNone.png - Importer: ScriptedImporter/UnityEditor.QuickSearchModule:UnityEditor.Search:ASIAI0B' with importer (ScriptedImporter : UnityEditor.QuickSearchModule:UnityEditor.Search:ASIAI0B)
Imported 'GUID: 592cc37b962a5604599e514ecc35f4b2' -> (Import Result ID: '94bae37d529fb8367f6b8ba403e4c43a') in 0.003 seconds [static and dynamic dependencies]. Details - ImportResultOutputID=329e90559e43fe490836959b5f4d6763 DependenciesID=c8b6c100dd3bcb88145921cb0f331199 StaticDependenciesID=a01b84f1d09bf727f551ffcf46e332d5 
Number of updated asset objects reloaded before import = 0
Number of asset objects unloaded after import = 3
========================================================================
Received Import Request.
  Time of request: 2026-09-17T18:20:26.299302Z
  Time since last request: 0.016482209 seconds.
  importAddress: GUID: c55f8ee59e712524682edba7c818eb6b - Path: Packages/com.unity.2d.tilemap/Editor/GridBrushEditor.cs - Importer: ScriptedImporter/UnityEditor.QuickSearchModule:UnityEditor.Search:ASIAI0B
Importing 'GUID: c55f8ee59e712524682edba7c818eb6b - Path: Packages/com.unity.2d.tilemap/Editor/GridBrushEditor.cs - Importer: ScriptedImporter/UnityEditor.QuickSearchModule:UnityEditor.Search:ASIAI0B' with importer (ScriptedImporter : UnityEditor.QuickSearchModule:UnityEditor.Search:ASIAI0B)
Imported 'GUID: c55f8ee59e712524682edba7c818eb6b' -> (Import Result ID: '07fdd6afbd588c8601d4476aa367edea') in 0.001 seconds [static and dynamic dependencies]. Details - ImportResultOutputID=66e487054b2b6564621dab6e6675fb52 DependenciesID=45291ff95d963a9b903e01b5fde63437 StaticDependenciesID=34102b546e3cc580bed7a74efda8eccb 
Number of updated asset objects reloaded before import = 0
Number of asset objects unloaded after import = 0
========================================================================
Received Import Request.
  Time of request: 2026-09-17T18:20:26.30881Z
  Time since last request: 0.000324792 seconds.
  importAddress: GUID: 14dea3cd6f9354539a93235fc98c74bb - Path: Packages/com.unity.2d.aseprite/Editor/Common/InternalBridge/AssemblyInfo.cs - Importer: ScriptedImporter/UnityEditor.QuickSearchModule:UnityEditor.Search:ASIAI0B
Importing 'GUID: 14dea3cd6f9354539a93235fc98c74bb - Path: Packages/com.unity.2d.aseprite/Editor/Common/InternalBridge/AssemblyInfo.cs - Importer: ScriptedImporter/UnityEditor.QuickSearchModule:UnityEditor.Search:ASIAI0B' with importer (ScriptedImporter : UnityEditor.QuickSearchModule:UnityEditor.Search:ASIAI0B)
Imported 'GUID: 14dea3cd6f9354539a93235fc98c74bb' -> (Import Result ID: '5ffcfe2e6319c6872050e48edd199453') in 0.001 seconds [static and dynamic dependencies]. Details - ImportResultOutputID=061b06440da648397eec871e0095a637 DependenciesID=5131e06a259c90fb0af9421b20e38daf StaticDependenciesID=7ff8a4d0d8f2491093189b93411ee107 
Number of updated asset objects reloaded before import = 0
Number of asset objects unloaded after import = 0
========================================================================
Received Import Request.
  Time of request: 2026-09-17T18:20:26.317351Z
  Time since last request: 0.000211292 seconds.
  importAddress: GUID: 6097af7ac26e2c44db9c7c46b94f4f4f - Path: Packages/com.unity.2d.animation/Runtime/SpriteLib - Importer: ScriptedImporter/UnityEditor.QuickSearchModule:UnityEditor.Search:ASIAI0B
Importing 'GUID: 6097af7ac26e2c44db9c7c46b94f4f4f - Path: Packages/com.unity.2d.animation/Runtime/SpriteLib - Importer: ScriptedImporter/UnityEditor.QuickSearchModule:UnityEditor.Search:ASIAI0B' with importer (ScriptedImporter : UnityEditor.QuickSearchModule:UnityEditor.Search:ASIAI0B)
Imported 'GUID: 6097af7ac26e2c44db9c7c46b94f4f4f' -> (Import Result ID: 'c4083bb2d6f3bf10730ce44390a33451') in 0.001 seconds [static and dynamic dependencies]. Details - ImportResultOutputID=83c82f992555febeb186ebe605475f55 DependenciesID=4219a8361e250d92005187612bf93b70 StaticDependenciesID=c053b303505656ae175db7c58954af86 
Number of updated asset objects reloaded before import = 0
Number of asset objects unloaded after import = 1
========================================================================
Received Import Request.
  Time of request: 2026-09-17T18:20:26.326661Z
  Time since last request: 0.000380334 seconds.
  importAddress: GUID: b281b91a70a624a0da1c43adc1c30c7b - Path: Packages/com.unity.2d.spriteshape/Editor/ObjectMenuCreation/DefaultAssets/Textures/Sprite Shape Fill.png - Importer: ScriptedImporter/UnityEditor.QuickSearchModule:UnityEditor.Search:ASIAI0B
Importing 'GUID: b281b91a70a624a0da1c43adc1c30c7b - Path: Packages/com.unity.2d.spriteshape/Editor/ObjectMenuCreation/DefaultAssets/Textures/Sprite Shape Fill.png - Importer: ScriptedImporter/UnityEditor.QuickSearchModule:UnityEditor.Search:ASIAI0B' with importer (ScriptedImporter : UnityEditor.QuickSearchModule:UnityEditor.Search:ASIAI0B)
Imported 'GUID: b281b91a70a624a0da1c43adc1c30c7b' -> (Import Result ID: 'ceba6d3c4992c3169d425ea94d7d21a3') in 0.004 seconds [static and dynamic dependencies]. Details - ImportResultOutputID=79462669ea8f6ef684685ec27a0a3031 DependenciesID=0a3e586193ed2d16d9894967b8dc975d StaticDependenciesID=c4ce37eb9cd73de364483056f9f4b501 
Number of updated asset objects reloaded before import = 0
Number of asset objects unloaded after import = 3
========================================================================
Received Import Request.
  Time of request: 2026-09-17T18:20:26.338595Z
  Time since last request: 0.000148375 seconds.
  importAddress: GUID: 746052615b1c24ac7880bc32b25a53e6 - Path: Packages/com.unity.2d.common/Path/Editor/EditorTool/GenericScriptablePath.cs - Importer: ScriptedImporter/UnityEditor.QuickSearchModule:UnityEditor.Search:ASIAI0B
Importing 'GUID: 746052615b1c24ac7880bc32b25a53e6 - Path: Packages/com.unity.2d.common/Path/Editor/EditorTool/GenericScriptablePath.cs - Importer: ScriptedImporter/UnityEditor.QuickSearchModule:UnityEditor.Search:ASIAI0B' with importer (ScriptedImporter : UnityEditor.QuickSearchModule:UnityEditor.Search:ASIAI0B)
Imported 'GUID: 746052615b1c24ac7880bc32b25a53e6' -> (Import Result ID: 'c6354c42e9cf2c409267c3f480f7fd9d') in 0.001 seconds [static and dynamic dependencies]. Details - ImportResultOutputID=216fe2bad72a30d2835ae6065a76c75d DependenciesID=9fea53f7a3ae0d12a967a24a53399b2d StaticDependenciesID=910252da648838f48356eb9aa5f73a7e 
Number of updated asset objects reloaded before import = 0
Number of asset objects unloaded after import = 0
========================================================================
Received Import Request.
  Time of request: 2026-09-17T18:20:26.347244Z
  Time since last request: 0.000134875 seconds.
  importAddress: GUID: 3045ca2469fb18a48a1b874587e1df9e - Path: Packages/com.unity.2d.psdimporter/Editor/PSDPlugin/PhotoShopFileType/BlendModeMapping.cs - Importer: ScriptedImporter/UnityEditor.QuickSearchModule:UnityEditor.Search:ASIAI0B
Importing 'GUID: 3045ca2469fb18a48a1b874587e1df9e - Path: Packages/com.unity.2d.psdimporter/Editor/PSDPlugin/PhotoShopFileType/BlendModeMapping.cs - Importer: ScriptedImporter/UnityEditor.QuickSearchModule:UnityEditor.Search:ASIAI0B' with importer (ScriptedImporter : UnityEditor.QuickSearchModule:UnityEditor.Search:ASIAI0B)
Imported 'GUID: 3045ca2469fb18a48a1b874587e1df9e' -> (Import Result ID: '9b66e2ae9b727eba850c57a049c9b8bb') in 0.001 seconds [static and dynamic dependencies]. Details - ImportResultOutputID=d85d4fd3292f37ca5dd1f9108561bc18 DependenciesID=15ae6cfc1dc584550e3ef925042266be StaticDependenciesID=41b437212a323dd3ee33bb66aba4b718 
Number of updated asset objects reloaded before import = 0
Number of asset objects unloaded after import = 0
========================================================================
Received Import Request.
  Time of request: 2026-09-17T18:20:26.355516Z
  Time since last request: 0.000284125 seconds.
  importAddress: GUID: 56de866d5032f461baa43decd9ce3bd8 - Path: Packages/com.unity.mathematics/CHANGELOG.md - Importer: ScriptedImporter/UnityEditor.QuickSearchModule:UnityEditor.Search:ASIAI0B
Importing 'GUID: 56de866d5032f461baa43decd9ce3bd8 - Path: Packages/com.unity.mathematics/CHANGELOG.md - Importer: ScriptedImporter/UnityEditor.QuickSearchModule:UnityEditor.Search:ASIAI0B' with importer (ScriptedImporter : UnityEditor.QuickSearchModule:UnityEditor.Search:ASIAI0B)
Imported 'GUID: 56de866d5032f461baa43decd9ce3bd8' -> (Import Result ID: '44bbc928463b4acb6368f6bd0b7a87ff') in 0.001 seconds [static and dynamic dependencies]. Details - ImportResultOutputID=e64e1718975ba24da708641d49ce1214 DependenciesID=cdd6aed3b32784d7c3b72a28e4ae3d18 StaticDependenciesID=f7504bec80420958f50bd8019fc226fe 
Number of updated asset objects reloaded before import = 0
Number of asset objects unloaded after import = 1
========================================================================
Received Import Request.
  Time of request: 2026-09-17T18:20:26.364622Z
  Time since last request: 0.000245416 seconds.
  importAddress: GUID: 8ee0058b5fad546478a6e24d435de0b9 - Path: Packages/com.unity.2d.tilemap/Editor/UI/TilePaletteClipboardElement.cs - Importer: ScriptedImporter/UnityEditor.QuickSearchModule:UnityEditor.Search:ASIAI0B
Importing 'GUID: 8ee0058b5fad546478a6e24d435de0b9 - Path: Packages/com.unity.2d.tilemap/Editor/UI/TilePaletteClipboardElement.cs - Importer: ScriptedImporter/UnityEditor.QuickSearchModule:UnityEditor.Search:ASIAI0B' with importer (ScriptedImporter : UnityEditor.QuickSearchModule:UnityEditor.Search:ASIAI0B)
Imported 'GUID: 8ee0058b5fad546478a6e24d435de0b9' -> (Import Result ID: '6127ab47ef217aa7e76c471cb2e543bc') in 0.001 seconds [static and dynamic dependencies]. Details - ImportResultOutputID=5b621de56ff05b92adab6d130e44a01b DependenciesID=8f37757dc11e65ba3206a600fcb6368b StaticDependenciesID=2adb6b24e1e53e3aa08ffc784fb9569b 
Number of updated asset objects reloaded before import = 0
Number of asset objects unloaded after import = 0
========================================================================
Received Import Request.
  Time of request: 2026-09-17T18:20:26.373696Z
  Time since last request: 0.000306917 seconds.
  importAddress: GUID: 31d22d44ff25f4a5c95ac4842b5fb74f - Path: Packages/com.unity.2d.animation/Editor/Assets/ComponentIcons/Animation.SpriteResolver.png - Importer: ScriptedImporter/UnityEditor.QuickSearchModule:UnityEditor.Search:ASIAI0B
Importing 'GUID: 31d22d44ff25f4a5c95ac4842b5fb74f - Path: Packages/com.unity.2d.animation/Editor/Assets/ComponentIcons/Animation.SpriteResolver.png - Importer: ScriptedImporter/UnityEditor.QuickSearchModule:UnityEditor.Search:ASIAI0B' with importer (ScriptedImporter : UnityEditor.QuickSearchModule:UnityEditor.Search:ASIAI0B)
Imported 'GUID: 31d22d44ff25f4a5c95ac4842b5fb74f' -> (Import Result ID: 'ece14b3114e9ca09248539db73687962') in 0.003 seconds [static and dynamic dependencies]. Details - ImportResultOutputID=4ea5e1ccd44cc6c94f9245eafc2b3363 DependenciesID=1fa722808e9fd69fc735b5b894ebaea0 StaticDependenciesID=cdc0598be95733dac16959a75c06d1b5 
Number of updated asset objects reloaded before import = 0
Number of asset objects unloaded after import = 3
========================================================================
Received Import Request.
  Time of request: 2026-09-17T18:20:26.38479Z
  Time since last request: 0.000164 seconds.
  importAddress: GUID: 950832395ec754ba48ab1cffa214cec0 - Path: Packages/com.unity.2d.animation/Editor/Assets/ComponentIcons/Animation.IKFabrik On@128.png - Importer: ScriptedImporter/UnityEditor.QuickSearchModule:UnityEditor.Search:ASIAI0B
Importing 'GUID: 950832395ec754ba48ab1cffa214cec0 - Path: Packages/com.unity.2d.animation/Editor/Assets/ComponentIcons/Animation.IKFabrik On@128.png - Importer: ScriptedImporter/UnityEditor.QuickSearchModule:UnityEditor.Search:ASIAI0B' with importer (ScriptedImporter : UnityEditor.QuickSearchModule:UnityEditor.Search:ASIAI0B)
Imported 'GUID: 950832395ec754ba48ab1cffa214cec0' -> (Import Result ID: '16f8469e063e3ec2052654233bd4cf2c') in 0.003 seconds [static and dynamic dependencies]. Details - ImportResultOutputID=767a3eb277fdc31a405c0bf20972a655 DependenciesID=0ded4f966558defb17e5595720789497 StaticDependenciesID=fa622a32f5d955db7a45217547c6a9ac 
Number of updated asset objects reloaded before import = 0
Number of asset objects unloaded after import = 3
========================================================================
Received Import Request.
  Time of request: 2026-09-17T18:20:26.395674Z
  Time since last request: 0.000213917 seconds.
  importAddress: GUID: 6ea81e02715034d7e81c7c8e6f5e3329 - Path: Packages/com.unity.2d.common/Editor/ImagePacker/ImagePacker.cs - Importer: ScriptedImporter/UnityEditor.QuickSearchModule:UnityEditor.Search:ASIAI0B
Importing 'GUID: 6ea81e02715034d7e81c7c8e6f5e3329 - Path: Packages/com.unity.2d.common/Editor/ImagePacker/ImagePacker.cs - Importer: ScriptedImporter/UnityEditor.QuickSearchModule:UnityEditor.Search:ASIAI0B' with importer (ScriptedImporter : UnityEditor.QuickSearchModule:UnityEditor.Search:ASIAI0B)
Imported 'GUID: 6ea81e02715034d7e81c7c8e6f5e3329' -> (Import Result ID: 'ed3cfeff60c763474a6ca62d7a3e8981') in 0.001 seconds [static and dynamic dependencies]. Details - ImportResultOutputID=bcd76933cf8a7fbd85be290cab536fcd DependenciesID=bc8d13e502072183944e52713e2d7894 StaticDependenciesID=83836f691c5086634e971c2e368f534f 
Number of updated asset objects reloaded before import = 0
Number of asset objects unloaded after import = 0
========================================================================
Received Import Request.
  Time of request: 2026-09-17T18:20:26.404944Z
  Time since last request: 0.000251584 seconds.
  importAddress: GUID: 6ccf4234805f2d049a6869c33213ff65 - Path: Packages/com.unity.2d.tilemap/Editor/Icons/Tilemap.DefaultBrush@4x.png - Importer: ScriptedImporter/UnityEditor.QuickSearchModule:UnityEditor.Search:ASIAI0B
Importing 'GUID: 6ccf4234805f2d049a6869c33213ff65 - Path: Packages/com.unity.2d.tilemap/Editor/Icons/Tilemap.DefaultBrush@4x.png - Importer: ScriptedImporter/UnityEditor.QuickSearchModule:UnityEditor.Search:ASIAI0B' with importer (ScriptedImporter : UnityEditor.QuickSearchModule:UnityEditor.Search:ASIAI0B)
Imported 'GUID: 6ccf4234805f2d049a6869c33213ff65' -> (Import Result ID: '976d113c9870fc95a21300d225174295') in 0.003 seconds [static and dynamic dependencies]. Details - ImportResultOutputID=2158357fb56f4d02e7f3bda26023a390 DependenciesID=f8c709e01bf98894600dbd1afe470091 StaticDependenciesID=4450ae93c60f5083b6b07efe031e63f6 
Number of updated asset objects reloaded before import = 0
Number of asset objects unloaded after import = 3
========================================================================
Received Import Request.
  Time of request: 2026-09-17T18:20:26.415322Z
  Time since last request: 0.000119625 seconds.
  importAddress: GUID: b294a6b01c40240e1b1677cd56223441 - Path: Packages/com.unity.2d.tilemap/Editor/ObjectCreationMenu - Importer: ScriptedImporter/UnityEditor.QuickSearchModule:UnityEditor.Search:ASIAI0B
Importing 'GUID: b294a6b01c40240e1b1677cd56223441 - Path: Packages/com.unity.2d.tilemap/Editor/ObjectCreationMenu - Importer: ScriptedImporter/UnityEditor.QuickSearchModule:UnityEditor.Search:ASIAI0B' with importer (ScriptedImporter : UnityEditor.QuickSearchModule:UnityEditor.Search:ASIAI0B)
Imported 'GUID: b294a6b01c40240e1b1677cd56223441' -> (Import Result ID: '196f58a857f945c2a030fafafa9f32c0') in 0.001 seconds [static and dynamic dependencies]. Details - ImportResultOutputID=c697c65abcf91bac0e4759db5ace8e2d DependenciesID=ecb8bb7a5774711d6ac34782b7e02647 StaticDependenciesID=42957b8fc59379d450ba20f68e1b3371 
Number of updated asset objects reloaded before import = 0
Number of asset objects unloaded after import = 1
========================================================================
Received Import Request.
  Time of request: 2026-09-17T18:20:26.424004Z
  Time since last request: 0.000249458 seconds.
  importAddress: GUID: ea833d779996e3244b3b567764be9cf0 - Path: Packages/com.unity.2d.animation/Editor/Assets/EditorIcons/Selected/Sprite_Mode@3x.png - Importer: ScriptedImporter/UnityEditor.QuickSearchModule:UnityEditor.Search:ASIAI0B
Importing 'GUID: ea833d779996e3244b3b567764be9cf0 - Path: Packages/com.unity.2d.animation/Editor/Assets/EditorIcons/Selected/Sprite_Mode@3x.png - Importer: ScriptedImporter/UnityEditor.QuickSearchModule:UnityEditor.Search:ASIAI0B' with importer (ScriptedImporter : UnityEditor.QuickSearchModule:UnityEditor.Search:ASIAI0B)
Imported 'GUID: ea833d779996e3244b3b567764be9cf0' -> (Import Result ID: '445e80eae24b8a494d0c5187a179f254') in 0.003 seconds [static and dynamic dependencies]. Details - ImportResultOutputID=ff5c72ea684f1bfa9ed6ab2b3c98b5d5 DependenciesID=55025f7ed3eb203b33da4f139606306c StaticDependenciesID=833b96ca64ed1366099db01bf6346db8 
Number of updated asset objects reloaded before import = 0
Number of asset objects unloaded after import = 3
========================================================================
Received Import Request.
  Time of request: 2026-09-17T18:20:26.43538Z
  Time since last request: 0.00022975 seconds.
  importAddress: GUID: 41672af7b9d404a44956a5aaad271900 - Path: Packages/com.unity.2d.aseprite/Editor/AssetGeneration/SpriteAtlasGeneration.cs - Importer: ScriptedImporter/UnityEditor.QuickSearchModule:UnityEditor.Search:ASIAI0B
Importing 'GUID: 41672af7b9d404a44956a5aaad271900 - Path: Packages/com.unity.2d.aseprite/Editor/AssetGeneration/SpriteAtlasGeneration.cs - Importer: ScriptedImporter/UnityEditor.QuickSearchModule:UnityEditor.Search:ASIAI0B' with importer (ScriptedImporter : UnityEditor.QuickSearchModule:UnityEditor.Search:ASIAI0B)
Imported 'GUID: 41672af7b9d404a44956a5aaad271900' -> (Import Result ID: '7c7008b3572d90861d31741b1ca0c417') in 0.001 seconds [static and dynamic dependencies]. Details - ImportResultOutputID=52f3902f28eb1d0ba84ba8f0f0c9e37e DependenciesID=0a118fe8253e77274df1255cd4bdade9 StaticDependenciesID=8730de69bcd037f1036aa0c7fd074f84 
Number of updated asset objects reloaded before import = 0
Number of asset objects unloaded after import = 0
========================================================================
Received Import Request.
  Time of request: 2026-09-17T18:20:26.444173Z
  Time since last request: 0.000181333 seconds.
  importAddress: GUID: e4b228dab700203488a7c7d474a25838 - Path: Packages/com.unity.2d.common/Runtime/InternalBridge/InternalBridgeDef.asmdef - Importer: ScriptedImporter/UnityEditor.QuickSearchModule:UnityEditor.Search:ASIAI0B
Importing 'GUID: e4b228dab700203488a7c7d474a25838 - Path: Packages/com.unity.2d.common/Runtime/InternalBridge/InternalBridgeDef.asmdef - Importer: ScriptedImporter/UnityEditor.QuickSearchModule:UnityEditor.Search:ASIAI0B' with importer (ScriptedImporter : UnityEditor.QuickSearchModule:UnityEditor.Search:ASIAI0B)
Imported 'GUID: e4b228dab700203488a7c7d474a25838' -> (Import Result ID: 'feb5c2be8ad3b6ff9aff714fffbe0536') in 0.001 seconds [static and dynamic dependencies]. Details - ImportResultOutputID=13954b44e30212cb39f4c97a9b53dd32 DependenciesID=29a2efbf279c982beb6ced37cf2111c5 StaticDependenciesID=2456058317e893fefe30b3fc6456fa44 
Number of updated asset objects reloaded before import = 0
Number of asset objects unloaded after import = 1
========================================================================
Received Import Request.
  Time of request: 2026-09-17T18:20:26.45285Z
  Time since last request: 0.000217125 seconds.
  importAddress: GUID: f4e90b0a1e5a5bc46897cdcf5a142111 - Path: Packages/com.unity.2d.animation/Editor/Assets/EditorIcons/d_Mesh.png - Importer: ScriptedImporter/UnityEditor.QuickSearchModule:UnityEditor.Search:ASIAI0B
Importing 'GUID: f4e90b0a1e5a5bc46897cdcf5a142111 - Path: Packages/com.unity.2d.animation/Editor/Assets/EditorIcons/d_Mesh.png - Importer: ScriptedImporter/UnityEditor.QuickSearchModule:UnityEditor.Search:ASIAI0B' with importer (ScriptedImporter : UnityEditor.QuickSearchModule:UnityEditor.Search:ASIAI0B)
Imported 'GUID: f4e90b0a1e5a5bc46897cdcf5a142111' -> (Import Result ID: 'c46adbae636b448c96b95cbab178264c') in 0.004 seconds [static and dynamic dependencies]. Details - ImportResultOutputID=9f13e10b9cfe5ce5f8e1e29eae96e01a DependenciesID=19bfbd3559917ad597134c008e3bb7c8 StaticDependenciesID=247e60dbd1a35f6a533818c6c6f165f6 
Number of updated asset objects reloaded before import = 0
Number of asset objects unloaded after import = 3
========================================================================
Received Import Request.
  Time of request: 2026-09-17T18:20:26.464564Z
  Time since last request: 0.00013175 seconds.
  importAddress: GUID: 5796720807c5b4856aea84babbabd4ee - Path: Packages/com.unity.2d.animation/Editor/SkinningModule/IMGUI/SpriteMeshController.cs - Importer: ScriptedImporter/UnityEditor.QuickSearchModule:UnityEditor.Search:ASIAI0B
Importing 'GUID: 5796720807c5b4856aea84babbabd4ee - Path: Packages/com.unity.2d.animation/Editor/SkinningModule/IMGUI/SpriteMeshController.cs - Importer: ScriptedImporter/UnityEditor.QuickSearchModule:UnityEditor.Search:ASIAI0B' with importer (ScriptedImporter : UnityEditor.QuickSearchModule:UnityEditor.Search:ASIAI0B)
Imported 'GUID: 5796720807c5b4856aea84babbabd4ee' -> (Import Result ID: '3a0762653317851f1e733045b9d55f64') in 0.001 seconds [static and dynamic dependencies]. Details - ImportResultOutputID=572d15c3b0a0239f127c20c08fe24af5 DependenciesID=0dec36318dbe11a40408c88ed885c06c StaticDependenciesID=1ea997a0eb1b92a91fec0b02b4e5c3a4 
Number of updated asset objects reloaded before import = 0
Number of asset objects unloaded after import = 0
========================================================================
Received Import Request.
  Time of request: 2026-09-17T18:20:26.473269Z
  Time since last request: 0.000158792 seconds.
  importAddress: GUID: debde310aa0f4a119984c1340b93d12c - Path: Packages/com.unity.2d.tooling/Editor/Insider/SpriteAtlas/SpriteAtlasIssueReport/UIElement/OKCancel/OKCancelElement.cs - Importer: ScriptedImporter/UnityEditor.QuickSearchModule:UnityEditor.Search:ASIAI0B
Importing 'GUID: debde310aa0f4a119984c1340b93d12c - Path: Packages/com.unity.2d.tooling/Editor/Insider/SpriteAtlas/SpriteAtlasIssueReport/UIElement/OKCancel/OKCancelElement.cs - Importer: ScriptedImporter/UnityEditor.QuickSearchModule:UnityEditor.Search:ASIAI0B' with importer (ScriptedImporter : UnityEditor.QuickSearchModule:UnityEditor.Search:ASIAI0B)
Imported 'GUID: debde310aa0f4a119984c1340b93d12c' -> (Import Result ID: '7acd965f214e35ab1820b6fa4da82e94') in 0.001 seconds [static and dynamic dependencies]. Details - ImportResultOutputID=12305979b1b87f37d01e88e5bf28bede DependenciesID=9a3298917463dff4192ed2fd8772789d StaticDependenciesID=a4f75cfe030181dadb564ef28d9fe96d 
Number of updated asset objects reloaded before import = 0
Number of asset objects unloaded after import = 0
========================================================================
Received Import Request.
  Time of request: 2026-09-17T18:20:26.482183Z
  Time since last request: 0.000254625 seconds.
  importAddress: GUID: 08bd485b57bc7c7498c8597502c34793 - Path: Packages/com.unity.2d.spriteshape/Runtime/External/LibTessDotNet/PriorityHeap.cs - Importer: ScriptedImporter/UnityEditor.QuickSearchModule:UnityEditor.Search:ASIAI0B
Importing 'GUID: 08bd485b57bc7c7498c8597502c34793 - Path: Packages/com.unity.2d.spriteshape/Runtime/External/LibTessDotNet/PriorityHeap.cs - Importer: ScriptedImporter/UnityEditor.QuickSearchModule:UnityEditor.Search:ASIAI0B' with importer (ScriptedImporter : UnityEditor.QuickSearchModule:UnityEditor.Search:ASIAI0B)
Imported 'GUID: 08bd485b57bc7c7498c8597502c34793' -> (Import Result ID: '8b30d571eee5845c279e7fc80a498284') in 0.001 seconds [static and dynamic dependencies]. Details - ImportResultOutputID=8f41c8b727c9a5465445fa27c1ebf1c1 DependenciesID=d91da665bc17f3abe4801680450f5f9f StaticDependenciesID=323860c87890f489b16941a42db98ea1 
Number of updated asset objects reloaded before import = 0
Number of asset objects unloaded after import = 0
========================================================================
Received Import Request.
  Time of request: 2026-09-17T18:20:26.489877Z
  Time since last request: 0.000122792 seconds.
  importAddress: GUID: a9f15b7c9363d9944a7d69248fd279ec - Path: Packages/com.unity.2d.tilemap.extras/package.json - Importer: ScriptedImporter/UnityEditor.QuickSearchModule:UnityEditor.Search:ASIAI0B
Importing 'GUID: a9f15b7c9363d9944a7d69248fd279ec - Path: Packages/com.unity.2d.tilemap.extras/package.json - Importer: ScriptedImporter/UnityEditor.QuickSearchModule:UnityEditor.Search:ASIAI0B' with importer (ScriptedImporter : UnityEditor.QuickSearchModule:UnityEditor.Search:ASIAI0B)
Imported 'GUID: a9f15b7c9363d9944a7d69248fd279ec' -> (Import Result ID: '0472e7379925142fc0220afe9b1dcdb5') in 0.001 seconds [static and dynamic dependencies]. Details - ImportResultOutputID=e7e8d00aff915b7d5c1b4b5ec2610bd4 DependenciesID=293758b84733fa580619f6d29adf12e9 StaticDependenciesID=05018d6f00886bc1ad706752503f4bce 
Number of updated asset objects reloaded before import = 0
Number of asset objects unloaded after import = 1
========================================================================
Received Import Request.
  Time of request: 2026-09-17T18:20:26.497615Z
  Time since last request: 0.000173417 seconds.
  importAddress: GUID: 30059556ae90a4efebfdb2c9ed884dd1 - Path: Packages/com.unity.2d.sprite/Editor/ObjectMenuCreation/ItemCreationUtility.cs - Importer: ScriptedImporter/UnityEditor.QuickSearchModule:UnityEditor.Search:ASIAI0B
Importing 'GUID: 30059556ae90a4efebfdb2c9ed884dd1 - Path: Packages/com.unity.2d.sprite/Editor/ObjectMenuCreation/ItemCreationUtility.cs - Importer: ScriptedImporter/UnityEditor.QuickSearchModule:UnityEditor.Search:ASIAI0B' with importer (ScriptedImporter : UnityEditor.QuickSearchModule:UnityEditor.Search:ASIAI0B)
Imported 'GUID: 30059556ae90a4efebfdb2c9ed884dd1' -> (Import Result ID: '34df68429ff70b2baafa510b0fe540a6') in 0.001 seconds [static and dynamic dependencies]. Details - ImportResultOutputID=995e0d767c8ba769f37c62e4b1d34530 DependenciesID=d0634aad6dee747f57ffb5d7772a3b82 StaticDependenciesID=4c97f797de44d27c7f62678922d0b556 
Number of updated asset objects reloaded before import = 0
Number of asset objects unloaded after import = 0
========================================================================
Received Import Request.
  Time of request: 2026-09-17T18:20:26.505764Z
  Time since last request: 0.000164542 seconds.
  importAddress: GUID: 800754db7f7247ddb5fcbb0a8796fb46 - Path: Packages/com.unity.2d.common/Editor/InternalBridge/AssetCreation.cs - Importer: ScriptedImporter/UnityEditor.QuickSearchModule:UnityEditor.Search:ASIAI0B
Importing 'GUID: 800754db7f7247ddb5fcbb0a8796fb46 - Path: Packages/com.unity.2d.common/Editor/InternalBridge/AssetCreation.cs - Importer: ScriptedImporter/UnityEditor.QuickSearchModule:UnityEditor.Search:ASIAI0B' with importer (ScriptedImporter : UnityEditor.QuickSearchModule:UnityEditor.Search:ASIAI0B)
Imported 'GUID: 800754db7f7247ddb5fcbb0a8796fb46' -> (Import Result ID: 'c2297643e18e4b47df6e7dde82099bac') in 0.001 seconds [static and dynamic dependencies]. Details - ImportResultOutputID=f242410f970b91252d2e77673ff39846 DependenciesID=10e33897adec0a955816ce34b0e60c9d StaticDependenciesID=b7c4720a33eb3d8084f1e4104a79fb8c 
Number of updated asset objects reloaded before import = 0
Number of asset objects unloaded after import = 0
========================================================================
Received Import Request.
  Time of request: 2026-09-17T18:20:26.51396Z
  Time since last request: 0.000191625 seconds.
  importAddress: GUID: e959cb82696cd4dbf9e6b448af425c88 - Path: Packages/com.unity.2d.animation/Editor/Assets/EditorIcons/Selected/Sprite_Influence@4x.png - Importer: ScriptedImporter/UnityEditor.QuickSearchModule:UnityEditor.Search:ASIAI0B
Importing 'GUID: e959cb82696cd4dbf9e6b448af425c88 - Path: Packages/com.unity.2d.animation/Editor/Assets/EditorIcons/Selected/Sprite_Influence@4x.png - Importer: ScriptedImporter/UnityEditor.QuickSearchModule:UnityEditor.Search:ASIAI0B' with importer (ScriptedImporter : UnityEditor.QuickSearchModule:UnityEditor.Search:ASIAI0B)
Imported 'GUID: e959cb82696cd4dbf9e6b448af425c88' -> (Import Result ID: 'b17513211a217bcc36eff87ef7417561') in 0.003 seconds [static and dynamic dependencies]. Details - ImportResultOutputID=c943098b15c8b9d7cb231dd09942cdd2 DependenciesID=5dfd83e04e64db1c234d8b923dfec528 StaticDependenciesID=20a8add40c58d64b6dc5fa0966e263a3 
Number of updated asset objects reloaded before import = 0
Number of asset objects unloaded after import = 3
========================================================================
Received Import Request.
  Time of request: 2026-09-17T18:20:26.523873Z
  Time since last request: 0.000174875 seconds.
  importAddress: GUID: ecc64bf4ebc64e2d8487b3a631c5113c - Path: Packages/com.unity.2d.tilemap/Editor/UI/GridPaintPaletteWindow.uss - Importer: ScriptedImporter/UnityEditor.QuickSearchModule:UnityEditor.Search:ASIAI0B
Importing 'GUID: ecc64bf4ebc64e2d8487b3a631c5113c - Path: Packages/com.unity.2d.tilemap/Editor/UI/GridPaintPaletteWindow.uss - Importer: ScriptedImporter/UnityEditor.QuickSearchModule:UnityEditor.Search:ASIAI0B' with importer (ScriptedImporter : UnityEditor.QuickSearchModule:UnityEditor.Search:ASIAI0B)
Imported 'GUID: ecc64bf4ebc64e2d8487b3a631c5113c' -> (Import Result ID: '58c59af0376be5b2d14750c6a740c5fa') in 0.002 seconds [static and dynamic dependencies]. Details - ImportResultOutputID=10f3792782e3504fa470a4fc10d64644 DependenciesID=6f08105ec916342eb92cd43aabd19ffc StaticDependenciesID=e07dd854a624f30f3de9b4df76982df6 
Number of updated asset objects reloaded before import = 0
Number of asset objects unloaded after import = 1
========================================================================
Received Import Request.
  Time of request: 2026-09-17T18:20:26.532571Z
  Time since last request: 0.000099083 seconds.
  importAddress: GUID: ed5ce024c84dbdb42ac5037d03e7c039 - Path: Packages/com.unity.2d.animation/Editor/Assets/EditorIcons/Generate_Weights@3x.png - Importer: ScriptedImporter/UnityEditor.QuickSearchModule:UnityEditor.Search:ASIAI0B
Importing 'GUID: ed5ce024c84dbdb42ac5037d03e7c039 - Path: Packages/com.unity.2d.animation/Editor/Assets/EditorIcons/Generate_Weights@3x.png - Importer: ScriptedImporter/UnityEditor.QuickSearchModule:UnityEditor.Search:ASIAI0B' with importer (ScriptedImporter : UnityEditor.QuickSearchModule:UnityEditor.Search:ASIAI0B)
Imported 'GUID: ed5ce024c84dbdb42ac5037d03e7c039' -> (Import Result ID: 'f13cc70a9edc349b751260b29dc9c136') in 0.003 seconds [static and dynamic dependencies]. Details - ImportResultOutputID=31863700065dd40b570c6b1437248b24 DependenciesID=ebec2c31b1e2eae36f8b7a1d9db6188f StaticDependenciesID=69dad9e84d9d8fae7ae874ff88c53fa0 
Number of updated asset objects reloaded before import = 0
Number of asset objects unloaded after import = 3
========================================================================
Received Import Request.
  Time of request: 2026-09-17T18:20:26.542323Z
  Time since last request: 0.000111125 seconds.
  importAddress: GUID: 07512ec0d03c84285a2573a5747097d4 - Path: Packages/com.unity.2d.animation/Editor/SkinningModule/IMGUI/SpriteMeshView.cs - Importer: ScriptedImporter/UnityEditor.QuickSearchModule:UnityEditor.Search:ASIAI0B
Importing 'GUID: 07512ec0d03c84285a2573a5747097d4 - Path: Packages/com.unity.2d.animation/Editor/SkinningModule/IMGUI/SpriteMeshView.cs - Importer: ScriptedImporter/UnityEditor.QuickSearchModule:UnityEditor.Search:ASIAI0B' with importer (ScriptedImporter : UnityEditor.QuickSearchModule:UnityEditor.Search:ASIAI0B)
Imported 'GUID: 07512ec0d03c84285a2573a5747097d4' -> (Import Result ID: '8cc9abf812c48131f2bcc281f25bf0cf') in 0.001 seconds [static and dynamic dependencies]. Details - ImportResultOutputID=9eeb4cf98cfb624ba5bbb9ba45d2429f DependenciesID=3fe41ee79951f01cc609580356b5e3a9 StaticDependenciesID=567957c0a9db43535a7b7b035aec9e7c 
Number of updated asset objects reloaded before import = 0
Number of asset objects unloaded after import = 0
========================================================================
Received Import Request.
  Time of request: 2026-09-17T18:20:26.550244Z
  Time since last request: 0.000179833 seconds.
  importAddress: GUID: 0d2bc08656be64486b5fcf6796dd34e4 - Path: Packages/com.unity.2d.animation/Editor/UpgradeTools/BaseUpgrader.cs - Importer: ScriptedImporter/UnityEditor.QuickSearchModule:UnityEditor.Search:ASIAI0B
Importing 'GUID: 0d2bc08656be64486b5fcf6796dd34e4 - Path: Packages/com.unity.2d.animation/Editor/UpgradeTools/BaseUpgrader.cs - Importer: ScriptedImporter/UnityEditor.QuickSearchModule:UnityEditor.Search:ASIAI0B' with importer (ScriptedImporter : UnityEditor.QuickSearchModule:UnityEditor.Search:ASIAI0B)
Imported 'GUID: 0d2bc08656be64486b5fcf6796dd34e4' -> (Import Result ID: '96c877cff1438d489c5cede9a47d6a09') in 0.001 seconds [static and dynamic dependencies]. Details - ImportResultOutputID=b13731f56d964530aae522e9c6fec8fb DependenciesID=b83c4bfc3199b4320d9aaeae1f60e66e StaticDependenciesID=679f7e3375865a020696b22243b56ebf 
Number of updated asset objects reloaded before import = 0
Number of asset objects unloaded after import = 0
========================================================================
Received Import Request.
  Time of request: 2026-09-17T18:20:26.558509Z
  Time since last request: 0.000152208 seconds.
  importAddress: GUID: 2f3265c27d3704c52a32b7a9a64e6cb9 - Path: Packages/com.unity.2d.tooling/Editor/Insider/AnalyzerWindow/AnalyzerWindow.cs - Importer: ScriptedImporter/UnityEditor.QuickSearchModule:UnityEditor.Search:ASIAI0B
Importing 'GUID: 2f3265c27d3704c52a32b7a9a64e6cb9 - Path: Packages/com.unity.2d.tooling/Editor/Insider/AnalyzerWindow/AnalyzerWindow.cs - Importer: ScriptedImporter/UnityEditor.QuickSearchModule:UnityEditor.Search:ASIAI0B' with importer (ScriptedImporter : UnityEditor.QuickSearchModule:UnityEditor.Search:ASIAI0B)
Imported 'GUID: 2f3265c27d3704c52a32b7a9a64e6cb9' -> (Import Result ID: '5d2105755e3347eb7487d89b1bf6f90d') in 0.001 seconds [static and dynamic dependencies]. Details - ImportResultOutputID=9373b2ead3f14dca42c34b3aa6cfc9c4 DependenciesID=25c035a3788d6f9eb5e5b91535c78a26 StaticDependenciesID=7d55421f9624d77711fbe2f12cad2b2f 
Number of updated asset objects reloaded before import = 0
Number of asset objects unloaded after import = 0
========================================================================
Received Import Request.
  Time of request: 2026-09-17T18:20:26.566582Z
  Time since last request: 0.00015 seconds.
  importAddress: GUID: ecefc247a9b423b4f8398f5e03d27f76 - Path: Packages/com.unity.2d.tilemap.extras/Runtime/GridInformation - Importer: ScriptedImporter/UnityEditor.QuickSearchModule:UnityEditor.Search:ASIAI0B
Importing 'GUID: ecefc247a9b423b4f8398f5e03d27f76 - Path: Packages/com.unity.2d.tilemap.extras/Runtime/GridInformation - Importer: ScriptedImporter/UnityEditor.QuickSearchModule:UnityEditor.Search:ASIAI0B' with importer (ScriptedImporter : UnityEditor.QuickSearchModule:UnityEditor.Search:ASIAI0B)
Imported 'GUID: ecefc247a9b423b4f8398f5e03d27f76' -> (Import Result ID: 'd0a9c11d8a277f93ca4763d4213554b3') in 0.001 seconds [static and dynamic dependencies]. Details - ImportResultOutputID=e565a692de749d20d7d08a0dadc2f165 DependenciesID=913ec0890c1e25f19c746c50438fd1d0 StaticDependenciesID=e3112c01d46643753edf6a823f552e7a 
Number of updated asset objects reloaded before import = 0
Number of asset objects unloaded after import = 1
========================================================================
Received Import Request.
  Time of request: 2026-09-17T18:20:26.574562Z
  Time since last request: 0.000175791 seconds.
  importAddress: GUID: 4741ec49ca1d5495b8ac277cc2b9df1a - Path: Packages/com.unity.2d.animation/Editor/SpriteLib/SpriteLibraryEditor/UI/CustomElements - Importer: ScriptedImporter/UnityEditor.QuickSearchModule:UnityEditor.Search:ASIAI0B
Importing 'GUID: 4741ec49ca1d5495b8ac277cc2b9df1a - Path: Packages/com.unity.2d.animation/Editor/SpriteLib/SpriteLibraryEditor/UI/CustomElements - Importer: ScriptedImporter/UnityEditor.QuickSearchModule:UnityEditor.Search:ASIAI0B' with importer (ScriptedImporter : UnityEditor.QuickSearchModule:UnityEditor.Search:ASIAI0B)
Imported 'GUID: 4741ec49ca1d5495b8ac277cc2b9df1a' -> (Import Result ID: 'ba4a2ca961cd7c6c2099c3337b6731f5') in 0.001 seconds [static and dynamic dependencies]. Details - ImportResultOutputID=8cf227d7b1c675740976170d716b0003 DependenciesID=10078612306877bc8e71d89b8b318325 StaticDependenciesID=9ceeb1813b046a6ef172d836d7f2971b 
Number of updated asset objects reloaded before import = 0
Number of asset objects unloaded after import = 1
========================================================================
Received Import Request.
  Time of request: 2026-09-17T18:20:26.582585Z
  Time since last request: 0.000192375 seconds.
  importAddress: GUID: 58e21847e2d624440ba158c66a136e5f - Path: Packages/com.unity.2d.animation/Editor/Assets/EditorIcons/SetPivot@3x.png - Importer: ScriptedImporter/UnityEditor.QuickSearchModule:UnityEditor.Search:ASIAI0B
Importing 'GUID: 58e21847e2d624440ba158c66a136e5f - Path: Packages/com.unity.2d.animation/Editor/Assets/EditorIcons/SetPivot@3x.png - Importer: ScriptedImporter/UnityEditor.QuickSearchModule:UnityEditor.Search:ASIAI0B' with importer (ScriptedImporter : UnityEditor.QuickSearchModule:UnityEditor.Search:ASIAI0B)
Imported 'GUID: 58e21847e2d624440ba158c66a136e5f' -> (Import Result ID: '6890902098c24e36c42c73d217a2be48') in 0.003 seconds [static and dynamic dependencies]. Details - ImportResultOutputID=79e971d422c903f95a8f3d1cec697d93 DependenciesID=5c2ead4299cc3d8a24b95e87e24897cc StaticDependenciesID=f492634c12b7a4595b6ba369bb621ec0 
Number of updated asset objects reloaded before import = 0
Number of asset objects unloaded after import = 3
========================================================================
Received Import Request.
  Time of request: 2026-09-17T18:20:26.613268Z
  Time since last request: 0.021270833 seconds.
  importAddress: GUID: a4bde53ec7c104f868be7329e31dd480 - Path: Packages/com.unity.2d.animation/Editor/Assets/ComponentIcons/Animation.IKManager On@256.png - Importer: ScriptedImporter/UnityEditor.QuickSearchModule:UnityEditor.Search:ASIAI0B
Importing 'GUID: a4bde53ec7c104f868be7329e31dd480 - Path: Packages/com.unity.2d.animation/Editor/Assets/ComponentIcons/Animation.IKManager On@256.png - Importer: ScriptedImporter/UnityEditor.QuickSearchModule:UnityEditor.Search:ASIAI0B' with importer (ScriptedImporter : UnityEditor.QuickSearchModule:UnityEditor.Search:ASIAI0B)
Imported 'GUID: a4bde53ec7c104f868be7329e31dd480' -> (Import Result ID: '1dc4668408b09becaded8efeb334a486') in 0.004 seconds [static and dynamic dependencies]. Details - ImportResultOutputID=2a53051fba1bed32da1e2f7eeace219c DependenciesID=eb113e684b55edf7f9756f5227d6dd14 StaticDependenciesID=764348098d7a1cf68e1668f9924d2fcd 
Number of updated asset objects reloaded before import = 0
Number of asset objects unloaded after import = 3
========================================================================
Received Import Request.
  Time of request: 2026-09-17T18:20:26.62427Z
  Time since last request: 0.000120833 seconds.
  importAddress: GUID: a2db0b51e2c0e418b8d5f85cee0d4876 - Path: Packages/com.unity.2d.animation/Editor/Assets/EditorIcons/Selected/Sprite_Influence.png - Importer: ScriptedImporter/UnityEditor.QuickSearchModule:UnityEditor.Search:ASIAI0B
Importing 'GUID: a2db0b51e2c0e418b8d5f85cee0d4876 - Path: Packages/com.unity.2d.animation/Editor/Assets/EditorIcons/Selected/Sprite_Influence.png - Importer: ScriptedImporter/UnityEditor.QuickSearchModule:UnityEditor.Search:ASIAI0B' with importer (ScriptedImporter : UnityEditor.QuickSearchModule:UnityEditor.Search:ASIAI0B)
Imported 'GUID: a2db0b51e2c0e418b8d5f85cee0d4876' -> (Import Result ID: 'e12b3d0c70bdd697033e34d43014de9c') in 0.003 seconds [static and dynamic dependencies]. Details - ImportResultOutputID=b14a5a9dd60e39f963998f048bfc2b31 DependenciesID=ff781600174797c859f64707ee4d2249 StaticDependenciesID=a517cb90faa29f43eb233e133068fd38 
Number of updated asset objects reloaded before import = 0
Number of asset objects unloaded after import = 3
========================================================================
Received Import Request.
  Time of request: 2026-09-17T18:20:26.633725Z
  Time since last request: 0.000144667 seconds.
  importAddress: GUID: f9404b28690a74b4f918e7006968dd80 - Path: Packages/com.unity.2d.psdimporter/Editor/PSDPlugin/PsdFile/RleReader.cs - Importer: ScriptedImporter/UnityEditor.QuickSearchModule:UnityEditor.Search:ASIAI0B
Importing 'GUID: f9404b28690a74b4f918e7006968dd80 - Path: Packages/com.unity.2d.psdimporter/Editor/PSDPlugin/PsdFile/RleReader.cs - Importer: ScriptedImporter/UnityEditor.QuickSearchModule:UnityEditor.Search:ASIAI0B' with importer (ScriptedImporter : UnityEditor.QuickSearchModule:UnityEditor.Search:ASIAI0B)
Imported 'GUID: f9404b28690a74b4f918e7006968dd80' -> (Import Result ID: '3bf0790b341a269a6a888bb2eba89c7c') in 0.001 seconds [static and dynamic dependencies]. Details - ImportResultOutputID=ded8cbad5adcc02be7bea9b427a8796f DependenciesID=9b3889e193c9e555f95f4f95be4a800e StaticDependenciesID=cc9d1db8f9e2dfee4311bc7f098f7c29 
Number of updated asset objects reloaded before import = 0
Number of asset objects unloaded after import = 0
========================================================================
Received Import Request.
  Time of request: 2026-09-17T18:20:26.641512Z
  Time since last request: 0.00012375 seconds.
  importAddress: GUID: 5d83937eb3ca95047b4e0e43aac5e962 - Path: Packages/com.unity.2d.tilemap/Editor/Icons/Tilemap.TilePalette@2x.png - Importer: ScriptedImporter/UnityEditor.QuickSearchModule:UnityEditor.Search:ASIAI0B
Importing 'GUID: 5d83937eb3ca95047b4e0e43aac5e962 - Path: Packages/com.unity.2d.tilemap/Editor/Icons/Tilemap.TilePalette@2x.png - Importer: ScriptedImporter/UnityEditor.QuickSearchModule:UnityEditor.Search:ASIAI0B' with importer (ScriptedImporter : UnityEditor.QuickSearchModule:UnityEditor.Search:ASIAI0B)
Imported 'GUID: 5d83937eb3ca95047b4e0e43aac5e962' -> (Import Result ID: '79932e21c693b65e9ae120c75d1402e8') in 0.003 seconds [static and dynamic dependencies]. Details - ImportResultOutputID=54c0e86111f96a5afb5fe3aecb71902b DependenciesID=9700f305c4f9482b41dad6b976a05666 StaticDependenciesID=5d6463576701caaddc808425519ccee9 
Number of updated asset objects reloaded before import = 0
Number of asset objects unloaded after import = 3
========================================================================
Received Import Request.
  Time of request: 2026-09-17T18:20:26.650949Z
  Time since last request: 0.000122416 seconds.
  importAddress: GUID: fa7f3298f32f49e8b986f4ef85e7575b - Path: Packages/com.unity.2d.aseprite/Editor/AssetGeneration/AnimationClipGeneration.cs - Importer: ScriptedImporter/UnityEditor.QuickSearchModule:UnityEditor.Search:ASIAI0B
Importing 'GUID: fa7f3298f32f49e8b986f4ef85e7575b - Path: Packages/com.unity.2d.aseprite/Editor/AssetGeneration/AnimationClipGeneration.cs - Importer: ScriptedImporter/UnityEditor.QuickSearchModule:UnityEditor.Search:ASIAI0B' with importer (ScriptedImporter : UnityEditor.QuickSearchModule:UnityEditor.Search:ASIAI0B)
Imported 'GUID: fa7f3298f32f49e8b986f4ef85e7575b' -> (Import Result ID: 'e0231044a43558263229aedcca279bed') in 0.001 seconds [static and dynamic dependencies]. Details - ImportResultOutputID=8a3d6dce1cb6e1947d2dfa7fe173548e DependenciesID=51d2accc07c798eafe38f838e9b1b442 StaticDependenciesID=227b21900849f2756e841a5b816e54df 
Number of updated asset objects reloaded before import = 0
Number of asset objects unloaded after import = 0
========================================================================
Received Import Request.
  Time of request: 2026-09-17T18:20:26.658915Z
  Time since last request: 0.000206 seconds.
  importAddress: GUID: 5c3b8c69935554b3e94d4497f9a6e8d8 - Path: Packages/com.unity.2d.sprite/Editor/ObjectMenuCreation/MenuItems.cs - Importer: ScriptedImporter/UnityEditor.QuickSearchModule:UnityEditor.Search:ASIAI0B
Importing 'GUID: 5c3b8c69935554b3e94d4497f9a6e8d8 - Path: Packages/com.unity.2d.sprite/Editor/ObjectMenuCreation/MenuItems.cs - Importer: ScriptedImporter/UnityEditor.QuickSearchModule:UnityEditor.Search:ASIAI0B' with importer (ScriptedImporter : UnityEditor.QuickSearchModule:UnityEditor.Search:ASIAI0B)
Imported 'GUID: 5c3b8c69935554b3e94d4497f9a6e8d8' -> (Import Result ID: '434d62777dc91c26ad7a203e3e033a23') in 0.001 seconds [static and dynamic dependencies]. Details - ImportResultOutputID=a375137e0d9ebb1a120d67049f94232e DependenciesID=869f99980355bf030ca334fa9a565121 StaticDependenciesID=c91be44dd221198890c85b6f838bc534 
Number of updated asset objects reloaded before import = 0
Number of asset objects unloaded after import = 0
========================================================================
Received Import Request.
  Time of request: 2026-09-17T18:20:26.667336Z
  Time since last request: 0.000245709 seconds.
  importAddress: GUID: 98bcd460e2b44d54b4c2e04f62befd1b - Path: Packages/com.unity.2d.animation/Editor/SkinningModule/UI/PoseToolbar.cs - Importer: ScriptedImporter/UnityEditor.QuickSearchModule:UnityEditor.Search:ASIAI0B
Importing 'GUID: 98bcd460e2b44d54b4c2e04f62befd1b - Path: Packages/com.unity.2d.animation/Editor/SkinningModule/UI/PoseToolbar.cs - Importer: ScriptedImporter/UnityEditor.QuickSearchModule:UnityEditor.Search:ASIAI0B' with importer (ScriptedImporter : UnityEditor.QuickSearchModule:UnityEditor.Search:ASIAI0B)
Imported 'GUID: 98bcd460e2b44d54b4c2e04f62befd1b' -> (Import Result ID: '3d5fd9427fada8dc7976def631aebf6d') in 0.001 seconds [static and dynamic dependencies]. Details - ImportResultOutputID=cc36bbada0b285328518a0245faa580e DependenciesID=7353c1fa403e49a4db7c0b32996b7516 StaticDependenciesID=d1a6deb748fdc46f89d23f0a154ca2fa 
Number of updated asset objects reloaded before import = 0
Number of asset objects unloaded after import = 0
========================================================================
Received Import Request.
  Time of request: 2026-09-17T18:20:26.676404Z
  Time since last request: 0.000199834 seconds.
  importAddress: GUID: 968bc2d2d52a4e58a4ad798c61d9e195 - Path: Packages/com.unity.2d.tooling/Editor/Insider/AnalyzerWindow/DataSourceListItem - Importer: ScriptedImporter/UnityEditor.QuickSearchModule:UnityEditor.Search:ASIAI0B
Importing 'GUID: 968bc2d2d52a4e58a4ad798c61d9e195 - Path: Packages/com.unity.2d.tooling/Editor/Insider/AnalyzerWindow/DataSourceListItem - Importer: ScriptedImporter/UnityEditor.QuickSearchModule:UnityEditor.Search:ASIAI0B' with importer (ScriptedImporter : UnityEditor.QuickSearchModule:UnityEditor.Search:ASIAI0B)
Imported 'GUID: 968bc2d2d52a4e58a4ad798c61d9e195' -> (Import Result ID: 'b378bd2d6305621ce70d8ff37a387c0e') in 0.001 seconds [static and dynamic dependencies]. Details - ImportResultOutputID=93a87c9a4cf86349bb38507bf05b461a DependenciesID=4490ec42cf0de12e837001007d2e8291 StaticDependenciesID=34cc42b708a097489f7699c7da3f60dd 
Number of updated asset objects reloaded before import = 0
Number of asset objects unloaded after import = 1
========================================================================
Received Import Request.
  Time of request: 2026-09-17T18:20:26.684646Z
  Time since last request: 0.000158958 seconds.
  importAddress: GUID: 262cb4b7f3f83594181bf998fc6329cc - Path: Packages/com.unity.2d.sprite/Editor/SpriteEditorModule/SpriteFrameModule/SpriteFrameModule.cs - Importer: ScriptedImporter/UnityEditor.QuickSearchModule:UnityEditor.Search:ASIAI0B
Importing 'GUID: 262cb4b7f3f83594181bf998fc6329cc - Path: Packages/com.unity.2d.sprite/Editor/SpriteEditorModule/SpriteFrameModule/SpriteFrameModule.cs - Importer: ScriptedImporter/UnityEditor.QuickSearchModule:UnityEditor.Search:ASIAI0B' with importer (ScriptedImporter : UnityEditor.QuickSearchModule:UnityEditor.Search:ASIAI0B)
Imported 'GUID: 262cb4b7f3f83594181bf998fc6329cc' -> (Import Result ID: 'e26d6ecbf718dda283e4360a53217c96') in 0.001 seconds [static and dynamic dependencies]. Details - ImportResultOutputID=76379c053ebaa1e3826915b937c6bc2e DependenciesID=79982f2192885fe3a54f5a344bcebab0 StaticDependenciesID=9121a1468415ecdecf2608ea2807c0f8 
Number of updated asset objects reloaded before import = 0
Number of asset objects unloaded after import = 0
========================================================================
Received Import Request.
  Time of request: 2026-09-17T18:20:26.693267Z
  Time since last request: 0.000203417 seconds.
  importAddress: GUID: 48088c7ad0154783970d220f35ebdc74 - Path: Packages/com.unity.2d.psdimporter/Editor/PSDImporterAssetPostProcessor.cs - Importer: ScriptedImporter/UnityEditor.QuickSearchModule:UnityEditor.Search:ASIAI0B
Importing 'GUID: 48088c7ad0154783970d220f35ebdc74 - Path: Packages/com.unity.2d.psdimporter/Editor/PSDImporterAssetPostProcessor.cs - Importer: ScriptedImporter/UnityEditor.QuickSearchModule:UnityEditor.Search:ASIAI0B' with importer (ScriptedImporter : UnityEditor.QuickSearchModule:UnityEditor.Search:ASIAI0B)
Imported 'GUID: 48088c7ad0154783970d220f35ebdc74' -> (Import Result ID: 'f652636c694719f5d4532289be233e7b') in 0.001 seconds [static and dynamic dependencies]. Details - ImportResultOutputID=9ea73624372dfc627ea2f2dadc563b9f DependenciesID=e7d61a7db1503a774b9cb425d842e5b0 StaticDependenciesID=9545f810b4ff16741b3c9c85b1db3b1d 
Number of updated asset objects reloaded before import = 0
Number of asset objects unloaded after import = 0
========================================================================
Received Import Request.
  Time of request: 2026-09-17T18:20:26.701203Z
  Time since last request: 0.000148833 seconds.
  importAddress: GUID: 608e61deb05c54660bebf5a4dd2ee02d - Path: Packages/com.unity.2d.spriteshape/Editor/ObjectMenuCreation/DefaultAssets/Textures/Sprite Shape Corner.png - Importer: ScriptedImporter/UnityEditor.QuickSearchModule:UnityEditor.Search:ASIAI0B
Importing 'GUID: 608e61deb05c54660bebf5a4dd2ee02d - Path: Packages/com.unity.2d.spriteshape/Editor/ObjectMenuCreation/DefaultAssets/Textures/Sprite Shape Corner.png - Importer: ScriptedImporter/UnityEditor.QuickSearchModule:UnityEditor.Search:ASIAI0B' with importer (ScriptedImporter : UnityEditor.QuickSearchModule:UnityEditor.Search:ASIAI0B)
Imported 'GUID: 608e61deb05c54660bebf5a4dd2ee02d' -> (Import Result ID: '4eedacb2dd788f4dc9c4e13e60f84b61') in 0.003 seconds [static and dynamic dependencies]. Details - ImportResultOutputID=5a14524b30f69e83b426857ae618fca4 DependenciesID=eeaf866a43f65a58d4a81c735db119ad StaticDependenciesID=194fe7b8620683540202b072021ebd66 
Number of updated asset objects reloaded before import = 0
Number of asset objects unloaded after import = 3
========================================================================
Received Import Request.
  Time of request: 2026-09-17T18:20:26.710612Z
  Time since last request: 0.000095792 seconds.
  importAddress: GUID: affd7e74f3f7b465ea861fbf1651b73b - Path: Packages/com.unity.2d.animation/Editor/Assets/ComponentIcons/Animation.IKCCD.png - Importer: ScriptedImporter/UnityEditor.QuickSearchModule:UnityEditor.Search:ASIAI0B
Importing 'GUID: affd7e74f3f7b465ea861fbf1651b73b - Path: Packages/com.unity.2d.animation/Editor/Assets/ComponentIcons/Animation.IKCCD.png - Importer: ScriptedImporter/UnityEditor.QuickSearchModule:UnityEditor.Search:ASIAI0B' with importer (ScriptedImporter : UnityEditor.QuickSearchModule:UnityEditor.Search:ASIAI0B)
Imported 'GUID: affd7e74f3f7b465ea861fbf1651b73b' -> (Import Result ID: '4a41b72dcad8ec2ceb707801653b53ad') in 0.003 seconds [static and dynamic dependencies]. Details - ImportResultOutputID=a9c6612a4a3653a280fd380c40d60fd8 DependenciesID=6d7abec8e0d960462942b8542251f724 StaticDependenciesID=b9746076d8a5818f2e46e39b48a8d51c 
Number of updated asset objects reloaded before import = 0
Number of asset objects unloaded after import = 3
========================================================================
Received Import Request.
  Time of request: 2026-09-17T18:20:26.720899Z
  Time since last request: 0.000131167 seconds.
  importAddress: GUID: 88a01be2082444885aa54d39afb85dd8 - Path: Packages/com.unity.2d.psdimporter/Editor/Assets/Icons/Selected/Layers Collapsed@4x.png - Importer: ScriptedImporter/UnityEditor.QuickSearchModule:UnityEditor.Search:ASIAI0B
Importing 'GUID: 88a01be2082444885aa54d39afb85dd8 - Path: Packages/com.unity.2d.psdimporter/Editor/Assets/Icons/Selected/Layers Collapsed@4x.png - Importer: ScriptedImporter/UnityEditor.QuickSearchModule:UnityEditor.Search:ASIAI0B' with importer (ScriptedImporter : UnityEditor.QuickSearchModule:UnityEditor.Search:ASIAI0B)
Imported 'GUID: 88a01be2082444885aa54d39afb85dd8' -> (Import Result ID: '71c9bcbb9de95fa19afec94a412b552b') in 0.003 seconds [static and dynamic dependencies]. Details - ImportResultOutputID=87c6b3be90085e77d6d908e1448e348e DependenciesID=68cd086e1673913f8bceb7d67a467301 StaticDependenciesID=e371dc72cdf1cc5275bf54b5234993ea 
Number of updated asset objects reloaded before import = 0
Number of asset objects unloaded after import = 3
========================================================================
Received Import Request.
  Time of request: 2026-09-17T18:20:26.730963Z
  Time since last request: 0.00018625 seconds.
  importAddress: GUID: 6306a4776b130304bba7a139fc1d2bb8 - Path: Packages/com.unity.2d.animation/Editor/Assets/EditorIcons/Weight_Slider@2x.png - Importer: ScriptedImporter/UnityEditor.QuickSearchModule:UnityEditor.Search:ASIAI0B
Importing 'GUID: 6306a4776b130304bba7a139fc1d2bb8 - Path: Packages/com.unity.2d.animation/Editor/Assets/EditorIcons/Weight_Slider@2x.png - Importer: ScriptedImporter/UnityEditor.QuickSearchModule:UnityEditor.Search:ASIAI0B' with importer (ScriptedImporter : UnityEditor.QuickSearchModule:UnityEditor.Search:ASIAI0B)
Imported 'GUID: 6306a4776b130304bba7a139fc1d2bb8' -> (Import Result ID: '87d26e8166f05a28ab9bab90ead38719') in 0.003 seconds [static and dynamic dependencies]. Details - ImportResultOutputID=04b9f40efac69a88958d2f47bfa4e57f DependenciesID=5e6220787574cb1b27519dfaecb375fb StaticDependenciesID=e1babd5ba1ee2242571df7bc7bdf5cc6 
Number of updated asset objects reloaded before import = 0
Number of asset objects unloaded after import = 3
========================================================================
Received Import Request.
  Time of request: 2026-09-17T18:20:26.740934Z
  Time since last request: 0.000233333 seconds.
  importAddress: GUID: 30fdb7163494e28429d56613fe407bf4 - Path: Packages/com.unity.2d.spriteshape/Runtime/External - Importer: ScriptedImporter/UnityEditor.QuickSearchModule:UnityEditor.Search:ASIAI0B
Importing 'GUID: 30fdb7163494e28429d56613fe407bf4 - Path: Packages/com.unity.2d.spriteshape/Runtime/External - Importer: ScriptedImporter/UnityEditor.QuickSearchModule:UnityEditor.Search:ASIAI0B' with importer (ScriptedImporter : UnityEditor.QuickSearchModule:UnityEditor.Search:ASIAI0B)
Imported 'GUID: 30fdb7163494e28429d56613fe407bf4' -> (Import Result ID: 'c76119fc7ddca92f49caa14a9d8ec38f') in 0.001 seconds [static and dynamic dependencies]. Details - ImportResultOutputID=bccbaa1b9244c3a6f98265f5fa5dbd9d DependenciesID=3a089dceb9f70c3233e5c2eccc55e507 StaticDependenciesID=8ffe6bf1dc0d8a697edbbc652efab869 
Number of updated asset objects reloaded before import = 0
Number of asset objects unloaded after import = 1
========================================================================
Received Import Request.
  Time of request: 2026-09-17T18:20:26.748738Z
  Time since last request: 0.00009925 seconds.
  importAddress: GUID: c96f05e5532dd47ce999027dc8c62448 - Path: Packages/com.unity.2d.tilemap.extras/Editor/Brushes/RandomBrush/RandomBrush@4x.png - Importer: ScriptedImporter/UnityEditor.QuickSearchModule:UnityEditor.Search:ASIAI0B
Importing 'GUID: c96f05e5532dd47ce999027dc8c62448 - Path: Packages/com.unity.2d.tilemap.extras/Editor/Brushes/RandomBrush/RandomBrush@4x.png - Importer: ScriptedImporter/UnityEditor.QuickSearchModule:UnityEditor.Search:ASIAI0B' with importer (ScriptedImporter : UnityEditor.QuickSearchModule:UnityEditor.Search:ASIAI0B)
Imported 'GUID: c96f05e5532dd47ce999027dc8c62448' -> (Import Result ID: '8b15d4a8c7b4410becbd440c98a886d2') in 0.003 seconds [static and dynamic dependencies]. Details - ImportResultOutputID=bb11e6ff1d9c9e02b9fad5827bbed9d9 DependenciesID=a0f4fe3394be76f9f3448b9705be79d6 StaticDependenciesID=0e492c21ecf4f6f22a38d06ebc00aaf2 
Number of updated asset objects reloaded before import = 0
Number of asset objects unloaded after import = 3
========================================================================
Received Import Request.
  Time of request: 2026-09-17T18:20:26.758307Z
  Time since last request: 0.000246125 seconds.
  importAddress: GUID: 1f585c44eb1d24a0db7d3d15d203720a - Path: Packages/com.unity.2d.tooling/Editor/Insider/AnalyzerWindow/DataSourceListItem/DataSourceListItem.uxml - Importer: ScriptedImporter/UnityEditor.QuickSearchModule:UnityEditor.Search:ASIAI0B
Importing 'GUID: 1f585c44eb1d24a0db7d3d15d203720a - Path: Packages/com.unity.2d.tooling/Editor/Insider/AnalyzerWindow/DataSourceListItem/DataSourceListItem.uxml - Importer: ScriptedImporter/UnityEditor.QuickSearchModule:UnityEditor.Search:ASIAI0B' with importer (ScriptedImporter : UnityEditor.QuickSearchModule:UnityEditor.Search:ASIAI0B)
Imported 'GUID: 1f585c44eb1d24a0db7d3d15d203720a' -> (Import Result ID: '726185f6fdfaa79616e36c1c55f8420b') in 0.003 seconds [static and dynamic dependencies]. Details - ImportResultOutputID=825ef8d331f21217991e4c6d25094d6f DependenciesID=521d1153a2bf72d53417e606ebff1968 StaticDependenciesID=41c03b9ec8e37e3c4b24fe37fe08cb6d 
Number of updated asset objects reloaded before import = 0
Number of asset objects unloaded after import = 3
========================================================================
Received Import Request.
  Time of request: 2026-09-17T18:20:26.76901Z
  Time since last request: 0.000194834 seconds.
  importAddress: GUID: f708c0da8a2b5fc4381f7f8d4a322a0a - Path: Packages/com.unity.2d.tilemap/Editor/Icons/Tilemap.ActiveTargetLayers@2x.png - Importer: ScriptedImporter/UnityEditor.QuickSearchModule:UnityEditor.Search:ASIAI0B
Importing 'GUID: f708c0da8a2b5fc4381f7f8d4a322a0a - Path: Packages/com.unity.2d.tilemap/Editor/Icons/Tilemap.ActiveTargetLayers@2x.png - Importer: ScriptedImporter/UnityEditor.QuickSearchModule:UnityEditor.Search:ASIAI0B' with importer (ScriptedImporter : UnityEditor.QuickSearchModule:UnityEditor.Search:ASIAI0B)
Imported 'GUID: f708c0da8a2b5fc4381f7f8d4a322a0a' -> (Import Result ID: '68642e4e15bb0f1cba9853a7837cb070') in 0.003 seconds [static and dynamic dependencies]. Details - ImportResultOutputID=974e1cd4e2e373f8f70633fd5188091d DependenciesID=6530273443264c7f9b72376c2478fb45 StaticDependenciesID=46d02824b55424bc9db03f814888c1c5 
Number of updated asset objects reloaded before import = 0
Number of asset objects unloaded after import = 3
========================================================================
Received Import Request.
  Time of request: 2026-09-17T18:20:26.779894Z
  Time since last request: 0.000174042 seconds.
  importAddress: GUID: ab839d384eb97298fbe398aba4ff59d7 - Path: Packages/com.unity.2d.aseprite - Importer: ScriptedImporter/UnityEditor.QuickSearchModule:UnityEditor.Search:ASIAI0B
Importing 'GUID: ab839d384eb97298fbe398aba4ff59d7 - Path: Packages/com.unity.2d.aseprite - Importer: ScriptedImporter/UnityEditor.QuickSearchModule:UnityEditor.Search:ASIAI0B' with importer (ScriptedImporter : UnityEditor.QuickSearchModule:UnityEditor.Search:ASIAI0B)
Imported 'GUID: ab839d384eb97298fbe398aba4ff59d7' -> (Import Result ID: '5241bef3e284a87cd98fc30d39ad4a78') in 0.001 seconds [static and dynamic dependencies]. Details - ImportResultOutputID=822b2cabb583abca4345b30b8ed73f8f DependenciesID=598b973753cbeac62826e9d8ef165d47 StaticDependenciesID=254f7d92afe98a87e2686eab77e6fdac 
Number of updated asset objects reloaded before import = 0
Number of asset objects unloaded after import = 1
========================================================================
Received Import Request.
  Time of request: 2026-09-17T18:20:26.788061Z
  Time since last request: 0.000151041 seconds.
  importAddress: GUID: 8dbb9f40df36243efaad92ce7cddfc71 - Path: Packages/com.unity.2d.psdimporter/Editor/Assets/Icons/Dark/Layers Mixed@1x.png - Importer: ScriptedImporter/UnityEditor.QuickSearchModule:UnityEditor.Search:ASIAI0B
Importing 'GUID: 8dbb9f40df36243efaad92ce7cddfc71 - Path: Packages/com.unity.2d.psdimporter/Editor/Assets/Icons/Dark/Layers Mixed@1x.png - Importer: ScriptedImporter/UnityEditor.QuickSearchModule:UnityEditor.Search:ASIAI0B' with importer (ScriptedImporter : UnityEditor.QuickSearchModule:UnityEditor.Search:ASIAI0B)
Imported 'GUID: 8dbb9f40df36243efaad92ce7cddfc71' -> (Import Result ID: '0dcf5798ed83cb0e48a33ded81be1d78') in 0.004 seconds [static and dynamic dependencies]. Details - ImportResultOutputID=93cac9cf8c629a2e83b699bd5ce28b1d DependenciesID=164043d55fa74d86a94dea0f04e0bc57 StaticDependenciesID=f9f1fe9cba60d365e63a6712028785f9 
Number of updated asset objects reloaded before import = 0
Number of asset objects unloaded after import = 3
========================================================================
Received Import Request.
  Time of request: 2026-09-17T18:20:26.799454Z
  Time since last request: 0.000169208 seconds.
  importAddress: GUID: a6a0f37ed96054aac9bf7e344be2982b - Path: Packages/com.unity.2d.aseprite/Editor/Assets/UI/ExportAnimAssetsStyleSheet.uss - Importer: ScriptedImporter/UnityEditor.QuickSearchModule:UnityEditor.Search:ASIAI0B
Importing 'GUID: a6a0f37ed96054aac9bf7e344be2982b - Path: Packages/com.unity.2d.aseprite/Editor/Assets/UI/ExportAnimAssetsStyleSheet.uss - Importer: ScriptedImporter/UnityEditor.QuickSearchModule:UnityEditor.Search:ASIAI0B' with importer (ScriptedImporter : UnityEditor.QuickSearchModule:UnityEditor.Search:ASIAI0B)
Imported 'GUID: a6a0f37ed96054aac9bf7e344be2982b' -> (Import Result ID: 'ba2ce8bc4b0b9aeb9fec1b8ed1c4b354') in 0.002 seconds [static and dynamic dependencies]. Details - ImportResultOutputID=f403ddd1cbea1aa68a660f06aa7f3037 DependenciesID=745f3a816954ec0d486c46e6e867a149 StaticDependenciesID=e6be6f1a4efb15c541867daa46ed838c 
Number of updated asset objects reloaded before import = 0
Number of asset objects unloaded after import = 1
========================================================================
Received Import Request.
  Time of request: 2026-09-17T18:20:26.808679Z
  Time since last request: 0.000177042 seconds.
  importAddress: GUID: 5c718c499137a4dc48bbf03037c806f6 - Path: Packages/com.unity.2d.animation/Editor/Assets/ComponentIcons/Animation.SpriteLibraryVar@128.png - Importer: ScriptedImporter/UnityEditor.QuickSearchModule:UnityEditor.Search:ASIAI0B
Importing 'GUID: 5c718c499137a4dc48bbf03037c806f6 - Path: Packages/com.unity.2d.animation/Editor/Assets/ComponentIcons/Animation.SpriteLibraryVar@128.png - Importer: ScriptedImporter/UnityEditor.QuickSearchModule:UnityEditor.Search:ASIAI0B' with importer (ScriptedImporter : UnityEditor.QuickSearchModule:UnityEditor.Search:ASIAI0B)
Imported 'GUID: 5c718c499137a4dc48bbf03037c806f6' -> (Import Result ID: '73029828fa4ef9a1f670bc34f0d9bbb2') in 0.003 seconds [static and dynamic dependencies]. Details - ImportResultOutputID=88c384069c53a9897ebd9ce252c71188 DependenciesID=717900204bfda68cdc088360e8d47a2a StaticDependenciesID=266b1317d34847c2528099761a0677b6 
Number of updated asset objects reloaded before import = 0
Number of asset objects unloaded after import = 3
========================================================================
Received Import Request.
  Time of request: 2026-09-17T18:20:26.819176Z
  Time since last request: 0.000343875 seconds.
  importAddress: GUID: 812b92369e1c26c4eb12b733b257bd85 - Path: Packages/com.unity.2d.psdimporter/Editor/PSDPlugin/PhotoShopFileType/ImageDecoderPdn.cs - Importer: ScriptedImporter/UnityEditor.QuickSearchModule:UnityEditor.Search:ASIAI0B
Importing 'GUID: 812b92369e1c26c4eb12b733b257bd85 - Path: Packages/com.unity.2d.psdimporter/Editor/PSDPlugin/PhotoShopFileType/ImageDecoderPdn.cs - Importer: ScriptedImporter/UnityEditor.QuickSearchModule:UnityEditor.Search:ASIAI0B' with importer (ScriptedImporter : UnityEditor.QuickSearchModule:UnityEditor.Search:ASIAI0B)
Imported 'GUID: 812b92369e1c26c4eb12b733b257bd85' -> (Import Result ID: '76c0c01ffc8a15b70737ee2ef040c32b') in 0.001 seconds [static and dynamic dependencies]. Details - ImportResultOutputID=dd889f9ea2530850c4d60eaa93c8398e DependenciesID=b9fcc0ab60e6797ff5624946c522e33a StaticDependenciesID=5eda673325cb5969e2043e0b4df9d302 
Number of updated asset objects reloaded before import = 0
Number of asset objects unloaded after import = 0
========================================================================
Received Import Request.
  Time of request: 2026-09-17T18:20:26.827488Z
  Time since last request: 0.000256625 seconds.
  importAddress: GUID: cc7d2cf7748504544a90f45ddac4dc80 - Path: Packages/com.unity.2d.animation/Editor/Assets/ComponentIcons/d_Animation.SpriteLibraryVar@256.png - Importer: ScriptedImporter/UnityEditor.QuickSearchModule:UnityEditor.Search:ASIAI0B
Importing 'GUID: cc7d2cf7748504544a90f45ddac4dc80 - Path: Packages/com.unity.2d.animation/Editor/Assets/ComponentIcons/d_Animation.SpriteLibraryVar@256.png - Importer: ScriptedImporter/UnityEditor.QuickSearchModule:UnityEditor.Search:ASIAI0B' with importer (ScriptedImporter : UnityEditor.QuickSearchModule:UnityEditor.Search:ASIAI0B)
Imported 'GUID: cc7d2cf7748504544a90f45ddac4dc80' -> (Import Result ID: 'b432283e7e1382b50d7dcfa12fcdb7a5') in 0.003 seconds [static and dynamic dependencies]. Details - ImportResultOutputID=1058bed930a301a615cbf0f045b9d8af DependenciesID=f8689f3bee210e2030fb9341289a3a1a StaticDependenciesID=6df0b44e9a30983112b37f1abf0737d8 
Number of updated asset objects reloaded before import = 0
Number of asset objects unloaded after import = 3
========================================================================
Received Import Request.
  Time of request: 2026-09-17T18:20:26.837718Z
  Time since last request: 0.0001605 seconds.
  importAddress: GUID: 17106df58275493b9d81ae1d9f17ae53 - Path: Packages/com.unity.2d.animation/Profiler/Editor/UI/SpriteSkinStatisticView - Importer: ScriptedImporter/UnityEditor.QuickSearchModule:UnityEditor.Search:ASIAI0B
Importing 'GUID: 17106df58275493b9d81ae1d9f17ae53 - Path: Packages/com.unity.2d.animation/Profiler/Editor/UI/SpriteSkinStatisticView - Importer: ScriptedImporter/UnityEditor.QuickSearchModule:UnityEditor.Search:ASIAI0B' with importer (ScriptedImporter : UnityEditor.QuickSearchModule:UnityEditor.Search:ASIAI0B)
Imported 'GUID: 17106df58275493b9d81ae1d9f17ae53' -> (Import Result ID: 'bfc0d4a86fad3509e68d7f46044201bf') in 0.001 seconds [static and dynamic dependencies]. Details - ImportResultOutputID=05c6a23b338e664dbd7e00a9cdfe6e37 DependenciesID=ca191f7d44e8ce1b43b2f4d7230a36e4 StaticDependenciesID=173e3599d6f6859ec99559c1faf12d9b 
Number of updated asset objects reloaded before import = 0
Number of asset objects unloaded after import = 1
========================================================================
Received Import Request.
  Time of request: 2026-09-17T18:20:26.845693Z
  Time since last request: 0.000180167 seconds.
  importAddress: GUID: 1e7881f6af9ad4c0eb01def7f1b8a31b - Path: Packages/com.unity.2d.animation/Editor/Assets/ComponentIcons/d_Animation.SpriteSkin@256.png - Importer: ScriptedImporter/UnityEditor.QuickSearchModule:UnityEditor.Search:ASIAI0B
Importing 'GUID: 1e7881f6af9ad4c0eb01def7f1b8a31b - Path: Packages/com.unity.2d.animation/Editor/Assets/ComponentIcons/d_Animation.SpriteSkin@256.png - Importer: ScriptedImporter/UnityEditor.QuickSearchModule:UnityEditor.Search:ASIAI0B' with importer (ScriptedImporter : UnityEditor.QuickSearchModule:UnityEditor.Search:ASIAI0B)
Imported 'GUID: 1e7881f6af9ad4c0eb01def7f1b8a31b' -> (Import Result ID: 'd5bb187a93fae2d45133b350b06594a5') in 0.003 seconds [static and dynamic dependencies]. Details - ImportResultOutputID=25e1f2a67c64de13a3e87ee99161db6a DependenciesID=daa9e64a508fbf5903880bbd15161348 StaticDependenciesID=02fe69aacaffad54f40c4db8ec0da41d 
Number of updated asset objects reloaded before import = 0
Number of asset objects unloaded after import = 3
========================================================================
Received Import Request.
  Time of request: 2026-09-17T18:20:26.855988Z
  Time since last request: 0.000151833 seconds.
  importAddress: GUID: 8ee1b1583a594cf47baebcd4a5d46cb9 - Path: Packages/com.unity.2d.tilemap.extras/Editor/Tiles/IsometricRuleTile - Importer: ScriptedImporter/UnityEditor.QuickSearchModule:UnityEditor.Search:ASIAI0B
Importing 'GUID: 8ee1b1583a594cf47baebcd4a5d46cb9 - Path: Packages/com.unity.2d.tilemap.extras/Editor/Tiles/IsometricRuleTile - Importer: ScriptedImporter/UnityEditor.QuickSearchModule:UnityEditor.Search:ASIAI0B' with importer (ScriptedImporter : UnityEditor.QuickSearchModule:UnityEditor.Search:ASIAI0B)
Imported 'GUID: 8ee1b1583a594cf47baebcd4a5d46cb9' -> (Import Result ID: '5a4aa864ebceb4a301824b0d3547e295') in 0.001 seconds [static and dynamic dependencies]. Details - ImportResultOutputID=a22b8ada367e0b5a29c3b76423449ef1 DependenciesID=428ed7e1041a0f07dfd6e2e9f9c9561e StaticDependenciesID=055864472bce37ae3d0256cc1bd29584 
Number of updated asset objects reloaded before import = 0
Number of asset objects unloaded after import = 1
========================================================================
Received Import Request.
  Time of request: 2026-09-17T18:20:26.863517Z
  Time since last request: 0.000116416 seconds.
  importAddress: GUID: 4103ad8b83780496d93e0fabf89b806e - Path: Packages/com.unity.2d.spriteshape/Editor - Importer: ScriptedImporter/UnityEditor.QuickSearchModule:UnityEditor.Search:ASIAI0B
Importing 'GUID: 4103ad8b83780496d93e0fabf89b806e - Path: Packages/com.unity.2d.spriteshape/Editor - Importer: ScriptedImporter/UnityEditor.QuickSearchModule:UnityEditor.Search:ASIAI0B' with importer (ScriptedImporter : UnityEditor.QuickSearchModule:UnityEditor.Search:ASIAI0B)
Imported 'GUID: 4103ad8b83780496d93e0fabf89b806e' -> (Import Result ID: '7451925bd55b4414baa8be693dc82a17') in 0.001 seconds [static and dynamic dependencies]. Details - ImportResultOutputID=8fb638589a4ab4b743cd9ca9a297f668 DependenciesID=a0d0f2e7921e67ba383703c7275b9475 StaticDependenciesID=7bb2b2284baed145c0e719598e0dcce2 
Number of updated asset objects reloaded before import = 0
Number of asset objects unloaded after import = 1
========================================================================
Received Import Request.
  Time of request: 2026-09-17T18:20:26.871188Z
  Time since last request: 0.000148875 seconds.
  importAddress: GUID: 9b243bd8491a24b2cbe5231468a93813 - Path: Packages/com.unity.2d.sprite/Editor/Assets/SpriteEditor.png - Importer: ScriptedImporter/UnityEditor.QuickSearchModule:UnityEditor.Search:ASIAI0B
Importing 'GUID: 9b243bd8491a24b2cbe5231468a93813 - Path: Packages/com.unity.2d.sprite/Editor/Assets/SpriteEditor.png - Importer: ScriptedImporter/UnityEditor.QuickSearchModule:UnityEditor.Search:ASIAI0B' with importer (ScriptedImporter : UnityEditor.QuickSearchModule:UnityEditor.Search:ASIAI0B)
Imported 'GUID: 9b243bd8491a24b2cbe5231468a93813' -> (Import Result ID: '0d06db350148b1523c3a9fa5b39331af') in 0.003 seconds [static and dynamic dependencies]. Details - ImportResultOutputID=c004545680f0d57ab255aa2c639f8e5c DependenciesID=fd8686e282200c1e2dc96eca66509ab2 StaticDependenciesID=5681b961ae2a450102c32cf896394a31 
Number of updated asset objects reloaded before import = 0
Number of asset objects unloaded after import = 1
========================================================================
Received Import Request.
  Time of request: 2026-09-17T18:20:26.88123Z
  Time since last request: 0.000146 seconds.
  importAddress: GUID: 11ff6b09ffef54ec1807e95c1a797106 - Path: Packages/com.unity.2d.aseprite/Tests/Editor/Unity.2D.Aseprite.EditorTests.asmdef - Importer: ScriptedImporter/UnityEditor.QuickSearchModule:UnityEditor.Search:ASIAI0B
Importing 'GUID: 11ff6b09ffef54ec1807e95c1a797106 - Path: Packages/com.unity.2d.aseprite/Tests/Editor/Unity.2D.Aseprite.EditorTests.asmdef - Importer: ScriptedImporter/UnityEditor.QuickSearchModule:UnityEditor.Search:ASIAI0B' with importer (ScriptedImporter : UnityEditor.QuickSearchModule:UnityEditor.Search:ASIAI0B)
Imported 'GUID: 11ff6b09ffef54ec1807e95c1a797106' -> (Import Result ID: '7bc8f562b6f6bb1c99511e71126ba2b5') in 0.001 seconds [static and dynamic dependencies]. Details - ImportResultOutputID=96c31aca3d2e546dfb110b0f1df6c398 DependenciesID=b77216031293e8b5ad3ae4030ae12f38 StaticDependenciesID=a79e3354d1703b87638a4a20335cf4a5 
Number of updated asset objects reloaded before import = 0
Number of asset objects unloaded after import = 1
========================================================================
Received Import Request.
  Time of request: 2026-09-17T18:20:26.888965Z
  Time since last request: 0.000114916 seconds.
  importAddress: GUID: 1359900d9d213c641b1d44f49de5281d - Path: Packages/com.unity.2d.psdimporter/Editor/PSDPlugin/PsdFile/Exceptions.cs - Importer: ScriptedImporter/UnityEditor.QuickSearchModule:UnityEditor.Search:ASIAI0B
Importing 'GUID: 1359900d9d213c641b1d44f49de5281d - Path: Packages/com.unity.2d.psdimporter/Editor/PSDPlugin/PsdFile/Exceptions.cs - Importer: ScriptedImporter/UnityEditor.QuickSearchModule:UnityEditor.Search:ASIAI0B' with importer (ScriptedImporter : UnityEditor.QuickSearchModule:UnityEditor.Search:ASIAI0B)
Imported 'GUID: 1359900d9d213c641b1d44f49de5281d' -> (Import Result ID: '3fa78b32864ae1befa9b682c24ac3e02') in 0.001 seconds [static and dynamic dependencies]. Details - ImportResultOutputID=655dead9d4a94ec10eafc59071cfa409 DependenciesID=c912519231ab776c7dcb29e6fcb506de StaticDependenciesID=559425921d73350cc1d0cc5f56fba799 
Number of updated asset objects reloaded before import = 0
Number of asset objects unloaded after import = 0
========================================================================
Received Import Request.
  Time of request: 2026-09-17T18:20:26.896638Z
  Time since last request: 0.000241167 seconds.
  importAddress: GUID: 2c603b35007f443a82fe8e3a68d8668c - Path: Packages/com.unity.2d.tilemap/Editor/UI/TilePaletteBrushPickButton.cs - Importer: ScriptedImporter/UnityEditor.QuickSearchModule:UnityEditor.Search:ASIAI0B
Importing 'GUID: 2c603b35007f443a82fe8e3a68d8668c - Path: Packages/com.unity.2d.tilemap/Editor/UI/TilePaletteBrushPickButton.cs - Importer: ScriptedImporter/UnityEditor.QuickSearchModule:UnityEditor.Search:ASIAI0B' with importer (ScriptedImporter : UnityEditor.QuickSearchModule:UnityEditor.Search:ASIAI0B)
Imported 'GUID: 2c603b35007f443a82fe8e3a68d8668c' -> (Import Result ID: '98785010f0e79a1267fe00e39f412f7e') in 0.001 seconds [static and dynamic dependencies]. Details - ImportResultOutputID=058b0e36622bc72734616fa50ca044b8 DependenciesID=2c01ebc9bff15f82ef915f027041f77f StaticDependenciesID=e675bd515586d8a732d45f6ef4180761 
Number of updated asset objects reloaded before import = 0
Number of asset objects unloaded after import = 0
========================================================================
Received Import Request.
  Time of request: 2026-09-17T18:20:26.916904Z
  Time since last request: 0.011929625 seconds.
  importAddress: GUID: 7d38d0857bee3b54084cf5988bf12db1 - Path: Packages/com.unity.2d.spriteshape/Editor/SpriteShapeAnalytics.cs - Importer: ScriptedImporter/UnityEditor.QuickSearchModule:UnityEditor.Search:ASIAI0B
Importing 'GUID: 7d38d0857bee3b54084cf5988bf12db1 - Path: Packages/com.unity.2d.spriteshape/Editor/SpriteShapeAnalytics.cs - Importer: ScriptedImporter/UnityEditor.QuickSearchModule:UnityEditor.Search:ASIAI0B' with importer (ScriptedImporter : UnityEditor.QuickSearchModule:UnityEditor.Search:ASIAI0B)
Imported 'GUID: 7d38d0857bee3b54084cf5988bf12db1' -> (Import Result ID: '23f332888cebc80dae07fc4cc6c6676e') in 0.001 seconds [static and dynamic dependencies]. Details - ImportResultOutputID=b14d9643867c2bc60d3eceb59bea58e9 DependenciesID=d25712cb59964577e9119db3f547f82e StaticDependenciesID=8b4618424937f869c87d604f6bfcdbfe 
Number of updated asset objects reloaded before import = 0
Number of asset objects unloaded after import = 0
========================================================================
Received Import Request.
  Time of request: 2026-09-17T18:20:26.92542Z
  Time since last request: 0.000282125 seconds.
  importAddress: GUID: f3940f64802892746b2ec336d3b0c5f4 - Path: Packages/com.unity.2d.animation/Editor/Assets/EditorIcons/Visibility_Hidded@2x.png - Importer: ScriptedImporter/UnityEditor.QuickSearchModule:UnityEditor.Search:ASIAI0B
Importing 'GUID: f3940f64802892746b2ec336d3b0c5f4 - Path: Packages/com.unity.2d.animation/Editor/Assets/EditorIcons/Visibility_Hidded@2x.png - Importer: ScriptedImporter/UnityEditor.QuickSearchModule:UnityEditor.Search:ASIAI0B' with importer (ScriptedImporter : UnityEditor.QuickSearchModule:UnityEditor.Search:ASIAI0B)
Imported 'GUID: f3940f64802892746b2ec336d3b0c5f4' -> (Import Result ID: '9eae732663aef84829a264b81ce148be') in 0.002 seconds [static and dynamic dependencies]. Details - ImportResultOutputID=e3e76d2e26e23571905e9163fd61f7f3 DependenciesID=b65f7f121f9ecec26a4f744a06244ae1 StaticDependenciesID=f5d133affa1058ec9a0770811d611f78 
Number of updated asset objects reloaded before import = 0
Number of asset objects unloaded after import = 3
========================================================================
Received Import Request.
  Time of request: 2026-09-17T18:20:26.935206Z
  Time since last request: 0.0001405 seconds.
  importAddress: GUID: f7836643c0cc9724c94363180ebebd47 - Path: Packages/com.unity.2d.animation/Editor/SkinningModule/SpriteBoneInfluence/SpriteBoneInfluenceTool.cs - Importer: ScriptedImporter/UnityEditor.QuickSearchModule:UnityEditor.Search:ASIAI0B
Importing 'GUID: f7836643c0cc9724c94363180ebebd47 - Path: Packages/com.unity.2d.animation/Editor/SkinningModule/SpriteBoneInfluence/SpriteBoneInfluenceTool.cs - Importer: ScriptedImporter/UnityEditor.QuickSearchModule:UnityEditor.Search:ASIAI0B' with importer (ScriptedImporter : UnityEditor.QuickSearchModule:UnityEditor.Search:ASIAI0B)
Imported 'GUID: f7836643c0cc9724c94363180ebebd47' -> (Import Result ID: 'e15f774b57d302f84122a415a3bab9d4') in 0.001 seconds [static and dynamic dependencies]. Details - ImportResultOutputID=50117a67f8843973d29d7c4fb119c00d DependenciesID=df022c209e431d78baed1e71c22be93c StaticDependenciesID=35cd0a57e393548a413fb0466c09cba7 
Number of updated asset objects reloaded before import = 0
Number of asset objects unloaded after import = 0
========================================================================
Received Import Request.
  Time of request: 2026-09-17T18:20:26.943485Z
  Time since last request: 0.000190292 seconds.
  importAddress: GUID: 90847c0a31834ab383dcd062f4ec41bd - Path: Packages/com.unity.2d.psdimporter/Editor/Pipeline.cs - Importer: ScriptedImporter/UnityEditor.QuickSearchModule:UnityEditor.Search:ASIAI0B
Importing 'GUID: 90847c0a31834ab383dcd062f4ec41bd - Path: Packages/com.unity.2d.psdimporter/Editor/Pipeline.cs - Importer: ScriptedImporter/UnityEditor.QuickSearchModule:UnityEditor.Search:ASIAI0B' with importer (ScriptedImporter : UnityEditor.QuickSearchModule:UnityEditor.Search:ASIAI0B)
Imported 'GUID: 90847c0a31834ab383dcd062f4ec41bd' -> (Import Result ID: 'c715a4572f32a80684b7aaa27220160b') in 0.001 seconds [static and dynamic dependencies]. Details - ImportResultOutputID=f84cde687ce6b6451c5fdea465ed3f53 DependenciesID=99ee1ac52d5b7bc41b5b2faeef456c02 StaticDependenciesID=19b90b039a8563d0e7d34699d1ddbd70 
Number of updated asset objects reloaded before import = 0
Number of asset objects unloaded after import = 0
========================================================================
Received Import Request.
  Time of request: 2026-09-17T18:20:26.951504Z
  Time since last request: 0.000127292 seconds.
  importAddress: GUID: 13c75d66e2f74a2884c84d43e34ad5b5 - Path: Packages/com.unity.2d.tooling/Editor/Insider/AnalyzerWindow/ReportListView/ReportListView.cs - Importer: ScriptedImporter/UnityEditor.QuickSearchModule:UnityEditor.Search:ASIAI0B
Importing 'GUID: 13c75d66e2f74a2884c84d43e34ad5b5 - Path: Packages/com.unity.2d.tooling/Editor/Insider/AnalyzerWindow/ReportListView/ReportListView.cs - Importer: ScriptedImporter/UnityEditor.QuickSearchModule:UnityEditor.Search:ASIAI0B' with importer (ScriptedImporter : UnityEditor.QuickSearchModule:UnityEditor.Search:ASIAI0B)
Imported 'GUID: 13c75d66e2f74a2884c84d43e34ad5b5' -> (Import Result ID: '72147fc57935c44ed91ee5c3a788d375') in 0.001 seconds [static and dynamic dependencies]. Details - ImportResultOutputID=a89284c914d457e5e0bda257fe054d9f DependenciesID=1ed1c284e9ea372fbb81983f0b29cfb7 StaticDependenciesID=d20ddfb666b52aedf61105da6a1fda02 
Number of updated asset objects reloaded before import = 0
Number of asset objects unloaded after import = 0
========================================================================
Received Import Request.
  Time of request: 2026-09-17T18:20:26.959829Z
  Time since last request: 0.000195 seconds.
  importAddress: GUID: 96feaa0b12eabfe44b345be97ea0029c - Path: Packages/com.unity.2d.psdimporter/Editor/PSDImportPostProcessor.cs - Importer: ScriptedImporter/UnityEditor.QuickSearchModule:UnityEditor.Search:ASIAI0B
Importing 'GUID: 96feaa0b12eabfe44b345be97ea0029c - Path: Packages/com.unity.2d.psdimporter/Editor/PSDImportPostProcessor.cs - Importer: ScriptedImporter/UnityEditor.QuickSearchModule:UnityEditor.Search:ASIAI0B' with importer (ScriptedImporter : UnityEditor.QuickSearchModule:UnityEditor.Search:ASIAI0B)
Imported 'GUID: 96feaa0b12eabfe44b345be97ea0029c' -> (Import Result ID: 'ef1bff84ed33b5364bfaef28dbec1d94') in 0.001 seconds [static and dynamic dependencies]. Details - ImportResultOutputID=fc74b2fe27c92aabdaa5b6d79ff389f9 DependenciesID=50cbd0268fdbd53942b596cd043bb7ac StaticDependenciesID=5f10c369c7ba790b3530225e205ba1c9 
Number of updated asset objects reloaded before import = 0
Number of asset objects unloaded after import = 0
========================================================================
Received Import Request.
  Time of request: 2026-09-17T18:20:26.968113Z
  Time since last request: 0.000239833 seconds.
  importAddress: GUID: 28dc3042d4cec467ec263e8b52c58a47 - Path: Packages/com.unity.2d.spriteshape - Importer: ScriptedImporter/UnityEditor.QuickSearchModule:UnityEditor.Search:ASIAI0B
Importing 'GUID: 28dc3042d4cec467ec263e8b52c58a47 - Path: Packages/com.unity.2d.spriteshape - Importer: ScriptedImporter/UnityEditor.QuickSearchModule:UnityEditor.Search:ASIAI0B' with importer (ScriptedImporter : UnityEditor.QuickSearchModule:UnityEditor.Search:ASIAI0B)
Imported 'GUID: 28dc3042d4cec467ec263e8b52c58a47' -> (Import Result ID: 'f2dccf84c6425af871356c2c04b17092') in 0.001 seconds [static and dynamic dependencies]. Details - ImportResultOutputID=7b2f829a9d0ac37dd333b4af3ae3e172 DependenciesID=4eebe694f7209b3dcd017463b8fd0882 StaticDependenciesID=a41663368738b85112aaa69e41cb85c9 
Number of updated asset objects reloaded before import = 0
Number of asset objects unloaded after import = 1
========================================================================
Received Import Request.
  Time of request: 2026-09-17T18:20:26.976732Z
  Time since last request: 0.000172375 seconds.
  importAddress: GUID: 2a637fd14bfd64d0e965e4c9e4a7d8b6 - Path: Packages/com.unity.2d.animation/Editor/Assets/EditorIcons/SetPivot@2x.png - Importer: ScriptedImporter/UnityEditor.QuickSearchModule:UnityEditor.Search:ASIAI0B
Importing 'GUID: 2a637fd14bfd64d0e965e4c9e4a7d8b6 - Path: Packages/com.unity.2d.animation/Editor/Assets/EditorIcons/SetPivot@2x.png - Importer: ScriptedImporter/UnityEditor.QuickSearchModule:UnityEditor.Search:ASIAI0B' with importer (ScriptedImporter : UnityEditor.QuickSearchModule:UnityEditor.Search:ASIAI0B)
Imported 'GUID: 2a637fd14bfd64d0e965e4c9e4a7d8b6' -> (Import Result ID: '762e1672a75150aa4e9dc9d0aeed23a9') in 0.002 seconds [static and dynamic dependencies]. Details - ImportResultOutputID=389d3bc9163ca5d9e8751da977b5ab4c DependenciesID=3eca65698a1b5130055e179542c78473 StaticDependenciesID=87b4039ad47654c031660c8b48320e25 
Number of updated asset objects reloaded before import = 0
Number of asset objects unloaded after import = 3
========================================================================
Received Import Request.
  Time of request: 2026-09-17T18:20:26.986551Z
  Time since last request: 0.000115583 seconds.
  importAddress: GUID: 262d646365ba9344aa9e63c3d60c4522 - Path: Packages/com.unity.2d.animation/Editor/SkinningModule/SkinningCache/BoneCache.cs - Importer: ScriptedImporter/UnityEditor.QuickSearchModule:UnityEditor.Search:ASIAI0B
Importing 'GUID: 262d646365ba9344aa9e63c3d60c4522 - Path: Packages/com.unity.2d.animation/Editor/SkinningModule/SkinningCache/BoneCache.cs - Importer: ScriptedImporter/UnityEditor.QuickSearchModule:UnityEditor.Search:ASIAI0B' with importer (ScriptedImporter : UnityEditor.QuickSearchModule:UnityEditor.Search:ASIAI0B)
Imported 'GUID: 262d646365ba9344aa9e63c3d60c4522' -> (Import Result ID: '53aa5d5822763d852951942a7fafa3af') in 0.001 seconds [static and dynamic dependencies]. Details - ImportResultOutputID=65cd4b426d382a855dbc27cd3ea35e5c DependenciesID=34547aa889572f31a98bd51152400296 StaticDependenciesID=8d75ec83a2998e12a9f128c076782020 
Number of updated asset objects reloaded before import = 0
Number of asset objects unloaded after import = 0
========================================================================
Received Import Request.
  Time of request: 2026-09-17T18:20:26.994497Z
  Time since last request: 0.000199625 seconds.
  importAddress: GUID: e38406724ef4d4b25a0b90c4e409ad62 - Path: Packages/com.unity.2d.common/Path/Editor/Selection/ISelection.cs - Importer: ScriptedImporter/UnityEditor.QuickSearchModule:UnityEditor.Search:ASIAI0B
Importing 'GUID: e38406724ef4d4b25a0b90c4e409ad62 - Path: Packages/com.unity.2d.common/Path/Editor/Selection/ISelection.cs - Importer: ScriptedImporter/UnityEditor.QuickSearchModule:UnityEditor.Search:ASIAI0B' with importer (ScriptedImporter : UnityEditor.QuickSearchModule:UnityEditor.Search:ASIAI0B)
Imported 'GUID: e38406724ef4d4b25a0b90c4e409ad62' -> (Import Result ID: 'a4cd290f284f326f42e2060dbbfe7a39') in 0.001 seconds [static and dynamic dependencies]. Details - ImportResultOutputID=d450df76dc9502562e3c9541429da825 DependenciesID=ce248edf70687a5a538d1e12a27b2fee StaticDependenciesID=ab4597cabbb817a2f33d9f5c6ff10d72 
Number of updated asset objects reloaded before import = 0
Number of asset objects unloaded after import = 0
========================================================================
Received Import Request.
  Time of request: 2026-09-17T18:20:27.002448Z
  Time since last request: 0.000154709 seconds.
  importAddress: GUID: 30ae93fb156fc6d4c828c64571fc3edd - Path: Packages/com.unity.2d.animation/IK/Runtime/LimbSolver2D.cs - Importer: ScriptedImporter/UnityEditor.QuickSearchModule:UnityEditor.Search:ASIAI0B
Importing 'GUID: 30ae93fb156fc6d4c828c64571fc3edd - Path: Packages/com.unity.2d.animation/IK/Runtime/LimbSolver2D.cs - Importer: ScriptedImporter/UnityEditor.QuickSearchModule:UnityEditor.Search:ASIAI0B' with importer (ScriptedImporter : UnityEditor.QuickSearchModule:UnityEditor.Search:ASIAI0B)
Imported 'GUID: 30ae93fb156fc6d4c828c64571fc3edd' -> (Import Result ID: 'cb75ad378b59351da2fb0de31afede45') in 0.001 seconds [static and dynamic dependencies]. Details - ImportResultOutputID=8102ec19193032b7c39490dbd31ea51d DependenciesID=d8ab3dfbcde61ce449971d623272c264 StaticDependenciesID=1fdef3d6bb63893942067fb8c721b2cb 
Number of updated asset objects reloaded before import = 0
Number of asset objects unloaded after import = 0
========================================================================
Received Import Request.
  Time of request: 2026-09-17T18:20:27.010496Z
  Time since last request: 0.000220291 seconds.
  importAddress: GUID: 367a9e3649215be42869f99bdeecbab6 - Path: Packages/com.unity.2d.tilemap/Editor/Icons/Grid.FlipX@2x.png - Importer: ScriptedImporter/UnityEditor.QuickSearchModule:UnityEditor.Search:ASIAI0B
Importing 'GUID: 367a9e3649215be42869f99bdeecbab6 - Path: Packages/com.unity.2d.tilemap/Editor/Icons/Grid.FlipX@2x.png - Importer: ScriptedImporter/UnityEditor.QuickSearchModule:UnityEditor.Search:ASIAI0B' with importer (ScriptedImporter : UnityEditor.QuickSearchModule:UnityEditor.Search:ASIAI0B)
Imported 'GUID: 367a9e3649215be42869f99bdeecbab6' -> (Import Result ID: '13f4045140d6765b933a6ecf5eb0ac5d') in 0.003 seconds [static and dynamic dependencies]. Details - ImportResultOutputID=50ffcb0dc404675306f4eebb3eddf98b DependenciesID=ec2729bb570f66f2bdbdd648edff8f31 StaticDependenciesID=6556dbef86bef2fd1107aee830277e37 
Number of updated asset objects reloaded before import = 0
Number of asset objects unloaded after import = 3
========================================================================
Received Import Request.
  Time of request: 2026-09-17T18:20:27.021357Z
  Time since last request: 0.000165375 seconds.
  importAddress: GUID: b008e2b86d26362488b8413a28dd73d3 - Path: Packages/com.unity.2d.animation/Editor/Assets/EditorIcons/Locked@2x.png - Importer: ScriptedImporter/UnityEditor.QuickSearchModule:UnityEditor.Search:ASIAI0B
Importing 'GUID: b008e2b86d26362488b8413a28dd73d3 - Path: Packages/com.unity.2d.animation/Editor/Assets/EditorIcons/Locked@2x.png - Importer: ScriptedImporter/UnityEditor.QuickSearchModule:UnityEditor.Search:ASIAI0B' with importer (ScriptedImporter : UnityEditor.QuickSearchModule:UnityEditor.Search:ASIAI0B)
Imported 'GUID: b008e2b86d26362488b8413a28dd73d3' -> (Import Result ID: 'f7fc25e4bd428acab6da2e99df1daa0c') in 0.006 seconds [static and dynamic dependencies]. Details - ImportResultOutputID=baa4fa12a65ebb01e39563174d1210ad DependenciesID=e6a196466b7f8402ce94a5f1f2a0bf75 StaticDependenciesID=7672171b7eaf87bc28e0cbc6cec454d3 
Number of updated asset objects reloaded before import = 0
Number of asset objects unloaded after import = 3
========================================================================
Received Import Request.
  Time of request: 2026-09-17T18:20:27.034104Z
  Time since last request: 0.000111375 seconds.
  importAddress: GUID: 47fe565904dc6b1419e9acc62b99812e - Path: Packages/com.unity.2d.animation/Editor/Assets/EditorIcons/Selected/Create_Vertex@3x.png - Importer: ScriptedImporter/UnityEditor.QuickSearchModule:UnityEditor.Search:ASIAI0B
Importing 'GUID: 47fe565904dc6b1419e9acc62b99812e - Path: Packages/com.unity.2d.animation/Editor/Assets/EditorIcons/Selected/Create_Vertex@3x.png - Importer: ScriptedImporter/UnityEditor.QuickSearchModule:UnityEditor.Search:ASIAI0B' with importer (ScriptedImporter : UnityEditor.QuickSearchModule:UnityEditor.Search:ASIAI0B)
Imported 'GUID: 47fe565904dc6b1419e9acc62b99812e' -> (Import Result ID: '036255264d4d68a67228fefa759ec984') in 0.003 seconds [static and dynamic dependencies]. Details - ImportResultOutputID=f01022b8d3d16f60685e8f72e186986d DependenciesID=85a164e204122dc48168849d4a466571 StaticDependenciesID=4dbd8e758d2b16a54daea6db5d19321a 
Number of updated asset objects reloaded before import = 0
Number of asset objects unloaded after import = 3
========================================================================
Received Import Request.
  Time of request: 2026-09-17T18:20:27.043934Z
  Time since last request: 0.000112959 seconds.
  importAddress: GUID: 8bdd64764208642f9adc3509ebbe41a3 - Path: Packages/com.unity.2d.common/Path/Editor/Handles/TangentBrokenPro.png - Importer: ScriptedImporter/UnityEditor.QuickSearchModule:UnityEditor.Search:ASIAI0B
Importing 'GUID: 8bdd64764208642f9adc3509ebbe41a3 - Path: Packages/com.unity.2d.common/Path/Editor/Handles/TangentBrokenPro.png - Importer: ScriptedImporter/UnityEditor.QuickSearchModule:UnityEditor.Search:ASIAI0B' with importer (ScriptedImporter : UnityEditor.QuickSearchModule:UnityEditor.Search:ASIAI0B)
Imported 'GUID: 8bdd64764208642f9adc3509ebbe41a3' -> (Import Result ID: 'b6a946201d99d6154e4adcfad3b6cb6a') in 0.003 seconds [static and dynamic dependencies]. Details - ImportResultOutputID=fe49b4f379eef6e1746f002a77638ec1 DependenciesID=5c75792f4b8189e0ee441cf222d8b89b StaticDependenciesID=8d9b0d4d7bf90fbe3bb076508e795c6f 
Number of updated asset objects reloaded before import = 0
Number of asset objects unloaded after import = 3
========================================================================
Received Import Request.
  Time of request: 2026-09-17T18:20:27.053485Z
  Time since last request: 0.0001335 seconds.
  importAddress: GUID: 9df99dfc0f67dd145a0774a4fa06b839 - Path: Packages/com.unity.2d.animation/Editor/SkinningModule/SpriteMeshData/WeightEditor.cs - Importer: ScriptedImporter/UnityEditor.QuickSearchModule:UnityEditor.Search:ASIAI0B
Importing 'GUID: 9df99dfc0f67dd145a0774a4fa06b839 - Path: Packages/com.unity.2d.animation/Editor/SkinningModule/SpriteMeshData/WeightEditor.cs - Importer: ScriptedImporter/UnityEditor.QuickSearchModule:UnityEditor.Search:ASIAI0B' with importer (ScriptedImporter : UnityEditor.QuickSearchModule:UnityEditor.Search:ASIAI0B)
Imported 'GUID: 9df99dfc0f67dd145a0774a4fa06b839' -> (Import Result ID: '9352ecc0bbc75495fdd48d058a225cba') in 0.001 seconds [static and dynamic dependencies]. Details - ImportResultOutputID=93653142bf7351d2479a32ee5ceb5390 DependenciesID=abc62280d7e060a5385c2fd2fc73f22f StaticDependenciesID=47b6261471228f65cf9ab974226fb496 
Number of updated asset objects reloaded before import = 0
Number of asset objects unloaded after import = 0
========================================================================
Received Import Request.
  Time of request: 2026-09-17T18:20:27.06174Z
  Time since last request: 0.000156291 seconds.
  importAddress: GUID: f190f89354fdfb5479d5f291d8cb8182 - Path: Packages/com.unity.2d.common/Editor/TextureGenerator - Importer: ScriptedImporter/UnityEditor.QuickSearchModule:UnityEditor.Search:ASIAI0B
Importing 'GUID: f190f89354fdfb5479d5f291d8cb8182 - Path: Packages/com.unity.2d.common/Editor/TextureGenerator - Importer: ScriptedImporter/UnityEditor.QuickSearchModule:UnityEditor.Search:ASIAI0B' with importer (ScriptedImporter : UnityEditor.QuickSearchModule:UnityEditor.Search:ASIAI0B)
Imported 'GUID: f190f89354fdfb5479d5f291d8cb8182' -> (Import Result ID: '211b05f9266f7ddb667643bc814d82c7') in 0.001 seconds [static and dynamic dependencies]. Details - ImportResultOutputID=620758fd19a1fe68738d291f090238a7 DependenciesID=ecba6b1404491aa3135d2fa8948db83e StaticDependenciesID=c8d52b59c43f9182a5b7a21e2c4d5047 
Number of updated asset objects reloaded before import = 0
Number of asset objects unloaded after import = 1
========================================================================
Received Import Request.
  Time of request: 2026-09-17T18:20:27.069739Z
  Time since last request: 0.000139208 seconds.
  importAddress: GUID: 51797d68d3132bb419217a229e09fc47 - Path: Packages/com.unity.2d.tilemap/package.json - Importer: ScriptedImporter/UnityEditor.QuickSearchModule:UnityEditor.Search:ASIAI0B
Importing 'GUID: 51797d68d3132bb419217a229e09fc47 - Path: Packages/com.unity.2d.tilemap/package.json - Importer: ScriptedImporter/UnityEditor.QuickSearchModule:UnityEditor.Search:ASIAI0B' with importer (ScriptedImporter : UnityEditor.QuickSearchModule:UnityEditor.Search:ASIAI0B)
Imported 'GUID: 51797d68d3132bb419217a229e09fc47' -> (Import Result ID: 'e6e67e9f4bbcd36ee33ef4245d138100') in 0.001 seconds [static and dynamic dependencies]. Details - ImportResultOutputID=0c0de0354ff94c41aedf4616447b18b0 DependenciesID=68d47e086f7ffde657e9d452c55c9953 StaticDependenciesID=1c82043c7e2f89a5aee88ab37bbe162f 
Number of updated asset objects reloaded before import = 0
Number of asset objects unloaded after import = 1
========================================================================
Received Import Request.
  Time of request: 2026-09-17T18:20:27.077755Z
  Time since last request: 0.000140709 seconds.
  importAddress: GUID: 3239e705bdc364b47a21e44901809b91 - Path: Packages/com.unity.2d.tilemap/Editor/Icons/Grid.RotateCW@2x.png - Importer: ScriptedImporter/UnityEditor.QuickSearchModule:UnityEditor.Search:ASIAI0B
Importing 'GUID: 3239e705bdc364b47a21e44901809b91 - Path: Packages/com.unity.2d.tilemap/Editor/Icons/Grid.RotateCW@2x.png - Importer: ScriptedImporter/UnityEditor.QuickSearchModule:UnityEditor.Search:ASIAI0B' with importer (ScriptedImporter : UnityEditor.QuickSearchModule:UnityEditor.Search:ASIAI0B)
Imported 'GUID: 3239e705bdc364b47a21e44901809b91' -> (Import Result ID: '4fe02254b84ab91c7b85865b69b4faab') in 0.003 seconds [static and dynamic dependencies]. Details - ImportResultOutputID=808725ca930e8d3f2084a370aa3dfa56 DependenciesID=ad200a09859fdbb21a99e8d545904288 StaticDependenciesID=ea311efe2ccae4c84489cd8cbfb1f254 
Number of updated asset objects reloaded before import = 0
Number of asset objects unloaded after import = 3
========================================================================
Received Import Request.
  Time of request: 2026-09-17T18:20:27.087493Z
  Time since last request: 0.000148833 seconds.
  importAddress: GUID: adb9af2a88fe441e68ddf9a299caec2e - Path: Packages/com.unity.2d.common/Path/Editor/EditorTool - Importer: ScriptedImporter/UnityEditor.QuickSearchModule:UnityEditor.Search:ASIAI0B
Importing 'GUID: adb9af2a88fe441e68ddf9a299caec2e - Path: Packages/com.unity.2d.common/Path/Editor/EditorTool - Importer: ScriptedImporter/UnityEditor.QuickSearchModule:UnityEditor.Search:ASIAI0B' with importer (ScriptedImporter : UnityEditor.QuickSearchModule:UnityEditor.Search:ASIAI0B)
Imported 'GUID: adb9af2a88fe441e68ddf9a299caec2e' -> (Import Result ID: '77f12bc14f44f879344a9b1122111daf') in 0.001 seconds [static and dynamic dependencies]. Details - ImportResultOutputID=1719ad6345bcc27364d8136423e9e133 DependenciesID=3d31cc9f7b047fc3ebfbc7b30e48c534 StaticDependenciesID=34ac10486a1eba68cc3f23d0984e98d0 
Number of updated asset objects reloaded before import = 0
Number of asset objects unloaded after import = 1
========================================================================
Received Import Request.
  Time of request: 2026-09-17T18:20:27.095597Z
  Time since last request: 0.000153166 seconds.
  importAddress: GUID: fc2eaf4b0441b7645960252182c27446 - Path: Packages/com.unity.2d.animation/Editor/Assets/EditorIcons/d_Bone.png - Importer: ScriptedImporter/UnityEditor.QuickSearchModule:UnityEditor.Search:ASIAI0B
Importing 'GUID: fc2eaf4b0441b7645960252182c27446 - Path: Packages/com.unity.2d.animation/Editor/Assets/EditorIcons/d_Bone.png - Importer: ScriptedImporter/UnityEditor.QuickSearchModule:UnityEditor.Search:ASIAI0B' with importer (ScriptedImporter : UnityEditor.QuickSearchModule:UnityEditor.Search:ASIAI0B)
Imported 'GUID: fc2eaf4b0441b7645960252182c27446' -> (Import Result ID: '29b4720749e33e5c01e16f237ea1d857') in 0.002 seconds [static and dynamic dependencies]. Details - ImportResultOutputID=9b095ec2d2cb42d4a710e10faa5a0ce3 DependenciesID=da46b8fff323f3b5260fbb4dfab2b512 StaticDependenciesID=35a576715b13789cc3f2a1901cd3301f 
Number of updated asset objects reloaded before import = 0
Number of asset objects unloaded after import = 3
========================================================================
Received Import Request.
  Time of request: 2026-09-17T18:20:27.104694Z
  Time since last request: 0.000110125 seconds.
  importAddress: GUID: 596a1da76ce534ee8888cc5e5c3d760a - Path: Packages/com.unity.2d.tooling/Editor/Insider/SpriteAtlas/SpriteAtlasIssueReport/SpriteAtlasTextureSpaceUsedIssue/SpriteAtlasTextureSpaceUsedIssueSettings.uxml - Importer: ScriptedImporter/UnityEditor.QuickSearchModule:UnityEditor.Search:ASIAI0B
Importing 'GUID: 596a1da76ce534ee8888cc5e5c3d760a - Path: Packages/com.unity.2d.tooling/Editor/Insider/SpriteAtlas/SpriteAtlasIssueReport/SpriteAtlasTextureSpaceUsedIssue/SpriteAtlasTextureSpaceUsedIssueSettings.uxml - Importer: ScriptedImporter/UnityEditor.QuickSearchModule:UnityEditor.Search:ASIAI0B' with importer (ScriptedImporter : UnityEditor.QuickSearchModule:UnityEditor.Search:ASIAI0B)
Imported 'GUID: 596a1da76ce534ee8888cc5e5c3d760a' -> (Import Result ID: '3e8990780bb8df6c45a0bd3aa757af3c') in 0.004 seconds [static and dynamic dependencies]. Details - ImportResultOutputID=30e7d2b46953832c43cbbe5e817dcc1e DependenciesID=a0b6bc52e588d9bc7d559e2e85541cf5 StaticDependenciesID=cfd212b51c81b6994ff885fc05badf87 
Number of updated asset objects reloaded before import = 0
Number of asset objects unloaded after import = 3
========================================================================
Received Import Request.
  Time of request: 2026-09-17T18:20:27.115864Z
  Time since last request: 0.000131334 seconds.
  importAddress: GUID: cee9b8d39ed404765861ae7b39487c80 - Path: Packages/com.unity.2d.animation/Editor/SpriteLib/SpriteLibraryEditor/DragAndDropData.cs - Importer: ScriptedImporter/UnityEditor.QuickSearchModule:UnityEditor.Search:ASIAI0B
Importing 'GUID: cee9b8d39ed404765861ae7b39487c80 - Path: Packages/com.unity.2d.animation/Editor/SpriteLib/SpriteLibraryEditor/DragAndDropData.cs - Importer: ScriptedImporter/UnityEditor.QuickSearchModule:UnityEditor.Search:ASIAI0B' with importer (ScriptedImporter : UnityEditor.QuickSearchModule:UnityEditor.Search:ASIAI0B)
Imported 'GUID: cee9b8d39ed404765861ae7b39487c80' -> (Import Result ID: '0b1e75478a0105e50c09a50f3bb3ebb4') in 0.001 seconds [static and dynamic dependencies]. Details - ImportResultOutputID=a97e4302f2621f5838c5c03f5a64c50c DependenciesID=5ef9e6cb4f724f59efb9eaae41762bd6 StaticDependenciesID=4308969ab4d3703f7d10c6129085193e 
Number of updated asset objects reloaded before import = 0
Number of asset objects unloaded after import = 0
========================================================================
Received Import Request.
  Time of request: 2026-09-17T18:20:27.123816Z
  Time since last request: 0.000144042 seconds.
  importAddress: GUID: 86113b46907d64d39a01d8aa150f1271 - Path: Packages/com.unity.2d.animation/IK/Runtime/IKManager2DEditorData.cs - Importer: ScriptedImporter/UnityEditor.QuickSearchModule:UnityEditor.Search:ASIAI0B
Importing 'GUID: 86113b46907d64d39a01d8aa150f1271 - Path: Packages/com.unity.2d.animation/IK/Runtime/IKManager2DEditorData.cs - Importer: ScriptedImporter/UnityEditor.QuickSearchModule:UnityEditor.Search:ASIAI0B' with importer (ScriptedImporter : UnityEditor.QuickSearchModule:UnityEditor.Search:ASIAI0B)
Imported 'GUID: 86113b46907d64d39a01d8aa150f1271' -> (Import Result ID: 'f25a31f4187d11b28b5fb0eb9e507a9e') in 0.001 seconds [static and dynamic dependencies]. Details - ImportResultOutputID=6fa295f41d4cc2ec6f2ac220634f8780 DependenciesID=1069badab0c2139651d5b1d41c362f78 StaticDependenciesID=6092edfdb0974e729557659fcff6a4dc 
Number of updated asset objects reloaded before import = 0
Number of asset objects unloaded after import = 0
========================================================================
Received Import Request.
  Time of request: 2026-09-17T18:20:27.131846Z
  Time since last request: 0.000126916 seconds.
  importAddress: GUID: 29e335c920d7d425681669ee470bbc34 - Path: Packages/com.unity.2d.common/Path/Editor/IMGUI/GUIFramework/IGUIState.cs - Importer: ScriptedImporter/UnityEditor.QuickSearchModule:UnityEditor.Search:ASIAI0B
Importing 'GUID: 29e335c920d7d425681669ee470bbc34 - Path: Packages/com.unity.2d.common/Path/Editor/IMGUI/GUIFramework/IGUIState.cs - Importer: ScriptedImporter/UnityEditor.QuickSearchModule:UnityEditor.Search:ASIAI0B' with importer (ScriptedImporter : UnityEditor.QuickSearchModule:UnityEditor.Search:ASIAI0B)
Imported 'GUID: 29e335c920d7d425681669ee470bbc34' -> (Import Result ID: '7528788000a90dad1535d01e4886d291') in 0.001 seconds [static and dynamic dependencies]. Details - ImportResultOutputID=24add725c278f03d0c6efa5310be6ee5 DependenciesID=d307ba1e68297a3c9e344ce7b33063b0 StaticDependenciesID=842d56adf8537fc94ddcaec0bbf6201a 
Number of updated asset objects reloaded before import = 0
Number of asset objects unloaded after import = 0
========================================================================
Received Import Request.
  Time of request: 2026-09-17T18:20:27.139084Z
  Time since last request: 0.000120541 seconds.
  importAddress: GUID: 9d026c034cfd40746a436496efe2dd7f - Path: Packages/com.unity.2d.animation/Editor/Assets/EditorIcons/Weight_Brush.png - Importer: ScriptedImporter/UnityEditor.QuickSearchModule:UnityEditor.Search:ASIAI0B
Importing 'GUID: 9d026c034cfd40746a436496efe2dd7f - Path: Packages/com.unity.2d.animation/Editor/Assets/EditorIcons/Weight_Brush.png - Importer: ScriptedImporter/UnityEditor.QuickSearchModule:UnityEditor.Search:ASIAI0B' with importer (ScriptedImporter : UnityEditor.QuickSearchModule:UnityEditor.Search:ASIAI0B)
Imported 'GUID: 9d026c034cfd40746a436496efe2dd7f' -> (Import Result ID: '618860b9675a7a49c8d4aab61049ad8a') in 0.002 seconds [static and dynamic dependencies]. Details - ImportResultOutputID=58e7e7ae8f5ac99b574d70fb034930c4 DependenciesID=58d27b6252a2a4c514efa7bb3ad6d915 StaticDependenciesID=40141e0b8a135623beb43395e996a98f 
Number of updated asset objects reloaded before import = 0
Number of asset objects unloaded after import = 3
========================================================================
Received Import Request.
  Time of request: 2026-09-17T18:20:27.148257Z
  Time since last request: 0.000102209 seconds.
  importAddress: GUID: daa079e375a6c2c49a30d83bd2d842c2 - Path: Packages/com.unity.2d.tilemap.extras/Runtime/Tiles/AnimatedTile - Importer: ScriptedImporter/UnityEditor.QuickSearchModule:UnityEditor.Search:ASIAI0B
Importing 'GUID: daa079e375a6c2c49a30d83bd2d842c2 - Path: Packages/com.unity.2d.tilemap.extras/Runtime/Tiles/AnimatedTile - Importer: ScriptedImporter/UnityEditor.QuickSearchModule:UnityEditor.Search:ASIAI0B' with importer (ScriptedImporter : UnityEditor.QuickSearchModule:UnityEditor.Search:ASIAI0B)
Imported 'GUID: daa079e375a6c2c49a30d83bd2d842c2' -> (Import Result ID: '81f112869900d98a78a2e89410fa3842') in 0.001 seconds [static and dynamic dependencies]. Details - ImportResultOutputID=5b95d751f3f0517d8a3c25061ffd82db DependenciesID=3cdd6f75d913da3486b0480732ecfa5e StaticDependenciesID=45d62781a7c8235f0ca6c2fd07b6e35b 
Number of updated asset objects reloaded before import = 0
Number of asset objects unloaded after import = 1
========================================================================
Received Import Request.
  Time of request: 2026-09-17T18:20:27.155834Z
  Time since last request: 0.000138959 seconds.
  importAddress: GUID: ba75d79a1a0723e488112808560789b7 - Path: Packages/com.unity.2d.animation/Editor/Assets/EditorIcons/Selected/Generate_Weights@2x.png - Importer: ScriptedImporter/UnityEditor.QuickSearchModule:UnityEditor.Search:ASIAI0B
Importing 'GUID: ba75d79a1a0723e488112808560789b7 - Path: Packages/com.unity.2d.animation/Editor/Assets/EditorIcons/Selected/Generate_Weights@2x.png - Importer: ScriptedImporter/UnityEditor.QuickSearchModule:UnityEditor.Search:ASIAI0B' with importer (ScriptedImporter : UnityEditor.QuickSearchModule:UnityEditor.Search:ASIAI0B)
Imported 'GUID: ba75d79a1a0723e488112808560789b7' -> (Import Result ID: 'd82dc90c87840c9ad29a599de08535ce') in 0.003 seconds [static and dynamic dependencies]. Details - ImportResultOutputID=2d4428cf60be2e39612f03edda899568 DependenciesID=cfc890799d1d8b87a442da9bf1d6312e StaticDependenciesID=10fa3c7fd8b92d41747a27315b36dde0 
Number of updated asset objects reloaded before import = 0
Number of asset objects unloaded after import = 3
========================================================================
Received Import Request.
  Time of request: 2026-09-17T18:20:27.165784Z
  Time since last request: 0.0001765 seconds.
  importAddress: GUID: 9b09c0da8bf243b89a229b803415ee04 - Path: Packages/com.unity.2d.tooling/Editor/Insider/SpriteAtlas/DataSource/EditorAtlasInfo.cs - Importer: ScriptedImporter/UnityEditor.QuickSearchModule:UnityEditor.Search:ASIAI0B
Importing 'GUID: 9b09c0da8bf243b89a229b803415ee04 - Path: Packages/com.unity.2d.tooling/Editor/Insider/SpriteAtlas/DataSource/EditorAtlasInfo.cs - Importer: ScriptedImporter/UnityEditor.QuickSearchModule:UnityEditor.Search:ASIAI0B' with importer (ScriptedImporter : UnityEditor.QuickSearchModule:UnityEditor.Search:ASIAI0B)
Imported 'GUID: 9b09c0da8bf243b89a229b803415ee04' -> (Import Result ID: 'e1967ba0be62912eff3d3eea906006be') in 0.001 seconds [static and dynamic dependencies]. Details - ImportResultOutputID=1203fe1824e4639e440cf86ba07657be DependenciesID=762fcc5d83944cd0980e188686934e5b StaticDependenciesID=dae4d23e8b37ba6c2d61fa0deb61112b 
Number of updated asset objects reloaded before import = 0
Number of asset objects unloaded after import = 0
========================================================================
Received Import Request.
  Time of request: 2026-09-17T18:20:27.174009Z
  Time since last request: 0.000150916 seconds.
  importAddress: GUID: 3451731abc835d44993075b3bc0935bd - Path: Packages/com.unity.2d.tilemap/Editor/Icons/d_Tilemap.GridPaint@2x.png - Importer: ScriptedImporter/UnityEditor.QuickSearchModule:UnityEditor.Search:ASIAI0B
Importing 'GUID: 3451731abc835d44993075b3bc0935bd - Path: Packages/com.unity.2d.tilemap/Editor/Icons/d_Tilemap.GridPaint@2x.png - Importer: ScriptedImporter/UnityEditor.QuickSearchModule:UnityEditor.Search:ASIAI0B' with importer (ScriptedImporter : UnityEditor.QuickSearchModule:UnityEditor.Search:ASIAI0B)
Imported 'GUID: 3451731abc835d44993075b3bc0935bd' -> (Import Result ID: 'b1393e98ae6f8791497b83bf44bb6d1e') in 0.003 seconds [static and dynamic dependencies]. Details - ImportResultOutputID=700d9c75fc4f7eadf0dface7dad309d8 DependenciesID=9d8d8a8e7cf3d0d74ba8c3baa604ad71 StaticDependenciesID=1fb99f2e807dd9a131990a161921ecb4 
Number of updated asset objects reloaded before import = 0
Number of asset objects unloaded after import = 3
========================================================================
Received Import Request.
  Time of request: 2026-09-17T18:20:27.184212Z
  Time since last request: 0.000162833 seconds.
  importAddress: GUID: 9aa898c2e4f1cbc4ba5d122fc7b47317 - Path: Packages/com.unity.2d.animation/Editor/SkinningModule/MeshPreviewTool - Importer: ScriptedImporter/UnityEditor.QuickSearchModule:UnityEditor.Search:ASIAI0B
Importing 'GUID: 9aa898c2e4f1cbc4ba5d122fc7b47317 - Path: Packages/com.unity.2d.animation/Editor/SkinningModule/MeshPreviewTool - Importer: ScriptedImporter/UnityEditor.QuickSearchModule:UnityEditor.Search:ASIAI0B' with importer (ScriptedImporter : UnityEditor.QuickSearchModule:UnityEditor.Search:ASIAI0B)
Imported 'GUID: 9aa898c2e4f1cbc4ba5d122fc7b47317' -> (Import Result ID: '09020a3e927ad16ddc4855bba9fa3d0b') in 0.001 seconds [static and dynamic dependencies]. Details - ImportResultOutputID=73654f9e11ef8ac4751afa0927bc16d7 DependenciesID=1ddd6caac6cd498605ded6cde2ca94dd StaticDependenciesID=c6a1f58304dbffc47a43a2eef5524e01 
Number of updated asset objects reloaded before import = 0
Number of asset objects unloaded after import = 1
========================================================================
Received Import Request.
  Time of request: 2026-09-17T18:20:27.19253Z
  Time since last request: 0.000223417 seconds.
  importAddress: GUID: 01e72f012aab14abcadc8f12c615e6d6 - Path: Packages/com.unity.2d.animation/Editor/Assets/ComponentIcons/d_Animation.SpriteLibrary@64.png - Importer: ScriptedImporter/UnityEditor.QuickSearchModule:UnityEditor.Search:ASIAI0B
Importing 'GUID: 01e72f012aab14abcadc8f12c615e6d6 - Path: Packages/com.unity.2d.animation/Editor/Assets/ComponentIcons/d_Animation.SpriteLibrary@64.png - Importer: ScriptedImporter/UnityEditor.QuickSearchModule:UnityEditor.Search:ASIAI0B' with importer (ScriptedImporter : UnityEditor.QuickSearchModule:UnityEditor.Search:ASIAI0B)
Imported 'GUID: 01e72f012aab14abcadc8f12c615e6d6' -> (Import Result ID: 'c51b91ad18efc6d7862b76f06c1d9699') in 0.003 seconds [static and dynamic dependencies]. Details - ImportResultOutputID=cc349e1e8fe4b43e2587b806b93e1618 DependenciesID=4f7737926b68996d93014b521632f7c0 StaticDependenciesID=561c0373f4857aa53b3241c25daea992 
Number of updated asset objects reloaded before import = 0
Number of asset objects unloaded after import = 3
========================================================================
Received Import Request.
  Time of request: 2026-09-17T18:20:27.202464Z
  Time since last request: 0.000137375 seconds.
  importAddress: GUID: 44a6ba9403944198886c6a3c4625e21f - Path: Packages/com.unity.2d.tooling/Editor/Insider/AnalyzerWindow/DataSourceListItem/DataSourceList.cs - Importer: ScriptedImporter/UnityEditor.QuickSearchModule:UnityEditor.Search:ASIAI0B
Importing 'GUID: 44a6ba9403944198886c6a3c4625e21f - Path: Packages/com.unity.2d.tooling/Editor/Insider/AnalyzerWindow/DataSourceListItem/DataSourceList.cs - Importer: ScriptedImporter/UnityEditor.QuickSearchModule:UnityEditor.Search:ASIAI0B' with importer (ScriptedImporter : UnityEditor.QuickSearchModule:UnityEditor.Search:ASIAI0B)
Imported 'GUID: 44a6ba9403944198886c6a3c4625e21f' -> (Import Result ID: '0a8f68e5aca6a9a8079add7abc5fc930') in 0.002 seconds [static and dynamic dependencies]. Details - ImportResultOutputID=96a2fc49ded10df27b3ad78ff93472b7 DependenciesID=c56cd4c71ce079ce1b1d91ff8f7a0791 StaticDependenciesID=4effb0d74ac7b5bd5a933787b0e36c53 
Number of updated asset objects reloaded before import = 0
Number of asset objects unloaded after import = 0
========================================================================
Received Import Request.
  Time of request: 2026-09-17T18:20:27.224152Z
  Time since last request: 0.012711792 seconds.
  importAddress: GUID: ba409d692a6d149089dfab21e41bb5e3 - Path: Packages/com.unity.2d.common/Path/Editor/IMGUI/GUIFramework/ClickAction.cs - Importer: ScriptedImporter/UnityEditor.QuickSearchModule:UnityEditor.Search:ASIAI0B
Importing 'GUID: ba409d692a6d149089dfab21e41bb5e3 - Path: Packages/com.unity.2d.common/Path/Editor/IMGUI/GUIFramework/ClickAction.cs - Importer: ScriptedImporter/UnityEditor.QuickSearchModule:UnityEditor.Search:ASIAI0B' with importer (ScriptedImporter : UnityEditor.QuickSearchModule:UnityEditor.Search:ASIAI0B)
Imported 'GUID: ba409d692a6d149089dfab21e41bb5e3' -> (Import Result ID: 'b769493a6fb47df715df52943fab208e') in 0.001 seconds [static and dynamic dependencies]. Details - ImportResultOutputID=bcf09b20514068e17fdf1d659886d82f DependenciesID=ed4eae8d62be268ea1c7659f37810fb8 StaticDependenciesID=fe4a8128e015027b224548748bdf5e93 
Number of updated asset objects reloaded before import = 0
Number of asset objects unloaded after import = 0
========================================================================
Received Import Request.
  Time of request: 2026-09-17T18:20:27.232477Z
  Time since last request: 0.000226375 seconds.
  importAddress: GUID: 03976b6af3289c0409a55e2c4eab4087 - Path: Packages/com.unity.2d.animation/Editor/Assets/EditorIcons/Create Bones@2x.png - Importer: ScriptedImporter/UnityEditor.QuickSearchModule:UnityEditor.Search:ASIAI0B
Importing 'GUID: 03976b6af3289c0409a55e2c4eab4087 - Path: Packages/com.unity.2d.animation/Editor/Assets/EditorIcons/Create Bones@2x.png - Importer: ScriptedImporter/UnityEditor.QuickSearchModule:UnityEditor.Search:ASIAI0B' with importer (ScriptedImporter : UnityEditor.QuickSearchModule:UnityEditor.Search:ASIAI0B)
Imported 'GUID: 03976b6af3289c0409a55e2c4eab4087' -> (Import Result ID: '403162934ef8d74fdd4547b7f5fb75a9') in 0.002 seconds [static and dynamic dependencies]. Details - ImportResultOutputID=54ac453c77d1ef36343c50e2a1921d6b DependenciesID=04e9b7a0d27517b6d57cd0e537f260b6 StaticDependenciesID=cf90e4c2d6025a31f08639723ba03251 
Number of updated asset objects reloaded before import = 0
Number of asset objects unloaded after import = 3
========================================================================
Received Import Request.
  Time of request: 2026-09-17T18:20:27.242045Z
  Time since last request: 0.000117875 seconds.
  importAddress: GUID: 5aa8b770bc43046bc8d993d0d5b7f4a5 - Path: Packages/com.unity.2d.sprite/Editor/ObjectMenuCreation/DefaultAssets/Textures/v2/HexagonPointTop.png - Importer: ScriptedImporter/UnityEditor.QuickSearchModule:UnityEditor.Search:ASIAI0B
Importing 'GUID: 5aa8b770bc43046bc8d993d0d5b7f4a5 - Path: Packages/com.unity.2d.sprite/Editor/ObjectMenuCreation/DefaultAssets/Textures/v2/HexagonPointTop.png - Importer: ScriptedImporter/UnityEditor.QuickSearchModule:UnityEditor.Search:ASIAI0B' with importer (ScriptedImporter : UnityEditor.QuickSearchModule:UnityEditor.Search:ASIAI0B)
Imported 'GUID: 5aa8b770bc43046bc8d993d0d5b7f4a5' -> (Import Result ID: 'c7dd673a9d2872fec70c1d404972290e') in 0.003 seconds [static and dynamic dependencies]. Details - ImportResultOutputID=e10599899111cded4135631fa675cf7c DependenciesID=850b5467caa2a9b78a81d532b6c16a02 StaticDependenciesID=3c5a707418c247a98bc3e2b335069520 
Number of updated asset objects reloaded before import = 0
Number of asset objects unloaded after import = 3
========================================================================
Received Import Request.
  Time of request: 2026-09-17T18:20:27.251403Z
  Time since last request: 0.000189417 seconds.
  importAddress: GUID: 2fe54232a3d87784e804d41060f1cd8e - Path: Packages/com.unity.2d.animation/Editor/Assets/EditorIcons/d_Visibility_Tool@3x 1.png - Importer: ScriptedImporter/UnityEditor.QuickSearchModule:UnityEditor.Search:ASIAI0B
Importing 'GUID: 2fe54232a3d87784e804d41060f1cd8e - Path: Packages/com.unity.2d.animation/Editor/Assets/EditorIcons/d_Visibility_Tool@3x 1.png - Importer: ScriptedImporter/UnityEditor.QuickSearchModule:UnityEditor.Search:ASIAI0B' with importer (ScriptedImporter : UnityEditor.QuickSearchModule:UnityEditor.Search:ASIAI0B)
Imported 'GUID: 2fe54232a3d87784e804d41060f1cd8e' -> (Import Result ID: '62dbf78d3058671a68a4fec0584bd2de') in 0.002 seconds [static and dynamic dependencies]. Details - ImportResultOutputID=836b24071709f0e90ee8ae402349fed8 DependenciesID=ee31445544098b64031776cb4b8179d3 StaticDependenciesID=08a4217d54b8add4e68ab22a80072610 
Number of updated asset objects reloaded before import = 0
Number of asset objects unloaded after import = 3
========================================================================
Received Import Request.
  Time of request: 2026-09-17T18:20:27.260716Z
  Time since last request: 0.000091166 seconds.
  importAddress: GUID: 2cea33b1d0032174c8833d64fbf31529 - Path: Packages/com.unity.2d.animation/Editor/Assets/SkinningModule/VisibilityToolbar.uxml - Importer: ScriptedImporter/UnityEditor.QuickSearchModule:UnityEditor.Search:ASIAI0B
Importing 'GUID: 2cea33b1d0032174c8833d64fbf31529 - Path: Packages/com.unity.2d.animation/Editor/Assets/SkinningModule/VisibilityToolbar.uxml - Importer: ScriptedImporter/UnityEditor.QuickSearchModule:UnityEditor.Search:ASIAI0B' with importer (ScriptedImporter : UnityEditor.QuickSearchModule:UnityEditor.Search:ASIAI0B)
Imported 'GUID: 2cea33b1d0032174c8833d64fbf31529' -> (Import Result ID: '2945318ef4f8faed51616b26be80106c') in 0.003 seconds [static and dynamic dependencies]. Details - ImportResultOutputID=09cab3982b3fb798c7919d4e7a8b7a4e DependenciesID=75828ada64ae3210027988677db19f43 StaticDependenciesID=5a32d02ff691452e3670f7b261cc5c91 
Number of updated asset objects reloaded before import = 0
Number of asset objects unloaded after import = 2
========================================================================
Received Import Request.
  Time of request: 2026-09-17T18:20:27.271051Z
  Time since last request: 0.000140875 seconds.
  importAddress: GUID: eba9e4c0a1c41eb42b5443a6d65b4488 - Path: Packages/com.unity.2d.common/Runtime/Triangulation/Unity.2D.Triangulation.Runtime.asmdef - Importer: ScriptedImporter/UnityEditor.QuickSearchModule:UnityEditor.Search:ASIAI0B
Importing 'GUID: eba9e4c0a1c41eb42b5443a6d65b4488 - Path: Packages/com.unity.2d.common/Runtime/Triangulation/Unity.2D.Triangulation.Runtime.asmdef - Importer: ScriptedImporter/UnityEditor.QuickSearchModule:UnityEditor.Search:ASIAI0B' with importer (ScriptedImporter : UnityEditor.QuickSearchModule:UnityEditor.Search:ASIAI0B)
Imported 'GUID: eba9e4c0a1c41eb42b5443a6d65b4488' -> (Import Result ID: '0dcb90ca8589ec2c30ac34d2255da787') in 0.001 seconds [static and dynamic dependencies]. Details - ImportResultOutputID=f92032d6551b3341799b1fc8b7ed4135 DependenciesID=ff5c3b254f69aa5d3f7859413c4e5f70 StaticDependenciesID=1030dd50cae609d15197abd2e500f1bb 
Number of updated asset objects reloaded before import = 0
Number of asset objects unloaded after import = 1
========================================================================
Received Import Request.
  Time of request: 2026-09-17T18:20:27.279267Z
  Time since last request: 0.000147 seconds.
  importAddress: GUID: 5caee0ba7342b4b2cacdbe0e6030c7b0 - Path: Packages/com.unity.2d.animation/Editor/Assets/ComponentIcons/Animation.SpriteSkin@128.png - Importer: ScriptedImporter/UnityEditor.QuickSearchModule:UnityEditor.Search:ASIAI0B
Importing 'GUID: 5caee0ba7342b4b2cacdbe0e6030c7b0 - Path: Packages/com.unity.2d.animation/Editor/Assets/ComponentIcons/Animation.SpriteSkin@128.png - Importer: ScriptedImporter/UnityEditor.QuickSearchModule:UnityEditor.Search:ASIAI0B' with importer (ScriptedImporter : UnityEditor.QuickSearchModule:UnityEditor.Search:ASIAI0B)
Imported 'GUID: 5caee0ba7342b4b2cacdbe0e6030c7b0' -> (Import Result ID: '33cc8dbb271b52ad18e26018091575a7') in 0.003 seconds [static and dynamic dependencies]. Details - ImportResultOutputID=b12b93c6e3212620f319bdac0e2b0c20 DependenciesID=c13c954db2b8424903ff68cc7cf9d065 StaticDependenciesID=3b9e373293b5d5f645073e5af7ea1e84 
Number of updated asset objects reloaded before import = 0
Number of asset objects unloaded after import = 3
========================================================================
Received Import Request.
  Time of request: 2026-09-17T18:20:27.289094Z
  Time since last request: 0.000119916 seconds.
  importAddress: GUID: 91897a07e69db49ff88db92f445ba845 - Path: Packages/com.unity.2d.psdimporter/Editor/Assets/Icons/Selected/Layers Separated@2x.png - Importer: ScriptedImporter/UnityEditor.QuickSearchModule:UnityEditor.Search:ASIAI0B
Importing 'GUID: 91897a07e69db49ff88db92f445ba845 - Path: Packages/com.unity.2d.psdimporter/Editor/Assets/Icons/Selected/Layers Separated@2x.png - Importer: ScriptedImporter/UnityEditor.QuickSearchModule:UnityEditor.Search:ASIAI0B' with importer (ScriptedImporter : UnityEditor.QuickSearchModule:UnityEditor.Search:ASIAI0B)
Imported 'GUID: 91897a07e69db49ff88db92f445ba845' -> (Import Result ID: '5ebaf3dc98395b20520e96c74958fec9') in 0.003 seconds [static and dynamic dependencies]. Details - ImportResultOutputID=f786d41bace578cef1ba7af81ddfdbb9 DependenciesID=1b7d79e5faf27d455e49613d2de4b527 StaticDependenciesID=dfe9eb2d0c2c85171a5b35f46b251602 
Number of updated asset objects reloaded before import = 0
Number of asset objects unloaded after import = 3
========================================================================
Received Import Request.
  Time of request: 2026-09-17T18:20:27.299262Z
  Time since last request: 0.000115416 seconds.
  importAddress: GUID: 2792173d76a5f4d2ebe800b6b4b096cf - Path: Packages/com.unity.2d.common/Path/Editor/Handles/Path/pointNormal.png - Importer: ScriptedImporter/UnityEditor.QuickSearchModule:UnityEditor.Search:ASIAI0B
Importing 'GUID: 2792173d76a5f4d2ebe800b6b4b096cf - Path: Packages/com.unity.2d.common/Path/Editor/Handles/Path/pointNormal.png - Importer: ScriptedImporter/UnityEditor.QuickSearchModule:UnityEditor.Search:ASIAI0B' with importer (ScriptedImporter : UnityEditor.QuickSearchModule:UnityEditor.Search:ASIAI0B)
Imported 'GUID: 2792173d76a5f4d2ebe800b6b4b096cf' -> (Import Result ID: '4dcec3b75ecc822f7ac86d0ec385b010') in 0.003 seconds [static and dynamic dependencies]. Details - ImportResultOutputID=1e9fa7d5ea7f863bf5c4a65c51899e77 DependenciesID=e20dee9d6122d372f321df31ccfafc6f StaticDependenciesID=9cccbf8a476709921e332c3043757b82 
Number of updated asset objects reloaded before import = 0
Number of asset objects unloaded after import = 3
========================================================================
Received Import Request.
  Time of request: 2026-09-17T18:20:27.309136Z
  Time since last request: 0.000286958 seconds.
  importAddress: GUID: 7dc5f1e5d04ac8549ac21802071e983b - Path: Packages/com.unity.2d.sprite/package.json - Importer: ScriptedImporter/UnityEditor.QuickSearchModule:UnityEditor.Search:ASIAI0B
Importing 'GUID: 7dc5f1e5d04ac8549ac21802071e983b - Path: Packages/com.unity.2d.sprite/package.json - Importer: ScriptedImporter/UnityEditor.QuickSearchModule:UnityEditor.Search:ASIAI0B' with importer (ScriptedImporter : UnityEditor.QuickSearchModule:UnityEditor.Search:ASIAI0B)
Imported 'GUID: 7dc5f1e5d04ac8549ac21802071e983b' -> (Import Result ID: 'aaa210e06673b00e1922906c017216d9') in 0.001 seconds [static and dynamic dependencies]. Details - ImportResultOutputID=831668831823cb4d3fcdf0b090c10bd2 DependenciesID=32413d75d1acfcc25230d4f10a18ac85 StaticDependenciesID=7e6ab23ac9db96264fdd5b1fc8dad9b9 
Number of updated asset objects reloaded before import = 0
Number of asset objects unloaded after import = 1
========================================================================
Received Import Request.
  Time of request: 2026-09-17T18:20:27.317095Z
  Time since last request: 0.000118708 seconds.
  importAddress: GUID: 006a3adba8ff95144b4e779daa84bb7e - Path: Packages/com.unity.2d.animation/Editor/Assets/EditorIcons/Selected/d_Bone.png - Importer: ScriptedImporter/UnityEditor.QuickSearchModule:UnityEditor.Search:ASIAI0B
Importing 'GUID: 006a3adba8ff95144b4e779daa84bb7e - Path: Packages/com.unity.2d.animation/Editor/Assets/EditorIcons/Selected/d_Bone.png - Importer: ScriptedImporter/UnityEditor.QuickSearchModule:UnityEditor.Search:ASIAI0B' with importer (ScriptedImporter : UnityEditor.QuickSearchModule:UnityEditor.Search:ASIAI0B)
Imported 'GUID: 006a3adba8ff95144b4e779daa84bb7e' -> (Import Result ID: '3b87767e596ca47cd19c2837f953bc3a') in 0.003 seconds [static and dynamic dependencies]. Details - ImportResultOutputID=8cd36fcfb17031830f082b159f3b4302 DependenciesID=556e0eda46d058a32881be4942bef318 StaticDependenciesID=13c5639cc4fc9952b0c89e4a5801b36b 
Number of updated asset objects reloaded before import = 0
Number of asset objects unloaded after import = 3
========================================================================
Received Import Request.
  Time of request: 2026-09-17T18:20:27.326685Z
  Time since last request: 0.000189458 seconds.
  importAddress: GUID: 3b5ad4dfc78124a489bb5c48a4b57195 - Path: Packages/com.unity.2d.animation/Editor/Assets/EditorIcons/d_Copy@3x.png - Importer: ScriptedImporter/UnityEditor.QuickSearchModule:UnityEditor.Search:ASIAI0B
Importing 'GUID: 3b5ad4dfc78124a489bb5c48a4b57195 - Path: Packages/com.unity.2d.animation/Editor/Assets/EditorIcons/d_Copy@3x.png - Importer: ScriptedImporter/UnityEditor.QuickSearchModule:UnityEditor.Search:ASIAI0B' with importer (ScriptedImporter : UnityEditor.QuickSearchModule:UnityEditor.Search:ASIAI0B)
Imported 'GUID: 3b5ad4dfc78124a489bb5c48a4b57195' -> (Import Result ID: '262dc5955242657d0b6f63552865af9b') in 0.002 seconds [static and dynamic dependencies]. Details - ImportResultOutputID=17a516a146c702600566d774f451ea84 DependenciesID=d157caea810f1229c9e3449518ee1c6a StaticDependenciesID=ed94f38cfa90e0351adf37bf2d2f8ecf 
Number of updated asset objects reloaded before import = 0
Number of asset objects unloaded after import = 3
========================================================================
Received Import Request.
  Time of request: 2026-09-17T18:20:27.336219Z
  Time since last request: 0.000095959 seconds.
  importAddress: GUID: 237f0a0a8eeab0d46873db954d4abded - Path: Packages/com.unity.2d.animation/Editor/SkinningModule/GenerateGeometryTool.cs - Importer: ScriptedImporter/UnityEditor.QuickSearchModule:UnityEditor.Search:ASIAI0B
Importing 'GUID: 237f0a0a8eeab0d46873db954d4abded - Path: Packages/com.unity.2d.animation/Editor/SkinningModule/GenerateGeometryTool.cs - Importer: ScriptedImporter/UnityEditor.QuickSearchModule:UnityEditor.Search:ASIAI0B' with importer (ScriptedImporter : UnityEditor.QuickSearchModule:UnityEditor.Search:ASIAI0B)
Imported 'GUID: 237f0a0a8eeab0d46873db954d4abded' -> (Import Result ID: '3c8a0ac7fcae2d40a345a86aa5446c93') in 0.001 seconds [static and dynamic dependencies]. Details - ImportResultOutputID=335569dd8a8f0060e2465ab4ca1bfedb DependenciesID=4aa10595ad95a9235085fd130665f36f StaticDependenciesID=aed54f29a2ec120bee6dbe269a2e0afa 
Number of updated asset objects reloaded before import = 0
Number of asset objects unloaded after import = 0
========================================================================
Received Import Request.
  Time of request: 2026-09-17T18:20:27.344225Z
  Time since last request: 0.000163667 seconds.
  importAddress: GUID: 574ba49617df66b40a29fe7f0b185aab - Path: Packages/com.unity.2d.spriteshape/Editor/Icons - Importer: ScriptedImporter/UnityEditor.QuickSearchModule:UnityEditor.Search:ASIAI0B
Importing 'GUID: 574ba49617df66b40a29fe7f0b185aab - Path: Packages/com.unity.2d.spriteshape/Editor/Icons - Importer: ScriptedImporter/UnityEditor.QuickSearchModule:UnityEditor.Search:ASIAI0B' with importer (ScriptedImporter : UnityEditor.QuickSearchModule:UnityEditor.Search:ASIAI0B)
Imported 'GUID: 574ba49617df66b40a29fe7f0b185aab' -> (Import Result ID: 'b005ec39a945bfa69e70f321e433b8d0') in 0.001 seconds [static and dynamic dependencies]. Details - ImportResultOutputID=67a9d73835bf3d572dc7cb536bdf1965 DependenciesID=1676ae8d8da866b19032ea558f442286 StaticDependenciesID=25aa8de55b7f26fecb09d34fe042c172 
Number of updated asset objects reloaded before import = 0
Number of asset objects unloaded after import = 1
========================================================================
Received Import Request.
  Time of request: 2026-09-17T18:20:27.35239Z
  Time since last request: 0.000159208 seconds.
  importAddress: GUID: cabd7abce6fcb401aa6818f59730d829 - Path: Packages/com.unity.2d.common/Path/Editor/EditablePath/MultipleEditablePathController.cs - Importer: ScriptedImporter/UnityEditor.QuickSearchModule:UnityEditor.Search:ASIAI0B
Importing 'GUID: cabd7abce6fcb401aa6818f59730d829 - Path: Packages/com.unity.2d.common/Path/Editor/EditablePath/MultipleEditablePathController.cs - Importer: ScriptedImporter/UnityEditor.QuickSearchModule:UnityEditor.Search:ASIAI0B' with importer (ScriptedImporter : UnityEditor.QuickSearchModule:UnityEditor.Search:ASIAI0B)
Imported 'GUID: cabd7abce6fcb401aa6818f59730d829' -> (Import Result ID: '88c97793f1eaf212a1ee4ad2867396f0') in 0.001 seconds [static and dynamic dependencies]. Details - ImportResultOutputID=5f3333ea51617604974ede9140523469 DependenciesID=7e8b8ff3944a42c843356a683d2012b6 StaticDependenciesID=5ae66416472fab73da35c24a82ac6e97 
Number of updated asset objects reloaded before import = 0
Number of asset objects unloaded after import = 0
========================================================================
Received Import Request.
  Time of request: 2026-09-17T18:20:27.360419Z
  Time since last request: 0.000175792 seconds.
  importAddress: GUID: a316f87205656c949a135f4c7ae8d5f2 - Path: Packages/com.unity.2d.animation/Editor/Assets/EditorIcons/Parent_Bone@3x.png - Importer: ScriptedImporter/UnityEditor.QuickSearchModule:UnityEditor.Search:ASIAI0B
Importing 'GUID: a316f87205656c949a135f4c7ae8d5f2 - Path: Packages/com.unity.2d.animation/Editor/Assets/EditorIcons/Parent_Bone@3x.png - Importer: ScriptedImporter/UnityEditor.QuickSearchModule:UnityEditor.Search:ASIAI0B' with importer (ScriptedImporter : UnityEditor.QuickSearchModule:UnityEditor.Search:ASIAI0B)
Imported 'GUID: a316f87205656c949a135f4c7ae8d5f2' -> (Import Result ID: '514082e427b513befc5895617932be8c') in 0.002 seconds [static and dynamic dependencies]. Details - ImportResultOutputID=e13fa0e777ec1dfe28ade538dc2a476e DependenciesID=4d1e707d131afcf4bca2a47cbd25e0b9 StaticDependenciesID=35d8b6c1065fcc053a8202a649d766de 
Number of updated asset objects reloaded before import = 0
Number of asset objects unloaded after import = 3
========================================================================
Received Import Request.
  Time of request: 2026-09-17T18:20:27.370271Z
  Time since last request: 0.000116416 seconds.
  importAddress: GUID: f71de106b02a45a1a03a9dc4fdf84bc0 - Path: Packages/com.unity.2d.animation/Runtime/SpriteSkinContainer.cs - Importer: ScriptedImporter/UnityEditor.QuickSearchModule:UnityEditor.Search:ASIAI0B
Importing 'GUID: f71de106b02a45a1a03a9dc4fdf84bc0 - Path: Packages/com.unity.2d.animation/Runtime/SpriteSkinContainer.cs - Importer: ScriptedImporter/UnityEditor.QuickSearchModule:UnityEditor.Search:ASIAI0B' with importer (ScriptedImporter : UnityEditor.QuickSearchModule:UnityEditor.Search:ASIAI0B)
Imported 'GUID: f71de106b02a45a1a03a9dc4fdf84bc0' -> (Import Result ID: 'fba7c0d5db83891c8f26771ea31fe2ae') in 0.001 seconds [static and dynamic dependencies]. Details - ImportResultOutputID=7f2b0aeb9d501df428c4782606b32be0 DependenciesID=962e9fbf99abf36a0c474bc7bc081933 StaticDependenciesID=fb68ab078deffae964320e8d52d830a4 
Number of updated asset objects reloaded before import = 0
Number of asset objects unloaded after import = 0
========================================================================
Received Import Request.
  Time of request: 2026-09-17T18:20:27.377765Z
  Time since last request: 0.000129458 seconds.
  importAddress: GUID: 70724a482a72437f9b652f84ddce3761 - Path: Packages/com.unity.2d.aseprite/Editor/Tasks/ImportMergedLayers.cs - Importer: ScriptedImporter/UnityEditor.QuickSearchModule:UnityEditor.Search:ASIAI0B
Importing 'GUID: 70724a482a72437f9b652f84ddce3761 - Path: Packages/com.unity.2d.aseprite/Editor/Tasks/ImportMergedLayers.cs - Importer: ScriptedImporter/UnityEditor.QuickSearchModule:UnityEditor.Search:ASIAI0B' with importer (ScriptedImporter : UnityEditor.QuickSearchModule:UnityEditor.Search:ASIAI0B)
Imported 'GUID: 70724a482a72437f9b652f84ddce3761' -> (Import Result ID: 'd00179cb12256d20780a2e7ed54a36b7') in 0.002 seconds [static and dynamic dependencies]. Details - ImportResultOutputID=a0ef14f0d584fc08f986fd7c3fce73c9 DependenciesID=4398cd6ee90e0e80f2df26c80f451aea StaticDependenciesID=94d1188e2d4ed58b9ea35caa0ddc7298 
Number of updated asset objects reloaded before import = 0
Number of asset objects unloaded after import = 0
========================================================================
Received Import Request.
  Time of request: 2026-09-17T18:20:27.386379Z
  Time since last request: 0.0001795 seconds.
  importAddress: GUID: fe3bf5027738f44ff8d390a3c4532dc8 - Path: Packages/com.unity.2d.aseprite/Tests - Importer: ScriptedImporter/UnityEditor.QuickSearchModule:UnityEditor.Search:ASIAI0B
Importing 'GUID: fe3bf5027738f44ff8d390a3c4532dc8 - Path: Packages/com.unity.2d.aseprite/Tests - Importer: ScriptedImporter/UnityEditor.QuickSearchModule:UnityEditor.Search:ASIAI0B' with importer (ScriptedImporter : UnityEditor.QuickSearchModule:UnityEditor.Search:ASIAI0B)
Imported 'GUID: fe3bf5027738f44ff8d390a3c4532dc8' -> (Import Result ID: '6624266356d9955d69ed21ecd5c7cc58') in 0.001 seconds [static and dynamic dependencies]. Details - ImportResultOutputID=421ffec346b665bcd5ea98517c1a9dba DependenciesID=f8e210c99f9f88f65476fa20cf715cb9 StaticDependenciesID=1bfd4b7062225ea34acbf967ee00dea8 
Number of updated asset objects reloaded before import = 0
Number of asset objects unloaded after import = 1
========================================================================
Received Import Request.
  Time of request: 2026-09-17T18:20:27.394261Z
  Time since last request: 0.000153833 seconds.
  importAddress: GUID: dde9b84b2ecc449698f45f68b76697ec - Path: Packages/com.unity.2d.sprite/Editor/SpriteEditor/SpriteEditorWindowSettings.cs - Importer: ScriptedImporter/UnityEditor.QuickSearchModule:UnityEditor.Search:ASIAI0B
Importing 'GUID: dde9b84b2ecc449698f45f68b76697ec - Path: Packages/com.unity.2d.sprite/Editor/SpriteEditor/SpriteEditorWindowSettings.cs - Importer: ScriptedImporter/UnityEditor.QuickSearchModule:UnityEditor.Search:ASIAI0B' with importer (ScriptedImporter : UnityEditor.QuickSearchModule:UnityEditor.Search:ASIAI0B)
Imported 'GUID: dde9b84b2ecc449698f45f68b76697ec' -> (Import Result ID: '45d65a4a9baa1180232eb533f6ea055a') in 0.001 seconds [static and dynamic dependencies]. Details - ImportResultOutputID=ed4c108557067b46aafcce45424f6db0 DependenciesID=982d34f4a4963172252f6aff4facceed StaticDependenciesID=b24e1772d8f8cc5c5afe8dbddeed353a 
Number of updated asset objects reloaded before import = 0
Number of asset objects unloaded after import = 0
========================================================================
Received Import Request.
  Time of request: 2026-09-17T18:20:27.402385Z
  Time since last request: 0.000195459 seconds.
  importAddress: GUID: 4c4d94ae492994f0ba16cfc5fe59c37d - Path: Packages/com.unity.2d.animation/Editor/Assets/EditorIcons/True@2x.png - Importer: ScriptedImporter/UnityEditor.QuickSearchModule:UnityEditor.Search:ASIAI0B
Importing 'GUID: 4c4d94ae492994f0ba16cfc5fe59c37d - Path: Packages/com.unity.2d.animation/Editor/Assets/EditorIcons/True@2x.png - Importer: ScriptedImporter/UnityEditor.QuickSearchModule:UnityEditor.Search:ASIAI0B' with importer (ScriptedImporter : UnityEditor.QuickSearchModule:UnityEditor.Search:ASIAI0B)
Imported 'GUID: 4c4d94ae492994f0ba16cfc5fe59c37d' -> (Import Result ID: '76f6752c2f94b7fab67981bbe4128a34') in 0.002 seconds [static and dynamic dependencies]. Details - ImportResultOutputID=7b2413944587d1bf3e647d987140196d DependenciesID=4a3b895f6704a77d53d48060dd1695fb StaticDependenciesID=94d21e35640a89144a5b73b799b366f1 
Number of updated asset objects reloaded before import = 0
Number of asset objects unloaded after import = 3
========================================================================
Received Import Request.
  Time of request: 2026-09-17T18:20:27.412329Z
  Time since last request: 0.000098 seconds.
  importAddress: GUID: 6b82a15b5a6dc4684a489ca0feecc092 - Path: Packages/com.unity.2d.animation/Editor/SkinningModule/VisibilityTool/MeshVisibilityToolModel.cs - Importer: ScriptedImporter/UnityEditor.QuickSearchModule:UnityEditor.Search:ASIAI0B
Importing 'GUID: 6b82a15b5a6dc4684a489ca0feecc092 - Path: Packages/com.unity.2d.animation/Editor/SkinningModule/VisibilityTool/MeshVisibilityToolModel.cs - Importer: ScriptedImporter/UnityEditor.QuickSearchModule:UnityEditor.Search:ASIAI0B' with importer (ScriptedImporter : UnityEditor.QuickSearchModule:UnityEditor.Search:ASIAI0B)
Imported 'GUID: 6b82a15b5a6dc4684a489ca0feecc092' -> (Import Result ID: '7581479fc7ab48d1797c7a67f3817674') in 0.001 seconds [static and dynamic dependencies]. Details - ImportResultOutputID=161dc8203b5a0f26019a6b7123c2c89c DependenciesID=0cf41dd74d5488649973b541080b87b4 StaticDependenciesID=db295918c98e00db5ccf6f6262a1f297 
Number of updated asset objects reloaded before import = 0
Number of asset objects unloaded after import = 0
========================================================================
Received Import Request.
  Time of request: 2026-09-17T18:20:27.419778Z
  Time since last request: 0.0001395 seconds.
  importAddress: GUID: 1ae0a0374ee241d5a995980057a751aa - Path: Packages/com.unity.2d.animation/Editor/SpriteLib/SpriteSwapOverlay/SpriteSwapOverlay.cs - Importer: ScriptedImporter/UnityEditor.QuickSearchModule:UnityEditor.Search:ASIAI0B
Importing 'GUID: 1ae0a0374ee241d5a995980057a751aa - Path: Packages/com.unity.2d.animation/Editor/SpriteLib/SpriteSwapOverlay/SpriteSwapOverlay.cs - Importer: ScriptedImporter/UnityEditor.QuickSearchModule:UnityEditor.Search:ASIAI0B' with importer (ScriptedImporter : UnityEditor.QuickSearchModule:UnityEditor.Search:ASIAI0B)
Imported 'GUID: 1ae0a0374ee241d5a995980057a751aa' -> (Import Result ID: '933d109861df8890365b6f4a074eb60f') in 0.001 seconds [static and dynamic dependencies]. Details - ImportResultOutputID=609d51ed3c6755167472db54e64d32a3 DependenciesID=acf9dc2cb033d5d7f4676e164dfeba51 StaticDependenciesID=bddaf7168a88ba48832722b5c82f7a11 
Number of updated asset objects reloaded before import = 0
Number of asset objects unloaded after import = 0
========================================================================
Received Import Request.
  Time of request: 2026-09-17T18:20:27.427548Z
  Time since last request: 0.000160459 seconds.
  importAddress: GUID: 39167332d427b4851b6947e4a02b9186 - Path: Packages/com.unity.2d.animation/Editor/Assets/AssetUpgrader - Importer: ScriptedImporter/UnityEditor.QuickSearchModule:UnityEditor.Search:ASIAI0B
Importing 'GUID: 39167332d427b4851b6947e4a02b9186 - Path: Packages/com.unity.2d.animation/Editor/Assets/AssetUpgrader - Importer: ScriptedImporter/UnityEditor.QuickSearchModule:UnityEditor.Search:ASIAI0B' with importer (ScriptedImporter : UnityEditor.QuickSearchModule:UnityEditor.Search:ASIAI0B)
Imported 'GUID: 39167332d427b4851b6947e4a02b9186' -> (Import Result ID: '19dc3e4f3e36092c13501c9cffbcdcbf') in 0.001 seconds [static and dynamic dependencies]. Details - ImportResultOutputID=52c3f69c51c4afcf0b8724f938a052ea DependenciesID=568f5e06e925a0433fced93cbbc2213e StaticDependenciesID=96ead4dde8880c15b0b66d3fef105f81 
Number of updated asset objects reloaded before import = 0
Number of asset objects unloaded after import = 1
========================================================================
Received Import Request.
  Time of request: 2026-09-17T18:20:27.435362Z
  Time since last request: 0.000171167 seconds.
  importAddress: GUID: 90f8cb564e79431284c8c2871d2c664a - Path: Packages/com.unity.2d.common/Editor/DebugTools/PlayerLoopInspector.cs - Importer: ScriptedImporter/UnityEditor.QuickSearchModule:UnityEditor.Search:ASIAI0B
Importing 'GUID: 90f8cb564e79431284c8c2871d2c664a - Path: Packages/com.unity.2d.common/Editor/DebugTools/PlayerLoopInspector.cs - Importer: ScriptedImporter/UnityEditor.QuickSearchModule:UnityEditor.Search:ASIAI0B' with importer (ScriptedImporter : UnityEditor.QuickSearchModule:UnityEditor.Search:ASIAI0B)
Imported 'GUID: 90f8cb564e79431284c8c2871d2c664a' -> (Import Result ID: '98f3a60309878c7190a4a646326bec39') in 0.001 seconds [static and dynamic dependencies]. Details - ImportResultOutputID=f70b9b04742a93a169bd886bdf823eb2 DependenciesID=058cd919686ce514d20a2679a1d7e806 StaticDependenciesID=7020333b64a09d9e4369a91405902e05 
Number of updated asset objects reloaded before import = 0
Number of asset objects unloaded after import = 0
========================================================================
Received Import Request.
  Time of request: 2026-09-17T18:20:27.443603Z
  Time since last request: 0.000218708 seconds.
  importAddress: GUID: fad537f7b1df74e869915bbab4356a0f - Path: Packages/com.unity.2d.animation/Editor/Assets/ComponentIcons/Animation.SpriteLibrary On@32.png - Importer: ScriptedImporter/UnityEditor.QuickSearchModule:UnityEditor.Search:ASIAI0B
Importing 'GUID: fad537f7b1df74e869915bbab4356a0f - Path: Packages/com.unity.2d.animation/Editor/Assets/ComponentIcons/Animation.SpriteLibrary On@32.png - Importer: ScriptedImporter/UnityEditor.QuickSearchModule:UnityEditor.Search:ASIAI0B' with importer (ScriptedImporter : UnityEditor.QuickSearchModule:UnityEditor.Search:ASIAI0B)
Imported 'GUID: fad537f7b1df74e869915bbab4356a0f' -> (Import Result ID: 'f2dee86de850eb7f44802b1780dbec79') in 0.003 seconds [static and dynamic dependencies]. Details - ImportResultOutputID=11fc163c8c3e29f29730d62a14d22bb1 DependenciesID=11b68538358a1919769ec54838074224 StaticDependenciesID=c7aff75ae3edb01cb351a293f986b8a8 
Number of updated asset objects reloaded before import = 0
Number of asset objects unloaded after import = 3
========================================================================
Received Import Request.
  Time of request: 2026-09-17T18:20:27.4533Z
  Time since last request: 0.000102375 seconds.
  importAddress: GUID: 764df10adc2353a47a5ae0e9649e51a6 - Path: Packages/com.unity.2d.psdimporter/Editor/PSDPlugin/PsdFile/ImageResources/RawImageResource.cs - Importer: ScriptedImporter/UnityEditor.QuickSearchModule:UnityEditor.Search:ASIAI0B
Importing 'GUID: 764df10adc2353a47a5ae0e9649e51a6 - Path: Packages/com.unity.2d.psdimporter/Editor/PSDPlugin/PsdFile/ImageResources/RawImageResource.cs - Importer: ScriptedImporter/UnityEditor.QuickSearchModule:UnityEditor.Search:ASIAI0B' with importer (ScriptedImporter : UnityEditor.QuickSearchModule:UnityEditor.Search:ASIAI0B)
Imported 'GUID: 764df10adc2353a47a5ae0e9649e51a6' -> (Import Result ID: '5def193db45400ca680de8590559d3d9') in 0.001 seconds [static and dynamic dependencies]. Details - ImportResultOutputID=b700ec6b9e3e5cd58f5e2521339a64f6 DependenciesID=141a0ee9b8b9bb2a3a3c7b2180093a32 StaticDependenciesID=1b40af2fcb1b12837ed464baff509c7b 
Number of updated asset objects reloaded before import = 0
Number of asset objects unloaded after import = 0
========================================================================
Received Import Request.
  Time of request: 2026-09-17T18:20:27.460959Z
  Time since last request: 0.00010075 seconds.
  importAddress: GUID: d775c763bd71c56499292f26a2a0e44b - Path: Packages/com.unity.2d.animation/Editor/ClipperLib - Importer: ScriptedImporter/UnityEditor.QuickSearchModule:UnityEditor.Search:ASIAI0B
Importing 'GUID: d775c763bd71c56499292f26a2a0e44b - Path: Packages/com.unity.2d.animation/Editor/ClipperLib - Importer: ScriptedImporter/UnityEditor.QuickSearchModule:UnityEditor.Search:ASIAI0B' with importer (ScriptedImporter : UnityEditor.QuickSearchModule:UnityEditor.Search:ASIAI0B)
Imported 'GUID: d775c763bd71c56499292f26a2a0e44b' -> (Import Result ID: 'e9e4dc94dc224978b934890e519f5380') in 0.001 seconds [static and dynamic dependencies]. Details - ImportResultOutputID=a5029a1b8d3aff08dd6eebded2e99e7b DependenciesID=294fd14668219dff56a60eb87690ffaf StaticDependenciesID=33113f2c5d27bd65e494775ffdeae8bb 
Number of updated asset objects reloaded before import = 0
Number of asset objects unloaded after import = 1
========================================================================
Received Import Request.
  Time of request: 2026-09-17T18:20:27.468881Z
  Time since last request: 0.000130167 seconds.
  importAddress: GUID: b2a7503b9cc7144c1bfe6d3693632d47 - Path: Packages/com.unity.2d.tilemap/Editor/Icons/d_Tilemap.CustomBrush.png - Importer: ScriptedImporter/UnityEditor.QuickSearchModule:UnityEditor.Search:ASIAI0B
Importing 'GUID: b2a7503b9cc7144c1bfe6d3693632d47 - Path: Packages/com.unity.2d.tilemap/Editor/Icons/d_Tilemap.CustomBrush.png - Importer: ScriptedImporter/UnityEditor.QuickSearchModule:UnityEditor.Search:ASIAI0B' with importer (ScriptedImporter : UnityEditor.QuickSearchModule:UnityEditor.Search:ASIAI0B)
Imported 'GUID: b2a7503b9cc7144c1bfe6d3693632d47' -> (Import Result ID: '8b7cfe915124870a253bfa616055e2b1') in 0.002 seconds [static and dynamic dependencies]. Details - ImportResultOutputID=170e000150c8cf642fec210d76194620 DependenciesID=3080edcedf88fe45b08ec3a60806f392 StaticDependenciesID=771f0df55d7876a22d8ae02d4ed3b9dd 
Number of updated asset objects reloaded before import = 0
Number of asset objects unloaded after import = 3
========================================================================
Received Import Request.
  Time of request: 2026-09-17T18:20:27.478637Z
  Time since last request: 0.000128917 seconds.
  importAddress: GUID: 9b35ffc51af54aeaa2384cef4465d664 - Path: Packages/com.unity.2d.tilemap/Editor/GridPaletteAddWhiteboxPopup.cs - Importer: ScriptedImporter/UnityEditor.QuickSearchModule:UnityEditor.Search:ASIAI0B
Importing 'GUID: 9b35ffc51af54aeaa2384cef4465d664 - Path: Packages/com.unity.2d.tilemap/Editor/GridPaletteAddWhiteboxPopup.cs - Importer: ScriptedImporter/UnityEditor.QuickSearchModule:UnityEditor.Search:ASIAI0B' with importer (ScriptedImporter : UnityEditor.QuickSearchModule:UnityEditor.Search:ASIAI0B)
Imported 'GUID: 9b35ffc51af54aeaa2384cef4465d664' -> (Import Result ID: 'a6b749634ef47a08067f8f7766fe309d') in 0.001 seconds [static and dynamic dependencies]. Details - ImportResultOutputID=ed14b518856355e2fd38b25137ef153f DependenciesID=f8bcd0f2c862e8e5150db4e25b858f19 StaticDependenciesID=ceef041dc9af7aeff111cced0c323364 
Number of updated asset objects reloaded before import = 0
Number of asset objects unloaded after import = 0
========================================================================
Received Import Request.
  Time of request: 2026-09-17T18:20:27.486487Z
  Time since last request: 0.000133 seconds.
  importAddress: GUID: 401e910567b72dd4abf58be9f7e0518b - Path: Packages/com.unity.2d.tilemap/Editor/Icons/Tilemap.ShowTilePalette@4x.png - Importer: ScriptedImporter/UnityEditor.QuickSearchModule:UnityEditor.Search:ASIAI0B
Importing 'GUID: 401e910567b72dd4abf58be9f7e0518b - Path: Packages/com.unity.2d.tilemap/Editor/Icons/Tilemap.ShowTilePalette@4x.png - Importer: ScriptedImporter/UnityEditor.QuickSearchModule:UnityEditor.Search:ASIAI0B' with importer (ScriptedImporter : UnityEditor.QuickSearchModule:UnityEditor.Search:ASIAI0B)
Imported 'GUID: 401e910567b72dd4abf58be9f7e0518b' -> (Import Result ID: '4b273ec76bc40d81cd2b49e9f0f215eb') in 0.003 seconds [static and dynamic dependencies]. Details - ImportResultOutputID=bb5ff890531bf76fd52ccb54547638ff DependenciesID=040817b8f378ffee5ba43dd5c11944b3 StaticDependenciesID=89a94890726849f6287cc41558e6935d 
Number of updated asset objects reloaded before import = 0
Number of asset objects unloaded after import = 3
========================================================================
Received Import Request.
  Time of request: 2026-09-17T18:20:27.555942Z
  Time since last request: 0.059748084 seconds.
  importAddress: GUID: 362bbe220ef534796a551dd8d95c926a - Path: Packages/com.unity.2d.tooling/Editor/Insider/SpriteAtlas/SpriteAtlasIssueReport/SpriteCountInAtlasIssue/SpriteCountIssueSettings.uss - Importer: ScriptedImporter/UnityEditor.QuickSearchModule:UnityEditor.Search:ASIAI0B
Importing 'GUID: 362bbe220ef534796a551dd8d95c926a - Path: Packages/com.unity.2d.tooling/Editor/Insider/SpriteAtlas/SpriteAtlasIssueReport/SpriteCountInAtlasIssue/SpriteCountIssueSettings.uss - Importer: ScriptedImporter/UnityEditor.QuickSearchModule:UnityEditor.Search:ASIAI0B' with importer (ScriptedImporter : UnityEditor.QuickSearchModule:UnityEditor.Search:ASIAI0B)
Imported 'GUID: 362bbe220ef534796a551dd8d95c926a' -> (Import Result ID: 'ff1cf1e64aa2ec9490f7911523d1731f') in 0.002 seconds [static and dynamic dependencies]. Details - ImportResultOutputID=33ab4852145b9fe5a462ea0d85bc8f8e DependenciesID=2b8e8eaf468f56ae2bae6c9e6ef56d70 StaticDependenciesID=1c6f2b22e57a9c4c482b2de27315e7df 
Number of updated asset objects reloaded before import = 0
Number of asset objects unloaded after import = 1
========================================================================
Received Import Request.
  Time of request: 2026-09-17T18:20:27.566226Z
  Time since last request: 0.000239417 seconds.
  importAddress: GUID: 72c98894fc0953a4486e96fa2cff6f8d - Path: Packages/com.unity.2d.animation/Editor/Assets/SkinningModule/InfluenceWindowStyle.uss - Importer: ScriptedImporter/UnityEditor.QuickSearchModule:UnityEditor.Search:ASIAI0B
Importing 'GUID: 72c98894fc0953a4486e96fa2cff6f8d - Path: Packages/com.unity.2d.animation/Editor/Assets/SkinningModule/InfluenceWindowStyle.uss - Importer: ScriptedImporter/UnityEditor.QuickSearchModule:UnityEditor.Search:ASIAI0B' with importer (ScriptedImporter : UnityEditor.QuickSearchModule:UnityEditor.Search:ASIAI0B)
Imported 'GUID: 72c98894fc0953a4486e96fa2cff6f8d' -> (Import Result ID: '97e1a615a8a99f7b52dc6ef6be5d4f0d') in 0.002 seconds [static and dynamic dependencies]. Details - ImportResultOutputID=b9b0fe5dc42bda49d6d5a9da0ae25b2d DependenciesID=1514c9bdaed563c733c45e735291e280 StaticDependenciesID=17d3a74bc278b83883db0546c1651a63 
Number of updated asset objects reloaded before import = 0
Number of asset objects unloaded after import = 1
========================================================================
Received Import Request.
  Time of request: 2026-09-17T18:20:27.575603Z
  Time since last request: 0.000418541 seconds.
  importAddress: GUID: c4c408d2869a4a40958c031461798fc0 - Path: Packages/com.unity.2d.animation/Editor/SpriteLib/SpriteSwapOverlay/LabelContainer.cs - Importer: ScriptedImporter/UnityEditor.QuickSearchModule:UnityEditor.Search:ASIAI0B
Importing 'GUID: c4c408d2869a4a40958c031461798fc0 - Path: Packages/com.unity.2d.animation/Editor/SpriteLib/SpriteSwapOverlay/LabelContainer.cs - Importer: ScriptedImporter/UnityEditor.QuickSearchModule:UnityEditor.Search:ASIAI0B' with importer (ScriptedImporter : UnityEditor.QuickSearchModule:UnityEditor.Search:ASIAI0B)
Imported 'GUID: c4c408d2869a4a40958c031461798fc0' -> (Import Result ID: 'cce6b3e0086574848ff1a94c4b077ad1') in 0.001 seconds [static and dynamic dependencies]. Details - ImportResultOutputID=3efee13a18a8ef45bc4920f0a84180e9 DependenciesID=8e4a7de2dd6567e35643808af8f26641 StaticDependenciesID=e1325a1169ebc2123ea29f3b951c8b6f 
Number of updated asset objects reloaded before import = 0
Number of asset objects unloaded after import = 0
========================================================================
Received Import Request.
  Time of request: 2026-09-17T18:20:27.584397Z
  Time since last request: 0.0002055 seconds.
  importAddress: GUID: 1a2673cb12e2ed1459bc6ab5dad05aae - Path: Packages/com.unity.2d.animation/Editor/Assets/EditorIcons/Selected/d_Visibility_Hidded@2x.png - Importer: ScriptedImporter/UnityEditor.QuickSearchModule:UnityEditor.Search:ASIAI0B
Importing 'GUID: 1a2673cb12e2ed1459bc6ab5dad05aae - Path: Packages/com.unity.2d.animation/Editor/Assets/EditorIcons/Selected/d_Visibility_Hidded@2x.png - Importer: ScriptedImporter/UnityEditor.QuickSearchModule:UnityEditor.Search:ASIAI0B' with importer (ScriptedImporter : UnityEditor.QuickSearchModule:UnityEditor.Search:ASIAI0B)
Imported 'GUID: 1a2673cb12e2ed1459bc6ab5dad05aae' -> (Import Result ID: '47bfd729367205bf3921465e29335348') in 0.003 seconds [static and dynamic dependencies]. Details - ImportResultOutputID=90952973f8c7794403c5586b4c063611 DependenciesID=e661ecccd13019a7fdaee55f255b7fe1 StaticDependenciesID=b52acaea416ff7a69f6b142e4c3d423e 
Number of updated asset objects reloaded before import = 0
Number of asset objects unloaded after import = 3
========================================================================
Received Import Request.
  Time of request: 2026-09-17T18:20:27.594608Z
  Time since last request: 0.000100666 seconds.
  importAddress: GUID: c38da00047c364d939a5857fc7e8a17a - Path: Packages/com.unity.2d.animation/Editor/Assets/ComponentIcons/d_Animation.SpriteLibraryVar@128.png - Importer: ScriptedImporter/UnityEditor.QuickSearchModule:UnityEditor.Search:ASIAI0B
Importing 'GUID: c38da00047c364d939a5857fc7e8a17a - Path: Packages/com.unity.2d.animation/Editor/Assets/ComponentIcons/d_Animation.SpriteLibraryVar@128.png - Importer: ScriptedImporter/UnityEditor.QuickSearchModule:UnityEditor.Search:ASIAI0B' with importer (ScriptedImporter : UnityEditor.QuickSearchModule:UnityEditor.Search:ASIAI0B)
Imported 'GUID: c38da00047c364d939a5857fc7e8a17a' -> (Import Result ID: '0c1db3f7f03f807e1828769a51323f00') in 0.003 seconds [static and dynamic dependencies]. Details - ImportResultOutputID=25e844edf88be8355475dc24c1729268 DependenciesID=27049fe66a2da95d9345ade0b33ddbf1 StaticDependenciesID=3c2c3c094a3bf35c9118f58e191c2c9b 
Number of updated asset objects reloaded before import = 0
Number of asset objects unloaded after import = 3
========================================================================
Received Import Request.
  Time of request: 2026-09-17T18:20:27.604256Z
  Time since last request: 0.000086416 seconds.
  importAddress: GUID: d85e4b19ce7cc4cd4bc97653aaea6223 - Path: Packages/com.unity.2d.tooling/Editor/Insider/SpriteAtlas/SpriteAtlasIssueReport/UIElement/SpriteAtlasReportTable/SpriteAtlasReportTable.uxml - Importer: ScriptedImporter/UnityEditor.QuickSearchModule:UnityEditor.Search:ASIAI0B
Importing 'GUID: d85e4b19ce7cc4cd4bc97653aaea6223 - Path: Packages/com.unity.2d.tooling/Editor/Insider/SpriteAtlas/SpriteAtlasIssueReport/UIElement/SpriteAtlasReportTable/SpriteAtlasReportTable.uxml - Importer: ScriptedImporter/UnityEditor.QuickSearchModule:UnityEditor.Search:ASIAI0B' with importer (ScriptedImporter : UnityEditor.QuickSearchModule:UnityEditor.Search:ASIAI0B)
Imported 'GUID: d85e4b19ce7cc4cd4bc97653aaea6223' -> (Import Result ID: '68cbbeca810d30818b5b2cf5516c9ffe') in 0.002 seconds [static and dynamic dependencies]. Details - ImportResultOutputID=1318b52e9e9accb30e691337a6c55094 DependenciesID=595114206301ce5c4fefd4b6daff6dde StaticDependenciesID=441610ade0fc227dda8e45ab9359548b 
Number of updated asset objects reloaded before import = 0
Number of asset objects unloaded after import = 3
========================================================================
Received Import Request.
  Time of request: 2026-09-17T18:20:27.613416Z
  Time since last request: 0.000131042 seconds.
  importAddress: GUID: aba5d07cce7d34a7587f27f48d05dd9b - Path: Packages/com.unity.2d.animation/Editor/Assets/ComponentIcons/d_Animation.IKLimb.png - Importer: ScriptedImporter/UnityEditor.QuickSearchModule:UnityEditor.Search:ASIAI0B
Importing 'GUID: aba5d07cce7d34a7587f27f48d05dd9b - Path: Packages/com.unity.2d.animation/Editor/Assets/ComponentIcons/d_Animation.IKLimb.png - Importer: ScriptedImporter/UnityEditor.QuickSearchModule:UnityEditor.Search:ASIAI0B' with importer (ScriptedImporter : UnityEditor.QuickSearchModule:UnityEditor.Search:ASIAI0B)
Imported 'GUID: aba5d07cce7d34a7587f27f48d05dd9b' -> (Import Result ID: '05a9607dab6f1da09ebf748ac58f4f2f') in 0.003 seconds [static and dynamic dependencies]. Details - ImportResultOutputID=f6251ebe5b95d4f81f385cf76afc86b8 DependenciesID=dba865c68ccf2c8dfc322393291a45cf StaticDependenciesID=6fa2d27bc15858d725ade10be5c8742c 
Number of updated asset objects reloaded before import = 0
Number of asset objects unloaded after import = 3
========================================================================
Received Import Request.
  Time of request: 2026-09-17T18:20:27.623231Z
  Time since last request: 0.000104542 seconds.
  importAddress: GUID: 02dc6f1e2f684fbab3881a2651eca8b8 - Path: Packages/com.unity.2d.sprite/Editor/ProjectSettings/SpriteFrameModuleSettings/SpriteFrameModuleSettings.cs - Importer: ScriptedImporter/UnityEditor.QuickSearchModule:UnityEditor.Search:ASIAI0B
Importing 'GUID: 02dc6f1e2f684fbab3881a2651eca8b8 - Path: Packages/com.unity.2d.sprite/Editor/ProjectSettings/SpriteFrameModuleSettings/SpriteFrameModuleSettings.cs - Importer: ScriptedImporter/UnityEditor.QuickSearchModule:UnityEditor.Search:ASIAI0B' with importer (ScriptedImporter : UnityEditor.QuickSearchModule:UnityEditor.Search:ASIAI0B)
Imported 'GUID: 02dc6f1e2f684fbab3881a2651eca8b8' -> (Import Result ID: 'dbbeae611530a47f0bb113fa95602e66') in 0.001 seconds [static and dynamic dependencies]. Details - ImportResultOutputID=726a8b6f08fdb8658b1462075a13c833 DependenciesID=c4407a2e1b8ee44ee9a69a3e6da6f788 StaticDependenciesID=2ebf2b2ac468ee95c3242ce821ae5a31 
Number of updated asset objects reloaded before import = 0
Number of asset objects unloaded after import = 0
========================================================================
Received Import Request.
  Time of request: 2026-09-17T18:20:27.630798Z
  Time since last request: 0.0001145 seconds.
  importAddress: GUID: 892011c7f9f44a1f808d79c1b1799242 - Path: Packages/com.unity.2d.sprite/Editor/SpriteEditorModule/SpriteFrameModule/SpriteFrameEditor/SpriteFrameScenePreview.cs - Importer: ScriptedImporter/UnityEditor.QuickSearchModule:UnityEditor.Search:ASIAI0B
Importing 'GUID: 892011c7f9f44a1f808d79c1b1799242 - Path: Packages/com.unity.2d.sprite/Editor/SpriteEditorModule/SpriteFrameModule/SpriteFrameEditor/SpriteFrameScenePreview.cs - Importer: ScriptedImporter/UnityEditor.QuickSearchModule:UnityEditor.Search:ASIAI0B' with importer (ScriptedImporter : UnityEditor.QuickSearchModule:UnityEditor.Search:ASIAI0B)
Imported 'GUID: 892011c7f9f44a1f808d79c1b1799242' -> (Import Result ID: 'a6dced0e0723adf7b2c7103109d1d0a5') in 0.001 seconds [static and dynamic dependencies]. Details - ImportResultOutputID=680613f7b9c0415d7f34402962d88202 DependenciesID=778873c05eca670972e0223d2c7adc0f StaticDependenciesID=73935759b8d6e0919ee41ced44b96457 
Number of updated asset objects reloaded before import = 0
Number of asset objects unloaded after import = 0
========================================================================
Received Import Request.
  Time of request: 2026-09-17T18:20:27.63879Z
  Time since last request: 0.000126333 seconds.
  importAddress: GUID: 4b31b91e4b784738ae99ce56d3f91f02 - Path: Packages/com.unity.2d.animation/Runtime/SpriteBoneHierarchyData.cs - Importer: ScriptedImporter/UnityEditor.QuickSearchModule:UnityEditor.Search:ASIAI0B
Importing 'GUID: 4b31b91e4b784738ae99ce56d3f91f02 - Path: Packages/com.unity.2d.animation/Runtime/SpriteBoneHierarchyData.cs - Importer: ScriptedImporter/UnityEditor.QuickSearchModule:UnityEditor.Search:ASIAI0B' with importer (ScriptedImporter : UnityEditor.QuickSearchModule:UnityEditor.Search:ASIAI0B)
Imported 'GUID: 4b31b91e4b784738ae99ce56d3f91f02' -> (Import Result ID: '2dffdb39f4e9e05567faec0aa591eba7') in 0.001 seconds [static and dynamic dependencies]. Details - ImportResultOutputID=b288ff462fe8256619055ca6b7328d9f DependenciesID=0454406a5e3186b88e4978afad39de1c StaticDependenciesID=0970291d7b95b34d2443d8ed3b94528a 
Number of updated asset objects reloaded before import = 0
Number of asset objects unloaded after import = 0
========================================================================
Received Import Request.
  Time of request: 2026-09-17T18:20:27.646439Z
  Time since last request: 0.000168375 seconds.
  importAddress: GUID: 08c104e7d99d71c4eb0702b4e3e4b7d5 - Path: Packages/com.unity.2d.animation/Editor/SkinningModule/Selection/ITransformSelection.cs - Importer: ScriptedImporter/UnityEditor.QuickSearchModule:UnityEditor.Search:ASIAI0B
Importing 'GUID: 08c104e7d99d71c4eb0702b4e3e4b7d5 - Path: Packages/com.unity.2d.animation/Editor/SkinningModule/Selection/ITransformSelection.cs - Importer: ScriptedImporter/UnityEditor.QuickSearchModule:UnityEditor.Search:ASIAI0B' with importer (ScriptedImporter : UnityEditor.QuickSearchModule:UnityEditor.Search:ASIAI0B)
Imported 'GUID: 08c104e7d99d71c4eb0702b4e3e4b7d5' -> (Import Result ID: 'd6562d23c2634971db5f4cd6dfb29389') in 0.001 seconds [static and dynamic dependencies]. Details - ImportResultOutputID=448edd20383facd5e4db190124379234 DependenciesID=a4d522553ff16da524a67dd1f7fbc1f2 StaticDependenciesID=5e8fb72ce25d1bb6047e4cf65deaee52 
Number of updated asset objects reloaded before import = 0
Number of asset objects unloaded after import = 0
========================================================================
Received Import Request.
  Time of request: 2026-09-17T18:20:27.654543Z
  Time since last request: 0.000215291 seconds.
  importAddress: GUID: 9eaaf0b28a38f804f9fadea8b77e198d - Path: Packages/com.unity.2d.common/Editor/ScriptablePacker/DefaultScriptablePacker.asset - Importer: ScriptedImporter/UnityEditor.QuickSearchModule:UnityEditor.Search:ASIAI0B
Importing 'GUID: 9eaaf0b28a38f804f9fadea8b77e198d - Path: Packages/com.unity.2d.common/Editor/ScriptablePacker/DefaultScriptablePacker.asset - Importer: ScriptedImporter/UnityEditor.QuickSearchModule:UnityEditor.Search:ASIAI0B' with importer (ScriptedImporter : UnityEditor.QuickSearchModule:UnityEditor.Search:ASIAI0B)
Imported 'GUID: 9eaaf0b28a38f804f9fadea8b77e198d' -> (Import Result ID: '33b0d45a3e7ee6ae4b64172cb4ddb5d9') in 0.002 seconds [static and dynamic dependencies]. Details - ImportResultOutputID=88c6bb9e041ea43f26da2de0d6a6c74a DependenciesID=0103140fbf85aca910da02bf0e9b7a33 StaticDependenciesID=f7431089349b04f4c41e833bea5f2ee8 
Number of updated asset objects reloaded before import = 0
Number of asset objects unloaded after import = 1
========================================================================
Received Import Request.
  Time of request: 2026-09-17T18:20:27.663432Z
  Time since last request: 0.00010425 seconds.
  importAddress: GUID: 06de59c21b18a5641b881cd7844c41be - Path: Packages/com.unity.2d.animation/Editor/SkinningModule/UI/BoneToolbar.cs - Importer: ScriptedImporter/UnityEditor.QuickSearchModule:UnityEditor.Search:ASIAI0B
Importing 'GUID: 06de59c21b18a5641b881cd7844c41be - Path: Packages/com.unity.2d.animation/Editor/SkinningModule/UI/BoneToolbar.cs - Importer: ScriptedImporter/UnityEditor.QuickSearchModule:UnityEditor.Search:ASIAI0B' with importer (ScriptedImporter : UnityEditor.QuickSearchModule:UnityEditor.Search:ASIAI0B)
Imported 'GUID: 06de59c21b18a5641b881cd7844c41be' -> (Import Result ID: 'ebc5631aa953e7b07b6a5979a69fbb3f') in 0.001 seconds [static and dynamic dependencies]. Details - ImportResultOutputID=14203db7842bdc0cd3324a28b711b40c DependenciesID=4a9248c721cb0125da3c37bbde6ee37a StaticDependenciesID=ff818feb9013a246194109d290dc93a4 
Number of updated asset objects reloaded before import = 0
Number of asset objects unloaded after import = 0
========================================================================
Received Import Request.
  Time of request: 2026-09-17T18:20:27.671023Z
  Time since last request: 0.000140708 seconds.
  importAddress: GUID: 822738e95ef15a7458391fe6a2764a5c - Path: Packages/com.unity.2d.pixel-perfect/Tests/Editor/Unity.2D.PixelPerfect.Editor.Tests.asmdef - Importer: ScriptedImporter/UnityEditor.QuickSearchModule:UnityEditor.Search:ASIAI0B
Importing 'GUID: 822738e95ef15a7458391fe6a2764a5c - Path: Packages/com.unity.2d.pixel-perfect/Tests/Editor/Unity.2D.PixelPerfect.Editor.Tests.asmdef - Importer: ScriptedImporter/UnityEditor.QuickSearchModule:UnityEditor.Search:ASIAI0B' with importer (ScriptedImporter : UnityEditor.QuickSearchModule:UnityEditor.Search:ASIAI0B)
Imported 'GUID: 822738e95ef15a7458391fe6a2764a5c' -> (Import Result ID: '616f2db8a57c73bfc2ebeaeb139221f2') in 0.002 seconds [static and dynamic dependencies]. Details - ImportResultOutputID=cc58a7aea06dad48f3062e1321621050 DependenciesID=a285da9c9988cd84902a571d18fbd9ae StaticDependenciesID=9862897584d345e9f90b13b1a138e596 
Number of updated asset objects reloaded before import = 0
Number of asset objects unloaded after import = 1
========================================================================
Received Import Request.
  Time of request: 2026-09-17T18:20:27.680047Z
  Time since last request: 0.000106875 seconds.
  importAddress: GUID: db2b3974aac164565bda03b3e0d93046 - Path: Packages/com.unity.2d.animation/Editor/Assets/ComponentIcons/Animation.SpriteResolver On.png - Importer: ScriptedImporter/UnityEditor.QuickSearchModule:UnityEditor.Search:ASIAI0B
Importing 'GUID: db2b3974aac164565bda03b3e0d93046 - Path: Packages/com.unity.2d.animation/Editor/Assets/ComponentIcons/Animation.SpriteResolver On.png - Importer: ScriptedImporter/UnityEditor.QuickSearchModule:UnityEditor.Search:ASIAI0B' with importer (ScriptedImporter : UnityEditor.QuickSearchModule:UnityEditor.Search:ASIAI0B)
Imported 'GUID: db2b3974aac164565bda03b3e0d93046' -> (Import Result ID: '9f85213916cc794497704688d5a3de5d') in 0.002 seconds [static and dynamic dependencies]. Details - ImportResultOutputID=284797daa7d5e0551282532d370de2f5 DependenciesID=a0ed76273c892b8bbaa8aca70322d482 StaticDependenciesID=f8c25aac3097c91b14f5bb8592dd092e 
Number of updated asset objects reloaded before import = 0
Number of asset objects unloaded after import = 3
========================================================================
Received Import Request.
  Time of request: 2026-09-17T18:20:27.68929Z
  Time since last request: 0.000093542 seconds.
  importAddress: GUID: 8a34d1dd5d9a06973a131648cb3acdab - Path: Packages/com.unity.2d.tooling - Importer: ScriptedImporter/UnityEditor.QuickSearchModule:UnityEditor.Search:ASIAI0B
Importing 'GUID: 8a34d1dd5d9a06973a131648cb3acdab - Path: Packages/com.unity.2d.tooling - Importer: ScriptedImporter/UnityEditor.QuickSearchModule:UnityEditor.Search:ASIAI0B' with importer (ScriptedImporter : UnityEditor.QuickSearchModule:UnityEditor.Search:ASIAI0B)
Imported 'GUID: 8a34d1dd5d9a06973a131648cb3acdab' -> (Import Result ID: 'ba983c0387bde11025520cfa4d5d0cbc') in 0.001 seconds [static and dynamic dependencies]. Details - ImportResultOutputID=f2a8dd4f7c3c9fbcdd2112c6f179be85 DependenciesID=438eda0420b080dd76fe695ed61978d3 StaticDependenciesID=a3fa3aaedf2432079ead88d92ec21177 
Number of updated asset objects reloaded before import = 0
Number of asset objects unloaded after import = 1
========================================================================
Received Import Request.
  Time of request: 2026-09-17T18:20:27.696829Z
  Time since last request: 0.000162458 seconds.
  importAddress: GUID: a4c77cea19fd0f84581d6e437a86290c - Path: Packages/com.unity.2d.animation/Editor/Assets/EditorIcons/Generate_Geometry@4x.png - Importer: ScriptedImporter/UnityEditor.QuickSearchModule:UnityEditor.Search:ASIAI0B
Importing 'GUID: a4c77cea19fd0f84581d6e437a86290c - Path: Packages/com.unity.2d.animation/Editor/Assets/EditorIcons/Generate_Geometry@4x.png - Importer: ScriptedImporter/UnityEditor.QuickSearchModule:UnityEditor.Search:ASIAI0B' with importer (ScriptedImporter : UnityEditor.QuickSearchModule:UnityEditor.Search:ASIAI0B)
Imported 'GUID: a4c77cea19fd0f84581d6e437a86290c' -> (Import Result ID: '99c88fa11d12731919a0e5ef7f728dfe') in 0.003 seconds [static and dynamic dependencies]. Details - ImportResultOutputID=768ab0f4d235ff6240372613092d551d DependenciesID=3d6b52e147c4a6d7913e0e7f349a9612 StaticDependenciesID=38b1259626577a74b40da4b928b4e856 
Number of updated asset objects reloaded before import = 0
Number of asset objects unloaded after import = 3
========================================================================
Received Import Request.
  Time of request: 2026-09-17T18:20:27.706842Z
  Time since last request: 0.000139875 seconds.
  importAddress: GUID: ba6dc9e2bb114aa46a392528f10c13d0 - Path: Packages/com.unity.2d.tilemap/Editor/Icons/d_Tilemap..BrushPicks@4x.png - Importer: ScriptedImporter/UnityEditor.QuickSearchModule:UnityEditor.Search:ASIAI0B
Importing 'GUID: ba6dc9e2bb114aa46a392528f10c13d0 - Path: Packages/com.unity.2d.tilemap/Editor/Icons/d_Tilemap..BrushPicks@4x.png - Importer: ScriptedImporter/UnityEditor.QuickSearchModule:UnityEditor.Search:ASIAI0B' with importer (ScriptedImporter : UnityEditor.QuickSearchModule:UnityEditor.Search:ASIAI0B)
Imported 'GUID: ba6dc9e2bb114aa46a392528f10c13d0' -> (Import Result ID: 'e52a160182e91553d241efa4093bbaa4') in 0.003 seconds [static and dynamic dependencies]. Details - ImportResultOutputID=ac27c529e97aba706812cd8bdebadc11 DependenciesID=6faecd848e8bc72c8e3976dc7297bb87 StaticDependenciesID=7651b0c14a4e9d23911f8f7c828ff48a 
Number of updated asset objects reloaded before import = 0
Number of asset objects unloaded after import = 3
========================================================================
Received Import Request.
  Time of request: 2026-09-17T18:20:27.716555Z
  Time since last request: 0.000111 seconds.
  importAddress: GUID: 1b6eb68622062430bb24d3568b99fee6 - Path: Packages/com.unity.2d.common/Path/Editor/EditorTool/PathEditorToolExtensions.cs - Importer: ScriptedImporter/UnityEditor.QuickSearchModule:UnityEditor.Search:ASIAI0B
Importing 'GUID: 1b6eb68622062430bb24d3568b99fee6 - Path: Packages/com.unity.2d.common/Path/Editor/EditorTool/PathEditorToolExtensions.cs - Importer: ScriptedImporter/UnityEditor.QuickSearchModule:UnityEditor.Search:ASIAI0B' with importer (ScriptedImporter : UnityEditor.QuickSearchModule:UnityEditor.Search:ASIAI0B)
Imported 'GUID: 1b6eb68622062430bb24d3568b99fee6' -> (Import Result ID: 'e3390df3f5bd1f0b386522d683acc063') in 0.001 seconds [static and dynamic dependencies]. Details - ImportResultOutputID=cd57639227f2deecfbfe84151c7b0f5f DependenciesID=5d2c4e3a4054c09961209d90b2d2c2d2 StaticDependenciesID=d84a7d3502815fee9edd624b1c2feedd 
Number of updated asset objects reloaded before import = 0
Number of asset objects unloaded after import = 0
========================================================================
Received Import Request.
  Time of request: 2026-09-17T18:20:27.725237Z
  Time since last request: 0.000169333 seconds.
  importAddress: GUID: 2223b0a570b66ee42b3e0a79f0789b2a - Path: Packages/com.unity.2d.animation/Editor/Assets/EditorIcons/Selected/Sprite_Mode@4x.png - Importer: ScriptedImporter/UnityEditor.QuickSearchModule:UnityEditor.Search:ASIAI0B
Importing 'GUID: 2223b0a570b66ee42b3e0a79f0789b2a - Path: Packages/com.unity.2d.animation/Editor/Assets/EditorIcons/Selected/Sprite_Mode@4x.png - Importer: ScriptedImporter/UnityEditor.QuickSearchModule:UnityEditor.Search:ASIAI0B' with importer (ScriptedImporter : UnityEditor.QuickSearchModule:UnityEditor.Search:ASIAI0B)
Imported 'GUID: 2223b0a570b66ee42b3e0a79f0789b2a' -> (Import Result ID: 'a54bb00be4e4409c8376c21729c77777') in 0.003 seconds [static and dynamic dependencies]. Details - ImportResultOutputID=7a07ab3bb596f357f55e7b2454aa5b2a DependenciesID=4cdedc19f8cd0f876eaac613bfa5b7cf StaticDependenciesID=47fdf93d1e6fdae5097939b75b27ccba 
Number of updated asset objects reloaded before import = 0
Number of asset objects unloaded after import = 3
========================================================================
Received Import Request.
  Time of request: 2026-09-17T18:20:27.735426Z
  Time since last request: 0.00014125 seconds.
  importAddress: GUID: ce02df96e1ca9482a8de0ec251e9d4e4 - Path: Packages/com.unity.2d.tilemap/Editor/Icons/d_Tilemap.CustomBrush@2x.png - Importer: ScriptedImporter/UnityEditor.QuickSearchModule:UnityEditor.Search:ASIAI0B
Importing 'GUID: ce02df96e1ca9482a8de0ec251e9d4e4 - Path: Packages/com.unity.2d.tilemap/Editor/Icons/d_Tilemap.CustomBrush@2x.png - Importer: ScriptedImporter/UnityEditor.QuickSearchModule:UnityEditor.Search:ASIAI0B' with importer (ScriptedImporter : UnityEditor.QuickSearchModule:UnityEditor.Search:ASIAI0B)
Imported 'GUID: ce02df96e1ca9482a8de0ec251e9d4e4' -> (Import Result ID: 'ed9de0d9d8d718a3c03ad7c5f52c1c2b') in 0.002 seconds [static and dynamic dependencies]. Details - ImportResultOutputID=6802cacf9a25e33ea67c79be9b297488 DependenciesID=75389db3190c7b5022adcfab7ccc60a4 StaticDependenciesID=3dec54d122b974de3f06deb597dfa2bd 
Number of updated asset objects reloaded before import = 0
Number of asset objects unloaded after import = 3
========================================================================
Received Import Request.
  Time of request: 2026-09-17T18:20:27.745135Z
  Time since last request: 0.000137583 seconds.
  importAddress: GUID: 261453cec30598747b9877ec58ba32fd - Path: Packages/com.unity.2d.pixel-perfect/README.md - Importer: ScriptedImporter/UnityEditor.QuickSearchModule:UnityEditor.Search:ASIAI0B
Importing 'GUID: 261453cec30598747b9877ec58ba32fd - Path: Packages/com.unity.2d.pixel-perfect/README.md - Importer: ScriptedImporter/UnityEditor.QuickSearchModule:UnityEditor.Search:ASIAI0B' with importer (ScriptedImporter : UnityEditor.QuickSearchModule:UnityEditor.Search:ASIAI0B)
Imported 'GUID: 261453cec30598747b9877ec58ba32fd' -> (Import Result ID: '59661f3262f2387a7e49a09bbd3a6470') in 0.002 seconds [static and dynamic dependencies]. Details - ImportResultOutputID=d311453109eb6fdd740bbefffaeaf514 DependenciesID=89f8a884ac794201783a2dd9a4f04812 StaticDependenciesID=55ef07513782aca376b5ec7601c370aa 
Number of updated asset objects reloaded before import = 0
Number of asset objects unloaded after import = 1
========================================================================
Received Import Request.
  Time of request: 2026-09-17T18:20:27.753664Z
  Time since last request: 0.000121667 seconds.
  importAddress: GUID: e1a3bd001331f2049913323736d02a48 - Path: Packages/com.unity.2d.sprite/Editor/SpriteEditorModule/SpriteFrameModule - Importer: ScriptedImporter/UnityEditor.QuickSearchModule:UnityEditor.Search:ASIAI0B
Importing 'GUID: e1a3bd001331f2049913323736d02a48 - Path: Packages/com.unity.2d.sprite/Editor/SpriteEditorModule/SpriteFrameModule - Importer: ScriptedImporter/UnityEditor.QuickSearchModule:UnityEditor.Search:ASIAI0B' with importer (ScriptedImporter : UnityEditor.QuickSearchModule:UnityEditor.Search:ASIAI0B)
Imported 'GUID: e1a3bd001331f2049913323736d02a48' -> (Import Result ID: 'f73a23076e8add03ec32df80ac0dea0f') in 0.001 seconds [static and dynamic dependencies]. Details - ImportResultOutputID=5005ac043b69d431b615fd163d4a0b50 DependenciesID=89bfe335521f3303b6eaf8a376087821 StaticDependenciesID=68252e8ee46473fd0acd3d2395782826 
Number of updated asset objects reloaded before import = 0
Number of asset objects unloaded after import = 1
========================================================================
Received Import Request.
  Time of request: 2026-09-17T18:20:27.761614Z
  Time since last request: 0.000113875 seconds.
  importAddress: GUID: 16328af959ef4a4da3b2abdb5745f014 - Path: Packages/com.unity.2d.aseprite/Editor/AsepriteImporterAPIs.cs - Importer: ScriptedImporter/UnityEditor.QuickSearchModule:UnityEditor.Search:ASIAI0B
Importing 'GUID: 16328af959ef4a4da3b2abdb5745f014 - Path: Packages/com.unity.2d.aseprite/Editor/AsepriteImporterAPIs.cs - Importer: ScriptedImporter/UnityEditor.QuickSearchModule:UnityEditor.Search:ASIAI0B' with importer (ScriptedImporter : UnityEditor.QuickSearchModule:UnityEditor.Search:ASIAI0B)
Imported 'GUID: 16328af959ef4a4da3b2abdb5745f014' -> (Import Result ID: '6f9023e9418597d356ee210fe02f5e7c') in 0.001 seconds [static and dynamic dependencies]. Details - ImportResultOutputID=0160faac164df8fe580021e48b00b5f5 DependenciesID=b623d17867f4bc20d3a0467e1a510187 StaticDependenciesID=6ff4c4552c1b68d728957cceb67ea3a1 
Number of updated asset objects reloaded before import = 0
Number of asset objects unloaded after import = 0
========================================================================
Received Import Request.
  Time of request: 2026-09-17T18:20:27.769352Z
  Time since last request: 0.0001195 seconds.
  importAddress: GUID: 259317a3fa77b4619b4356af5648368f - Path: Packages/com.unity.2d.animation/Editor/Assets/EditorIcons/d_True@2x.png - Importer: ScriptedImporter/UnityEditor.QuickSearchModule:UnityEditor.Search:ASIAI0B
Importing 'GUID: 259317a3fa77b4619b4356af5648368f - Path: Packages/com.unity.2d.animation/Editor/Assets/EditorIcons/d_True@2x.png - Importer: ScriptedImporter/UnityEditor.QuickSearchModule:UnityEditor.Search:ASIAI0B' with importer (ScriptedImporter : UnityEditor.QuickSearchModule:UnityEditor.Search:ASIAI0B)
Imported 'GUID: 259317a3fa77b4619b4356af5648368f' -> (Import Result ID: 'ebd210e3985f20e5cc2d5a7d7640b066') in 0.002 seconds [static and dynamic dependencies]. Details - ImportResultOutputID=46efbb75325ed99ac650d9fbb1c73757 DependenciesID=fa1120edbe5f0997839a39822122a2a9 StaticDependenciesID=f3942a494faab95e1e7db2aca2a2a1ec 
Number of updated asset objects reloaded before import = 0
Number of asset objects unloaded after import = 3
========================================================================
Received Import Request.
  Time of request: 2026-09-17T18:20:27.77862Z
  Time since last request: 0.000103 seconds.
  importAddress: GUID: 03a0f27e9b08047889b3f5e7f0c23ff7 - Path: Packages/com.unity.2d.psdimporter/Editor/Assets/Icons/Dark/Layers Separated@4x.png - Importer: ScriptedImporter/UnityEditor.QuickSearchModule:UnityEditor.Search:ASIAI0B
Importing 'GUID: 03a0f27e9b08047889b3f5e7f0c23ff7 - Path: Packages/com.unity.2d.psdimporter/Editor/Assets/Icons/Dark/Layers Separated@4x.png - Importer: ScriptedImporter/UnityEditor.QuickSearchModule:UnityEditor.Search:ASIAI0B' with importer (ScriptedImporter : UnityEditor.QuickSearchModule:UnityEditor.Search:ASIAI0B)
Imported 'GUID: 03a0f27e9b08047889b3f5e7f0c23ff7' -> (Import Result ID: '6a21756339452104a526b6d6b3aae7fa') in 0.003 seconds [static and dynamic dependencies]. Details - ImportResultOutputID=4bc45e4e8b55f5ca380b15411facff3b DependenciesID=92fd4f8e8c5fde3d41a3b3290081e371 StaticDependenciesID=2721e57dbb40eab3045765c33d355bda 
Number of updated asset objects reloaded before import = 0
Number of asset objects unloaded after import = 3
========================================================================
Received Import Request.
  Time of request: 2026-09-17T18:20:27.787988Z
  Time since last request: 0.000112167 seconds.
  importAddress: GUID: 1e7c59239d2a59140b34f39ea6d4d44c - Path: Packages/com.unity.2d.animation/Editor/Assets/EditorIcons/Visibility_Tool.png - Importer: ScriptedImporter/UnityEditor.QuickSearchModule:UnityEditor.Search:ASIAI0B
Importing 'GUID: 1e7c59239d2a59140b34f39ea6d4d44c - Path: Packages/com.unity.2d.animation/Editor/Assets/EditorIcons/Visibility_Tool.png - Importer: ScriptedImporter/UnityEditor.QuickSearchModule:UnityEditor.Search:ASIAI0B' with importer (ScriptedImporter : UnityEditor.QuickSearchModule:UnityEditor.Search:ASIAI0B)
Imported 'GUID: 1e7c59239d2a59140b34f39ea6d4d44c' -> (Import Result ID: 'e2d6af2bcaf74863e9df635c2d5f2398') in 0.002 seconds [static and dynamic dependencies]. Details - ImportResultOutputID=00323df23009eeb290d2530f1afbec79 DependenciesID=d4409c6d2bb96ca662686c730cf53581 StaticDependenciesID=a474d551f23b1dbd6f16538471fdb479 
Number of updated asset objects reloaded before import = 0
Number of asset objects unloaded after import = 3
========================================================================
Received Import Request.
  Time of request: 2026-09-17T18:20:27.797037Z
  Time since last request: 0.00012225 seconds.
  importAddress: GUID: 6b38a6882b80b1c4dbcca4bc844d7b9c - Path: Packages/com.unity.2d.tilemap/Editor - Importer: ScriptedImporter/UnityEditor.QuickSearchModule:UnityEditor.Search:ASIAI0B
Importing 'GUID: 6b38a6882b80b1c4dbcca4bc844d7b9c - Path: Packages/com.unity.2d.tilemap/Editor - Importer: ScriptedImporter/UnityEditor.QuickSearchModule:UnityEditor.Search:ASIAI0B' with importer (ScriptedImporter : UnityEditor.QuickSearchModule:UnityEditor.Search:ASIAI0B)
Imported 'GUID: 6b38a6882b80b1c4dbcca4bc844d7b9c' -> (Import Result ID: 'fdf822a99e91fc33da551c55c0de4de0') in 0.001 seconds [static and dynamic dependencies]. Details - ImportResultOutputID=67beaff942d3646efd3ebe908064f36b DependenciesID=0a9c3ab2df6fe5c40d46d91b1c58a03c StaticDependenciesID=a6f6896cd33a9acba1595d66984d9ed3 
Number of updated asset objects reloaded before import = 0
Number of asset objects unloaded after import = 1
========================================================================
Received Import Request.
  Time of request: 2026-09-17T18:20:27.804721Z
  Time since last request: 0.000143208 seconds.
  importAddress: GUID: 8e96f8a2db4cc7d48a77700beddf5d34 - Path: Packages/com.unity.2d.animation/Editor/SkinningModule/SerializableDictionary.cs - Importer: ScriptedImporter/UnityEditor.QuickSearchModule:UnityEditor.Search:ASIAI0B
Importing 'GUID: 8e96f8a2db4cc7d48a77700beddf5d34 - Path: Packages/com.unity.2d.animation/Editor/SkinningModule/SerializableDictionary.cs - Importer: ScriptedImporter/UnityEditor.QuickSearchModule:UnityEditor.Search:ASIAI0B' with importer (ScriptedImporter : UnityEditor.QuickSearchModule:UnityEditor.Search:ASIAI0B)
Imported 'GUID: 8e96f8a2db4cc7d48a77700beddf5d34' -> (Import Result ID: '1f557a794c5f521afe4df338abfd7c79') in 0.001 seconds [static and dynamic dependencies]. Details - ImportResultOutputID=632b7591dd5c38c1e8b33cf0f97c1b23 DependenciesID=5c4375dde687520568f97cfd0597e744 StaticDependenciesID=0d3f2559bc009cbdee7e9bc1a176d887 
Number of updated asset objects reloaded before import = 0
Number of asset objects unloaded after import = 0
========================================================================
Received Import Request.
  Time of request: 2026-09-17T18:20:27.812216Z
  Time since last request: 0.000164084 seconds.
  importAddress: GUID: 28df830b98d0a3f44b58e73d78060ab0 - Path: Packages/com.unity.2d.tilemap/Editor/Icons/Grid.RotateACW.png - Importer: ScriptedImporter/UnityEditor.QuickSearchModule:UnityEditor.Search:ASIAI0B
Importing 'GUID: 28df830b98d0a3f44b58e73d78060ab0 - Path: Packages/com.unity.2d.tilemap/Editor/Icons/Grid.RotateACW.png - Importer: ScriptedImporter/UnityEditor.QuickSearchModule:UnityEditor.Search:ASIAI0B' with importer (ScriptedImporter : UnityEditor.QuickSearchModule:UnityEditor.Search:ASIAI0B)
Imported 'GUID: 28df830b98d0a3f44b58e73d78060ab0' -> (Import Result ID: 'af0317eb44ffdfa0c549384516ed4d25') in 0.003 seconds [static and dynamic dependencies]. Details - ImportResultOutputID=ebe707ca521f58d0663fcd326bd78221 DependenciesID=0a2fb1c8e8aa33795c7e2bd3ccb1b437 StaticDependenciesID=665e086ed381ac7dca90cf17d2963fb0 
Number of updated asset objects reloaded before import = 0
Number of asset objects unloaded after import = 3
========================================================================
Received Import Request.
  Time of request: 2026-09-17T18:20:27.821756Z
  Time since last request: 0.000113375 seconds.
  importAddress: GUID: b9292204ad185184b89881e88afe9688 - Path: Packages/com.unity.2d.common/Runtime/URaster2D - Importer: ScriptedImporter/UnityEditor.QuickSearchModule:UnityEditor.Search:ASIAI0B
Importing 'GUID: b9292204ad185184b89881e88afe9688 - Path: Packages/com.unity.2d.common/Runtime/URaster2D - Importer: ScriptedImporter/UnityEditor.QuickSearchModule:UnityEditor.Search:ASIAI0B' with importer (ScriptedImporter : UnityEditor.QuickSearchModule:UnityEditor.Search:ASIAI0B)
Imported 'GUID: b9292204ad185184b89881e88afe9688' -> (Import Result ID: '03a1fdcc1b01e551f1b156cb22db9b21') in 0.001 seconds [static and dynamic dependencies]. Details - ImportResultOutputID=63605bcf758c801246ca7bd3538e9ad9 DependenciesID=89789e9a11ccfc7b607148d3493eb7e0 StaticDependenciesID=962fe6bce7e330cdb2e5b5b8fa07bf1d 
Number of updated asset objects reloaded before import = 0
Number of asset objects unloaded after import = 1
========================================================================
Received Import Request.
  Time of request: 2026-09-17T18:20:27.829348Z
  Time since last request: 0.000124 seconds.
  importAddress: GUID: 11030f66cab4dcd4c989fe1de7a7c79c - Path: Packages/com.unity.2d.animation/Editor/Assets/EditorIcons/Edit_Joints@4x.png - Importer: ScriptedImporter/UnityEditor.QuickSearchModule:UnityEditor.Search:ASIAI0B
Importing 'GUID: 11030f66cab4dcd4c989fe1de7a7c79c - Path: Packages/com.unity.2d.animation/Editor/Assets/EditorIcons/Edit_Joints@4x.png - Importer: ScriptedImporter/UnityEditor.QuickSearchModule:UnityEditor.Search:ASIAI0B' with importer (ScriptedImporter : UnityEditor.QuickSearchModule:UnityEditor.Search:ASIAI0B)
Imported 'GUID: 11030f66cab4dcd4c989fe1de7a7c79c' -> (Import Result ID: '626c187c38ecd3041d70b866596e0da9') in 0.003 seconds [static and dynamic dependencies]. Details - ImportResultOutputID=7a4f12f3eb250795573d7a40f15c0c35 DependenciesID=79366f724e92a76f339b936d8f3d8e27 StaticDependenciesID=e2cc093f16566d74dbbf1f27c7fa8aa0 
Number of updated asset objects reloaded before import = 0
Number of asset objects unloaded after import = 3
========================================================================
Received Import Request.
  Time of request: 2026-09-17T18:20:27.850169Z
  Time since last request: 0.010520459 seconds.
  importAddress: GUID: a8e96eb36b11d8141920e22b484f95ed - Path: Packages/com.unity.2d.spriteshape/Runtime/SpriteShapeGeometryCreator.cs - Importer: ScriptedImporter/UnityEditor.QuickSearchModule:UnityEditor.Search:ASIAI0B
Importing 'GUID: a8e96eb36b11d8141920e22b484f95ed - Path: Packages/com.unity.2d.spriteshape/Runtime/SpriteShapeGeometryCreator.cs - Importer: ScriptedImporter/UnityEditor.QuickSearchModule:UnityEditor.Search:ASIAI0B' with importer (ScriptedImporter : UnityEditor.QuickSearchModule:UnityEditor.Search:ASIAI0B)
Imported 'GUID: a8e96eb36b11d8141920e22b484f95ed' -> (Import Result ID: 'ced5e4b00bf2e261332f953957abd18a') in 0.001 seconds [static and dynamic dependencies]. Details - ImportResultOutputID=c24b6da0a4aa645c3e8866d0b9056139 DependenciesID=adb62bf9c829be57bf2719708bbbf8e7 StaticDependenciesID=6524e49da1d3cce3faaeb75479f07cd1 
Number of updated asset objects reloaded before import = 0
Number of asset objects unloaded after import = 0
========================================================================
Received Import Request.
  Time of request: 2026-09-17T18:20:27.858579Z
  Time since last request: 0.000197208 seconds.
  importAddress: GUID: 037dc1cf59b774877ba48a4a5caeb03c - Path: Packages/com.unity.2d.animation/Editor/UpgradeTools - Importer: ScriptedImporter/UnityEditor.QuickSearchModule:UnityEditor.Search:ASIAI0B
Importing 'GUID: 037dc1cf59b774877ba48a4a5caeb03c - Path: Packages/com.unity.2d.animation/Editor/UpgradeTools - Importer: ScriptedImporter/UnityEditor.QuickSearchModule:UnityEditor.Search:ASIAI0B' with importer (ScriptedImporter : UnityEditor.QuickSearchModule:UnityEditor.Search:ASIAI0B)
Imported 'GUID: 037dc1cf59b774877ba48a4a5caeb03c' -> (Import Result ID: 'd40c06dfebc1b855e38376386ea4ce64') in 0.001 seconds [static and dynamic dependencies]. Details - ImportResultOutputID=5a287f980dffc1b803bbbb306693e468 DependenciesID=4ed97e742b98c233ae16c0f57f6f80f9 StaticDependenciesID=b3e59e01b1f0ecc1a019751131417378 
Number of updated asset objects reloaded before import = 0
Number of asset objects unloaded after import = 1
========================================================================
Received Import Request.
  Time of request: 2026-09-17T18:20:27.866589Z
  Time since last request: 0.000168083 seconds.
  importAddress: GUID: 6f3a4bfa94714f589ac1867454cb9297 - Path: Packages/com.unity.2d.tilemap.extras/Editor/Tiles/RuleTile/RuleTileTemplate.cs - Importer: ScriptedImporter/UnityEditor.QuickSearchModule:UnityEditor.Search:ASIAI0B
Importing 'GUID: 6f3a4bfa94714f589ac1867454cb9297 - Path: Packages/com.unity.2d.tilemap.extras/Editor/Tiles/RuleTile/RuleTileTemplate.cs - Importer: ScriptedImporter/UnityEditor.QuickSearchModule:UnityEditor.Search:ASIAI0B' with importer (ScriptedImporter : UnityEditor.QuickSearchModule:UnityEditor.Search:ASIAI0B)
Imported 'GUID: 6f3a4bfa94714f589ac1867454cb9297' -> (Import Result ID: '86e461d119344f2d048f4d357571edb2') in 0.001 seconds [static and dynamic dependencies]. Details - ImportResultOutputID=30bfe333f967060e6332ecfb1709f1e5 DependenciesID=e80472cb86711ff92a591252f03e0de0 StaticDependenciesID=fa3235e194a5f8d652b3925ee55b0c2e 
Number of updated asset objects reloaded before import = 0
Number of asset objects unloaded after import = 0
========================================================================
Received Import Request.
  Time of request: 2026-09-17T18:20:27.875279Z
  Time since last request: 0.000206958 seconds.
  importAddress: GUID: 6ad9a0e8a9171a24abf3f2b88bec2bfa - Path: Packages/com.unity.2d.animation/Editor/SkinningModule/SkinningCache/CharacterPartCache.cs - Importer: ScriptedImporter/UnityEditor.QuickSearchModule:UnityEditor.Search:ASIAI0B
Importing 'GUID: 6ad9a0e8a9171a24abf3f2b88bec2bfa - Path: Packages/com.unity.2d.animation/Editor/SkinningModule/SkinningCache/CharacterPartCache.cs - Importer: ScriptedImporter/UnityEditor.QuickSearchModule:UnityEditor.Search:ASIAI0B' with importer (ScriptedImporter : UnityEditor.QuickSearchModule:UnityEditor.Search:ASIAI0B)
Imported 'GUID: 6ad9a0e8a9171a24abf3f2b88bec2bfa' -> (Import Result ID: 'd660ac7d3741afffb3f3cc0c5fd5c062') in 0.001 seconds [static and dynamic dependencies]. Details - ImportResultOutputID=f47da296e7485f47d1308c825d74ff35 DependenciesID=4a2557b911557e8e37fc2fbbb1e66682 StaticDependenciesID=39d100bfa3d447a67ba49252fc1365f2 
Number of updated asset objects reloaded before import = 0
Number of asset objects unloaded after import = 0
========================================================================
Received Import Request.
  Time of request: 2026-09-17T18:20:27.8837Z
  Time since last request: 0.000131959 seconds.
  importAddress: GUID: 5781f16e824db48739c94b5bdf69a43a - Path: Packages/com.unity.2d.tooling/Editor/Insider/AnalyzerWindow/ReportListItem/ReportListItem.uss - Importer: ScriptedImporter/UnityEditor.QuickSearchModule:UnityEditor.Search:ASIAI0B
Importing 'GUID: 5781f16e824db48739c94b5bdf69a43a - Path: Packages/com.unity.2d.tooling/Editor/Insider/AnalyzerWindow/ReportListItem/ReportListItem.uss - Importer: ScriptedImporter/UnityEditor.QuickSearchModule:UnityEditor.Search:ASIAI0B' with importer (ScriptedImporter : UnityEditor.QuickSearchModule:UnityEditor.Search:ASIAI0B)
Imported 'GUID: 5781f16e824db48739c94b5bdf69a43a' -> (Import Result ID: '485fe07031729951283ce510d9a5dddf') in 0.001 seconds [static and dynamic dependencies]. Details - ImportResultOutputID=fd048ac1f3e5b4395708f1d58e155fd5 DependenciesID=16fb4cde282254c9722e0f1aa0de6670 StaticDependenciesID=5bebd9d0a7f3b79758b0384920d6230a 
Number of updated asset objects reloaded before import = 0
Number of asset objects unloaded after import = 1
========================================================================
Received Import Request.
  Time of request: 2026-09-17T18:20:27.892345Z
  Time since last request: 0.000167958 seconds.
  importAddress: GUID: 9417efc47083f4a1598c1966a6345cdb - Path: Packages/com.unity.2d.spriteshape/Editor/Handles/ss_leftrange.png - Importer: ScriptedImporter/UnityEditor.QuickSearchModule:UnityEditor.Search:ASIAI0B
Importing 'GUID: 9417efc47083f4a1598c1966a6345cdb - Path: Packages/com.unity.2d.spriteshape/Editor/Handles/ss_leftrange.png - Importer: ScriptedImporter/UnityEditor.QuickSearchModule:UnityEditor.Search:ASIAI0B' with importer (ScriptedImporter : UnityEditor.QuickSearchModule:UnityEditor.Search:ASIAI0B)
Imported 'GUID: 9417efc47083f4a1598c1966a6345cdb' -> (Import Result ID: 'f61cd8e8bfa0272d90f420763e99ef45') in 0.003 seconds [static and dynamic dependencies]. Details - ImportResultOutputID=6b01656864299e4f0a12659144129e92 DependenciesID=d405064761e678ec71070c0394ab23e7 StaticDependenciesID=069682100b52b9c82080715384c12611 
Number of updated asset objects reloaded before import = 0
Number of asset objects unloaded after import = 3
========================================================================
Received Import Request.
  Time of request: 2026-09-17T18:20:27.902335Z
  Time since last request: 0.000140625 seconds.
  importAddress: GUID: c5e24114c4ac462885cd73aebd5c5c03 - Path: Packages/com.unity.2d.tooling/Editor/Insider/AnalyzerWindow/AnalyzerUtility.cs - Importer: ScriptedImporter/UnityEditor.QuickSearchModule:UnityEditor.Search:ASIAI0B
Importing 'GUID: c5e24114c4ac462885cd73aebd5c5c03 - Path: Packages/com.unity.2d.tooling/Editor/Insider/AnalyzerWindow/AnalyzerUtility.cs - Importer: ScriptedImporter/UnityEditor.QuickSearchModule:UnityEditor.Search:ASIAI0B' with importer (ScriptedImporter : UnityEditor.QuickSearchModule:UnityEditor.Search:ASIAI0B)
Imported 'GUID: c5e24114c4ac462885cd73aebd5c5c03' -> (Import Result ID: '5fcfcb122fb9825a82b382b2f6379687') in 0.001 seconds [static and dynamic dependencies]. Details - ImportResultOutputID=2ec23a8de29c04f63f2e5c4fe96430bf DependenciesID=ea8762b6f7b5e92701ee3290fa71b18b StaticDependenciesID=a043d7c339349bffccac245406fe2844 
Number of updated asset objects reloaded before import = 0
Number of asset objects unloaded after import = 0
========================================================================
Received Import Request.
  Time of request: 2026-09-17T18:20:27.91036Z
  Time since last request: 0.000171375 seconds.
  importAddress: GUID: cee9dbe90b270c944ae1dabf41c93b10 - Path: Packages/com.unity.2d.animation/Editor/Assets/EditorIcons/Bone_Influence@3x.png - Importer: ScriptedImporter/UnityEditor.QuickSearchModule:UnityEditor.Search:ASIAI0B
Importing 'GUID: cee9dbe90b270c944ae1dabf41c93b10 - Path: Packages/com.unity.2d.animation/Editor/Assets/EditorIcons/Bone_Influence@3x.png - Importer: ScriptedImporter/UnityEditor.QuickSearchModule:UnityEditor.Search:ASIAI0B' with importer (ScriptedImporter : UnityEditor.QuickSearchModule:UnityEditor.Search:ASIAI0B)
Imported 'GUID: cee9dbe90b270c944ae1dabf41c93b10' -> (Import Result ID: '3f62ac67a63c53e6b6f320baab866bee') in 0.002 seconds [static and dynamic dependencies]. Details - ImportResultOutputID=a23d42b54e8e7d72fe861ddb7fc1bae0 DependenciesID=a36822c9199d0db9d3cfbbea829d9bfb StaticDependenciesID=e3561114343cbc8e6e75e8976e637d01 
Number of updated asset objects reloaded before import = 0
Number of asset objects unloaded after import = 3
========================================================================
Received Import Request.
  Time of request: 2026-09-17T18:20:27.919871Z
  Time since last request: 0.000118208 seconds.
  importAddress: GUID: bce0dac5f0c4f4fd5803440a5bf8ccee - Path: Packages/com.unity.2d.psdimporter/Editor/Assets - Importer: ScriptedImporter/UnityEditor.QuickSearchModule:UnityEditor.Search:ASIAI0B
Importing 'GUID: bce0dac5f0c4f4fd5803440a5bf8ccee - Path: Packages/com.unity.2d.psdimporter/Editor/Assets - Importer: ScriptedImporter/UnityEditor.QuickSearchModule:UnityEditor.Search:ASIAI0B' with importer (ScriptedImporter : UnityEditor.QuickSearchModule:UnityEditor.Search:ASIAI0B)
Imported 'GUID: bce0dac5f0c4f4fd5803440a5bf8ccee' -> (Import Result ID: '5c57545e60b20cd1adc8a393feac9ca8') in 0.001 seconds [static and dynamic dependencies]. Details - ImportResultOutputID=24fc0afb5bc4e43024c2fe839f8f6462 DependenciesID=8281b0eb3a965903a68407d465db99a9 StaticDependenciesID=ff9c489602c6d56f2c2d1132f2df51e1 
Number of updated asset objects reloaded before import = 0
Number of asset objects unloaded after import = 1
========================================================================
Received Import Request.
  Time of request: 2026-09-17T18:20:27.92746Z
  Time since last request: 0.00024675 seconds.
  importAddress: GUID: 1fcd0535342524539878e27ba66418f6 - Path: Packages/com.unity.2d.common/Path/Editor/EditablePath/Snapping.cs - Importer: ScriptedImporter/UnityEditor.QuickSearchModule:UnityEditor.Search:ASIAI0B
Importing 'GUID: 1fcd0535342524539878e27ba66418f6 - Path: Packages/com.unity.2d.common/Path/Editor/EditablePath/Snapping.cs - Importer: ScriptedImporter/UnityEditor.QuickSearchModule:UnityEditor.Search:ASIAI0B' with importer (ScriptedImporter : UnityEditor.QuickSearchModule:UnityEditor.Search:ASIAI0B)
Imported 'GUID: 1fcd0535342524539878e27ba66418f6' -> (Import Result ID: '3ee8e6665499ba141275782b3d960776') in 0.001 seconds [static and dynamic dependencies]. Details - ImportResultOutputID=cb4a6daa6808b805cd85684487290126 DependenciesID=4c22ae0d681175d8cbbace95266b6edc StaticDependenciesID=cb8ca1da44fd6d6f3238b5325a55de94 
Number of updated asset objects reloaded before import = 0
Number of asset objects unloaded after import = 0
========================================================================
Received Import Request.
  Time of request: 2026-09-17T18:20:27.935228Z
  Time since last request: 0.000128208 seconds.
  importAddress: GUID: d02894817219f7c43bd5dad401749d7e - Path: Packages/com.unity.2d.animation/Editor/ICharacterDataProvider.cs - Importer: ScriptedImporter/UnityEditor.QuickSearchModule:UnityEditor.Search:ASIAI0B
Importing 'GUID: d02894817219f7c43bd5dad401749d7e - Path: Packages/com.unity.2d.animation/Editor/ICharacterDataProvider.cs - Importer: ScriptedImporter/UnityEditor.QuickSearchModule:UnityEditor.Search:ASIAI0B' with importer (ScriptedImporter : UnityEditor.QuickSearchModule:UnityEditor.Search:ASIAI0B)
Imported 'GUID: d02894817219f7c43bd5dad401749d7e' -> (Import Result ID: 'a76a1dbea5f8be36b224d1d256ffbb45') in 0.001 seconds [static and dynamic dependencies]. Details - ImportResultOutputID=1c6415997fcd1dea3c98747fefd9da2e DependenciesID=34832fafc7104e99f0aa0808db9933c6 StaticDependenciesID=536a5fb837e1df138b34bc0446c9cd43 
Number of updated asset objects reloaded before import = 0
Number of asset objects unloaded after import = 0
========================================================================
Received Import Request.
  Time of request: 2026-09-17T18:20:27.942848Z
  Time since last request: 0.000110625 seconds.
  importAddress: GUID: 8be64ad32582748f1965311ca0665f30 - Path: Packages/com.unity.2d.animation/Editor/Assets/ComponentIcons/Animation.IKFabrik@256.png - Importer: ScriptedImporter/UnityEditor.QuickSearchModule:UnityEditor.Search:ASIAI0B
Importing 'GUID: 8be64ad32582748f1965311ca0665f30 - Path: Packages/com.unity.2d.animation/Editor/Assets/ComponentIcons/Animation.IKFabrik@256.png - Importer: ScriptedImporter/UnityEditor.QuickSearchModule:UnityEditor.Search:ASIAI0B' with importer (ScriptedImporter : UnityEditor.QuickSearchModule:UnityEditor.Search:ASIAI0B)
Imported 'GUID: 8be64ad32582748f1965311ca0665f30' -> (Import Result ID: '36a449b6a320e89715a5a6fb40bd21c3') in 0.003 seconds [static and dynamic dependencies]. Details - ImportResultOutputID=ebdffc5cbd2617ab5fd98cb93db90f69 DependenciesID=accd8426339c8af459874dab6fc30a08 StaticDependenciesID=ba386c708d473dc3f345b7005d8706a0 
Number of updated asset objects reloaded before import = 0
Number of asset objects unloaded after import = 3
========================================================================
Received Import Request.
  Time of request: 2026-09-17T18:20:27.952393Z
  Time since last request: 0.000109875 seconds.
  importAddress: GUID: b2bd41a7c30fc4ad796e452d755dbfb5 - Path: Packages/com.unity.2d.sprite/Editor/Assets/d_SpriteFrameToggle@32.png - Importer: ScriptedImporter/UnityEditor.QuickSearchModule:UnityEditor.Search:ASIAI0B
Importing 'GUID: b2bd41a7c30fc4ad796e452d755dbfb5 - Path: Packages/com.unity.2d.sprite/Editor/Assets/d_SpriteFrameToggle@32.png - Importer: ScriptedImporter/UnityEditor.QuickSearchModule:UnityEditor.Search:ASIAI0B' with importer (ScriptedImporter : UnityEditor.QuickSearchModule:UnityEditor.Search:ASIAI0B)
Imported 'GUID: b2bd41a7c30fc4ad796e452d755dbfb5' -> (Import Result ID: 'ad29e1015554f86c09b9dc8271301e0e') in 0.002 seconds [static and dynamic dependencies]. Details - ImportResultOutputID=4a43770e3cefef649ad3e84b5b4de0ec DependenciesID=677c659dce63730395d364bd45310fc5 StaticDependenciesID=a4b319c2f3d467e5b059736c4cec42ad 
Number of updated asset objects reloaded before import = 0
Number of asset objects unloaded after import = 1
========================================================================
Received Import Request.
  Time of request: 2026-09-17T18:20:27.961279Z
  Time since last request: 0.00020875 seconds.
  importAddress: GUID: 4ca20fe44ab2bfd4d8a1c3547b4a136f - Path: Packages/com.unity.2d.psdimporter/Editor/PSDPlugin/PsdFile/Layers/LayerInfo/LayerSectionInfo.cs - Importer: ScriptedImporter/UnityEditor.QuickSearchModule:UnityEditor.Search:ASIAI0B
Importing 'GUID: 4ca20fe44ab2bfd4d8a1c3547b4a136f - Path: Packages/com.unity.2d.psdimporter/Editor/PSDPlugin/PsdFile/Layers/LayerInfo/LayerSectionInfo.cs - Importer: ScriptedImporter/UnityEditor.QuickSearchModule:UnityEditor.Search:ASIAI0B' with importer (ScriptedImporter : UnityEditor.QuickSearchModule:UnityEditor.Search:ASIAI0B)
Imported 'GUID: 4ca20fe44ab2bfd4d8a1c3547b4a136f' -> (Import Result ID: 'f158d3644d62996d8232f898753d75f0') in 0.002 seconds [static and dynamic dependencies]. Details - ImportResultOutputID=474441fa1ee8d2735f63b54fb05736d2 DependenciesID=fc92fa8a947de7c5bb37b757feb78625 StaticDependenciesID=188093e24f4b6443fd8b81cb8ae67153 
Number of updated asset objects reloaded before import = 0
Number of asset objects unloaded after import = 0
========================================================================
Received Import Request.
  Time of request: 2026-09-17T18:20:27.970127Z
  Time since last request: 0.000112959 seconds.
  importAddress: GUID: d1e6a8865d4b048aa99eb62f57e8cd10 - Path: Packages/com.unity.2d.aseprite/CHANGELOG.md - Importer: ScriptedImporter/UnityEditor.QuickSearchModule:UnityEditor.Search:ASIAI0B
Importing 'GUID: d1e6a8865d4b048aa99eb62f57e8cd10 - Path: Packages/com.unity.2d.aseprite/CHANGELOG.md - Importer: ScriptedImporter/UnityEditor.QuickSearchModule:UnityEditor.Search:ASIAI0B' with importer (ScriptedImporter : UnityEditor.QuickSearchModule:UnityEditor.Search:ASIAI0B)
Imported 'GUID: d1e6a8865d4b048aa99eb62f57e8cd10' -> (Import Result ID: '587eaaec76266e972a797dc149d2393e') in 0.001 seconds [static and dynamic dependencies]. Details - ImportResultOutputID=65da5551d15fbbc16a7c35a150d64b21 DependenciesID=26abbb177ef63bed5e97ebab717fb245 StaticDependenciesID=247faefc0c37da8383ae0e7039d9f7aa 
Number of updated asset objects reloaded before import = 0
Number of asset objects unloaded after import = 1
========================================================================
Received Import Request.
  Time of request: 2026-09-17T18:20:27.977868Z
  Time since last request: 0.00010275 seconds.
  importAddress: GUID: 770e81e878db3934e8a997a98304b4ec - Path: Packages/com.unity.2d.common/Runtime/URaster2D/URaster.cs - Importer: ScriptedImporter/UnityEditor.QuickSearchModule:UnityEditor.Search:ASIAI0B
Importing 'GUID: 770e81e878db3934e8a997a98304b4ec - Path: Packages/com.unity.2d.common/Runtime/URaster2D/URaster.cs - Importer: ScriptedImporter/UnityEditor.QuickSearchModule:UnityEditor.Search:ASIAI0B' with importer (ScriptedImporter : UnityEditor.QuickSearchModule:UnityEditor.Search:ASIAI0B)
Imported 'GUID: 770e81e878db3934e8a997a98304b4ec' -> (Import Result ID: '1704964d4d9ce4d275394f7e27e954c4') in 0.001 seconds [static and dynamic dependencies]. Details - ImportResultOutputID=6572905e9ce516bed0f76e4ff2733208 DependenciesID=16646fadf1d6fe54c13a1b7aaf8da710 StaticDependenciesID=16bd647a65121d9526dd19286f6d25fe 
Number of updated asset objects reloaded before import = 0
Number of asset objects unloaded after import = 0
========================================================================
Received Import Request.
  Time of request: 2026-09-17T18:20:27.985602Z
  Time since last request: 0.000183375 seconds.
  importAddress: GUID: 1af9d2e44ecf3a2468601c9071df581f - Path: Packages/com.unity.2d.animation/Editor/Assets/EditorIcons/Create_Edge.png - Importer: ScriptedImporter/UnityEditor.QuickSearchModule:UnityEditor.Search:ASIAI0B
Importing 'GUID: 1af9d2e44ecf3a2468601c9071df581f - Path: Packages/com.unity.2d.animation/Editor/Assets/EditorIcons/Create_Edge.png - Importer: ScriptedImporter/UnityEditor.QuickSearchModule:UnityEditor.Search:ASIAI0B' with importer (ScriptedImporter : UnityEditor.QuickSearchModule:UnityEditor.Search:ASIAI0B)
Imported 'GUID: 1af9d2e44ecf3a2468601c9071df581f' -> (Import Result ID: '901ad300a452f29d9ebd68f725fe30c9') in 0.003 seconds [static and dynamic dependencies]. Details - ImportResultOutputID=2f1f9626a8e22ea2b6ab886f6174ecab DependenciesID=74f6de8827a59e066a3e8368b5665d9e StaticDependenciesID=f7fc3eec561c80cf69893663c9925aa3 
Number of updated asset objects reloaded before import = 0
Number of asset objects unloaded after import = 3
========================================================================
Received Import Request.
  Time of request: 2026-09-17T18:20:27.995506Z
  Time since last request: 0.000145916 seconds.
  importAddress: GUID: 9cde224d7283e4b61be2167d96ce3d3a - Path: Packages/com.unity.2d.tooling/Editor/Insider/SpriteAtlas/SpriteAtlasIssueReport/UIElement/OKCancel/OKCancelElement.uss - Importer: ScriptedImporter/UnityEditor.QuickSearchModule:UnityEditor.Search:ASIAI0B
Importing 'GUID: 9cde224d7283e4b61be2167d96ce3d3a - Path: Packages/com.unity.2d.tooling/Editor/Insider/SpriteAtlas/SpriteAtlasIssueReport/UIElement/OKCancel/OKCancelElement.uss - Importer: ScriptedImporter/UnityEditor.QuickSearchModule:UnityEditor.Search:ASIAI0B' with importer (ScriptedImporter : UnityEditor.QuickSearchModule:UnityEditor.Search:ASIAI0B)
Imported 'GUID: 9cde224d7283e4b61be2167d96ce3d3a' -> (Import Result ID: 'aa60cf3ff342cd07e3c6f53b775d9c32') in 0.001 seconds [static and dynamic dependencies]. Details - ImportResultOutputID=bd006e4963205110448a6f09d4c7a528 DependenciesID=2401f9343f3e1e02857d826307b46bd7 StaticDependenciesID=01a6e613a746c73d62b9588178b564f4 
Number of updated asset objects reloaded before import = 0
Number of asset objects unloaded after import = 1
========================================================================
Received Import Request.
  Time of request: 2026-09-17T18:20:28.003932Z
  Time since last request: 0.000119625 seconds.
  importAddress: GUID: ce315ea6e6e86a740b10e02dda0d0e9c - Path: Packages/com.unity.2d.tilemap/Editor/Icons/Tilemap.ActiveTargetLayers@4x.png - Importer: ScriptedImporter/UnityEditor.QuickSearchModule:UnityEditor.Search:ASIAI0B
Importing 'GUID: ce315ea6e6e86a740b10e02dda0d0e9c - Path: Packages/com.unity.2d.tilemap/Editor/Icons/Tilemap.ActiveTargetLayers@4x.png - Importer: ScriptedImporter/UnityEditor.QuickSearchModule:UnityEditor.Search:ASIAI0B' with importer (ScriptedImporter : UnityEditor.QuickSearchModule:UnityEditor.Search:ASIAI0B)
Imported 'GUID: ce315ea6e6e86a740b10e02dda0d0e9c' -> (Import Result ID: '19e0c31a9ff3f4788f3b041060e1830d') in 0.003 seconds [static and dynamic dependencies]. Details - ImportResultOutputID=1c62f343b47ae31fe05d2f9840055c30 DependenciesID=b08e38db3a97492132a84b0e10fbbe3c StaticDependenciesID=6a5268541d0a59878ddb870a4859488d 
Number of updated asset objects reloaded before import = 0
Number of asset objects unloaded after import = 3
========================================================================
Received Import Request.
  Time of request: 2026-09-17T18:20:28.013324Z
  Time since last request: 0.000100625 seconds.
  importAddress: GUID: 1214a7ec362a4479ba225757639c24f2 - Path: Packages/com.unity.2d.animation/Editor/Assets/ComponentIcons/Animation.IKCCD@256.png - Importer: ScriptedImporter/UnityEditor.QuickSearchModule:UnityEditor.Search:ASIAI0B
Importing 'GUID: 1214a7ec362a4479ba225757639c24f2 - Path: Packages/com.unity.2d.animation/Editor/Assets/ComponentIcons/Animation.IKCCD@256.png - Importer: ScriptedImporter/UnityEditor.QuickSearchModule:UnityEditor.Search:ASIAI0B' with importer (ScriptedImporter : UnityEditor.QuickSearchModule:UnityEditor.Search:ASIAI0B)
Imported 'GUID: 1214a7ec362a4479ba225757639c24f2' -> (Import Result ID: 'c5718967695fa37e3cb4426e211451cb') in 0.002 seconds [static and dynamic dependencies]. Details - ImportResultOutputID=dc9487a7a12026b882f2e32d427a61c5 DependenciesID=b3386b96b49b01d899ffa69f6b08f359 StaticDependenciesID=7094e4e0ac94b70effa240258747a527 
Number of updated asset objects reloaded before import = 0
Number of asset objects unloaded after import = 3
========================================================================
Received Import Request.
  Time of request: 2026-09-17T18:20:28.022423Z
  Time since last request: 0.000102209 seconds.
  importAddress: GUID: fc9e5a25e0610a347b46fd10daa3f0cd - Path: Packages/com.unity.2d.animation/Editor/Assets/EditorIcons/Parent_Bone@2x.png - Importer: ScriptedImporter/UnityEditor.QuickSearchModule:UnityEditor.Search:ASIAI0B
Importing 'GUID: fc9e5a25e0610a347b46fd10daa3f0cd - Path: Packages/com.unity.2d.animation/Editor/Assets/EditorIcons/Parent_Bone@2x.png - Importer: ScriptedImporter/UnityEditor.QuickSearchModule:UnityEditor.Search:ASIAI0B' with importer (ScriptedImporter : UnityEditor.QuickSearchModule:UnityEditor.Search:ASIAI0B)
Imported 'GUID: fc9e5a25e0610a347b46fd10daa3f0cd' -> (Import Result ID: 'efe53cc2e6f7dbdae6e265b5f0cf7fc2') in 0.002 seconds [static and dynamic dependencies]. Details - ImportResultOutputID=11c6d82e748aad944e128a2143141491 DependenciesID=a8522b4e8fd0046486beb2c2101e3459 StaticDependenciesID=1091926574ad8449883008adc031acc0 
Number of updated asset objects reloaded before import = 0
Number of asset objects unloaded after import = 3
========================================================================
Received Import Request.
  Time of request: 2026-09-17T18:20:28.031518Z
  Time since last request: 0.000118208 seconds.
  importAddress: GUID: b9a291647c9840e9a0a6b791ff78545a - Path: Packages/com.unity.2d.animation/Editor/SpriteLib/SpriteLibraryEditor/DragAndDropManipulator.cs - Importer: ScriptedImporter/UnityEditor.QuickSearchModule:UnityEditor.Search:ASIAI0B
Importing 'GUID: b9a291647c9840e9a0a6b791ff78545a - Path: Packages/com.unity.2d.animation/Editor/SpriteLib/SpriteLibraryEditor/DragAndDropManipulator.cs - Importer: ScriptedImporter/UnityEditor.QuickSearchModule:UnityEditor.Search:ASIAI0B' with importer (ScriptedImporter : UnityEditor.QuickSearchModule:UnityEditor.Search:ASIAI0B)
Imported 'GUID: b9a291647c9840e9a0a6b791ff78545a' -> (Import Result ID: '1c5f7bd43376c704a08e3f28ac6a3220') in 0.001 seconds [static and dynamic dependencies]. Details - ImportResultOutputID=d5b2120ed664af1a00f4495ffdedfcb8 DependenciesID=c6747da87c678ede04bc6d2ee4cb1508 StaticDependenciesID=86900b336a9436c6a2026373f8d01d34 
Number of updated asset objects reloaded before import = 0
Number of asset objects unloaded after import = 0
========================================================================
Received Import Request.
  Time of request: 2026-09-17T18:20:28.039478Z
  Time since last request: 0.000139166 seconds.
  importAddress: GUID: 108014601e234997bd271b3b9a1991d0 - Path: Packages/com.unity.2d.sprite/Editor/SpriteEditorModule/SpriteFrameModule/Overlay - Importer: ScriptedImporter/UnityEditor.QuickSearchModule:UnityEditor.Search:ASIAI0B
Importing 'GUID: 108014601e234997bd271b3b9a1991d0 - Path: Packages/com.unity.2d.sprite/Editor/SpriteEditorModule/SpriteFrameModule/Overlay - Importer: ScriptedImporter/UnityEditor.QuickSearchModule:UnityEditor.Search:ASIAI0B' with importer (ScriptedImporter : UnityEditor.QuickSearchModule:UnityEditor.Search:ASIAI0B)
Imported 'GUID: 108014601e234997bd271b3b9a1991d0' -> (Import Result ID: 'd995aab509cb274cf2c0f2d166decec8') in 0.001 seconds [static and dynamic dependencies]. Details - ImportResultOutputID=b9fe1e5541e4f76a404f61a19ea0a057 DependenciesID=1a13c3bc7b794bac2c9264f0084e682f StaticDependenciesID=e9abfb70ff0c1765c7d3bc9eebca90e1 
Number of updated asset objects reloaded before import = 0
Number of asset objects unloaded after import = 1
========================================================================
Received Import Request.
  Time of request: 2026-09-17T18:20:28.047153Z
  Time since last request: 0.000153625 seconds.
  importAddress: GUID: cf195ec1f698d488fb3fdeebc2b3ad33 - Path: Packages/com.unity.2d.psdimporter/Editor/Assets/Icons/Light/Layers Collapsed@16x.png - Importer: ScriptedImporter/UnityEditor.QuickSearchModule:UnityEditor.Search:ASIAI0B
Importing 'GUID: cf195ec1f698d488fb3fdeebc2b3ad33 - Path: Packages/com.unity.2d.psdimporter/Editor/Assets/Icons/Light/Layers Collapsed@16x.png - Importer: ScriptedImporter/UnityEditor.QuickSearchModule:UnityEditor.Search:ASIAI0B' with importer (ScriptedImporter : UnityEditor.QuickSearchModule:UnityEditor.Search:ASIAI0B)
Imported 'GUID: cf195ec1f698d488fb3fdeebc2b3ad33' -> (Import Result ID: 'ccf78a959ad0bde75b5197e8c0149137') in 0.003 seconds [static and dynamic dependencies]. Details - ImportResultOutputID=ce8ea729352408bb0f02853107afa523 DependenciesID=a99fd6bb2f106a521f12105b1fb2146d StaticDependenciesID=6fe904b8c8cccc050e53c23954893a07 
Number of updated asset objects reloaded before import = 0
Number of asset objects unloaded after import = 3
========================================================================
Received Import Request.
  Time of request: 2026-09-17T18:20:28.057668Z
  Time since last request: 0.000102541 seconds.
  importAddress: GUID: 83653f2d053524b45a3c285c80702e10 - Path: Packages/com.unity.2d.common/Runtime/UAi2D/MatrixMxN.cs - Importer: ScriptedImporter/UnityEditor.QuickSearchModule:UnityEditor.Search:ASIAI0B
Importing 'GUID: 83653f2d053524b45a3c285c80702e10 - Path: Packages/com.unity.2d.common/Runtime/UAi2D/MatrixMxN.cs - Importer: ScriptedImporter/UnityEditor.QuickSearchModule:UnityEditor.Search:ASIAI0B' with importer (ScriptedImporter : UnityEditor.QuickSearchModule:UnityEditor.Search:ASIAI0B)
Imported 'GUID: 83653f2d053524b45a3c285c80702e10' -> (Import Result ID: '954662bf6bbbfb8c42028aced9944a62') in 0.001 seconds [static and dynamic dependencies]. Details - ImportResultOutputID=8edbf409b94fd515379a9fcbe1a524dd DependenciesID=e20b0978bf36c8050f7e6b8de236910b StaticDependenciesID=23034b4b76918965e68c02049d9784f9 
Number of updated asset objects reloaded before import = 0
Number of asset objects unloaded after import = 0
========================================================================
Received Import Request.
  Time of request: 2026-09-17T18:20:28.065537Z
  Time since last request: 0.000165958 seconds.
  importAddress: GUID: 2ba1d7981c204540a706180aff4ec973 - Path: Packages/com.unity.2d.common/Editor/InternalBridge/SpriteDataProviders - Importer: ScriptedImporter/UnityEditor.QuickSearchModule:UnityEditor.Search:ASIAI0B
Importing 'GUID: 2ba1d7981c204540a706180aff4ec973 - Path: Packages/com.unity.2d.common/Editor/InternalBridge/SpriteDataProviders - Importer: ScriptedImporter/UnityEditor.QuickSearchModule:UnityEditor.Search:ASIAI0B' with importer (ScriptedImporter : UnityEditor.QuickSearchModule:UnityEditor.Search:ASIAI0B)
Imported 'GUID: 2ba1d7981c204540a706180aff4ec973' -> (Import Result ID: 'ac0aa0d1daab12fae5274eb087e416e8') in 0.001 seconds [static and dynamic dependencies]. Details - ImportResultOutputID=1a8d6dd9ffebb8c248cc09784bca1b6c DependenciesID=6c0166757ed49eb10d38b0cc20db7bb4 StaticDependenciesID=7d73419b29d817e2cebea510df917a60 
Number of updated asset objects reloaded before import = 0
Number of asset objects unloaded after import = 1
========================================================================
Received Import Request.
  Time of request: 2026-09-17T18:20:28.073357Z
  Time since last request: 0.000117667 seconds.
  importAddress: GUID: 86ae60aa1561461e9d8b5b30b37b8782 - Path: Packages/com.unity.2d.tooling/Editor/Insider/SpriteAtlas/SpriteAtlasIssueReport/SpriteAtlasPageIssue/AtlasPageIssue.cs - Importer: ScriptedImporter/UnityEditor.QuickSearchModule:UnityEditor.Search:ASIAI0B
Importing 'GUID: 86ae60aa1561461e9d8b5b30b37b8782 - Path: Packages/com.unity.2d.tooling/Editor/Insider/SpriteAtlas/SpriteAtlasIssueReport/SpriteAtlasPageIssue/AtlasPageIssue.cs - Importer: ScriptedImporter/UnityEditor.QuickSearchModule:UnityEditor.Search:ASIAI0B' with importer (ScriptedImporter : UnityEditor.QuickSearchModule:UnityEditor.Search:ASIAI0B)
Imported 'GUID: 86ae60aa1561461e9d8b5b30b37b8782' -> (Import Result ID: '749a10198b21f169777d64bd48c5f18c') in 0.001 seconds [static and dynamic dependencies]. Details - ImportResultOutputID=0cb4dd046565282c57247a855ff614ea DependenciesID=776f4a2e4a139e01baee5e7a12fd4602 StaticDependenciesID=d8db50292afa07c3945b45033bd2101b 
Number of updated asset objects reloaded before import = 0
Number of asset objects unloaded after import = 0
========================================================================
Received Import Request.
  Time of request: 2026-09-17T18:20:28.081092Z
  Time since last request: 0.000178667 seconds.
  importAddress: GUID: 82d262794483b44d097c6b72e3a9e271 - Path: Packages/com.unity.2d.animation/Editor/Assets/EditorIcons/Selected/SetPivot@2x.png - Importer: ScriptedImporter/UnityEditor.QuickSearchModule:UnityEditor.Search:ASIAI0B
Importing 'GUID: 82d262794483b44d097c6b72e3a9e271 - Path: Packages/com.unity.2d.animation/Editor/Assets/EditorIcons/Selected/SetPivot@2x.png - Importer: ScriptedImporter/UnityEditor.QuickSearchModule:UnityEditor.Search:ASIAI0B' with importer (ScriptedImporter : UnityEditor.QuickSearchModule:UnityEditor.Search:ASIAI0B)
Imported 'GUID: 82d262794483b44d097c6b72e3a9e271' -> (Import Result ID: '778112c969c29f9e44f449a5bc3767a4') in 0.002 seconds [static and dynamic dependencies]. Details - ImportResultOutputID=775feb2b0f2d2ec9eb62aacd3d8f1893 DependenciesID=a497090a0083df60e8fe68dbb197d124 StaticDependenciesID=987a724c5eb73f350253ab0a1a2f347d 
Number of updated asset objects reloaded before import = 0
Number of asset objects unloaded after import = 3
========================================================================
Received Import Request.
  Time of request: 2026-09-17T18:20:28.090709Z
  Time since last request: 0.000129416 seconds.
  importAddress: GUID: c63fe6f3b17a3b84c91fa9e96162da05 - Path: Packages/com.unity.2d.tilemap/Editor/TileDragAndDropHoverData.cs - Importer: ScriptedImporter/UnityEditor.QuickSearchModule:UnityEditor.Search:ASIAI0B
Importing 'GUID: c63fe6f3b17a3b84c91fa9e96162da05 - Path: Packages/com.unity.2d.tilemap/Editor/TileDragAndDropHoverData.cs - Importer: ScriptedImporter/UnityEditor.QuickSearchModule:UnityEditor.Search:ASIAI0B' with importer (ScriptedImporter : UnityEditor.QuickSearchModule:UnityEditor.Search:ASIAI0B)
Imported 'GUID: c63fe6f3b17a3b84c91fa9e96162da05' -> (Import Result ID: '95c6d133821c11eabde892d1b9ae3a47') in 0.001 seconds [static and dynamic dependencies]. Details - ImportResultOutputID=8072889f0840027089b325e999125d8f DependenciesID=fbf24bb184396055bebabe25c049ed94 StaticDependenciesID=ce30b8a851873ebe7ba1c9ce6906cec7 
Number of updated asset objects reloaded before import = 0
Number of asset objects unloaded after import = 0
========================================================================
Received Import Request.
  Time of request: 2026-09-17T18:20:28.098871Z
  Time since last request: 0.000211542 seconds.
  importAddress: GUID: b9e6979f9495e40848d47a268d7dc313 - Path: Packages/com.unity.2d.tooling/Editor/Insider/SpriteAtlas/SpriteAtlasIssueReport/UIElement - Importer: ScriptedImporter/UnityEditor.QuickSearchModule:UnityEditor.Search:ASIAI0B
Importing 'GUID: b9e6979f9495e40848d47a268d7dc313 - Path: Packages/com.unity.2d.tooling/Editor/Insider/SpriteAtlas/SpriteAtlasIssueReport/UIElement - Importer: ScriptedImporter/UnityEditor.QuickSearchModule:UnityEditor.Search:ASIAI0B' with importer (ScriptedImporter : UnityEditor.QuickSearchModule:UnityEditor.Search:ASIAI0B)
Imported 'GUID: b9e6979f9495e40848d47a268d7dc313' -> (Import Result ID: 'e985c54ed45c5d52388e9a42aac14318') in 0.001 seconds [static and dynamic dependencies]. Details - ImportResultOutputID=166880480ae25fb13629fd64bf2953b5 DependenciesID=b5253b37f2cd62a8d269fa70f2aa315d StaticDependenciesID=291561c3fb032dc7ed11d28184ab5c28 
Number of updated asset objects reloaded before import = 0
Number of asset objects unloaded after import = 1
========================================================================
Received Import Request.
  Time of request: 2026-09-17T18:20:28.106727Z
  Time since last request: 0.000155334 seconds.
  importAddress: GUID: 39fa8bcc622b441eb808cc45c9909444 - Path: Packages/com.unity.2d.animation/IK/Runtime/Culling/AlwaysUpdateCullingStrategy.cs - Importer: ScriptedImporter/UnityEditor.QuickSearchModule:UnityEditor.Search:ASIAI0B
Importing 'GUID: 39fa8bcc622b441eb808cc45c9909444 - Path: Packages/com.unity.2d.animation/IK/Runtime/Culling/AlwaysUpdateCullingStrategy.cs - Importer: ScriptedImporter/UnityEditor.QuickSearchModule:UnityEditor.Search:ASIAI0B' with importer (ScriptedImporter : UnityEditor.QuickSearchModule:UnityEditor.Search:ASIAI0B)
Imported 'GUID: 39fa8bcc622b441eb808cc45c9909444' -> (Import Result ID: 'c3c2e1e8fac02f1719b28731029289c0') in 0.001 seconds [static and dynamic dependencies]. Details - ImportResultOutputID=381d0b6cfc4c71cf97d78719a27d0179 DependenciesID=56b458bf5d05accf35f7f34056541f46 StaticDependenciesID=02070cac2722939f7f5f7243c893e443 
Number of updated asset objects reloaded before import = 0
Number of asset objects unloaded after import = 0
========================================================================
Received Import Request.
  Time of request: 2026-09-17T18:20:28.114549Z
  Time since last request: 0.000163875 seconds.
  importAddress: GUID: eec4c0c21e439e04083398ccd1928db0 - Path: Packages/com.unity.2d.tilemap.extras/Editor/Brushes/GroupBrush/GroupBrush.cs - Importer: ScriptedImporter/UnityEditor.QuickSearchModule:UnityEditor.Search:ASIAI0B
Importing 'GUID: eec4c0c21e439e04083398ccd1928db0 - Path: Packages/com.unity.2d.tilemap.extras/Editor/Brushes/GroupBrush/GroupBrush.cs - Importer: ScriptedImporter/UnityEditor.QuickSearchModule:UnityEditor.Search:ASIAI0B' with importer (ScriptedImporter : UnityEditor.QuickSearchModule:UnityEditor.Search:ASIAI0B)
Imported 'GUID: eec4c0c21e439e04083398ccd1928db0' -> (Import Result ID: '6665a36541ff23d49fb0b3cfa9d29aa3') in 0.001 seconds [static and dynamic dependencies]. Details - ImportResultOutputID=7ae538a3dfa97a47dd57c9a3ed55815e DependenciesID=f83d73453e8b08dc9d020bcf44bd197f StaticDependenciesID=37c67c66d707dddc30b143ccdbe87ba8 
Number of updated asset objects reloaded before import = 0
Number of asset objects unloaded after import = 0
========================================================================
Received Import Request.
  Time of request: 2026-09-17T18:20:28.122713Z
  Time since last request: 0.000151333 seconds.
  importAddress: GUID: 48dca266f4aa449ab492c08dd6327296 - Path: Packages/com.unity.2d.tooling/Editor/Insider/SpriteAtlas/SpriteAtlasIssueReport/SpriteWithSecondaryTextureIssue/SpriteWithSecondaryTextureIssue.cs - Importer: ScriptedImporter/UnityEditor.QuickSearchModule:UnityEditor.Search:ASIAI0B
Importing 'GUID: 48dca266f4aa449ab492c08dd6327296 - Path: Packages/com.unity.2d.tooling/Editor/Insider/SpriteAtlas/SpriteAtlasIssueReport/SpriteWithSecondaryTextureIssue/SpriteWithSecondaryTextureIssue.cs - Importer: ScriptedImporter/UnityEditor.QuickSearchModule:UnityEditor.Search:ASIAI0B' with importer (ScriptedImporter : UnityEditor.QuickSearchModule:UnityEditor.Search:ASIAI0B)
Imported 'GUID: 48dca266f4aa449ab492c08dd6327296' -> (Import Result ID: 'c9cf4094757325fef0e25bb28b3325bd') in 0.001 seconds [static and dynamic dependencies]. Details - ImportResultOutputID=9811b79056717877efbe43a01d0b9cf9 DependenciesID=526a2b4360f06ed3955ae2daf57fc5f4 StaticDependenciesID=c77474ff648cc57d722e345feb7b2cd2 
Number of updated asset objects reloaded before import = 0
Number of asset objects unloaded after import = 0
========================================================================
Received Import Request.
  Time of request: 2026-09-17T18:20:28.147296Z
  Time since last request: 0.016721792 seconds.
  importAddress: GUID: 48464cd53bb3c604f999e7d3f15e8d09 - Path: Packages/com.unity.2d.animation/Editor/Assets/EditorIcons/Selected/Weight_Brush@4x.png - Importer: ScriptedImporter/UnityEditor.QuickSearchModule:UnityEditor.Search:ASIAI0B
Importing 'GUID: 48464cd53bb3c604f999e7d3f15e8d09 - Path: Packages/com.unity.2d.animation/Editor/Assets/EditorIcons/Selected/Weight_Brush@4x.png - Importer: ScriptedImporter/UnityEditor.QuickSearchModule:UnityEditor.Search:ASIAI0B' with importer (ScriptedImporter : UnityEditor.QuickSearchModule:UnityEditor.Search:ASIAI0B)
Imported 'GUID: 48464cd53bb3c604f999e7d3f15e8d09' -> (Import Result ID: '5dd58d501c0ddd3b37d16ab1eb7f6894') in 0.003 seconds [static and dynamic dependencies]. Details - ImportResultOutputID=39e77faf13879bb5a0596c7dd0bb6c76 DependenciesID=378215fc6cdd9cc3c797cf517f54bfc3 StaticDependenciesID=509e91e28c655cd9e01a14e056ab40ef 
Number of updated asset objects reloaded before import = 0
Number of asset objects unloaded after import = 3
========================================================================
Received Import Request.
  Time of request: 2026-09-17T18:20:28.15739Z
  Time since last request: 0.000117791 seconds.
  importAddress: GUID: 02378335a53e433d98da870d903901fb - Path: Packages/com.unity.2d.tooling/Editor/Insider/SpriteAtlas/SpriteAtlasIssueReport/UIElement/CommonSpriteAtlasIssueView/CommonSpriteAtlasIssueView.uss - Importer: ScriptedImporter/UnityEditor.QuickSearchModule:UnityEditor.Search:ASIAI0B
Importing 'GUID: 02378335a53e433d98da870d903901fb - Path: Packages/com.unity.2d.tooling/Editor/Insider/SpriteAtlas/SpriteAtlasIssueReport/UIElement/CommonSpriteAtlasIssueView/CommonSpriteAtlasIssueView.uss - Importer: ScriptedImporter/UnityEditor.QuickSearchModule:UnityEditor.Search:ASIAI0B' with importer (ScriptedImporter : UnityEditor.QuickSearchModule:UnityEditor.Search:ASIAI0B)
Imported 'GUID: 02378335a53e433d98da870d903901fb' -> (Import Result ID: '4e2a9af510088b881c54655f0d09b4be') in 0.001 seconds [static and dynamic dependencies]. Details - ImportResultOutputID=1421e67f64d1b638bb5173e02d400e9e DependenciesID=0c8d84f008815c6c3c1c323034819e4a StaticDependenciesID=9a07b61b4ff6713bde0e384fd8e81225 
Number of updated asset objects reloaded before import = 0
Number of asset objects unloaded after import = 1
========================================================================
Received Import Request.
  Time of request: 2026-09-17T18:20:28.1655Z
  Time since last request: 0.000130666 seconds.
  importAddress: GUID: 91a1cc1231c549079ea8e113ba9637f0 - Path: Packages/com.unity.2d.aseprite/Editor/Aseprite/Chunks/OldPaletteChunk2.cs - Importer: ScriptedImporter/UnityEditor.QuickSearchModule:UnityEditor.Search:ASIAI0B
Importing 'GUID: 91a1cc1231c549079ea8e113ba9637f0 - Path: Packages/com.unity.2d.aseprite/Editor/Aseprite/Chunks/OldPaletteChunk2.cs - Importer: ScriptedImporter/UnityEditor.QuickSearchModule:UnityEditor.Search:ASIAI0B' with importer (ScriptedImporter : UnityEditor.QuickSearchModule:UnityEditor.Search:ASIAI0B)
Imported 'GUID: 91a1cc1231c549079ea8e113ba9637f0' -> (Import Result ID: '2b1c3d913e86f8461b68634d3182c2bd') in 0.001 seconds [static and dynamic dependencies]. Details - ImportResultOutputID=140e097363e8cf277c022eda5685da3d DependenciesID=28c4ac3ab17a59c0012a48d24fa4f6b2 StaticDependenciesID=1334c008f6eefe6da6226c645af2459c 
Number of updated asset objects reloaded before import = 0
Number of asset objects unloaded after import = 0
========================================================================
Received Import Request.
  Time of request: 2026-09-17T18:20:28.174212Z
  Time since last request: 0.000295083 seconds.
  importAddress: GUID: 0c19e7bd28bccf048b5791c40449c452 - Path: Packages/com.unity.2d.tilemap/Editor/Icons - Importer: ScriptedImporter/UnityEditor.QuickSearchModule:UnityEditor.Search:ASIAI0B
Importing 'GUID: 0c19e7bd28bccf048b5791c40449c452 - Path: Packages/com.unity.2d.tilemap/Editor/Icons - Importer: ScriptedImporter/UnityEditor.QuickSearchModule:UnityEditor.Search:ASIAI0B' with importer (ScriptedImporter : UnityEditor.QuickSearchModule:UnityEditor.Search:ASIAI0B)
Imported 'GUID: 0c19e7bd28bccf048b5791c40449c452' -> (Import Result ID: '8c3c29811758861b6ac0ced4119326fc') in 0.001 seconds [static and dynamic dependencies]. Details - ImportResultOutputID=146e8dff4978f8e17e756f7a1b4fd0f0 DependenciesID=e7e40c79d754186759298c160b2b9530 StaticDependenciesID=b3e89e06239aec112db689be80c1e534 
Number of updated asset objects reloaded before import = 0
Number of asset objects unloaded after import = 1
========================================================================
Received Import Request.
  Time of request: 2026-09-17T18:20:28.182466Z
  Time since last request: 0.000225667 seconds.
  importAddress: GUID: e2c573f07f6d7471d9cad8cb2a5fece0 - Path: Packages/com.unity.2d.animation/Editor/Assets/ComponentIcons/Animation.SpriteLibraryVar On@128.png - Importer: ScriptedImporter/UnityEditor.QuickSearchModule:UnityEditor.Search:ASIAI0B
Importing 'GUID: e2c573f07f6d7471d9cad8cb2a5fece0 - Path: Packages/com.unity.2d.animation/Editor/Assets/ComponentIcons/Animation.SpriteLibraryVar On@128.png - Importer: ScriptedImporter/UnityEditor.QuickSearchModule:UnityEditor.Search:ASIAI0B' with importer (ScriptedImporter : UnityEditor.QuickSearchModule:UnityEditor.Search:ASIAI0B)
Imported 'GUID: e2c573f07f6d7471d9cad8cb2a5fece0' -> (Import Result ID: '3420b15cec018937579fab16e45ab6e1') in 0.003 seconds [static and dynamic dependencies]. Details - ImportResultOutputID=5a79f18d1e9d5341c188e7ee619d69e9 DependenciesID=11f4ac985bab0113bec0199321c1d16e StaticDependenciesID=2cb1a84a598fb9a3874e48b3ac95fe13 
Number of updated asset objects reloaded before import = 0
Number of asset objects unloaded after import = 3
========================================================================
Received Import Request.
  Time of request: 2026-09-17T18:20:28.192196Z
  Time since last request: 0.000104166 seconds.
  importAddress: GUID: 29bbda0803e75b34a9ebd8c1f2c99c80 - Path: Packages/com.unity.2d.tilemap/Editor/GridPaintPaletteWindowPreferences.cs - Importer: ScriptedImporter/UnityEditor.QuickSearchModule:UnityEditor.Search:ASIAI0B
Importing 'GUID: 29bbda0803e75b34a9ebd8c1f2c99c80 - Path: Packages/com.unity.2d.tilemap/Editor/GridPaintPaletteWindowPreferences.cs - Importer: ScriptedImporter/UnityEditor.QuickSearchModule:UnityEditor.Search:ASIAI0B' with importer (ScriptedImporter : UnityEditor.QuickSearchModule:UnityEditor.Search:ASIAI0B)
Imported 'GUID: 29bbda0803e75b34a9ebd8c1f2c99c80' -> (Import Result ID: '51dcc961daeabbfa34106070060c540b') in 0.001 seconds [static and dynamic dependencies]. Details - ImportResultOutputID=38730a73e91ae4ee27117cdc2aaa1009 DependenciesID=ccd764c9c1d02392e226739273c8744e StaticDependenciesID=40593a94ea994d4168781275ff978052 
Number of updated asset objects reloaded before import = 0
Number of asset objects unloaded after import = 0
========================================================================
Received Import Request.
  Time of request: 2026-09-17T18:20:28.199703Z
  Time since last request: 0.000108584 seconds.
  importAddress: GUID: d81eeb60b32344f398077a6142c46b53 - Path: Packages/com.unity.2d.aseprite/Editor/Aseprite/Chunks/MaskChunk.cs - Importer: ScriptedImporter/UnityEditor.QuickSearchModule:UnityEditor.Search:ASIAI0B
Importing 'GUID: d81eeb60b32344f398077a6142c46b53 - Path: Packages/com.unity.2d.aseprite/Editor/Aseprite/Chunks/MaskChunk.cs - Importer: ScriptedImporter/UnityEditor.QuickSearchModule:UnityEditor.Search:ASIAI0B' with importer (ScriptedImporter : UnityEditor.QuickSearchModule:UnityEditor.Search:ASIAI0B)
Imported 'GUID: d81eeb60b32344f398077a6142c46b53' -> (Import Result ID: '3d26a7fa50c35330ccf5e66705d03a53') in 0.001 seconds [static and dynamic dependencies]. Details - ImportResultOutputID=06189fe16bc259204912466dbd6250ad DependenciesID=721b9a84ea40c65380df60f58c84d483 StaticDependenciesID=25a05b7262bd8f43cf6270291a971cad 
Number of updated asset objects reloaded before import = 0
Number of asset objects unloaded after import = 0
========================================================================
Received Import Request.
  Time of request: 2026-09-17T18:20:28.207413Z
  Time since last request: 0.000176916 seconds.
  importAddress: GUID: 28c640dd2a903f0498148ed21c25a97f - Path: Packages/com.unity.2d.animation/Editor/SkinningModule/HorizontalToggleTools.cs - Importer: ScriptedImporter/UnityEditor.QuickSearchModule:UnityEditor.Search:ASIAI0B
Importing 'GUID: 28c640dd2a903f0498148ed21c25a97f - Path: Packages/com.unity.2d.animation/Editor/SkinningModule/HorizontalToggleTools.cs - Importer: ScriptedImporter/UnityEditor.QuickSearchModule:UnityEditor.Search:ASIAI0B' with importer (ScriptedImporter : UnityEditor.QuickSearchModule:UnityEditor.Search:ASIAI0B)
Imported 'GUID: 28c640dd2a903f0498148ed21c25a97f' -> (Import Result ID: 'ccb15537794fa9e78f1575a2c9060f59') in 0.002 seconds [static and dynamic dependencies]. Details - ImportResultOutputID=5aad8641b407681bbbe9baeef0b299e6 DependenciesID=6ab6cc2dc8fd3a1c256476e5b29635aa StaticDependenciesID=f19831ca507210a9ade571c045d84f4c 
Number of updated asset objects reloaded before import = 0
Number of asset objects unloaded after import = 0
========================================================================
Received Import Request.
  Time of request: 2026-09-17T18:20:28.216187Z
  Time since last request: 0.000113334 seconds.
  importAddress: GUID: a0c5bb965b60545b79734ffd6ec9f124 - Path: Packages/com.unity.2d.animation/Editor/Assets/ComponentIcons/d_Animation.IKFabrik@256.png - Importer: ScriptedImporter/UnityEditor.QuickSearchModule:UnityEditor.Search:ASIAI0B
Importing 'GUID: a0c5bb965b60545b79734ffd6ec9f124 - Path: Packages/com.unity.2d.animation/Editor/Assets/ComponentIcons/d_Animation.IKFabrik@256.png - Importer: ScriptedImporter/UnityEditor.QuickSearchModule:UnityEditor.Search:ASIAI0B' with importer (ScriptedImporter : UnityEditor.QuickSearchModule:UnityEditor.Search:ASIAI0B)
Imported 'GUID: a0c5bb965b60545b79734ffd6ec9f124' -> (Import Result ID: '41b86c8d62440f3f9099b0a5d4be92bb') in 0.003 seconds [static and dynamic dependencies]. Details - ImportResultOutputID=dae01ff845b4d569b2a0131014ae43ca DependenciesID=2cc170d80777b08a26acf3177ee549b3 StaticDependenciesID=9dd8189428e02447855d3bab84637abe 
Number of updated asset objects reloaded before import = 0
Number of asset objects unloaded after import = 3
========================================================================
Received Import Request.
  Time of request: 2026-09-17T18:20:28.225744Z
  Time since last request: 0.000139625 seconds.
  importAddress: GUID: 68e5a78013e33f247822a837e55b0ab4 - Path: Packages/com.unity.2d.animation/Editor/Assets/EditorIcons/Selected/Bone_Influence@3x.png - Importer: ScriptedImporter/UnityEditor.QuickSearchModule:UnityEditor.Search:ASIAI0B
Importing 'GUID: 68e5a78013e33f247822a837e55b0ab4 - Path: Packages/com.unity.2d.animation/Editor/Assets/EditorIcons/Selected/Bone_Influence@3x.png - Importer: ScriptedImporter/UnityEditor.QuickSearchModule:UnityEditor.Search:ASIAI0B' with importer (ScriptedImporter : UnityEditor.QuickSearchModule:UnityEditor.Search:ASIAI0B)
Imported 'GUID: 68e5a78013e33f247822a837e55b0ab4' -> (Import Result ID: '75d0f1c737b263bb50cec33c38fa8c6d') in 0.002 seconds [static and dynamic dependencies]. Details - ImportResultOutputID=dc8313150db226b189b27e598f346168 DependenciesID=8628f96d036624a63da319bd0c970d26 StaticDependenciesID=780ecbab616a017cc779a7fd58661551 
Number of updated asset objects reloaded before import = 0
Number of asset objects unloaded after import = 3
========================================================================
Received Import Request.
  Time of request: 2026-09-17T18:20:28.235046Z
  Time since last request: 0.000096375 seconds.
  importAddress: GUID: 9d228317a1774b8c825eda32e0290f48 - Path: Packages/com.unity.2d.common/Editor/InternalBridge/Deprecated/SpriteEditorModuleModeBase_Deprecated.cs - Importer: ScriptedImporter/UnityEditor.QuickSearchModule:UnityEditor.Search:ASIAI0B
Importing 'GUID: 9d228317a1774b8c825eda32e0290f48 - Path: Packages/com.unity.2d.common/Editor/InternalBridge/Deprecated/SpriteEditorModuleModeBase_Deprecated.cs - Importer: ScriptedImporter/UnityEditor.QuickSearchModule:UnityEditor.Search:ASIAI0B' with importer (ScriptedImporter : UnityEditor.QuickSearchModule:UnityEditor.Search:ASIAI0B)
Imported 'GUID: 9d228317a1774b8c825eda32e0290f48' -> (Import Result ID: '303b5d6d8a421ef754bad53f76a810e0') in 0.001 seconds [static and dynamic dependencies]. Details - ImportResultOutputID=4dc5e16864d72b97170b1cfaaedeb4f7 DependenciesID=2c04804fa20eeda933b36da01f972292 StaticDependenciesID=03c926951b7dedca6a846e5a71993f75 
Number of updated asset objects reloaded before import = 0
Number of asset objects unloaded after import = 0
========================================================================
Received Import Request.
  Time of request: 2026-09-17T18:20:28.242377Z
  Time since last request: 0.000114375 seconds.
  importAddress: GUID: cb5418bb8817a8c4096007d67d6fd8ba - Path: Packages/com.unity.2d.tilemap/Editor/GridPaletteBrushes.cs - Importer: ScriptedImporter/UnityEditor.QuickSearchModule:UnityEditor.Search:ASIAI0B
Importing 'GUID: cb5418bb8817a8c4096007d67d6fd8ba - Path: Packages/com.unity.2d.tilemap/Editor/GridPaletteBrushes.cs - Importer: ScriptedImporter/UnityEditor.QuickSearchModule:UnityEditor.Search:ASIAI0B' with importer (ScriptedImporter : UnityEditor.QuickSearchModule:UnityEditor.Search:ASIAI0B)
Imported 'GUID: cb5418bb8817a8c4096007d67d6fd8ba' -> (Import Result ID: '1aab1e0a197c8bb6c780392728f1ff6b') in 0.001 seconds [static and dynamic dependencies]. Details - ImportResultOutputID=8091efd01be086d7238774ac7b884262 DependenciesID=be16d35dd493bf85cc6f97c062596d97 StaticDependenciesID=ee5789903ab86329d2e51d8739064a15 
Number of updated asset objects reloaded before import = 0
Number of asset objects unloaded after import = 0
========================================================================
Received Import Request.
  Time of request: 2026-09-17T18:20:28.250144Z
  Time since last request: 0.000139916 seconds.
  importAddress: GUID: 40548468add2f5c4694bff827b24d425 - Path: Packages/com.unity.2d.animation/IK/Editor/IKGizmos.cs - Importer: ScriptedImporter/UnityEditor.QuickSearchModule:UnityEditor.Search:ASIAI0B
Importing 'GUID: 40548468add2f5c4694bff827b24d425 - Path: Packages/com.unity.2d.animation/IK/Editor/IKGizmos.cs - Importer: ScriptedImporter/UnityEditor.QuickSearchModule:UnityEditor.Search:ASIAI0B' with importer (ScriptedImporter : UnityEditor.QuickSearchModule:UnityEditor.Search:ASIAI0B)
Imported 'GUID: 40548468add2f5c4694bff827b24d425' -> (Import Result ID: '20f9c6072cecb7ea31ba2f984668ead6') in 0.001 seconds [static and dynamic dependencies]. Details - ImportResultOutputID=cc3d14e9ab919b78720e778cdd3ff245 DependenciesID=fe788cd15da59aaa3a455f9f829e189b StaticDependenciesID=cc1c637c1732dfccab948144064d4ab1 
Number of updated asset objects reloaded before import = 0
Number of asset objects unloaded after import = 0
========================================================================
Received Import Request.
  Time of request: 2026-09-17T18:20:28.257743Z
  Time since last request: 0.000125917 seconds.
  importAddress: GUID: 87771fd0f1d988d478a8f45923440eb8 - Path: Packages/com.unity.2d.animation/Editor/SkinningModule/IMGUI/ISkeletonView.cs - Importer: ScriptedImporter/UnityEditor.QuickSearchModule:UnityEditor.Search:ASIAI0B
Importing 'GUID: 87771fd0f1d988d478a8f45923440eb8 - Path: Packages/com.unity.2d.animation/Editor/SkinningModule/IMGUI/ISkeletonView.cs - Importer: ScriptedImporter/UnityEditor.QuickSearchModule:UnityEditor.Search:ASIAI0B' with importer (ScriptedImporter : UnityEditor.QuickSearchModule:UnityEditor.Search:ASIAI0B)
Imported 'GUID: 87771fd0f1d988d478a8f45923440eb8' -> (Import Result ID: '44e0695d83e53e6b5be2fce47be72c8f') in 0.001 seconds [static and dynamic dependencies]. Details - ImportResultOutputID=e371201dd3698817040156b769f0bdeb DependenciesID=939334349cb6ae49b75245015ec2e7c2 StaticDependenciesID=0c67299ea79d45dd9755f5a328635394 
Number of updated asset objects reloaded before import = 0
Number of asset objects unloaded after import = 0
========================================================================
Received Import Request.
  Time of request: 2026-09-17T18:20:28.265416Z
  Time since last request: 0.000136417 seconds.
  importAddress: GUID: a7509656986904778b9b80babc278b98 - Path: Packages/com.unity.2d.animation/Editor/Assets/ComponentIcons/Animation.IKLimb On@128.png - Importer: ScriptedImporter/UnityEditor.QuickSearchModule:UnityEditor.Search:ASIAI0B
Importing 'GUID: a7509656986904778b9b80babc278b98 - Path: Packages/com.unity.2d.animation/Editor/Assets/ComponentIcons/Animation.IKLimb On@128.png - Importer: ScriptedImporter/UnityEditor.QuickSearchModule:UnityEditor.Search:ASIAI0B' with importer (ScriptedImporter : UnityEditor.QuickSearchModule:UnityEditor.Search:ASIAI0B)
Imported 'GUID: a7509656986904778b9b80babc278b98' -> (Import Result ID: '227b7fbfbb268ede942108203d0bea8f') in 0.003 seconds [static and dynamic dependencies]. Details - ImportResultOutputID=6421c008b8e7387fa31177dd57b9f2b5 DependenciesID=4182a1dbc28285e6009467479be73713 StaticDependenciesID=3db31fa244db55829d7659a750126a45 
Number of updated asset objects reloaded before import = 0
Number of asset objects unloaded after import = 3
========================================================================
Received Import Request.
  Time of request: 2026-09-17T18:20:28.275121Z
  Time since last request: 0.000110458 seconds.
  importAddress: GUID: 2d68391cb3f74b2c93616b2a26d7b85f - Path: Packages/com.unity.2d.sprite/Editor/SpriteEditorModule/SpriteFrameModule/SpriteFrameEditor - Importer: ScriptedImporter/UnityEditor.QuickSearchModule:UnityEditor.Search:ASIAI0B
Importing 'GUID: 2d68391cb3f74b2c93616b2a26d7b85f - Path: Packages/com.unity.2d.sprite/Editor/SpriteEditorModule/SpriteFrameModule/SpriteFrameEditor - Importer: ScriptedImporter/UnityEditor.QuickSearchModule:UnityEditor.Search:ASIAI0B' with importer (ScriptedImporter : UnityEditor.QuickSearchModule:UnityEditor.Search:ASIAI0B)
Imported 'GUID: 2d68391cb3f74b2c93616b2a26d7b85f' -> (Import Result ID: '6d1f84a0e3de2df9fa1f2e379b2224b6') in 0.001 seconds [static and dynamic dependencies]. Details - ImportResultOutputID=dc515a36f798759f8f56e4f38802d524 DependenciesID=284c0f4495e20bfd8ce8955d7c844603 StaticDependenciesID=1e9b136b301f1e0869415cc7a79dbe03 
Number of updated asset objects reloaded before import = 0
Number of asset objects unloaded after import = 1
========================================================================
Received Import Request.
  Time of request: 2026-09-17T18:20:28.28282Z
  Time since last request: 0.000152667 seconds.
  importAddress: GUID: 6a526b93b1b26d040a197bb4ffe84ba1 - Path: Packages/com.unity.2d.animation/Editor/SkinningModule/SkinningSerializer - Importer: ScriptedImporter/UnityEditor.QuickSearchModule:UnityEditor.Search:ASIAI0B
Importing 'GUID: 6a526b93b1b26d040a197bb4ffe84ba1 - Path: Packages/com.unity.2d.animation/Editor/SkinningModule/SkinningSerializer - Importer: ScriptedImporter/UnityEditor.QuickSearchModule:UnityEditor.Search:ASIAI0B' with importer (ScriptedImporter : UnityEditor.QuickSearchModule:UnityEditor.Search:ASIAI0B)
Imported 'GUID: 6a526b93b1b26d040a197bb4ffe84ba1' -> (Import Result ID: '6ad5b94917d99a85b30bd8cd98ee4720') in 0.001 seconds [static and dynamic dependencies]. Details - ImportResultOutputID=6621f20edafe972ebb92824b933ec27f DependenciesID=69fc56f9838f32bba9169196a519ae04 StaticDependenciesID=9e4503fb1a4e4674b4dc0170615c0834 
Number of updated asset objects reloaded before import = 0
Number of asset objects unloaded after import = 1
========================================================================
Received Import Request.
  Time of request: 2026-09-17T18:20:28.290594Z
  Time since last request: 0.000164042 seconds.
  importAddress: GUID: 6cc5103edc9f0dd4f80e8274c73dfeac - Path: Packages/com.unity.2d.animation/Editor/Assets/EditorIcons/Selected/Copy@2x.png - Importer: ScriptedImporter/UnityEditor.QuickSearchModule:UnityEditor.Search:ASIAI0B
Importing 'GUID: 6cc5103edc9f0dd4f80e8274c73dfeac - Path: Packages/com.unity.2d.animation/Editor/Assets/EditorIcons/Selected/Copy@2x.png - Importer: ScriptedImporter/UnityEditor.QuickSearchModule:UnityEditor.Search:ASIAI0B' with importer (ScriptedImporter : UnityEditor.QuickSearchModule:UnityEditor.Search:ASIAI0B)
Imported 'GUID: 6cc5103edc9f0dd4f80e8274c73dfeac' -> (Import Result ID: '98a1b16f486f868b8fac3908d997c87b') in 0.003 seconds [static and dynamic dependencies]. Details - ImportResultOutputID=83a97866195ae47ba0c2bdd5a0cc3461 DependenciesID=10205ed115f57ef8bbd719c4c22817ff StaticDependenciesID=58db109bf6a321e6bf74ef7854271d39 
Number of updated asset objects reloaded before import = 0
Number of asset objects unloaded after import = 3
========================================================================
Received Import Request.
  Time of request: 2026-09-17T18:20:28.300142Z
  Time since last request: 0.00012975 seconds.
  importAddress: GUID: 3458c119c69e9bc4f9647599c2901dee - Path: Packages/com.unity.2d.animation/Editor/Assets/EditorIcons/Selected/Create_Edge@4x.png - Importer: ScriptedImporter/UnityEditor.QuickSearchModule:UnityEditor.Search:ASIAI0B
Importing 'GUID: 3458c119c69e9bc4f9647599c2901dee - Path: Packages/com.unity.2d.animation/Editor/Assets/EditorIcons/Selected/Create_Edge@4x.png - Importer: ScriptedImporter/UnityEditor.QuickSearchModule:UnityEditor.Search:ASIAI0B' with importer (ScriptedImporter : UnityEditor.QuickSearchModule:UnityEditor.Search:ASIAI0B)
Imported 'GUID: 3458c119c69e9bc4f9647599c2901dee' -> (Import Result ID: 'e6cc08792a52c10a318f875c6be5711f') in 0.004 seconds [static and dynamic dependencies]. Details - ImportResultOutputID=0c051551cddfe25adadb60ec95f41cd4 DependenciesID=d5acdf738ca1db3332287c3808008845 StaticDependenciesID=3186a15788697c4f96ed98ed679ae47a 
Number of updated asset objects reloaded before import = 0
Number of asset objects unloaded after import = 3
========================================================================
Received Import Request.
  Time of request: 2026-09-17T18:20:28.310598Z
  Time since last request: 0.000143209 seconds.
  importAddress: GUID: 55f747e8af38fbe4d8819f37be6fd5aa - Path: Packages/com.unity.2d.tilemap.extras/Runtime/Tiles/HexagonalRuleTile/HexagonalRuleTile.cs - Importer: ScriptedImporter/UnityEditor.QuickSearchModule:UnityEditor.Search:ASIAI0B
Importing 'GUID: 55f747e8af38fbe4d8819f37be6fd5aa - Path: Packages/com.unity.2d.tilemap.extras/Runtime/Tiles/HexagonalRuleTile/HexagonalRuleTile.cs - Importer: ScriptedImporter/UnityEditor.QuickSearchModule:UnityEditor.Search:ASIAI0B' with importer (ScriptedImporter : UnityEditor.QuickSearchModule:UnityEditor.Search:ASIAI0B)
Imported 'GUID: 55f747e8af38fbe4d8819f37be6fd5aa' -> (Import Result ID: 'af102944982cb4037795daacc9ad034b') in 0.001 seconds [static and dynamic dependencies]. Details - ImportResultOutputID=57a667a0a260ee0720be8d09c991e483 DependenciesID=5151c30596c8ce98019c4955a6a57575 StaticDependenciesID=f697e72da91deffe8d48b0d6f01a38ee 
Number of updated asset objects reloaded before import = 0
Number of asset objects unloaded after import = 0
========================================================================
Received Import Request.
  Time of request: 2026-09-17T18:20:28.318635Z
  Time since last request: 0.000146917 seconds.
  importAddress: GUID: 7af5f1b9cb7fc7645a9f27f070fbe2fd - Path: Packages/com.unity.2d.animation/Editor/Assets/EditorIcons/d_Edit_Geometry@4x.png - Importer: ScriptedImporter/UnityEditor.QuickSearchModule:UnityEditor.Search:ASIAI0B
Importing 'GUID: 7af5f1b9cb7fc7645a9f27f070fbe2fd - Path: Packages/com.unity.2d.animation/Editor/Assets/EditorIcons/d_Edit_Geometry@4x.png - Importer: ScriptedImporter/UnityEditor.QuickSearchModule:UnityEditor.Search:ASIAI0B' with importer (ScriptedImporter : UnityEditor.QuickSearchModule:UnityEditor.Search:ASIAI0B)
Imported 'GUID: 7af5f1b9cb7fc7645a9f27f070fbe2fd' -> (Import Result ID: '95e35117f89d1c2688aa90711af2ef99') in 0.003 seconds [static and dynamic dependencies]. Details - ImportResultOutputID=fe7d5ab6e4b44b19c59d4b2e39434da9 DependenciesID=e9e089eb1bcf5f8eba9fad1a5c9a3626 StaticDependenciesID=e84dbb68f81810392914fc92f169fa02 
Number of updated asset objects reloaded before import = 0
Number of asset objects unloaded after import = 3
========================================================================
Received Import Request.
  Time of request: 2026-09-17T18:20:28.328432Z
  Time since last request: 0.000240917 seconds.
  importAddress: GUID: 503fd041d7d13da4e930bd9030006922 - Path: Packages/com.unity.2d.spriteshape/Runtime/SpriteShapeObjectPlacement.cs - Importer: ScriptedImporter/UnityEditor.QuickSearchModule:UnityEditor.Search:ASIAI0B
Importing 'GUID: 503fd041d7d13da4e930bd9030006922 - Path: Packages/com.unity.2d.spriteshape/Runtime/SpriteShapeObjectPlacement.cs - Importer: ScriptedImporter/UnityEditor.QuickSearchModule:UnityEditor.Search:ASIAI0B' with importer (ScriptedImporter : UnityEditor.QuickSearchModule:UnityEditor.Search:ASIAI0B)
Imported 'GUID: 503fd041d7d13da4e930bd9030006922' -> (Import Result ID: '49028c26ebf2134f28100b82e3deeff1') in 0.001 seconds [static and dynamic dependencies]. Details - ImportResultOutputID=f3ff10fa40c195859eb0170d99f34e4f DependenciesID=12d49037d891c72e952701ade6a0c8df StaticDependenciesID=b38d90b0663fdb3934a7a0b8b34a699a 
Number of updated asset objects reloaded before import = 0
Number of asset objects unloaded after import = 0
========================================================================
Received Import Request.
  Time of request: 2026-09-17T18:20:28.336555Z
  Time since last request: 0.000201375 seconds.
  importAddress: GUID: 51ee03bc936f1bf4489c0ee8696ebab7 - Path: Packages/com.unity.2d.animation/Editor/SkinningModule/SkinningCache/TransformCacheExtensions.cs - Importer: ScriptedImporter/UnityEditor.QuickSearchModule:UnityEditor.Search:ASIAI0B
Importing 'GUID: 51ee03bc936f1bf4489c0ee8696ebab7 - Path: Packages/com.unity.2d.animation/Editor/SkinningModule/SkinningCache/TransformCacheExtensions.cs - Importer: ScriptedImporter/UnityEditor.QuickSearchModule:UnityEditor.Search:ASIAI0B' with importer (ScriptedImporter : UnityEditor.QuickSearchModule:UnityEditor.Search:ASIAI0B)
Imported 'GUID: 51ee03bc936f1bf4489c0ee8696ebab7' -> (Import Result ID: '36c5858ee2bd2095eead0f5354d9cd13') in 0.001 seconds [static and dynamic dependencies]. Details - ImportResultOutputID=20a92937f182e3101196da38dc425174 DependenciesID=1f40ff2c241f2172cac19c927ecea466 StaticDependenciesID=1a315d6776370ba7807da5fbf33fc1f1 
Number of updated asset objects reloaded before import = 0
Number of asset objects unloaded after import = 0
========================================================================
Received Import Request.
  Time of request: 2026-09-17T18:20:28.344619Z
  Time since last request: 0.000235042 seconds.
  importAddress: GUID: 23e09b69eb2faa440a2c964797f31787 - Path: Packages/com.unity.2d.common/Editor/ScriptablePacker - Importer: ScriptedImporter/UnityEditor.QuickSearchModule:UnityEditor.Search:ASIAI0B
Importing 'GUID: 23e09b69eb2faa440a2c964797f31787 - Path: Packages/com.unity.2d.common/Editor/ScriptablePacker - Importer: ScriptedImporter/UnityEditor.QuickSearchModule:UnityEditor.Search:ASIAI0B' with importer (ScriptedImporter : UnityEditor.QuickSearchModule:UnityEditor.Search:ASIAI0B)
Imported 'GUID: 23e09b69eb2faa440a2c964797f31787' -> (Import Result ID: 'ca63d5d2e4cf4795d9faba38b1f28614') in 0.001 seconds [static and dynamic dependencies]. Details - ImportResultOutputID=fd5d6ec27b0375228e07ef33733fceb9 DependenciesID=180ea9e225176c949684a9d54c49d9d1 StaticDependenciesID=f65c3513c83a13a66887cb5f1ad5bf57 
Number of updated asset objects reloaded before import = 0
Number of asset objects unloaded after import = 1
========================================================================
Received Import Request.
  Time of request: 2026-09-17T18:20:28.352775Z
  Time since last request: 0.000167417 seconds.
  importAddress: GUID: e8a5e2d53ceb4a6494fd3732c03e9211 - Path: Packages/com.unity.2d.tooling/Editor/Insider/SpriteAtlas/DataSource/EditorAssetInfo.cs - Importer: ScriptedImporter/UnityEditor.QuickSearchModule:UnityEditor.Search:ASIAI0B
Importing 'GUID: e8a5e2d53ceb4a6494fd3732c03e9211 - Path: Packages/com.unity.2d.tooling/Editor/Insider/SpriteAtlas/DataSource/EditorAssetInfo.cs - Importer: ScriptedImporter/UnityEditor.QuickSearchModule:UnityEditor.Search:ASIAI0B' with importer (ScriptedImporter : UnityEditor.QuickSearchModule:UnityEditor.Search:ASIAI0B)
Imported 'GUID: e8a5e2d53ceb4a6494fd3732c03e9211' -> (Import Result ID: '63fae5fa06d8a735cd6d6ccdc98faaa6') in 0.001 seconds [static and dynamic dependencies]. Details - ImportResultOutputID=037c5dcbcc34f994d983ddbea17e934e DependenciesID=7490ab104b87166a29756129579ed56a StaticDependenciesID=24e9a281ea40add57df4927122541cce 
Number of updated asset objects reloaded before import = 0
Number of asset objects unloaded after import = 0
========================================================================
Received Import Request.
  Time of request: 2026-09-17T18:20:28.360864Z
  Time since last request: 0.000237208 seconds.
  importAddress: GUID: 5379fb539445eb24ea7ac709f8df31b9 - Path: Packages/com.unity.2d.animation/Editor/SkinningModule/AssociateBonesScope.cs - Importer: ScriptedImporter/UnityEditor.QuickSearchModule:UnityEditor.Search:ASIAI0B
Importing 'GUID: 5379fb539445eb24ea7ac709f8df31b9 - Path: Packages/com.unity.2d.animation/Editor/SkinningModule/AssociateBonesScope.cs - Importer: ScriptedImporter/UnityEditor.QuickSearchModule:UnityEditor.Search:ASIAI0B' with importer (ScriptedImporter : UnityEditor.QuickSearchModule:UnityEditor.Search:ASIAI0B)
Imported 'GUID: 5379fb539445eb24ea7ac709f8df31b9' -> (Import Result ID: '43eeb08c48b4115f90437988de9ed0a8') in 0.001 seconds [static and dynamic dependencies]. Details - ImportResultOutputID=006eba629d3524dde5998109b9f0f1f2 DependenciesID=08eed3aa23d97aae7dbffe46270f6396 StaticDependenciesID=a5b4bbf0175009c421bcd6f5b6bb12c2 
Number of updated asset objects reloaded before import = 0
Number of asset objects unloaded after import = 0
========================================================================
Received Import Request.
  Time of request: 2026-09-17T18:20:28.368723Z
  Time since last request: 0.000169041 seconds.
  importAddress: GUID: af48cb36ede534b5baa60e10ea9eaa02 - Path: Packages/com.unity.2d.animation/Editor/SpriteLib/SpriteLibrarySourceAsset/SpriteLibrarySourceAssetImporterInspector.cs - Importer: ScriptedImporter/UnityEditor.QuickSearchModule:UnityEditor.Search:ASIAI0B
Importing 'GUID: af48cb36ede534b5baa60e10ea9eaa02 - Path: Packages/com.unity.2d.animation/Editor/SpriteLib/SpriteLibrarySourceAsset/SpriteLibrarySourceAssetImporterInspector.cs - Importer: ScriptedImporter/UnityEditor.QuickSearchModule:UnityEditor.Search:ASIAI0B' with importer (ScriptedImporter : UnityEditor.QuickSearchModule:UnityEditor.Search:ASIAI0B)
Imported 'GUID: af48cb36ede534b5baa60e10ea9eaa02' -> (Import Result ID: '7148f4a8b14c08559d24935d7a5736fd') in 0.001 seconds [static and dynamic dependencies]. Details - ImportResultOutputID=c7c5653da7fe942710095e196b6a47b4 DependenciesID=15939635278667a63b1545a11c0a73e6 StaticDependenciesID=99e5d081fa836e2089132acdbb45efe2 
Number of updated asset objects reloaded before import = 0
Number of asset objects unloaded after import = 0
========================================================================
Received Import Request.
  Time of request: 2026-09-17T18:20:28.376719Z
  Time since last request: 0.000132042 seconds.
  importAddress: GUID: 1a96ab5f501a8e84c9016458682e1ccb - Path: Packages/com.unity.2d.animation/Editor/Assets/EditorIcons/Selected/Edit_Geometry@4x.png - Importer: ScriptedImporter/UnityEditor.QuickSearchModule:UnityEditor.Search:ASIAI0B
Importing 'GUID: 1a96ab5f501a8e84c9016458682e1ccb - Path: Packages/com.unity.2d.animation/Editor/Assets/EditorIcons/Selected/Edit_Geometry@4x.png - Importer: ScriptedImporter/UnityEditor.QuickSearchModule:UnityEditor.Search:ASIAI0B' with importer (ScriptedImporter : UnityEditor.QuickSearchModule:UnityEditor.Search:ASIAI0B)
Imported 'GUID: 1a96ab5f501a8e84c9016458682e1ccb' -> (Import Result ID: 'd23c4baac8db0921102bba9049fb2e3a') in 0.004 seconds [static and dynamic dependencies]. Details - ImportResultOutputID=bb4ea11dd9da229f3b34aedc34328e2b DependenciesID=3a1df59896c818ea6ff71bcec620f421 StaticDependenciesID=5745ab08a0b1ee1750640c9d4ce96978 
Number of updated asset objects reloaded before import = 0
Number of asset objects unloaded after import = 3
========================================================================
Received Import Request.
  Time of request: 2026-09-17T18:20:28.387508Z
  Time since last request: 0.000102875 seconds.
  importAddress: GUID: 2bb49ac2cee975745af2d48523e135c9 - Path: Packages/com.unity.2d.psdimporter/Editor/PSDPlugin/PsdFile/Compression/ZipPredict32Image.cs - Importer: ScriptedImporter/UnityEditor.QuickSearchModule:UnityEditor.Search:ASIAI0B
Importing 'GUID: 2bb49ac2cee975745af2d48523e135c9 - Path: Packages/com.unity.2d.psdimporter/Editor/PSDPlugin/PsdFile/Compression/ZipPredict32Image.cs - Importer: ScriptedImporter/UnityEditor.QuickSearchModule:UnityEditor.Search:ASIAI0B' with importer (ScriptedImporter : UnityEditor.QuickSearchModule:UnityEditor.Search:ASIAI0B)
Imported 'GUID: 2bb49ac2cee975745af2d48523e135c9' -> (Import Result ID: '212a7d2f80738cbbe275d712d62e45ef') in 0.001 seconds [static and dynamic dependencies]. Details - ImportResultOutputID=f1be6e7084d373cd73dbcfce506c3ff4 DependenciesID=ddaf1e3634bff1cf72b021ace30dfe34 StaticDependenciesID=76000defa9e871332a3714354f1fd7e0 
Number of updated asset objects reloaded before import = 0
Number of asset objects unloaded after import = 0
========================================================================
Received Import Request.
  Time of request: 2026-09-17T18:20:28.395268Z
  Time since last request: 0.000121041 seconds.
  importAddress: GUID: 8003eb7d1f6e43ae9f41c749c4a991c9 - Path: Packages/com.unity.2d.tooling/Editor/Insider/SpriteAtlas/DataSource/EditorSpriteInfo.cs - Importer: ScriptedImporter/UnityEditor.QuickSearchModule:UnityEditor.Search:ASIAI0B
Importing 'GUID: 8003eb7d1f6e43ae9f41c749c4a991c9 - Path: Packages/com.unity.2d.tooling/Editor/Insider/SpriteAtlas/DataSource/EditorSpriteInfo.cs - Importer: ScriptedImporter/UnityEditor.QuickSearchModule:UnityEditor.Search:ASIAI0B' with importer (ScriptedImporter : UnityEditor.QuickSearchModule:UnityEditor.Search:ASIAI0B)
Imported 'GUID: 8003eb7d1f6e43ae9f41c749c4a991c9' -> (Import Result ID: '30614ecb7653899c24866718c9fa6b68') in 0.001 seconds [static and dynamic dependencies]. Details - ImportResultOutputID=91a30ce98906fa89b3ebde68e1112541 DependenciesID=4b31fc48f508fd3462cd20793925df2a StaticDependenciesID=9e96e761f681bdced88b8f6bd65ba40d 
Number of updated asset objects reloaded before import = 0
Number of asset objects unloaded after import = 0
========================================================================
Received Import Request.
  Time of request: 2026-09-17T18:20:28.40297Z
  Time since last request: 0.000147625 seconds.
  importAddress: GUID: 7eb0a9b562ac435ab893923a16b0c1d5 - Path: Packages/com.unity.2d.animation/Runtime/IconUtility.cs - Importer: ScriptedImporter/UnityEditor.QuickSearchModule:UnityEditor.Search:ASIAI0B
Importing 'GUID: 7eb0a9b562ac435ab893923a16b0c1d5 - Path: Packages/com.unity.2d.animation/Runtime/IconUtility.cs - Importer: ScriptedImporter/UnityEditor.QuickSearchModule:UnityEditor.Search:ASIAI0B' with importer (ScriptedImporter : UnityEditor.QuickSearchModule:UnityEditor.Search:ASIAI0B)
Imported 'GUID: 7eb0a9b562ac435ab893923a16b0c1d5' -> (Import Result ID: 'c8da7b04959944af7c3505a24bf877fc') in 0.001 seconds [static and dynamic dependencies]. Details - ImportResultOutputID=789363b71a0cb74a6be98fc4a344f274 DependenciesID=9ee3207ea3baa13ffb314bf38a803fce StaticDependenciesID=20343efaee4b39c365cdf0a98dcbd6e9 
Number of updated asset objects reloaded before import = 0
Number of asset objects unloaded after import = 0
========================================================================
Received Import Request.
  Time of request: 2026-09-17T18:20:28.410625Z
  Time since last request: 0.000157167 seconds.
  importAddress: GUID: 9c64bfe07c45b4554b1cd010c00ad986 - Path: Packages/com.unity.2d.common/Path/Editor/EditorTool/ScriptablePathInspector.cs - Importer: ScriptedImporter/UnityEditor.QuickSearchModule:UnityEditor.Search:ASIAI0B
Importing 'GUID: 9c64bfe07c45b4554b1cd010c00ad986 - Path: Packages/com.unity.2d.common/Path/Editor/EditorTool/ScriptablePathInspector.cs - Importer: ScriptedImporter/UnityEditor.QuickSearchModule:UnityEditor.Search:ASIAI0B' with importer (ScriptedImporter : UnityEditor.QuickSearchModule:UnityEditor.Search:ASIAI0B)
Imported 'GUID: 9c64bfe07c45b4554b1cd010c00ad986' -> (Import Result ID: '32df53be8785908ee8fe85c484517525') in 0.001 seconds [static and dynamic dependencies]. Details - ImportResultOutputID=f5b30d5599fe0dbbd902208893c4a210 DependenciesID=98e56927c994e1794109e3b54e6558be StaticDependenciesID=00467fb34ba482edf101b1f36b7d1a4c 
Number of updated asset objects reloaded before import = 0
Number of asset objects unloaded after import = 0
========================================================================
Received Import Request.
  Time of request: 2026-09-17T18:20:28.427917Z
  Time since last request: 0.009746291 seconds.
  importAddress: GUID: 4459fff084dd84526ab8fd5082d2eacb - Path: Packages/com.unity.2d.psdimporter/Editor/Assets/root-red.mat - Importer: ScriptedImporter/UnityEditor.QuickSearchModule:UnityEditor.Search:ASIAI0B
Importing 'GUID: 4459fff084dd84526ab8fd5082d2eacb - Path: Packages/com.unity.2d.psdimporter/Editor/Assets/root-red.mat - Importer: ScriptedImporter/UnityEditor.QuickSearchModule:UnityEditor.Search:ASIAI0B' with importer (ScriptedImporter : UnityEditor.QuickSearchModule:UnityEditor.Search:ASIAI0B)
Imported 'GUID: 4459fff084dd84526ab8fd5082d2eacb' -> (Import Result ID: '71789deb6dc0f6d1ca9df4f8dafbaab3') in 0.005 seconds [static and dynamic dependencies]. Details - ImportResultOutputID=eb4f86f6f2314319cd27ff0a71dbaf87 DependenciesID=944238aa05ab16a9a97694eb11d5229c StaticDependenciesID=2501d5b6f68b08ce3f46027a387c6013 
Number of updated asset objects reloaded before import = 0
Number of asset objects unloaded after import = 1
========================================================================
Received Import Request.
  Time of request: 2026-09-17T18:20:28.439833Z
  Time since last request: 0.000115042 seconds.
  importAddress: GUID: 20bf2de5af7c0fa4a96ad26fe55d375c - Path: Packages/com.unity.2d.pixel-perfect/LICENSE.md - Importer: ScriptedImporter/UnityEditor.QuickSearchModule:UnityEditor.Search:ASIAI0B
Importing 'GUID: 20bf2de5af7c0fa4a96ad26fe55d375c - Path: Packages/com.unity.2d.pixel-perfect/LICENSE.md - Importer: ScriptedImporter/UnityEditor.QuickSearchModule:UnityEditor.Search:ASIAI0B' with importer (ScriptedImporter : UnityEditor.QuickSearchModule:UnityEditor.Search:ASIAI0B)
Imported 'GUID: 20bf2de5af7c0fa4a96ad26fe55d375c' -> (Import Result ID: 'bce8a689cc90b0b2cf6e512afc727cf0') in 0.001 seconds [static and dynamic dependencies]. Details - ImportResultOutputID=28dd8e143caef58e7ea36259016acd93 DependenciesID=1f484c8ed58f8a5a39195430f6ec182b StaticDependenciesID=0d1d5b7a3987a47f94b04729b6475c7b 
Number of updated asset objects reloaded before import = 0
Number of asset objects unloaded after import = 1
========================================================================
Received Import Request.
  Time of request: 2026-09-17T18:20:28.447507Z
  Time since last request: 0.000133875 seconds.
  importAddress: GUID: 4576408ff459c3a48a69ad3c7d941581 - Path: Packages/com.unity.2d.tilemap/Editor/Icons/d_Tilemap.ShowGrid@2x.png - Importer: ScriptedImporter/UnityEditor.QuickSearchModule:UnityEditor.Search:ASIAI0B
Importing 'GUID: 4576408ff459c3a48a69ad3c7d941581 - Path: Packages/com.unity.2d.tilemap/Editor/Icons/d_Tilemap.ShowGrid@2x.png - Importer: ScriptedImporter/UnityEditor.QuickSearchModule:UnityEditor.Search:ASIAI0B' with importer (ScriptedImporter : UnityEditor.QuickSearchModule:UnityEditor.Search:ASIAI0B)
Imported 'GUID: 4576408ff459c3a48a69ad3c7d941581' -> (Import Result ID: '2e8e640d27dfec65d2b0df45f7eaf267') in 0.003 seconds [static and dynamic dependencies]. Details - ImportResultOutputID=ba1fc5c78420d702715161d7821c4f3f DependenciesID=1bc62fb8b09a8cf1dcbece04096006ea StaticDependenciesID=d611c7afefd7fa5481c8016436df1e47 
Number of updated asset objects reloaded before import = 0
Number of asset objects unloaded after import = 3
========================================================================
Received Import Request.
  Time of request: 2026-09-17T18:20:28.458148Z
  Time since last request: 0.000168959 seconds.
  importAddress: GUID: af48269279273434687aeac541f87ca8 - Path: Packages/com.unity.2d.animation/Editor/Assets/ComponentIcons/Animation.SpriteSkin On@64.png - Importer: ScriptedImporter/UnityEditor.QuickSearchModule:UnityEditor.Search:ASIAI0B
Importing 'GUID: af48269279273434687aeac541f87ca8 - Path: Packages/com.unity.2d.animation/Editor/Assets/ComponentIcons/Animation.SpriteSkin On@64.png - Importer: ScriptedImporter/UnityEditor.QuickSearchModule:UnityEditor.Search:ASIAI0B' with importer (ScriptedImporter : UnityEditor.QuickSearchModule:UnityEditor.Search:ASIAI0B)
Imported 'GUID: af48269279273434687aeac541f87ca8' -> (Import Result ID: 'b9d468c46a941bee5ef9892c18767a05') in 0.005 seconds [static and dynamic dependencies]. Details - ImportResultOutputID=92726a0586489bc8977057960be6ad69 DependenciesID=b0b008e6d7d518326f40d0628503b4f6 StaticDependenciesID=850d7311a7ffeea39e5c0f60e8d464ae 
Number of updated asset objects reloaded before import = 0
Number of asset objects unloaded after import = 3
========================================================================
Received Import Request.
  Time of request: 2026-09-17T18:20:28.470313Z
  Time since last request: 0.000252667 seconds.
  importAddress: GUID: e9e63811c1b8749a1b27870b6ea0afce - Path: Packages/com.unity.2d.tooling/Editor/Insider/SpriteAtlas/SpriteAtlasIssueReport/SpriteWithSecondaryTextureIssue/SpriteWithSecondaryTextureIssue.uss - Importer: ScriptedImporter/UnityEditor.QuickSearchModule:UnityEditor.Search:ASIAI0B
Importing 'GUID: e9e63811c1b8749a1b27870b6ea0afce - Path: Packages/com.unity.2d.tooling/Editor/Insider/SpriteAtlas/SpriteAtlasIssueReport/SpriteWithSecondaryTextureIssue/SpriteWithSecondaryTextureIssue.uss - Importer: ScriptedImporter/UnityEditor.QuickSearchModule:UnityEditor.Search:ASIAI0B' with importer (ScriptedImporter : UnityEditor.QuickSearchModule:UnityEditor.Search:ASIAI0B)
Imported 'GUID: e9e63811c1b8749a1b27870b6ea0afce' -> (Import Result ID: 'c26b6abf5ea8a8dd26d9a4152c3b652b') in 0.002 seconds [static and dynamic dependencies]. Details - ImportResultOutputID=04d8992de393766bcdaf1f1f723c5442 DependenciesID=1243f32b85b2520ffec35d4e1f4e84a2 StaticDependenciesID=c5e212b0beef1870703ddefe5e466914 
Number of updated asset objects reloaded before import = 0
Number of asset objects unloaded after import = 1
========================================================================
Received Import Request.
  Time of request: 2026-09-17T18:20:28.479359Z
  Time since last request: 0.000149125 seconds.
  importAddress: GUID: 7395bf0bc3cc40e4ab2dda5ec6832261 - Path: Packages/com.unity.2d.animation/Editor/Assets/EditorIcons/Bone_Influence@2x.png - Importer: ScriptedImporter/UnityEditor.QuickSearchModule:UnityEditor.Search:ASIAI0B
Importing 'GUID: 7395bf0bc3cc40e4ab2dda5ec6832261 - Path: Packages/com.unity.2d.animation/Editor/Assets/EditorIcons/Bone_Influence@2x.png - Importer: ScriptedImporter/UnityEditor.QuickSearchModule:UnityEditor.Search:ASIAI0B' with importer (ScriptedImporter : UnityEditor.QuickSearchModule:UnityEditor.Search:ASIAI0B)
Imported 'GUID: 7395bf0bc3cc40e4ab2dda5ec6832261' -> (Import Result ID: 'abdc37e6147e583c85be675200e65b4d') in 0.003 seconds [static and dynamic dependencies]. Details - ImportResultOutputID=31ecc6d22d165bc66c0e330201da141a DependenciesID=a81016424a9cb215ff671d62235b1b80 StaticDependenciesID=321fa6c25f74e3a99d7e4c947280f484 
Number of updated asset objects reloaded before import = 0
Number of asset objects unloaded after import = 3
========================================================================
Received Import Request.
  Time of request: 2026-09-17T18:20:28.489193Z
  Time since last request: 0.000142375 seconds.
  importAddress: GUID: 6bd5cf21232960a4b846e6cba1798aee - Path: Packages/com.unity.2d.animation/IK/Runtime/Solvers/FABRIK2D.cs - Importer: ScriptedImporter/UnityEditor.QuickSearchModule:UnityEditor.Search:ASIAI0B
Importing 'GUID: 6bd5cf21232960a4b846e6cba1798aee - Path: Packages/com.unity.2d.animation/IK/Runtime/Solvers/FABRIK2D.cs - Importer: ScriptedImporter/UnityEditor.QuickSearchModule:UnityEditor.Search:ASIAI0B' with importer (ScriptedImporter : UnityEditor.QuickSearchModule:UnityEditor.Search:ASIAI0B)
Imported 'GUID: 6bd5cf21232960a4b846e6cba1798aee' -> (Import Result ID: 'f2680849caad679e7c9d36487bbb272a') in 0.001 seconds [static and dynamic dependencies]. Details - ImportResultOutputID=1328da138f1011ebc01562f0b90bee8b DependenciesID=21a02f5b10134661ba0fe57f9cebc7ef StaticDependenciesID=69c9002a4a9ad6ec80b49a444c8c12b7 
Number of updated asset objects reloaded before import = 0
Number of asset objects unloaded after import = 0
========================================================================
Received Import Request.
  Time of request: 2026-09-17T18:20:28.497363Z
  Time since last request: 0.000108667 seconds.
  importAddress: GUID: 62324ebe9a53d9a43b04f4b0e9b961a0 - Path: Packages/com.unity.2d.tilemap/Tests/Editor - Importer: ScriptedImporter/UnityEditor.QuickSearchModule:UnityEditor.Search:ASIAI0B
Importing 'GUID: 62324ebe9a53d9a43b04f4b0e9b961a0 - Path: Packages/com.unity.2d.tilemap/Tests/Editor - Importer: ScriptedImporter/UnityEditor.QuickSearchModule:UnityEditor.Search:ASIAI0B' with importer (ScriptedImporter : UnityEditor.QuickSearchModule:UnityEditor.Search:ASIAI0B)
Imported 'GUID: 62324ebe9a53d9a43b04f4b0e9b961a0' -> (Import Result ID: '08c124a8961c7312de90f3038a5230a8') in 0.001 seconds [static and dynamic dependencies]. Details - ImportResultOutputID=63485d03840086fc6b40393480ac5b0c DependenciesID=861dff34ed913f9e057c1d74e78b202f StaticDependenciesID=36241fd597b8a5f6817a8fd5b9b6abc3 
Number of updated asset objects reloaded before import = 0
Number of asset objects unloaded after import = 1
========================================================================
Received Import Request.
  Time of request: 2026-09-17T18:20:28.505407Z
  Time since last request: 0.000171333 seconds.
  importAddress: GUID: 53537648d368cf6459e256af3d925e09 - Path: Packages/com.unity.2d.animation/Editor/Assets/EditorIcons/Selected/d_Visibility_Hidded.png - Importer: ScriptedImporter/UnityEditor.QuickSearchModule:UnityEditor.Search:ASIAI0B
Importing 'GUID: 53537648d368cf6459e256af3d925e09 - Path: Packages/com.unity.2d.animation/Editor/Assets/EditorIcons/Selected/d_Visibility_Hidded.png - Importer: ScriptedImporter/UnityEditor.QuickSearchModule:UnityEditor.Search:ASIAI0B' with importer (ScriptedImporter : UnityEditor.QuickSearchModule:UnityEditor.Search:ASIAI0B)
Imported 'GUID: 53537648d368cf6459e256af3d925e09' -> (Import Result ID: '1185356e7d01d493b81e20d203fd5555') in 0.003 seconds [static and dynamic dependencies]. Details - ImportResultOutputID=828bb08076a1be10dfb0ec07a8bd4d54 DependenciesID=20a9fbb902c4796d6b207a2ad2b4db7d StaticDependenciesID=264dcab0d97470bfc93b723e985a18b7 
Number of updated asset objects reloaded before import = 0
Number of asset objects unloaded after import = 3
========================================================================
Received Import Request.
  Time of request: 2026-09-17T18:20:28.515844Z
  Time since last request: 0.000228583 seconds.
  importAddress: GUID: c7e47ae35297a95488555fe429032567 - Path: Packages/com.unity.2d.tilemap/Editor/TileUtility.cs - Importer: ScriptedImporter/UnityEditor.QuickSearchModule:UnityEditor.Search:ASIAI0B
Importing 'GUID: c7e47ae35297a95488555fe429032567 - Path: Packages/com.unity.2d.tilemap/Editor/TileUtility.cs - Importer: ScriptedImporter/UnityEditor.QuickSearchModule:UnityEditor.Search:ASIAI0B' with importer (ScriptedImporter : UnityEditor.QuickSearchModule:UnityEditor.Search:ASIAI0B)
Imported 'GUID: c7e47ae35297a95488555fe429032567' -> (Import Result ID: 'df45fa26aebe97f2af5dc63058c26827') in 0.001 seconds [static and dynamic dependencies]. Details - ImportResultOutputID=ee914819e94aef8b72b1d8682dfa31b1 DependenciesID=8142587d84cac591e174597c28f82271 StaticDependenciesID=a59f725499a120687bb8609d7512ddb1 
Number of updated asset objects reloaded before import = 0
Number of asset objects unloaded after import = 0
========================================================================
Received Import Request.
  Time of request: 2026-09-17T18:20:28.523568Z
  Time since last request: 0.000095667 seconds.
  importAddress: GUID: d6a44ab95b0def041a7929981a2c23a1 - Path: Packages/com.unity.2d.animation/Editor/Assets/EditorIcons/Bone@2x.png - Importer: ScriptedImporter/UnityEditor.QuickSearchModule:UnityEditor.Search:ASIAI0B
Importing 'GUID: d6a44ab95b0def041a7929981a2c23a1 - Path: Packages/com.unity.2d.animation/Editor/Assets/EditorIcons/Bone@2x.png - Importer: ScriptedImporter/UnityEditor.QuickSearchModule:UnityEditor.Search:ASIAI0B' with importer (ScriptedImporter : UnityEditor.QuickSearchModule:UnityEditor.Search:ASIAI0B)
Imported 'GUID: d6a44ab95b0def041a7929981a2c23a1' -> (Import Result ID: '52b1059cf223f72688bb215a62f5fa69') in 0.002 seconds [static and dynamic dependencies]. Details - ImportResultOutputID=bd03120ce2a87fcbe2dec212582bacaa DependenciesID=b37edb14c0f1760cd02712c6b758c438 StaticDependenciesID=03cd348d2b3c21c256329217e85fe5e8 
Number of updated asset objects reloaded before import = 0
Number of asset objects unloaded after import = 3
========================================================================
Received Import Request.
  Time of request: 2026-09-17T18:20:28.532918Z
  Time since last request: 0.000349 seconds.
  importAddress: GUID: 68aa38e2596904df2a1c76453145e874 - Path: Packages/com.unity.2d.common/Path/Editor/IMGUI/GUIFramework/GenericDefaultControl.cs - Importer: ScriptedImporter/UnityEditor.QuickSearchModule:UnityEditor.Search:ASIAI0B
Importing 'GUID: 68aa38e2596904df2a1c76453145e874 - Path: Packages/com.unity.2d.common/Path/Editor/IMGUI/GUIFramework/GenericDefaultControl.cs - Importer: ScriptedImporter/UnityEditor.QuickSearchModule:UnityEditor.Search:ASIAI0B' with importer (ScriptedImporter : UnityEditor.QuickSearchModule:UnityEditor.Search:ASIAI0B)
Imported 'GUID: 68aa38e2596904df2a1c76453145e874' -> (Import Result ID: '9d4b265f45b38f62079d480dcb21b1c5') in 0.001 seconds [static and dynamic dependencies]. Details - ImportResultOutputID=d1f12438333f3187ac96a40d1623ff17 DependenciesID=689631db40bf4732ea00691dc479f940 StaticDependenciesID=607c3dc29478819f2d1db1daea339fa1 
Number of updated asset objects reloaded before import = 0
Number of asset objects unloaded after import = 0
========================================================================
Received Import Request.
  Time of request: 2026-09-17T18:20:28.541363Z
  Time since last request: 0.000163875 seconds.
  importAddress: GUID: a2b81847c6b672747861b07e47320717 - Path: Packages/com.unity.2d.psdimporter/Editor/PSDPlugin/PsdFile/Layers - Importer: ScriptedImporter/UnityEditor.QuickSearchModule:UnityEditor.Search:ASIAI0B
Importing 'GUID: a2b81847c6b672747861b07e47320717 - Path: Packages/com.unity.2d.psdimporter/Editor/PSDPlugin/PsdFile/Layers - Importer: ScriptedImporter/UnityEditor.QuickSearchModule:UnityEditor.Search:ASIAI0B' with importer (ScriptedImporter : UnityEditor.QuickSearchModule:UnityEditor.Search:ASIAI0B)
Imported 'GUID: a2b81847c6b672747861b07e47320717' -> (Import Result ID: '5c3d9e208c9917eca8a74cbb1155027a') in 0.001 seconds [static and dynamic dependencies]. Details - ImportResultOutputID=3dabc90f671dfdb45a41358c49ac7f96 DependenciesID=a0193e4528b8ab3ca2f2135f0d27caa9 StaticDependenciesID=983cb7ac6a9757e08c3ffc752d8ba351 
Number of updated asset objects reloaded before import = 0
Number of asset objects unloaded after import = 1
========================================================================
Received Import Request.
  Time of request: 2026-09-17T18:20:28.549619Z
  Time since last request: 0.000266709 seconds.
  importAddress: GUID: ab4bbc8deeeb005438fa5034a454be7b - Path: Packages/com.unity.2d.sprite/Editor/SpriteEditorModule - Importer: ScriptedImporter/UnityEditor.QuickSearchModule:UnityEditor.Search:ASIAI0B
Importing 'GUID: ab4bbc8deeeb005438fa5034a454be7b - Path: Packages/com.unity.2d.sprite/Editor/SpriteEditorModule - Importer: ScriptedImporter/UnityEditor.QuickSearchModule:UnityEditor.Search:ASIAI0B' with importer (ScriptedImporter : UnityEditor.QuickSearchModule:UnityEditor.Search:ASIAI0B)
Imported 'GUID: ab4bbc8deeeb005438fa5034a454be7b' -> (Import Result ID: 'fcc5f94b4a559e189a56818c5a1b768d') in 0.001 seconds [static and dynamic dependencies]. Details - ImportResultOutputID=b6e5d13033bf6dd11a159bdfceb053a9 DependenciesID=21f0a7bbe670db7a20d322fd666d5046 StaticDependenciesID=5311ad2c7a51b465eb25be437378d985 
Number of updated asset objects reloaded before import = 0
Number of asset objects unloaded after import = 1
========================================================================
Received Import Request.
  Time of request: 2026-09-17T18:20:28.558563Z
  Time since last request: 0.000156625 seconds.
  importAddress: GUID: ffbafa671d5549aca12c75276a373f4b - Path: Packages/com.unity.2d.tooling/Editor/Insider/Utilities/SerializableGuid.cs - Importer: ScriptedImporter/UnityEditor.QuickSearchModule:UnityEditor.Search:ASIAI0B
Importing 'GUID: ffbafa671d5549aca12c75276a373f4b - Path: Packages/com.unity.2d.tooling/Editor/Insider/Utilities/SerializableGuid.cs - Importer: ScriptedImporter/UnityEditor.QuickSearchModule:UnityEditor.Search:ASIAI0B' with importer (ScriptedImporter : UnityEditor.QuickSearchModule:UnityEditor.Search:ASIAI0B)
Imported 'GUID: ffbafa671d5549aca12c75276a373f4b' -> (Import Result ID: '0631fba4d6241aac8a9ed6fefa477303') in 0.001 seconds [static and dynamic dependencies]. Details - ImportResultOutputID=696c2dca72e0eb30a03555715648f9e1 DependenciesID=727f2835a8a887e045dfd1c76bbc5ed6 StaticDependenciesID=97790cf70c6fd0ce101d9ef82505cf20 
Number of updated asset objects reloaded before import = 0
Number of asset objects unloaded after import = 0
========================================================================
Received Import Request.
  Time of request: 2026-09-17T18:20:28.567089Z
  Time since last request: 0.000264875 seconds.
  importAddress: GUID: ca434c866082043f589e32d65b0d1369 - Path: Packages/com.unity.2d.psdimporter/Editor/Assets/Icons/Light/Layers Collapsed@1x.png - Importer: ScriptedImporter/UnityEditor.QuickSearchModule:UnityEditor.Search:ASIAI0B
Importing 'GUID: ca434c866082043f589e32d65b0d1369 - Path: Packages/com.unity.2d.psdimporter/Editor/Assets/Icons/Light/Layers Collapsed@1x.png - Importer: ScriptedImporter/UnityEditor.QuickSearchModule:UnityEditor.Search:ASIAI0B' with importer (ScriptedImporter : UnityEditor.QuickSearchModule:UnityEditor.Search:ASIAI0B)
Imported 'GUID: ca434c866082043f589e32d65b0d1369' -> (Import Result ID: '5c781736e42e54eebab303768d2c8ccd') in 0.004 seconds [static and dynamic dependencies]. Details - ImportResultOutputID=5a84549739735649bbff8ed12d035d07 DependenciesID=484690df1ae1dced82582ee084a82232 StaticDependenciesID=1d95d6a93c0adec373a7bd4903ca75e2 
Number of updated asset objects reloaded before import = 0
Number of asset objects unloaded after import = 3
========================================================================
Received Import Request.
  Time of request: 2026-09-17T18:20:28.577819Z
  Time since last request: 0.000070417 seconds.
  importAddress: GUID: d0727ce1d0fb46b6b9fb3c0784d8ddcb - Path: Packages/com.unity.2d.tooling/Editor/Insider/SpriteAtlas/SpriteAtlasIssueReport/ReportSaveData.cs - Importer: ScriptedImporter/UnityEditor.QuickSearchModule:UnityEditor.Search:ASIAI0B
Importing 'GUID: d0727ce1d0fb46b6b9fb3c0784d8ddcb - Path: Packages/com.unity.2d.tooling/Editor/Insider/SpriteAtlas/SpriteAtlasIssueReport/ReportSaveData.cs - Importer: ScriptedImporter/UnityEditor.QuickSearchModule:UnityEditor.Search:ASIAI0B' with importer (ScriptedImporter : UnityEditor.QuickSearchModule:UnityEditor.Search:ASIAI0B)
Imported 'GUID: d0727ce1d0fb46b6b9fb3c0784d8ddcb' -> (Import Result ID: 'a7ca9dfa2889d5ffbc3fb55d967d55f5') in 0.001 seconds [static and dynamic dependencies]. Details - ImportResultOutputID=a8cdcfe562d8409fb01bb1c6b3fccfb8 DependenciesID=3a122836123fd15f745a998d1870eb55 StaticDependenciesID=40310f28abdca86d401d6fc22574308e 
Number of updated asset objects reloaded before import = 0
Number of asset objects unloaded after import = 0
========================================================================
Received Import Request.
  Time of request: 2026-09-17T18:20:28.585547Z
  Time since last request: 0.000137875 seconds.
  importAddress: GUID: 328489bba45f49ca94436607399412a6 - Path: Packages/com.unity.2d.aseprite/Editor/Aseprite/AsepriteUtilities.cs - Importer: ScriptedImporter/UnityEditor.QuickSearchModule:UnityEditor.Search:ASIAI0B
Importing 'GUID: 328489bba45f49ca94436607399412a6 - Path: Packages/com.unity.2d.aseprite/Editor/Aseprite/AsepriteUtilities.cs - Importer: ScriptedImporter/UnityEditor.QuickSearchModule:UnityEditor.Search:ASIAI0B' with importer (ScriptedImporter : UnityEditor.QuickSearchModule:UnityEditor.Search:ASIAI0B)
Imported 'GUID: 328489bba45f49ca94436607399412a6' -> (Import Result ID: 'da47f2a0abacc7f5f616b3bd79910e41') in 0.001 seconds [static and dynamic dependencies]. Details - ImportResultOutputID=63c61eba81b4259d601d717481de6fbd DependenciesID=55df37023a88f5712eaefe14e8bcea36 StaticDependenciesID=b7b624b83fb5c6115b7396f649e5630c 
Number of updated asset objects reloaded before import = 0
Number of asset objects unloaded after import = 0
========================================================================
Received Import Request.
  Time of request: 2026-09-17T18:20:28.594068Z
  Time since last request: 0.000170208 seconds.
  importAddress: GUID: eb14a3e61fe4b114ebd94c7d27a6a110 - Path: Packages/com.unity.2d.animation/Editor/SkinningModule/Undo/UndoScope.cs - Importer: ScriptedImporter/UnityEditor.QuickSearchModule:UnityEditor.Search:ASIAI0B
Importing 'GUID: eb14a3e61fe4b114ebd94c7d27a6a110 - Path: Packages/com.unity.2d.animation/Editor/SkinningModule/Undo/UndoScope.cs - Importer: ScriptedImporter/UnityEditor.QuickSearchModule:UnityEditor.Search:ASIAI0B' with importer (ScriptedImporter : UnityEditor.QuickSearchModule:UnityEditor.Search:ASIAI0B)
Imported 'GUID: eb14a3e61fe4b114ebd94c7d27a6a110' -> (Import Result ID: 'f4647ad1e5f4e003f62b0771b26f9139') in 0.001 seconds [static and dynamic dependencies]. Details - ImportResultOutputID=8cb8aa9e83865be67de792386c8a69db DependenciesID=70ebed9ea770891caa0274ea330ac62a StaticDependenciesID=fe821ca8b10940169e0983594832ed90 
Number of updated asset objects reloaded before import = 0
Number of asset objects unloaded after import = 0
========================================================================
Received Import Request.
  Time of request: 2026-09-17T18:20:28.602615Z
  Time since last request: 0.000135917 seconds.
  importAddress: GUID: 15d3c315af8faf2498573371308b9d3e - Path: Packages/com.unity.2d.animation/Editor/Assets/EditorIcons/d_Edit_Joints@4x.png - Importer: ScriptedImporter/UnityEditor.QuickSearchModule:UnityEditor.Search:ASIAI0B
Importing 'GUID: 15d3c315af8faf2498573371308b9d3e - Path: Packages/com.unity.2d.animation/Editor/Assets/EditorIcons/d_Edit_Joints@4x.png - Importer: ScriptedImporter/UnityEditor.QuickSearchModule:UnityEditor.Search:ASIAI0B' with importer (ScriptedImporter : UnityEditor.QuickSearchModule:UnityEditor.Search:ASIAI0B)
Imported 'GUID: 15d3c315af8faf2498573371308b9d3e' -> (Import Result ID: '4cf5d95397ed65549a93731d2fc968ba') in 0.003 seconds [static and dynamic dependencies]. Details - ImportResultOutputID=5fa1224ba95a5b3e6bdc0dad57145b48 DependenciesID=8098b5945b915b90e247d218d9633cf7 StaticDependenciesID=43587f266f1c54e36af19af770087c9c 
Number of updated asset objects reloaded before import = 0
Number of asset objects unloaded after import = 3
========================================================================
Received Import Request.
  Time of request: 2026-09-17T18:20:28.612712Z
  Time since last request: 0.000231125 seconds.
  importAddress: GUID: ee97fb199f5d4c248b3a02ae9e3e39d5 - Path: Packages/com.unity.2d.animation/Editor/SkinningModule/Undo/IUndo.cs - Importer: ScriptedImporter/UnityEditor.QuickSearchModule:UnityEditor.Search:ASIAI0B
Importing 'GUID: ee97fb199f5d4c248b3a02ae9e3e39d5 - Path: Packages/com.unity.2d.animation/Editor/SkinningModule/Undo/IUndo.cs - Importer: ScriptedImporter/UnityEditor.QuickSearchModule:UnityEditor.Search:ASIAI0B' with importer (ScriptedImporter : UnityEditor.QuickSearchModule:UnityEditor.Search:ASIAI0B)
Imported 'GUID: ee97fb199f5d4c248b3a02ae9e3e39d5' -> (Import Result ID: '9ce8262a91af37975e8d8d8c786623ad') in 0.001 seconds [static and dynamic dependencies]. Details - ImportResultOutputID=69400cfae2d2251541cc54d127414029 DependenciesID=afe3ccf81c7c0ac89782e517a4c70847 StaticDependenciesID=4a6fd8b958e9d0d0d1259e196ba4546a 
Number of updated asset objects reloaded before import = 0
Number of asset objects unloaded after import = 0
========================================================================
Received Import Request.
  Time of request: 2026-09-17T18:20:28.621115Z
  Time since last request: 0.000295875 seconds.
  importAddress: GUID: ea4cc92a263807f4985d77508d2bb536 - Path: Packages/com.unity.2d.animation/Editor/SkinningModule/IMGUI/SkeletonController.cs - Importer: ScriptedImporter/UnityEditor.QuickSearchModule:UnityEditor.Search:ASIAI0B
Importing 'GUID: ea4cc92a263807f4985d77508d2bb536 - Path: Packages/com.unity.2d.animation/Editor/SkinningModule/IMGUI/SkeletonController.cs - Importer: ScriptedImporter/UnityEditor.QuickSearchModule:UnityEditor.Search:ASIAI0B' with importer (ScriptedImporter : UnityEditor.QuickSearchModule:UnityEditor.Search:ASIAI0B)
Imported 'GUID: ea4cc92a263807f4985d77508d2bb536' -> (Import Result ID: '73489db32a58d232bec7fa451afe3fb7') in 0.001 seconds [static and dynamic dependencies]. Details - ImportResultOutputID=cb426a7036b0c87d47b25b5a5a1c48f5 DependenciesID=91fcd12d0f997c86841df02125f271c4 StaticDependenciesID=5aa4ddc7d7558ae38713f6ff6f691b26 
Number of updated asset objects reloaded before import = 0
Number of asset objects unloaded after import = 0
========================================================================
Received Import Request.
  Time of request: 2026-09-17T18:20:28.629668Z
  Time since last request: 0.000318 seconds.
  importAddress: GUID: 86f74056ad052aa4b83fe485546f0521 - Path: Packages/com.unity.2d.tilemap/Editor/Icons/EditorUI.Target@4x.png - Importer: ScriptedImporter/UnityEditor.QuickSearchModule:UnityEditor.Search:ASIAI0B
Importing 'GUID: 86f74056ad052aa4b83fe485546f0521 - Path: Packages/com.unity.2d.tilemap/Editor/Icons/EditorUI.Target@4x.png - Importer: ScriptedImporter/UnityEditor.QuickSearchModule:UnityEditor.Search:ASIAI0B' with importer (ScriptedImporter : UnityEditor.QuickSearchModule:UnityEditor.Search:ASIAI0B)
Imported 'GUID: 86f74056ad052aa4b83fe485546f0521' -> (Import Result ID: '2c366571a64a499e68951bf8e1102dfd') in 0.003 seconds [static and dynamic dependencies]. Details - ImportResultOutputID=5fd0c91275b9980076e65a46aca0586c DependenciesID=7fa9f3c2828c35f50db3e6343be068cf StaticDependenciesID=30335285232ff55eb3d0e9a8b2b2ab8d 
Number of updated asset objects reloaded before import = 0
Number of asset objects unloaded after import = 3
========================================================================
Received Import Request.
  Time of request: 2026-09-17T18:20:28.639854Z
  Time since last request: 0.000128042 seconds.
  importAddress: GUID: 0aa01ed159728414b863dd9c7aa7f596 - Path: Packages/com.unity.2d.animation/Editor/Assets/ComponentIcons/Animation.IKLimb@64.png - Importer: ScriptedImporter/UnityEditor.QuickSearchModule:UnityEditor.Search:ASIAI0B
Importing 'GUID: 0aa01ed159728414b863dd9c7aa7f596 - Path: Packages/com.unity.2d.animation/Editor/Assets/ComponentIcons/Animation.IKLimb@64.png - Importer: ScriptedImporter/UnityEditor.QuickSearchModule:UnityEditor.Search:ASIAI0B' with importer (ScriptedImporter : UnityEditor.QuickSearchModule:UnityEditor.Search:ASIAI0B)
Imported 'GUID: 0aa01ed159728414b863dd9c7aa7f596' -> (Import Result ID: 'cb70ed98366b6491a169d1c59507fcf3') in 0.004 seconds [static and dynamic dependencies]. Details - ImportResultOutputID=6c4abacc05b37539b8a941ad453e34d1 DependenciesID=0e3820f99841f7939aea78cb6ede0c14 StaticDependenciesID=1f5bd7d0cce2d6a91faaeec36add91d9 
Number of updated asset objects reloaded before import = 0
Number of asset objects unloaded after import = 3
========================================================================
Received Import Request.
  Time of request: 2026-09-17T18:20:28.650655Z
  Time since last request: 0.000142 seconds.
  importAddress: GUID: 60b8296fcb7d548fb845a621c6c4cbb9 - Path: Packages/com.unity.2d.animation/Editor/Assets/ComponentIcons/Animation.IKManager.png - Importer: ScriptedImporter/UnityEditor.QuickSearchModule:UnityEditor.Search:ASIAI0B
Importing 'GUID: 60b8296fcb7d548fb845a621c6c4cbb9 - Path: Packages/com.unity.2d.animation/Editor/Assets/ComponentIcons/Animation.IKManager.png - Importer: ScriptedImporter/UnityEditor.QuickSearchModule:UnityEditor.Search:ASIAI0B' with importer (ScriptedImporter : UnityEditor.QuickSearchModule:UnityEditor.Search:ASIAI0B)
Imported 'GUID: 60b8296fcb7d548fb845a621c6c4cbb9' -> (Import Result ID: '92c356c2f4459cedc8296f24bee9b3f7') in 0.003 seconds [static and dynamic dependencies]. Details - ImportResultOutputID=5a7182591495cdcfc080e8a5fa68e15c DependenciesID=a06730a18737c2f4d7a29537fabde7a3 StaticDependenciesID=dcfd84712721242f62aae6b336884e91 
Number of updated asset objects reloaded before import = 0
Number of asset objects unloaded after import = 3
========================================================================
Received Import Request.
  Time of request: 2026-09-17T18:20:28.660205Z
  Time since last request: 0.000188 seconds.
  importAddress: GUID: 6c63f27dc485bf247bd3b10e6d66f1d9 - Path: Packages/com.unity.2d.sprite/Editor/SpriteEditorModule/ISpriteEditorModule.cs - Importer: ScriptedImporter/UnityEditor.QuickSearchModule:UnityEditor.Search:ASIAI0B
Importing 'GUID: 6c63f27dc485bf247bd3b10e6d66f1d9 - Path: Packages/com.unity.2d.sprite/Editor/SpriteEditorModule/ISpriteEditorModule.cs - Importer: ScriptedImporter/UnityEditor.QuickSearchModule:UnityEditor.Search:ASIAI0B' with importer (ScriptedImporter : UnityEditor.QuickSearchModule:UnityEditor.Search:ASIAI0B)
Imported 'GUID: 6c63f27dc485bf247bd3b10e6d66f1d9' -> (Import Result ID: '9165f639c99617339e920918078f308d') in 0.001 seconds [static and dynamic dependencies]. Details - ImportResultOutputID=9cc49c1cc96c794c99ffd4b81dc429d1 DependenciesID=38e12e7e6f721155033c5a5527e8409f StaticDependenciesID=fab316773aeb8c5ad7221f94a4175cc1 
Number of updated asset objects reloaded before import = 0
Number of asset objects unloaded after import = 0
========================================================================
Received Import Request.
  Time of request: 2026-09-17T18:20:28.667986Z
  Time since last request: 0.000113542 seconds.
  importAddress: GUID: 8a512234959c84f759a00b7053a0169b - Path: Packages/com.unity.mathematics/Tests - Importer: ScriptedImporter/UnityEditor.QuickSearchModule:UnityEditor.Search:ASIAI0B
Importing 'GUID: 8a512234959c84f759a00b7053a0169b - Path: Packages/com.unity.mathematics/Tests - Importer: ScriptedImporter/UnityEditor.QuickSearchModule:UnityEditor.Search:ASIAI0B' with importer (ScriptedImporter : UnityEditor.QuickSearchModule:UnityEditor.Search:ASIAI0B)
Imported 'GUID: 8a512234959c84f759a00b7053a0169b' -> (Import Result ID: 'eed32eca9e3c9cb71aafd1f025710cc3') in 0.001 seconds [static and dynamic dependencies]. Details - ImportResultOutputID=6bab7407a951b9c7d4d77120473995cd DependenciesID=1121b1819bcecf0263b5623ed1b46018 StaticDependenciesID=349b687960b552ee64c0be9ebf301df7 
Number of updated asset objects reloaded before import = 0
Number of asset objects unloaded after import = 1
========================================================================
Received Import Request.
  Time of request: 2026-09-17T18:20:28.676057Z
  Time since last request: 0.000139167 seconds.
  importAddress: GUID: 4ddf280179469e548a5aff8e5eec973c - Path: Packages/com.unity.2d.animation/Editor/SkinningModule/SkinningModuleView.cs - Importer: ScriptedImporter/UnityEditor.QuickSearchModule:UnityEditor.Search:ASIAI0B
Importing 'GUID: 4ddf280179469e548a5aff8e5eec973c - Path: Packages/com.unity.2d.animation/Editor/SkinningModule/SkinningModuleView.cs - Importer: ScriptedImporter/UnityEditor.QuickSearchModule:UnityEditor.Search:ASIAI0B' with importer (ScriptedImporter : UnityEditor.QuickSearchModule:UnityEditor.Search:ASIAI0B)
Imported 'GUID: 4ddf280179469e548a5aff8e5eec973c' -> (Import Result ID: '0ebbd6d9c70263a8b135590de4072557') in 0.001 seconds [static and dynamic dependencies]. Details - ImportResultOutputID=8233851da9bafd8c78d3c6882c69186a DependenciesID=e49f429998370d9c36be762df90c18db StaticDependenciesID=176be2a62e725cf10a12402252e43f03 
Number of updated asset objects reloaded before import = 0
Number of asset objects unloaded after import = 0
========================================================================
Received Import Request.
  Time of request: 2026-09-17T18:20:28.683931Z
  Time since last request: 0.000123292 seconds.
  importAddress: GUID: d9921ba0f389d3045ac52c4880cf5397 - Path: Packages/com.unity.2d.animation/Editor/SkinningModule/SpriteMeshData/SpriteMeshData.cs - Importer: ScriptedImporter/UnityEditor.QuickSearchModule:UnityEditor.Search:ASIAI0B
Importing 'GUID: d9921ba0f389d3045ac52c4880cf5397 - Path: Packages/com.unity.2d.animation/Editor/SkinningModule/SpriteMeshData/SpriteMeshData.cs - Importer: ScriptedImporter/UnityEditor.QuickSearchModule:UnityEditor.Search:ASIAI0B' with importer (ScriptedImporter : UnityEditor.QuickSearchModule:UnityEditor.Search:ASIAI0B)
Imported 'GUID: d9921ba0f389d3045ac52c4880cf5397' -> (Import Result ID: '8af9095d38689589d0e395e902593546') in 0.001 seconds [static and dynamic dependencies]. Details - ImportResultOutputID=2b524e9529f515e62ebe196616eacada DependenciesID=9c6f166811fd187821f88cf8102ef6ef StaticDependenciesID=06836aa253b808c0815b51abc0400484 
Number of updated asset objects reloaded before import = 0
Number of asset objects unloaded after import = 0
========================================================================
Received Import Request.
  Time of request: 2026-09-17T18:20:28.691558Z
  Time since last request: 0.000119167 seconds.
  importAddress: GUID: e34fa6c941a99044c8081d832ca3523f - Path: Packages/com.unity.2d.animation/Editor/Assets/EditorIcons/Locked.png - Importer: ScriptedImporter/UnityEditor.QuickSearchModule:UnityEditor.Search:ASIAI0B
Importing 'GUID: e34fa6c941a99044c8081d832ca3523f - Path: Packages/com.unity.2d.animation/Editor/Assets/EditorIcons/Locked.png - Importer: ScriptedImporter/UnityEditor.QuickSearchModule:UnityEditor.Search:ASIAI0B' with importer (ScriptedImporter : UnityEditor.QuickSearchModule:UnityEditor.Search:ASIAI0B)
Imported 'GUID: e34fa6c941a99044c8081d832ca3523f' -> (Import Result ID: 'c98e16a86ee88ba25c40cac1660c9b53') in 0.003 seconds [static and dynamic dependencies]. Details - ImportResultOutputID=5c12c4fca1eb169a4a0a519761e5e4cb DependenciesID=c2e171c393538203300c6ebdbba2044f StaticDependenciesID=04fbb2e0af00e9a186a4f313726bb8c3 
Number of updated asset objects reloaded before import = 0
Number of asset objects unloaded after import = 3
========================================================================
Received Import Request.
  Time of request: 2026-09-17T18:20:28.700708Z
  Time since last request: 0.00010625 seconds.
  importAddress: GUID: 2b4752bce841cc74bb73820ce5212d34 - Path: Packages/com.unity.2d.animation/Editor/Assets/EditorIcons/Selected/d_Mesh@4x.png - Importer: ScriptedImporter/UnityEditor.QuickSearchModule:UnityEditor.Search:ASIAI0B
Importing 'GUID: 2b4752bce841cc74bb73820ce5212d34 - Path: Packages/com.unity.2d.animation/Editor/Assets/EditorIcons/Selected/d_Mesh@4x.png - Importer: ScriptedImporter/UnityEditor.QuickSearchModule:UnityEditor.Search:ASIAI0B' with importer (ScriptedImporter : UnityEditor.QuickSearchModule:UnityEditor.Search:ASIAI0B)
Imported 'GUID: 2b4752bce841cc74bb73820ce5212d34' -> (Import Result ID: '8e6f397d9e76b0fc9f6c49f5b1af9744') in 0.002 seconds [static and dynamic dependencies]. Details - ImportResultOutputID=b5706c3351f284b3afcfd6910394aa1c DependenciesID=a7488e593ed948b6bc991e46afbb02b8 StaticDependenciesID=beb9617d05df4a92860d8a5721d5f45f 
Number of updated asset objects reloaded before import = 0
Number of asset objects unloaded after import = 3
========================================================================
Received Import Request.
  Time of request: 2026-09-17T18:20:28.709905Z
  Time since last request: 0.000119125 seconds.
  importAddress: GUID: a86470a33a6bf42c4b3595704624658b - Path: Packages/com.unity.2d.sprite/Editor/ObjectMenuCreation/DefaultAssets/Textures/v2/Circle.png - Importer: ScriptedImporter/UnityEditor.QuickSearchModule:UnityEditor.Search:ASIAI0B
Importing 'GUID: a86470a33a6bf42c4b3595704624658b - Path: Packages/com.unity.2d.sprite/Editor/ObjectMenuCreation/DefaultAssets/Textures/v2/Circle.png - Importer: ScriptedImporter/UnityEditor.QuickSearchModule:UnityEditor.Search:ASIAI0B' with importer (ScriptedImporter : UnityEditor.QuickSearchModule:UnityEditor.Search:ASIAI0B)
Imported 'GUID: a86470a33a6bf42c4b3595704624658b' -> (Import Result ID: '35590c843119ca49e2d45c8d2501759f') in 0.002 seconds [static and dynamic dependencies]. Details - ImportResultOutputID=9a7516fe31876e4c3047ca8e20a32603 DependenciesID=0bd9cf3811dedead123968258880e9b6 StaticDependenciesID=03c3d272f691a6277bf5226d7b39567b 
Number of updated asset objects reloaded before import = 0
Number of asset objects unloaded after import = 3
========================================================================
Received Import Request.
  Time of request: 2026-09-17T18:20:28.726337Z
  Time since last request: 0.007376125 seconds.
  importAddress: GUID: e61b787c9f6984746a82ecf444056814 - Path: Packages/com.unity.2d.tilemap/Editor/GridBrushesDropdown.cs - Importer: ScriptedImporter/UnityEditor.QuickSearchModule:UnityEditor.Search:ASIAI0B
Importing 'GUID: e61b787c9f6984746a82ecf444056814 - Path: Packages/com.unity.2d.tilemap/Editor/GridBrushesDropdown.cs - Importer: ScriptedImporter/UnityEditor.QuickSearchModule:UnityEditor.Search:ASIAI0B' with importer (ScriptedImporter : UnityEditor.QuickSearchModule:UnityEditor.Search:ASIAI0B)
Imported 'GUID: e61b787c9f6984746a82ecf444056814' -> (Import Result ID: '5b90015881ff8b51487f05b18efe27e4') in 0.001 seconds [static and dynamic dependencies]. Details - ImportResultOutputID=93c450d76021c4e53f503b68c14c61cb DependenciesID=1506c5b4c0447a71b37b2c579b6fa04f StaticDependenciesID=44306ed5a25081cd97772404d657e3ac 
Number of updated asset objects reloaded before import = 0
Number of asset objects unloaded after import = 0
========================================================================
Received Import Request.
  Time of request: 2026-09-17T18:20:28.734959Z
  Time since last request: 0.000288875 seconds.
  importAddress: GUID: 0771ecab53d46494c97516e6fe6f4d97 - Path: Packages/com.unity.2d.tooling/Editor/Insider/SpriteAtlas/SpriteAtlasIssueReport/UIElement/OKCancel/OKCancelElement.uxml - Importer: ScriptedImporter/UnityEditor.QuickSearchModule:UnityEditor.Search:ASIAI0B
Importing 'GUID: 0771ecab53d46494c97516e6fe6f4d97 - Path: Packages/com.unity.2d.tooling/Editor/Insider/SpriteAtlas/SpriteAtlasIssueReport/UIElement/OKCancel/OKCancelElement.uxml - Importer: ScriptedImporter/UnityEditor.QuickSearchModule:UnityEditor.Search:ASIAI0B' with importer (ScriptedImporter : UnityEditor.QuickSearchModule:UnityEditor.Search:ASIAI0B)
Imported 'GUID: 0771ecab53d46494c97516e6fe6f4d97' -> (Import Result ID: 'b4ed5a9a62f67bd5ada53b86b61caede') in 0.002 seconds [static and dynamic dependencies]. Details - ImportResultOutputID=8296b0b8c88a895025bcc07a303f349b DependenciesID=b9444c37ef104ff1ac53b3a348a79cd6 StaticDependenciesID=40397f5594cba0ed59d6780bd5855234 
Number of updated asset objects reloaded before import = 0
Number of asset objects unloaded after import = 3
========================================================================
Received Import Request.
  Time of request: 2026-09-17T18:20:28.744359Z
  Time since last request: 0.000108541 seconds.
  importAddress: GUID: fafb200169f5f4597bba4828a5ed8326 - Path: Packages/com.unity.2d.psdimporter/Editor/Assets/UI - Importer: ScriptedImporter/UnityEditor.QuickSearchModule:UnityEditor.Search:ASIAI0B
Importing 'GUID: fafb200169f5f4597bba4828a5ed8326 - Path: Packages/com.unity.2d.psdimporter/Editor/Assets/UI - Importer: ScriptedImporter/UnityEditor.QuickSearchModule:UnityEditor.Search:ASIAI0B' with importer (ScriptedImporter : UnityEditor.QuickSearchModule:UnityEditor.Search:ASIAI0B)
Imported 'GUID: fafb200169f5f4597bba4828a5ed8326' -> (Import Result ID: '793dff5886c750c2a38764b94ddd8d2a') in 0.001 seconds [static and dynamic dependencies]. Details - ImportResultOutputID=a089661db0f2f6da3abb6b3a94e0a09d DependenciesID=70e75ae79270e8937005241293032396 StaticDependenciesID=f85cbd537c3612978367aac5d3ebea6b 
Number of updated asset objects reloaded before import = 0
Number of asset objects unloaded after import = 1
========================================================================
Received Import Request.
  Time of request: 2026-09-17T18:20:28.752217Z
  Time since last request: 0.000175 seconds.
  importAddress: GUID: 5e926c0a80abd46fe8eb1fb3188b70a1 - Path: Packages/com.unity.2d.common/Path/Editor/EditorTool/GenericScriptablePathInspector.cs - Importer: ScriptedImporter/UnityEditor.QuickSearchModule:UnityEditor.Search:ASIAI0B
Importing 'GUID: 5e926c0a80abd46fe8eb1fb3188b70a1 - Path: Packages/com.unity.2d.common/Path/Editor/EditorTool/GenericScriptablePathInspector.cs - Importer: ScriptedImporter/UnityEditor.QuickSearchModule:UnityEditor.Search:ASIAI0B' with importer (ScriptedImporter : UnityEditor.QuickSearchModule:UnityEditor.Search:ASIAI0B)
Imported 'GUID: 5e926c0a80abd46fe8eb1fb3188b70a1' -> (Import Result ID: '5f1074f10d381c487e3f0f0ad3ace74b') in 0.002 seconds [static and dynamic dependencies]. Details - ImportResultOutputID=97002d823c070cc4a5bbde66ff8d86d8 DependenciesID=1347315312ce49c90c6cc34041b5ac3a StaticDependenciesID=ec95fbdb21987dfa8ecdd4dd7a35cfc4 
Number of updated asset objects reloaded before import = 0
Number of asset objects unloaded after import = 0
========================================================================
Received Import Request.
  Time of request: 2026-09-17T18:20:28.76116Z
  Time since last request: 0.000134083 seconds.
  importAddress: GUID: 4c818720e20ebad4b9d7ba3cc548cdb6 - Path: Packages/com.unity.2d.animation/Editor/SpriteLib/SpriteSelectionWidget.cs - Importer: ScriptedImporter/UnityEditor.QuickSearchModule:UnityEditor.Search:ASIAI0B
Importing 'GUID: 4c818720e20ebad4b9d7ba3cc548cdb6 - Path: Packages/com.unity.2d.animation/Editor/SpriteLib/SpriteSelectionWidget.cs - Importer: ScriptedImporter/UnityEditor.QuickSearchModule:UnityEditor.Search:ASIAI0B' with importer (ScriptedImporter : UnityEditor.QuickSearchModule:UnityEditor.Search:ASIAI0B)
Imported 'GUID: 4c818720e20ebad4b9d7ba3cc548cdb6' -> (Import Result ID: '5e0c0c54d58bf3b621dfcaa402b4cb6c') in 0.001 seconds [static and dynamic dependencies]. Details - ImportResultOutputID=94b90d43a6720b2835fe6e0a5ff02f29 DependenciesID=a64abf23887f38cfb2cafb08fe528653 StaticDependenciesID=c482546919123c05f2b86af401fb37c7 
Number of updated asset objects reloaded before import = 0
Number of asset objects unloaded after import = 0
========================================================================
Received Import Request.
  Time of request: 2026-09-17T18:20:28.769732Z
  Time since last request: 0.000209958 seconds.
  importAddress: GUID: f4901044050fd46e7a8c62a3da1f2c09 - Path: Packages/com.unity.2d.spriteshape/Editor/ObjectMenuCreation/AssetCreation.cs - Importer: ScriptedImporter/UnityEditor.QuickSearchModule:UnityEditor.Search:ASIAI0B
Importing 'GUID: f4901044050fd46e7a8c62a3da1f2c09 - Path: Packages/com.unity.2d.spriteshape/Editor/ObjectMenuCreation/AssetCreation.cs - Importer: ScriptedImporter/UnityEditor.QuickSearchModule:UnityEditor.Search:ASIAI0B' with importer (ScriptedImporter : UnityEditor.QuickSearchModule:UnityEditor.Search:ASIAI0B)
Imported 'GUID: f4901044050fd46e7a8c62a3da1f2c09' -> (Import Result ID: 'b2b441cc904ecfa91e845862b354c6e3') in 0.001 seconds [static and dynamic dependencies]. Details - ImportResultOutputID=53fa9d2f82b197a6bfd693ef51c52dda DependenciesID=3a5b4ba620c5054cecda336a95d17cf5 StaticDependenciesID=23224f8efee7d4a34238a8ccb62bdf0c 
Number of updated asset objects reloaded before import = 0
Number of asset objects unloaded after import = 0
========================================================================
Received Import Request.
  Time of request: 2026-09-17T18:20:28.777904Z
  Time since last request: 0.000168583 seconds.
  importAddress: GUID: 6b8a4d668c390415a87b3ecec5e97419 - Path: Packages/com.unity.2d.animation/Editor/Assets/BoneOverlay - Importer: ScriptedImporter/UnityEditor.QuickSearchModule:UnityEditor.Search:ASIAI0B
Importing 'GUID: 6b8a4d668c390415a87b3ecec5e97419 - Path: Packages/com.unity.2d.animation/Editor/Assets/BoneOverlay - Importer: ScriptedImporter/UnityEditor.QuickSearchModule:UnityEditor.Search:ASIAI0B' with importer (ScriptedImporter : UnityEditor.QuickSearchModule:UnityEditor.Search:ASIAI0B)
Imported 'GUID: 6b8a4d668c390415a87b3ecec5e97419' -> (Import Result ID: 'b506a6a7403b901998b6c53ab4da863c') in 0.001 seconds [static and dynamic dependencies]. Details - ImportResultOutputID=c73cc82b539c70947e4cae7cfd0dc277 DependenciesID=781d393fcc3e1287dcca7de31086735f StaticDependenciesID=86a8ab17a50060eaeece611446d0c3ee 
Number of updated asset objects reloaded before import = 0
Number of asset objects unloaded after import = 1
========================================================================
Received Import Request.
  Time of request: 2026-09-17T18:20:28.786323Z
  Time since last request: 0.000118584 seconds.
  importAddress: GUID: a16432554ffe69042985d012d1df2637 - Path: Packages/com.unity.2d.tilemap/Editor/Icons/d_Tilemap.TilePalette.png - Importer: ScriptedImporter/UnityEditor.QuickSearchModule:UnityEditor.Search:ASIAI0B
Importing 'GUID: a16432554ffe69042985d012d1df2637 - Path: Packages/com.unity.2d.tilemap/Editor/Icons/d_Tilemap.TilePalette.png - Importer: ScriptedImporter/UnityEditor.QuickSearchModule:UnityEditor.Search:ASIAI0B' with importer (ScriptedImporter : UnityEditor.QuickSearchModule:UnityEditor.Search:ASIAI0B)
Imported 'GUID: a16432554ffe69042985d012d1df2637' -> (Import Result ID: 'e50db199fafb8cebc039e5fb1a9f8312') in 0.003 seconds [static and dynamic dependencies]. Details - ImportResultOutputID=368c9e849f35dba440876e9feb62208e DependenciesID=f49157bb15473ff2da0dcec41141bd11 StaticDependenciesID=097aadf413f1927e0013d396e25d6a73 
Number of updated asset objects reloaded before import = 0
Number of asset objects unloaded after import = 3
========================================================================
Received Import Request.
  Time of request: 2026-09-17T18:20:28.796261Z
  Time since last request: 0.0001625 seconds.
  importAddress: GUID: 22fade1e2426f684a9c315c974f50d18 - Path: Packages/com.unity.2d.animation/Editor/Assets/EditorIcons/d_Split_Edge@2x.png - Importer: ScriptedImporter/UnityEditor.QuickSearchModule:UnityEditor.Search:ASIAI0B
Importing 'GUID: 22fade1e2426f684a9c315c974f50d18 - Path: Packages/com.unity.2d.animation/Editor/Assets/EditorIcons/d_Split_Edge@2x.png - Importer: ScriptedImporter/UnityEditor.QuickSearchModule:UnityEditor.Search:ASIAI0B' with importer (ScriptedImporter : UnityEditor.QuickSearchModule:UnityEditor.Search:ASIAI0B)
Imported 'GUID: 22fade1e2426f684a9c315c974f50d18' -> (Import Result ID: '5a7e89f19dd2bfbba3ee5e43943b3f66') in 0.003 seconds [static and dynamic dependencies]. Details - ImportResultOutputID=6e41bfc8aee0c611528ef9b2426aee38 DependenciesID=74ac59db0e45d623a606205160225d65 StaticDependenciesID=44642793e759d6cd4d598f09995adda2 
Number of updated asset objects reloaded before import = 0
Number of asset objects unloaded after import = 3
========================================================================
Received Import Request.
  Time of request: 2026-09-17T18:20:28.806266Z
  Time since last request: 0.000113583 seconds.
  importAddress: GUID: 63a168f3fcb899c438f953c5e064a1b9 - Path: Packages/com.unity.2d.common/Editor/VisualElementExtensions.cs - Importer: ScriptedImporter/UnityEditor.QuickSearchModule:UnityEditor.Search:ASIAI0B
Importing 'GUID: 63a168f3fcb899c438f953c5e064a1b9 - Path: Packages/com.unity.2d.common/Editor/VisualElementExtensions.cs - Importer: ScriptedImporter/UnityEditor.QuickSearchModule:UnityEditor.Search:ASIAI0B' with importer (ScriptedImporter : UnityEditor.QuickSearchModule:UnityEditor.Search:ASIAI0B)
Imported 'GUID: 63a168f3fcb899c438f953c5e064a1b9' -> (Import Result ID: 'daa9a887c83939ad06ce0eb654b150eb') in 0.001 seconds [static and dynamic dependencies]. Details - ImportResultOutputID=246ad1e0b75353a4aef51180c5c40d01 DependenciesID=4c8cadefe0e116719cca79dcbe92c9e1 StaticDependenciesID=c2946cbacc9e3984d9d8e45bceb29c4e 
Number of updated asset objects reloaded before import = 0
Number of asset objects unloaded after import = 0
========================================================================
Received Import Request.
  Time of request: 2026-09-17T18:20:28.813998Z
  Time since last request: 0.000103291 seconds.
  importAddress: GUID: 4e2a3d7e5b5b01843a978d90f553b672 - Path: Packages/com.unity.2d.tilemap/Editor/Icons/d_Tilemap.BrushPicks@2x.png - Importer: ScriptedImporter/UnityEditor.QuickSearchModule:UnityEditor.Search:ASIAI0B
Importing 'GUID: 4e2a3d7e5b5b01843a978d90f553b672 - Path: Packages/com.unity.2d.tilemap/Editor/Icons/d_Tilemap.BrushPicks@2x.png - Importer: ScriptedImporter/UnityEditor.QuickSearchModule:UnityEditor.Search:ASIAI0B' with importer (ScriptedImporter : UnityEditor.QuickSearchModule:UnityEditor.Search:ASIAI0B)
Imported 'GUID: 4e2a3d7e5b5b01843a978d90f553b672' -> (Import Result ID: '6a7c9226babb9fe011ae27b55d3501fb') in 0.002 seconds [static and dynamic dependencies]. Details - ImportResultOutputID=d6552f40536c4fb33d339f37d6b1f81c DependenciesID=75f5cf67b846e24b020893859ac3a28d StaticDependenciesID=ab84a9af9b86aa8e3dae0fe6f0679360 
Number of updated asset objects reloaded before import = 0
Number of asset objects unloaded after import = 3
========================================================================
Received Import Request.
  Time of request: 2026-09-17T18:20:28.823203Z
  Time since last request: 0.000113416 seconds.
  importAddress: GUID: fb8aef14608568c4ba1d3684821826f7 - Path: Packages/com.unity.2d.common/Runtime/UTess2D/Tessellator.cs - Importer: ScriptedImporter/UnityEditor.QuickSearchModule:UnityEditor.Search:ASIAI0B
Importing 'GUID: fb8aef14608568c4ba1d3684821826f7 - Path: Packages/com.unity.2d.common/Runtime/UTess2D/Tessellator.cs - Importer: ScriptedImporter/UnityEditor.QuickSearchModule:UnityEditor.Search:ASIAI0B' with importer (ScriptedImporter : UnityEditor.QuickSearchModule:UnityEditor.Search:ASIAI0B)
Imported 'GUID: fb8aef14608568c4ba1d3684821826f7' -> (Import Result ID: '9e1b14e7ad558f2f93ff5cfa61f0f43f') in 0.001 seconds [static and dynamic dependencies]. Details - ImportResultOutputID=9437a7379bb97f0988a338e36a0e9889 DependenciesID=0abccb29c6e5aa460c108074a527a4ad StaticDependenciesID=492385548f54e67338792f689ecb1328 
Number of updated asset objects reloaded before import = 0
Number of asset objects unloaded after import = 0
========================================================================
Received Import Request.
  Time of request: 2026-09-17T18:20:28.831227Z
  Time since last request: 0.000159375 seconds.
  importAddress: GUID: 20c685e07fa93400e9c30b0326f57bfd - Path: Packages/com.unity.2d.sprite/Editor/Assets - Importer: ScriptedImporter/UnityEditor.QuickSearchModule:UnityEditor.Search:ASIAI0B
Importing 'GUID: 20c685e07fa93400e9c30b0326f57bfd - Path: Packages/com.unity.2d.sprite/Editor/Assets - Importer: ScriptedImporter/UnityEditor.QuickSearchModule:UnityEditor.Search:ASIAI0B' with importer (ScriptedImporter : UnityEditor.QuickSearchModule:UnityEditor.Search:ASIAI0B)
Imported 'GUID: 20c685e07fa93400e9c30b0326f57bfd' -> (Import Result ID: 'bfcebbd325de2bb4b72bdd89ed84ab62') in 0.001 seconds [static and dynamic dependencies]. Details - ImportResultOutputID=4f11f49e3787338d87e4cdd127bb5db8 DependenciesID=5815231d88004a029f966a7b36fc07b9 StaticDependenciesID=981c824af353c26940d7e900e907ecc4 
Number of updated asset objects reloaded before import = 0
Number of asset objects unloaded after import = 1
========================================================================
Received Import Request.
  Time of request: 2026-09-17T18:20:28.839206Z
  Time since last request: 0.000129042 seconds.
  importAddress: GUID: 1f21190ca9d1e8540b2a3a2e46002685 - Path: Packages/com.unity.2d.animation/Editor/Assets/EditorIcons/Create_Edge@4x.png - Importer: ScriptedImporter/UnityEditor.QuickSearchModule:UnityEditor.Search:ASIAI0B
Importing 'GUID: 1f21190ca9d1e8540b2a3a2e46002685 - Path: Packages/com.unity.2d.animation/Editor/Assets/EditorIcons/Create_Edge@4x.png - Importer: ScriptedImporter/UnityEditor.QuickSearchModule:UnityEditor.Search:ASIAI0B' with importer (ScriptedImporter : UnityEditor.QuickSearchModule:UnityEditor.Search:ASIAI0B)
Imported 'GUID: 1f21190ca9d1e8540b2a3a2e46002685' -> (Import Result ID: '4dae5de1a90bc8a096f5e39651638be7') in 0.003 seconds [static and dynamic dependencies]. Details - ImportResultOutputID=406025a33f84d081bc8d1775a4cc224f DependenciesID=ae5fda7d0307924b4a1a6d5d1e0ec846 StaticDependenciesID=0ec4b7896737ec06b0458d0632b8c6d0 
Number of updated asset objects reloaded before import = 0
Number of asset objects unloaded after import = 3
========================================================================
Received Import Request.
  Time of request: 2026-09-17T18:20:28.849305Z
  Time since last request: 0.000221667 seconds.
  importAddress: GUID: 5806d81149b303c46b440badec89bf56 - Path: Packages/com.unity.2d.animation/Editor/LayoutOverlay - Importer: ScriptedImporter/UnityEditor.QuickSearchModule:UnityEditor.Search:ASIAI0B
Importing 'GUID: 5806d81149b303c46b440badec89bf56 - Path: Packages/com.unity.2d.animation/Editor/LayoutOverlay - Importer: ScriptedImporter/UnityEditor.QuickSearchModule:UnityEditor.Search:ASIAI0B' with importer (ScriptedImporter : UnityEditor.QuickSearchModule:UnityEditor.Search:ASIAI0B)
Imported 'GUID: 5806d81149b303c46b440badec89bf56' -> (Import Result ID: '80a270e2bf43fedcd70e0fdd16489b9e') in 0.001 seconds [static and dynamic dependencies]. Details - ImportResultOutputID=9e9633e6a00bca38b3fad92c49680c34 DependenciesID=d616600e37e552f4b1e4b2085803a85f StaticDependenciesID=07d839196bf114c70c20690c7cd3be05 
Number of updated asset objects reloaded before import = 0
Number of asset objects unloaded after import = 1
========================================================================
Received Import Request.
  Time of request: 2026-09-17T18:20:28.857023Z
  Time since last request: 0.000197333 seconds.
  importAddress: GUID: 35a3340b835c797478eb139353421953 - Path: Packages/com.unity.2d.animation/Editor/Assets/EditorIcons/d_Paste@4x.png - Importer: ScriptedImporter/UnityEditor.QuickSearchModule:UnityEditor.Search:ASIAI0B
Importing 'GUID: 35a3340b835c797478eb139353421953 - Path: Packages/com.unity.2d.animation/Editor/Assets/EditorIcons/d_Paste@4x.png - Importer: ScriptedImporter/UnityEditor.QuickSearchModule:UnityEditor.Search:ASIAI0B' with importer (ScriptedImporter : UnityEditor.QuickSearchModule:UnityEditor.Search:ASIAI0B)
Imported 'GUID: 35a3340b835c797478eb139353421953' -> (Import Result ID: '0a9db426b81e9a91424df445591784f8') in 0.003 seconds [static and dynamic dependencies]. Details - ImportResultOutputID=b4a795073bd5ecd1922dcc9fc2f77b6b DependenciesID=fded5287f19a91e783cf02049ddebf93 StaticDependenciesID=7e6cbd54f224cc5426ba0866177e24e8 
Number of updated asset objects reloaded before import = 0
Number of asset objects unloaded after import = 3
========================================================================
Received Import Request.
  Time of request: 2026-09-17T18:20:28.867023Z
  Time since last request: 0.000097417 seconds.
  importAddress: GUID: 3533393d67b7f45f8a9ca927bdd0d47f - Path: Packages/com.unity.2d.tilemap.extras/Editor/Brushes/LineBrush/d_LineBrush.png - Importer: ScriptedImporter/UnityEditor.QuickSearchModule:UnityEditor.Search:ASIAI0B
Importing 'GUID: 3533393d67b7f45f8a9ca927bdd0d47f - Path: Packages/com.unity.2d.tilemap.extras/Editor/Brushes/LineBrush/d_LineBrush.png - Importer: ScriptedImporter/UnityEditor.QuickSearchModule:UnityEditor.Search:ASIAI0B' with importer (ScriptedImporter : UnityEditor.QuickSearchModule:UnityEditor.Search:ASIAI0B)
Imported 'GUID: 3533393d67b7f45f8a9ca927bdd0d47f' -> (Import Result ID: 'dd49652cc693bcd155231032286db582') in 0.003 seconds [static and dynamic dependencies]. Details - ImportResultOutputID=48ff10aa421323d540291ee92a4714a7 DependenciesID=a9236c21ad297dc0fac6e80bb4f6b7ee StaticDependenciesID=1b40e37e144d55b4bf85a2eabe80bc82 
Number of updated asset objects reloaded before import = 0
Number of asset objects unloaded after import = 3
========================================================================
Received Import Request.
  Time of request: 2026-09-17T18:20:28.877493Z
  Time since last request: 0.0001855 seconds.
  importAddress: GUID: 4b2a04fdbe0ef4d8da8f90eaca817cd1 - Path: Packages/com.unity.2d.sprite/Editor/ObjectMenuCreation/DefaultAssets/Textures/HexagonPointTopWithBorder.png - Importer: ScriptedImporter/UnityEditor.QuickSearchModule:UnityEditor.Search:ASIAI0B
Importing 'GUID: 4b2a04fdbe0ef4d8da8f90eaca817cd1 - Path: Packages/com.unity.2d.sprite/Editor/ObjectMenuCreation/DefaultAssets/Textures/HexagonPointTopWithBorder.png - Importer: ScriptedImporter/UnityEditor.QuickSearchModule:UnityEditor.Search:ASIAI0B' with importer (ScriptedImporter : UnityEditor.QuickSearchModule:UnityEditor.Search:ASIAI0B)
Imported 'GUID: 4b2a04fdbe0ef4d8da8f90eaca817cd1' -> (Import Result ID: 'adbff402b8f9980047d21552966b564e') in 0.003 seconds [static and dynamic dependencies]. Details - ImportResultOutputID=e280109392f21576083dd5df928cb30e DependenciesID=3b3d8e66f1267414f22e5121edcbe38a StaticDependenciesID=31868f58f7dbf4391a729748b7c0a98e 
Number of updated asset objects reloaded before import = 0
Number of asset objects unloaded after import = 3
========================================================================
Received Import Request.
  Time of request: 2026-09-17T18:20:28.88779Z
  Time since last request: 0.000163709 seconds.
  importAddress: GUID: 8a585d635efb349edbcfc142059feb21 - Path: Packages/com.unity.2d.tilemap.extras/Editor/Brushes/GameObjectBrush/d_GameObjectBrush@4x.png - Importer: ScriptedImporter/UnityEditor.QuickSearchModule:UnityEditor.Search:ASIAI0B
Importing 'GUID: 8a585d635efb349edbcfc142059feb21 - Path: Packages/com.unity.2d.tilemap.extras/Editor/Brushes/GameObjectBrush/d_GameObjectBrush@4x.png - Importer: ScriptedImporter/UnityEditor.QuickSearchModule:UnityEditor.Search:ASIAI0B' with importer (ScriptedImporter : UnityEditor.QuickSearchModule:UnityEditor.Search:ASIAI0B)
Imported 'GUID: 8a585d635efb349edbcfc142059feb21' -> (Import Result ID: 'ae0e72df8ccb56978c4c8dcad9788dc4') in 0.003 seconds [static and dynamic dependencies]. Details - ImportResultOutputID=594c675e865a5e176e2404cc97b36272 DependenciesID=0203dfcd184fa197966c16466968b4e4 StaticDependenciesID=770477d92ece7d94ffae7de260b4c5e3 
Number of updated asset objects reloaded before import = 0
Number of asset objects unloaded after import = 3
========================================================================
Received Import Request.
  Time of request: 2026-09-17T18:20:28.897915Z
  Time since last request: 0.000187833 seconds.
  importAddress: GUID: 3492e9eb6292141eb942d0c9beface29 - Path: Packages/com.unity.2d.psdimporter/Editor/Assets/Icons/Selected/Layers Mixed@8x.png - Importer: ScriptedImporter/UnityEditor.QuickSearchModule:UnityEditor.Search:ASIAI0B
Importing 'GUID: 3492e9eb6292141eb942d0c9beface29 - Path: Packages/com.unity.2d.psdimporter/Editor/Assets/Icons/Selected/Layers Mixed@8x.png - Importer: ScriptedImporter/UnityEditor.QuickSearchModule:UnityEditor.Search:ASIAI0B' with importer (ScriptedImporter : UnityEditor.QuickSearchModule:UnityEditor.Search:ASIAI0B)
Imported 'GUID: 3492e9eb6292141eb942d0c9beface29' -> (Import Result ID: '844fa1a2f328520077ddb68e42392dd5') in 0.003 seconds [static and dynamic dependencies]. Details - ImportResultOutputID=4f02b7963eed04fd16d634ea940c66a0 DependenciesID=6dba79dc6a3d5f02f4be9b19940aeec6 StaticDependenciesID=64e8a9fa99b6c73f233821dd4451671a 
Number of updated asset objects reloaded before import = 0
Number of asset objects unloaded after import = 3
========================================================================
Received Import Request.
  Time of request: 2026-09-17T18:20:28.908124Z
  Time since last request: 0.000087958 seconds.
  importAddress: GUID: d5088f76dafda4b48b76b33f42653e6c - Path: Packages/com.unity.2d.animation/Editor/Assets/SkinningModule/WeightToolbarStyle.uss - Importer: ScriptedImporter/UnityEditor.QuickSearchModule:UnityEditor.Search:ASIAI0B
Importing 'GUID: d5088f76dafda4b48b76b33f42653e6c - Path: Packages/com.unity.2d.animation/Editor/Assets/SkinningModule/WeightToolbarStyle.uss - Importer: ScriptedImporter/UnityEditor.QuickSearchModule:UnityEditor.Search:ASIAI0B' with importer (ScriptedImporter : UnityEditor.QuickSearchModule:UnityEditor.Search:ASIAI0B)
Imported 'GUID: d5088f76dafda4b48b76b33f42653e6c' -> (Import Result ID: '88cde814e2967a9439b55e0e1321d784') in 0.006 seconds [static and dynamic dependencies]. Details - ImportResultOutputID=6a5c5ea0bf3b329bf4947a66ecdddc47 DependenciesID=dc1394ff9f5c8cf921e0b4ada4d19c5c StaticDependenciesID=9f2f39c33ff1e380064db2abc31effc8 
Number of updated asset objects reloaded before import = 0
Number of asset objects unloaded after import = 31
========================================================================
Received Import Request.
  Time of request: 2026-09-17T18:20:28.920826Z
  Time since last request: 0.000041 seconds.
  importAddress: GUID: 1c35ceee32844d2b9adae4a9f7249123 - Path: Packages/com.unity.2d.tooling/Editor/Insider/SpriteAtlas/SpriteAtlasIssueReport/SourceTextureWithCompressionIssue/SourceTextureWithCompressionIssue.uxml - Importer: ScriptedImporter/UnityEditor.QuickSearchModule:UnityEditor.Search:ASIAI0B
Importing 'GUID: 1c35ceee32844d2b9adae4a9f7249123 - Path: Packages/com.unity.2d.tooling/Editor/Insider/SpriteAtlas/SpriteAtlasIssueReport/SourceTextureWithCompressionIssue/SourceTextureWithCompressionIssue.uxml - Importer: ScriptedImporter/UnityEditor.QuickSearchModule:UnityEditor.Search:ASIAI0B' with importer (ScriptedImporter : UnityEditor.QuickSearchModule:UnityEditor.Search:ASIAI0B)
Imported 'GUID: 1c35ceee32844d2b9adae4a9f7249123' -> (Import Result ID: 'df79326de0ce3366c3261c14786bfbd4') in 0.004 seconds [static and dynamic dependencies]. Details - ImportResultOutputID=c095e8a2ba522577251ed5295e421dd2 DependenciesID=2ce39813e2879cb18a8639b5282d3d3c StaticDependenciesID=d996c844d843e792df60760895597630 
Number of updated asset objects reloaded before import = 0
Number of asset objects unloaded after import = 4
========================================================================
Received Import Request.
  Time of request: 2026-09-17T18:20:28.931465Z
  Time since last request: 0.000160625 seconds.
  importAddress: GUID: 3b268b1ee06ace349a872a7d95498aba - Path: Packages/com.unity.2d.psdimporter/Editor/PSDPlugin/PsdFile/LoadContext.cs - Importer: ScriptedImporter/UnityEditor.QuickSearchModule:UnityEditor.Search:ASIAI0B
Importing 'GUID: 3b268b1ee06ace349a872a7d95498aba - Path: Packages/com.unity.2d.psdimporter/Editor/PSDPlugin/PsdFile/LoadContext.cs - Importer: ScriptedImporter/UnityEditor.QuickSearchModule:UnityEditor.Search:ASIAI0B' with importer (ScriptedImporter : UnityEditor.QuickSearchModule:UnityEditor.Search:ASIAI0B)
Imported 'GUID: 3b268b1ee06ace349a872a7d95498aba' -> (Import Result ID: '05c7d5e92cb8090c81a0aa900173a581') in 0.001 seconds [static and dynamic dependencies]. Details - ImportResultOutputID=6c09ad7e60d4706a16604cf3d3522d74 DependenciesID=d8e01c0f49f4908da387517f9017c371 StaticDependenciesID=8e7d1b9d10015018d7caa8da915c8a9e 
Number of updated asset objects reloaded before import = 0
Number of asset objects unloaded after import = 0
========================================================================
Received Import Request.
  Time of request: 2026-09-17T18:20:28.939669Z
  Time since last request: 0.000113459 seconds.
  importAddress: GUID: f1ac44b28dd46344faf8592380505aa5 - Path: Packages/com.unity.2d.sprite/Editor/Interface/ISpriteEditorDataProvider.cs - Importer: ScriptedImporter/UnityEditor.QuickSearchModule:UnityEditor.Search:ASIAI0B
Importing 'GUID: f1ac44b28dd46344faf8592380505aa5 - Path: Packages/com.unity.2d.sprite/Editor/Interface/ISpriteEditorDataProvider.cs - Importer: ScriptedImporter/UnityEditor.QuickSearchModule:UnityEditor.Search:ASIAI0B' with importer (ScriptedImporter : UnityEditor.QuickSearchModule:UnityEditor.Search:ASIAI0B)
Imported 'GUID: f1ac44b28dd46344faf8592380505aa5' -> (Import Result ID: 'cdfa55aba9a2aeb388353654920d301c') in 0.001 seconds [static and dynamic dependencies]. Details - ImportResultOutputID=96f6c4cf8320b28ec39b556e51e42a20 DependenciesID=1d04f2835dc40796d5d1da40afe4c189 StaticDependenciesID=ba11656c8d4621a03a268892f673bffd 
Number of updated asset objects reloaded before import = 0
Number of asset objects unloaded after import = 0
========================================================================
Received Import Request.
  Time of request: 2026-09-17T18:20:28.947648Z
  Time since last request: 0.000135459 seconds.
  importAddress: GUID: 598707f5ba035484c94b0cf6452ab5ba - Path: Packages/com.unity.2d.tilemap/Editor/UI/GridPaintPaletteWindowActiveTargets.cs - Importer: ScriptedImporter/UnityEditor.QuickSearchModule:UnityEditor.Search:ASIAI0B
Importing 'GUID: 598707f5ba035484c94b0cf6452ab5ba - Path: Packages/com.unity.2d.tilemap/Editor/UI/GridPaintPaletteWindowActiveTargets.cs - Importer: ScriptedImporter/UnityEditor.QuickSearchModule:UnityEditor.Search:ASIAI0B' with importer (ScriptedImporter : UnityEditor.QuickSearchModule:UnityEditor.Search:ASIAI0B)
Imported 'GUID: 598707f5ba035484c94b0cf6452ab5ba' -> (Import Result ID: '8d145eaf1f7ba25cba10d4e7159444ab') in 0.001 seconds [static and dynamic dependencies]. Details - ImportResultOutputID=36626c55a4881694ad6350e29bf6f7d5 DependenciesID=785de335a0c54739c6c38f656a323103 StaticDependenciesID=1ecfefadc500a12b16f44a1ed787bf45 
Number of updated asset objects reloaded before import = 0
Number of asset objects unloaded after import = 0
========================================================================
Received Import Request.
  Time of request: 2026-09-17T18:20:28.955713Z
  Time since last request: 0.0001495 seconds.
  importAddress: GUID: d89864f098e249e580aae20c6fb9f317 - Path: Packages/com.unity.2d.animation/Editor/Assets/SkinningModule/PoseToolbar.uxml - Importer: ScriptedImporter/UnityEditor.QuickSearchModule:UnityEditor.Search:ASIAI0B
Importing 'GUID: d89864f098e249e580aae20c6fb9f317 - Path: Packages/com.unity.2d.animation/Editor/Assets/SkinningModule/PoseToolbar.uxml - Importer: ScriptedImporter/UnityEditor.QuickSearchModule:UnityEditor.Search:ASIAI0B' with importer (ScriptedImporter : UnityEditor.QuickSearchModule:UnityEditor.Search:ASIAI0B)
Imported 'GUID: d89864f098e249e580aae20c6fb9f317' -> (Import Result ID: '7a077fd262b239f0c82ff0cee26a05cb') in 0.004 seconds [static and dynamic dependencies]. Details - ImportResultOutputID=d7f569b75112563db92023b4fa5a1cab DependenciesID=bd46c3550337414716fd5aa6ec7089d5 StaticDependenciesID=32b0818f67e5b790442175d483517800 
Number of updated asset objects reloaded before import = 0
Number of asset objects unloaded after import = 2
========================================================================
Received Import Request.
  Time of request: 2026-09-17T18:20:28.96652Z
  Time since last request: 0.000146708 seconds.
  importAddress: GUID: 201daa6b3b251405cba71fba2e47ac69 - Path: Packages/com.unity.2d.spriteshape/Editor/SpriteShapeEditorGUI.cs - Importer: ScriptedImporter/UnityEditor.QuickSearchModule:UnityEditor.Search:ASIAI0B
Importing 'GUID: 201daa6b3b251405cba71fba2e47ac69 - Path: Packages/com.unity.2d.spriteshape/Editor/SpriteShapeEditorGUI.cs - Importer: ScriptedImporter/UnityEditor.QuickSearchModule:UnityEditor.Search:ASIAI0B' with importer (ScriptedImporter : UnityEditor.QuickSearchModule:UnityEditor.Search:ASIAI0B)
Imported 'GUID: 201daa6b3b251405cba71fba2e47ac69' -> (Import Result ID: 'b5f72291170e1d7f46886d8e2096ce11') in 0.001 seconds [static and dynamic dependencies]. Details - ImportResultOutputID=9c91d45cda84d87e7661dbf59c20e6d9 DependenciesID=fcedc9a0791a3437cf55eba34a917c20 StaticDependenciesID=9c9558c6f8acafb98b535af804574391 
Number of updated asset objects reloaded before import = 0
Number of asset objects unloaded after import = 0
========================================================================
Received Import Request.
  Time of request: 2026-09-17T18:20:28.974905Z
  Time since last request: 0.000170666 seconds.
  importAddress: GUID: ba394dd6c02ba3b448659c8a346bf685 - Path: Packages/com.unity.2d.animation/Editor/Assets/EditorIcons/d_Weight_Brush@3x.png - Importer: ScriptedImporter/UnityEditor.QuickSearchModule:UnityEditor.Search:ASIAI0B
Importing 'GUID: ba394dd6c02ba3b448659c8a346bf685 - Path: Packages/com.unity.2d.animation/Editor/Assets/EditorIcons/d_Weight_Brush@3x.png - Importer: ScriptedImporter/UnityEditor.QuickSearchModule:UnityEditor.Search:ASIAI0B' with importer (ScriptedImporter : UnityEditor.QuickSearchModule:UnityEditor.Search:ASIAI0B)
Imported 'GUID: ba394dd6c02ba3b448659c8a346bf685' -> (Import Result ID: 'c607f67010e3be98ae2f32985687caf1') in 0.003 seconds [static and dynamic dependencies]. Details - ImportResultOutputID=dcf640599d96a075f2122adce5c5ca88 DependenciesID=68550ce01e94e7eb57e1521f4fbe0791 StaticDependenciesID=30417c53c0eb507bde6617454da0858b 
Number of updated asset objects reloaded before import = 0
Number of asset objects unloaded after import = 3
========================================================================
Received Import Request.
  Time of request: 2026-09-17T18:20:28.984918Z
  Time since last request: 0.000128875 seconds.
  importAddress: GUID: ebe73ca9363db456bacf42c025bb4847 - Path: Packages/com.unity.2d.sprite/Editor/ObjectMenuCreation/DefaultAssets/Textures/Circle.png - Importer: ScriptedImporter/UnityEditor.QuickSearchModule:UnityEditor.Search:ASIAI0B
Importing 'GUID: ebe73ca9363db456bacf42c025bb4847 - Path: Packages/com.unity.2d.sprite/Editor/ObjectMenuCreation/DefaultAssets/Textures/Circle.png - Importer: ScriptedImporter/UnityEditor.QuickSearchModule:UnityEditor.Search:ASIAI0B' with importer (ScriptedImporter : UnityEditor.QuickSearchModule:UnityEditor.Search:ASIAI0B)
Imported 'GUID: ebe73ca9363db456bacf42c025bb4847' -> (Import Result ID: '967e15674ec37dd1eac5dfd14260a8d9') in 0.003 seconds [static and dynamic dependencies]. Details - ImportResultOutputID=6a8d9e514b44f2d59c48e7c9b889719a DependenciesID=caa5af79aca651991ecb75b413c8bef0 StaticDependenciesID=2c9f5ce5591e400970f5650a14e5e4d7 
Number of updated asset objects reloaded before import = 0
Number of asset objects unloaded after import = 3
========================================================================
Received Import Request.
  Time of request: 2026-09-17T18:20:28.994765Z
  Time since last request: 0.000137834 seconds.
  importAddress: GUID: 90b52ba0ceca466b90ca952579df4120 - Path: Packages/com.unity.2d.animation/Profiler/Runtime/AssemblyInfo.cs - Importer: ScriptedImporter/UnityEditor.QuickSearchModule:UnityEditor.Search:ASIAI0B
Importing 'GUID: 90b52ba0ceca466b90ca952579df4120 - Path: Packages/com.unity.2d.animation/Profiler/Runtime/AssemblyInfo.cs - Importer: ScriptedImporter/UnityEditor.QuickSearchModule:UnityEditor.Search:ASIAI0B' with importer (ScriptedImporter : UnityEditor.QuickSearchModule:UnityEditor.Search:ASIAI0B)
Imported 'GUID: 90b52ba0ceca466b90ca952579df4120' -> (Import Result ID: '4f7efa9a83cf89733669cb25466d2837') in 0.001 seconds [static and dynamic dependencies]. Details - ImportResultOutputID=a4ca735cae06de2300ea593e9582748d DependenciesID=faeaa134809f6703372faefb285227e9 StaticDependenciesID=3c221733b212961c0753eb61439c552a 
Number of updated asset objects reloaded before import = 0
Number of asset objects unloaded after import = 0
========================================================================
Received Import Request.
  Time of request: 2026-09-17T18:20:29.003122Z
  Time since last request: 0.000159625 seconds.
  importAddress: GUID: fd224f7f7bb743d5903cee4aca569ce2 - Path: Packages/com.unity.2d.tooling/Editor/Insider/SpriteAtlas/SpriteAtlasIssueReport/SpriteAtlasIssuesContainer/SpriteAtlasIssuesContainer.cs - Importer: ScriptedImporter/UnityEditor.QuickSearchModule:UnityEditor.Search:ASIAI0B
Importing 'GUID: fd224f7f7bb743d5903cee4aca569ce2 - Path: Packages/com.unity.2d.tooling/Editor/Insider/SpriteAtlas/SpriteAtlasIssueReport/SpriteAtlasIssuesContainer/SpriteAtlasIssuesContainer.cs - Importer: ScriptedImporter/UnityEditor.QuickSearchModule:UnityEditor.Search:ASIAI0B' with importer (ScriptedImporter : UnityEditor.QuickSearchModule:UnityEditor.Search:ASIAI0B)
Imported 'GUID: fd224f7f7bb743d5903cee4aca569ce2' -> (Import Result ID: 'eb1be5beb6993f2f040a80a83656c526') in 0.001 seconds [static and dynamic dependencies]. Details - ImportResultOutputID=204ee52d76d4eaf5e6d8f6389f3fdce6 DependenciesID=8113842cfb9f8c3ec3b5146fa1b26c01 StaticDependenciesID=a156f7ab0010fe9c5efae76b1ea70517 
Number of updated asset objects reloaded before import = 0
Number of asset objects unloaded after import = 0
========================================================================
Received Import Request.
  Time of request: 2026-09-17T18:20:29.011703Z
  Time since last request: 0.000213583 seconds.
  importAddress: GUID: 4a3c64ec8ad964011aa28fb633e9b153 - Path: Packages/com.unity.2d.animation/Editor/Assets/ComponentIcons/Animation.SpriteLibraryManager On@32.png - Importer: ScriptedImporter/UnityEditor.QuickSearchModule:UnityEditor.Search:ASIAI0B
Importing 'GUID: 4a3c64ec8ad964011aa28fb633e9b153 - Path: Packages/com.unity.2d.animation/Editor/Assets/ComponentIcons/Animation.SpriteLibraryManager On@32.png - Importer: ScriptedImporter/UnityEditor.QuickSearchModule:UnityEditor.Search:ASIAI0B' with importer (ScriptedImporter : UnityEditor.QuickSearchModule:UnityEditor.Search:ASIAI0B)
Imported 'GUID: 4a3c64ec8ad964011aa28fb633e9b153' -> (Import Result ID: '7a897230f313f4857a9e5772f04b17eb') in 0.003 seconds [static and dynamic dependencies]. Details - ImportResultOutputID=09479eff430c467c75bb3175f0f41e1c DependenciesID=40930ade5dedfc28303a4ecb8858e154 StaticDependenciesID=5ba2998a48fd106864efe3c71aed96da 
Number of updated asset objects reloaded before import = 0
Number of asset objects unloaded after import = 3
========================================================================
Received Import Request.
  Time of request: 2026-09-17T18:20:29.024256Z
  Time since last request: 0.002520375 seconds.
  importAddress: GUID: 4e494ad3b858ecf4fab63aae9075d43d - Path: Packages/com.unity.2d.animation/Editor/Assets/EditorIcons/Weight_Slider@4x.png - Importer: ScriptedImporter/UnityEditor.QuickSearchModule:UnityEditor.Search:ASIAI0B
Importing 'GUID: 4e494ad3b858ecf4fab63aae9075d43d - Path: Packages/com.unity.2d.animation/Editor/Assets/EditorIcons/Weight_Slider@4x.png - Importer: ScriptedImporter/UnityEditor.QuickSearchModule:UnityEditor.Search:ASIAI0B' with importer (ScriptedImporter : UnityEditor.QuickSearchModule:UnityEditor.Search:ASIAI0B)
Imported 'GUID: 4e494ad3b858ecf4fab63aae9075d43d' -> (Import Result ID: '7161eb452c6c02fff79f54e9887d20ab') in 0.003 seconds [static and dynamic dependencies]. Details - ImportResultOutputID=29b6940afd710649b7f9ac28194262e6 DependenciesID=b6b8327f3230b8296029d2d65458ede9 StaticDependenciesID=c70525c4fca4696f73a2b4bcffd3751c 
Number of updated asset objects reloaded before import = 0
Number of asset objects unloaded after import = 3
========================================================================
Received Import Request.
  Time of request: 2026-09-17T18:20:29.03437Z
  Time since last request: 0.000084625 seconds.
  importAddress: GUID: fe3852467ea5e4b488f8c7e0006c970b - Path: Packages/com.unity.2d.animation/Editor/Assets/EditorIcons/Selected/SetPivot@4x.png - Importer: ScriptedImporter/UnityEditor.QuickSearchModule:UnityEditor.Search:ASIAI0B
Importing 'GUID: fe3852467ea5e4b488f8c7e0006c970b - Path: Packages/com.unity.2d.animation/Editor/Assets/EditorIcons/Selected/SetPivot@4x.png - Importer: ScriptedImporter/UnityEditor.QuickSearchModule:UnityEditor.Search:ASIAI0B' with importer (ScriptedImporter : UnityEditor.QuickSearchModule:UnityEditor.Search:ASIAI0B)
Imported 'GUID: fe3852467ea5e4b488f8c7e0006c970b' -> (Import Result ID: '2e863248f0e39bee57ba2eab8369c2de') in 0.002 seconds [static and dynamic dependencies]. Details - ImportResultOutputID=19ecf533aa80c123955899c54ef2b968 DependenciesID=da71b4bdefa73f22c54a77bc342a3196 StaticDependenciesID=7471e49c8ab7a1260065e460182c118f 
Number of updated asset objects reloaded before import = 0
Number of asset objects unloaded after import = 3
========================================================================
Received Import Request.
  Time of request: 2026-09-17T18:20:29.043681Z
  Time since last request: 0.000165541 seconds.
  importAddress: GUID: 81d5f69f47c861d40beee8891a4ac92e - Path: Packages/com.unity.2d.animation/Editor/AssemblyInfo.cs - Importer: ScriptedImporter/UnityEditor.QuickSearchModule:UnityEditor.Search:ASIAI0B
Importing 'GUID: 81d5f69f47c861d40beee8891a4ac92e - Path: Packages/com.unity.2d.animation/Editor/AssemblyInfo.cs - Importer: ScriptedImporter/UnityEditor.QuickSearchModule:UnityEditor.Search:ASIAI0B' with importer (ScriptedImporter : UnityEditor.QuickSearchModule:UnityEditor.Search:ASIAI0B)
Imported 'GUID: 81d5f69f47c861d40beee8891a4ac92e' -> (Import Result ID: '9be0dfa0a4394f8cf0559563217382c3') in 0.001 seconds [static and dynamic dependencies]. Details - ImportResultOutputID=551e53e269152b4f050b592962baa86b DependenciesID=defe78fbdd3015e0981f16c14b1025fc StaticDependenciesID=29cd04df7773910106240a64444df145 
Number of updated asset objects reloaded before import = 0
Number of asset objects unloaded after import = 0
========================================================================
Received Import Request.
  Time of request: 2026-09-17T18:20:29.051818Z
  Time since last request: 0.000115708 seconds.
  importAddress: GUID: a56b84f780e8aef439e9a83d60ca7420 - Path: Packages/com.unity.2d.animation/Editor/Assets/EditorIcons/Generate_Weights@4x.png - Importer: ScriptedImporter/UnityEditor.QuickSearchModule:UnityEditor.Search:ASIAI0B
Importing 'GUID: a56b84f780e8aef439e9a83d60ca7420 - Path: Packages/com.unity.2d.animation/Editor/Assets/EditorIcons/Generate_Weights@4x.png - Importer: ScriptedImporter/UnityEditor.QuickSearchModule:UnityEditor.Search:ASIAI0B' with importer (ScriptedImporter : UnityEditor.QuickSearchModule:UnityEditor.Search:ASIAI0B)
Imported 'GUID: a56b84f780e8aef439e9a83d60ca7420' -> (Import Result ID: '1a510c2ce9f0132d22c6798871e1d349') in 0.003 seconds [static and dynamic dependencies]. Details - ImportResultOutputID=ebb9f021c358c32856c108d4f0178138 DependenciesID=eb7b59eb495e914ab1d8b24d1c5ee3ca StaticDependenciesID=4489d0088c1709a03127eb78fd5ce9f4 
Number of updated asset objects reloaded before import = 0
Number of asset objects unloaded after import = 3
========================================================================
Received Import Request.
  Time of request: 2026-09-17T18:20:29.062391Z
  Time since last request: 0.000112417 seconds.
  importAddress: GUID: 14aa89f96f565c749a282d699727c02c - Path: Packages/com.unity.2d.animation/Editor/SkinningModule/Selectors/ICircleSelector.cs - Importer: ScriptedImporter/UnityEditor.QuickSearchModule:UnityEditor.Search:ASIAI0B
Importing 'GUID: 14aa89f96f565c749a282d699727c02c - Path: Packages/com.unity.2d.animation/Editor/SkinningModule/Selectors/ICircleSelector.cs - Importer: ScriptedImporter/UnityEditor.QuickSearchModule:UnityEditor.Search:ASIAI0B' with importer (ScriptedImporter : UnityEditor.QuickSearchModule:UnityEditor.Search:ASIAI0B)
Imported 'GUID: 14aa89f96f565c749a282d699727c02c' -> (Import Result ID: 'b4c06e6cb86a439470763bcc5602eea5') in 0.001 seconds [static and dynamic dependencies]. Details - ImportResultOutputID=9dffada86a0834f0fd0168f7430cca1e DependenciesID=47086cf56e331b6552fc74360c6ace26 StaticDependenciesID=e813d8385bb50da03346d0abe51bb85d 
Number of updated asset objects reloaded before import = 0
Number of asset objects unloaded after import = 0
========================================================================
Received Import Request.
  Time of request: 2026-09-17T18:20:29.071336Z
  Time since last request: 0.000183875 seconds.
  importAddress: GUID: ea21de3798988c84dbc83021a3e6ecee - Path: Packages/com.unity.2d.animation/Editor/SkinningModule/Cache/CacheObject.cs - Importer: ScriptedImporter/UnityEditor.QuickSearchModule:UnityEditor.Search:ASIAI0B
Importing 'GUID: ea21de3798988c84dbc83021a3e6ecee - Path: Packages/com.unity.2d.animation/Editor/SkinningModule/Cache/CacheObject.cs - Importer: ScriptedImporter/UnityEditor.QuickSearchModule:UnityEditor.Search:ASIAI0B' with importer (ScriptedImporter : UnityEditor.QuickSearchModule:UnityEditor.Search:ASIAI0B)
Imported 'GUID: ea21de3798988c84dbc83021a3e6ecee' -> (Import Result ID: '74c6a252bdd1a18437bbf1f8ee49909c') in 0.001 seconds [static and dynamic dependencies]. Details - ImportResultOutputID=80f1058071ff686addccc505ca6c945c DependenciesID=af4647c9adf387786b11449380f69824 StaticDependenciesID=0e811696362e9b2deb7dabeb391e4850 
Number of updated asset objects reloaded before import = 0
Number of asset objects unloaded after import = 0
========================================================================
Received Import Request.
  Time of request: 2026-09-17T18:20:29.079748Z
  Time since last request: 0.00015375 seconds.
  importAddress: GUID: 289829ffefda4e33a89798cc28263725 - Path: Packages/com.unity.2d.common/Editor/InternalBridge/SpriteFrameModeToolStripBase.cs - Importer: ScriptedImporter/UnityEditor.QuickSearchModule:UnityEditor.Search:ASIAI0B
Importing 'GUID: 289829ffefda4e33a89798cc28263725 - Path: Packages/com.unity.2d.common/Editor/InternalBridge/SpriteFrameModeToolStripBase.cs - Importer: ScriptedImporter/UnityEditor.QuickSearchModule:UnityEditor.Search:ASIAI0B' with importer (ScriptedImporter : UnityEditor.QuickSearchModule:UnityEditor.Search:ASIAI0B)
Imported 'GUID: 289829ffefda4e33a89798cc28263725' -> (Import Result ID: '38933e3bfe22752a1870472e9756b036') in 0.001 seconds [static and dynamic dependencies]. Details - ImportResultOutputID=d72a259691e3d93c2f3232fbca74a720 DependenciesID=836054cc869b05d8f9622c6b97ca3634 StaticDependenciesID=ff056043a14cdf8990afa3fc9e824c23 
Number of updated asset objects reloaded before import = 0
Number of asset objects unloaded after import = 0
========================================================================
Received Import Request.
  Time of request: 2026-09-17T18:20:29.087899Z
  Time since last request: 0.000144792 seconds.
  importAddress: GUID: 62053ed690017d143bd2cfa8e5dc3ff5 - Path: Packages/com.unity.2d.animation/Editor/Assets/EditorIcons/d_Create_Edge@4x.png - Importer: ScriptedImporter/UnityEditor.QuickSearchModule:UnityEditor.Search:ASIAI0B
Importing 'GUID: 62053ed690017d143bd2cfa8e5dc3ff5 - Path: Packages/com.unity.2d.animation/Editor/Assets/EditorIcons/d_Create_Edge@4x.png - Importer: ScriptedImporter/UnityEditor.QuickSearchModule:UnityEditor.Search:ASIAI0B' with importer (ScriptedImporter : UnityEditor.QuickSearchModule:UnityEditor.Search:ASIAI0B)
Imported 'GUID: 62053ed690017d143bd2cfa8e5dc3ff5' -> (Import Result ID: 'b811eaf5b1b31a18ec94a576d875c96d') in 0.002 seconds [static and dynamic dependencies]. Details - ImportResultOutputID=77f8ce8d2250309b683bb988afc7bd29 DependenciesID=3c53ee40f4bcc06897f08597669db1ee StaticDependenciesID=1ba8dd54779ae20623a21c9fea38c4e5 
Number of updated asset objects reloaded before import = 0
Number of asset objects unloaded after import = 3
========================================================================
Received Import Request.
  Time of request: 2026-09-17T18:20:29.097424Z
  Time since last request: 0.000156458 seconds.
  importAddress: GUID: 39bcaa4762a844802ae0d911cad63c55 - Path: Packages/com.unity.2d.sprite/Editor/ProjectSettings/SpriteEditorWindowProjectSettingsAttribute.cs - Importer: ScriptedImporter/UnityEditor.QuickSearchModule:UnityEditor.Search:ASIAI0B
Importing 'GUID: 39bcaa4762a844802ae0d911cad63c55 - Path: Packages/com.unity.2d.sprite/Editor/ProjectSettings/SpriteEditorWindowProjectSettingsAttribute.cs - Importer: ScriptedImporter/UnityEditor.QuickSearchModule:UnityEditor.Search:ASIAI0B' with importer (ScriptedImporter : UnityEditor.QuickSearchModule:UnityEditor.Search:ASIAI0B)
Imported 'GUID: 39bcaa4762a844802ae0d911cad63c55' -> (Import Result ID: '5db8b0b6966d37db654a2a03720ac367') in 0.001 seconds [static and dynamic dependencies]. Details - ImportResultOutputID=eb366affbece36fb38026d821a7e47af DependenciesID=8faeada3ff9aab3476d8314469d580e0 StaticDependenciesID=1a46bfe17be9d60b4c0c8653b91aad78 
Number of updated asset objects reloaded before import = 0
Number of asset objects unloaded after import = 0
========================================================================
Received Import Request.
  Time of request: 2026-09-17T18:20:29.105461Z
  Time since last request: 0.000181208 seconds.
  importAddress: GUID: 53c84f3dfe8b04b6db1fb80443fafbaf - Path: Packages/com.unity.2d.animation/Editor/Assets/ComponentIcons/Animation.IKManager On.png - Importer: ScriptedImporter/UnityEditor.QuickSearchModule:UnityEditor.Search:ASIAI0B
Importing 'GUID: 53c84f3dfe8b04b6db1fb80443fafbaf - Path: Packages/com.unity.2d.animation/Editor/Assets/ComponentIcons/Animation.IKManager On.png - Importer: ScriptedImporter/UnityEditor.QuickSearchModule:UnityEditor.Search:ASIAI0B' with importer (ScriptedImporter : UnityEditor.QuickSearchModule:UnityEditor.Search:ASIAI0B)
Imported 'GUID: 53c84f3dfe8b04b6db1fb80443fafbaf' -> (Import Result ID: '721b1df033f315598bb4db808aa7a9e9') in 0.003 seconds [static and dynamic dependencies]. Details - ImportResultOutputID=1a7a6715fd324b3ca160ea3efed50c6a DependenciesID=5fe765972f6ffcaf3738f2cecdd57fe7 StaticDependenciesID=47b094b5f188ccab9035fa0140a9c020 
Number of updated asset objects reloaded before import = 0
Number of asset objects unloaded after import = 3
========================================================================
Received Import Request.
  Time of request: 2026-09-17T18:20:29.115981Z
  Time since last request: 0.000210334 seconds.
  importAddress: GUID: 83711169e2aa1fb439980c4d6fa5ef24 - Path: Packages/com.unity.2d.animation/Editor/SkinningModule/UI/WeightInspectorIMGUIPanel.cs - Importer: ScriptedImporter/UnityEditor.QuickSearchModule:UnityEditor.Search:ASIAI0B
Importing 'GUID: 83711169e2aa1fb439980c4d6fa5ef24 - Path: Packages/com.unity.2d.animation/Editor/SkinningModule/UI/WeightInspectorIMGUIPanel.cs - Importer: ScriptedImporter/UnityEditor.QuickSearchModule:UnityEditor.Search:ASIAI0B' with importer (ScriptedImporter : UnityEditor.QuickSearchModule:UnityEditor.Search:ASIAI0B)
Imported 'GUID: 83711169e2aa1fb439980c4d6fa5ef24' -> (Import Result ID: '8d27981c0916530ddf41548514095541') in 0.001 seconds [static and dynamic dependencies]. Details - ImportResultOutputID=ef676ffadade837562e22072a8fd47a0 DependenciesID=074f44618b584eb5e604ea0f3e7beaa9 StaticDependenciesID=4938ab6f6a9ebaf948ebab54f7885ad2 
Number of updated asset objects reloaded before import = 0
Number of asset objects unloaded after import = 0
========================================================================
Received Import Request.
  Time of request: 2026-09-17T18:20:29.123715Z
  Time since last request: 0.000185458 seconds.
  importAddress: GUID: 36502ae6ddbac9e4dbf8fcd5889d661d - Path: Packages/com.unity.2d.animation/Editor/Assets/EditorIcons/d_Visibility_Hidded@4x.png - Importer: ScriptedImporter/UnityEditor.QuickSearchModule:UnityEditor.Search:ASIAI0B
Importing 'GUID: 36502ae6ddbac9e4dbf8fcd5889d661d - Path: Packages/com.unity.2d.animation/Editor/Assets/EditorIcons/d_Visibility_Hidded@4x.png - Importer: ScriptedImporter/UnityEditor.QuickSearchModule:UnityEditor.Search:ASIAI0B' with importer (ScriptedImporter : UnityEditor.QuickSearchModule:UnityEditor.Search:ASIAI0B)
Imported 'GUID: 36502ae6ddbac9e4dbf8fcd5889d661d' -> (Import Result ID: '5a9a3a075728605ec6f34a8ed22fd6f0') in 0.003 seconds [static and dynamic dependencies]. Details - ImportResultOutputID=30547746084606932c92acc7e4818d0d DependenciesID=e89c212d45c5e01165969ca4cb44d8e6 StaticDependenciesID=195101e046a30356043224353dc052d0 
Number of updated asset objects reloaded before import = 0
Number of asset objects unloaded after import = 3
========================================================================
Received Import Request.
  Time of request: 2026-09-17T18:20:29.133412Z
  Time since last request: 0.000122583 seconds.
  importAddress: GUID: 0ce6875fb3c04d1897097c923840c61e - Path: Packages/com.unity.2d.tooling/Editor/Insider/AnalyzerWindow/ExecutionTime.cs - Importer: ScriptedImporter/UnityEditor.QuickSearchModule:UnityEditor.Search:ASIAI0B
Importing 'GUID: 0ce6875fb3c04d1897097c923840c61e - Path: Packages/com.unity.2d.tooling/Editor/Insider/AnalyzerWindow/ExecutionTime.cs - Importer: ScriptedImporter/UnityEditor.QuickSearchModule:UnityEditor.Search:ASIAI0B' with importer (ScriptedImporter : UnityEditor.QuickSearchModule:UnityEditor.Search:ASIAI0B)
Imported 'GUID: 0ce6875fb3c04d1897097c923840c61e' -> (Import Result ID: '34e550b03a83a308262d3abd8273f58d') in 0.001 seconds [static and dynamic dependencies]. Details - ImportResultOutputID=64c886dbd6ce82da814c641d97b2d83b DependenciesID=5e661cede7c6654329a6755e877afbf1 StaticDependenciesID=563c21e1ed9756d33a33d46a6fc78623 
Number of updated asset objects reloaded before import = 0
Number of asset objects unloaded after import = 0
========================================================================
Received Import Request.
  Time of request: 2026-09-17T18:20:29.140918Z
  Time since last request: 0.000100125 seconds.
  importAddress: GUID: cbdf09464b6b87745be748a67e5a21a0 - Path: Packages/com.unity.2d.tilemap.extras/Editor/Unity.2D.Tilemap.Extras.Editor.asmdef - Importer: ScriptedImporter/UnityEditor.QuickSearchModule:UnityEditor.Search:ASIAI0B
Importing 'GUID: cbdf09464b6b87745be748a67e5a21a0 - Path: Packages/com.unity.2d.tilemap.extras/Editor/Unity.2D.Tilemap.Extras.Editor.asmdef - Importer: ScriptedImporter/UnityEditor.QuickSearchModule:UnityEditor.Search:ASIAI0B' with importer (ScriptedImporter : UnityEditor.QuickSearchModule:UnityEditor.Search:ASIAI0B)
Imported 'GUID: cbdf09464b6b87745be748a67e5a21a0' -> (Import Result ID: 'a969eb4eed063f0d26831bcbf26e738b') in 0.001 seconds [static and dynamic dependencies]. Details - ImportResultOutputID=0e5414acc8b725fbf47e8ac718721a79 DependenciesID=4a364a9574d298da4b18524f47136b68 StaticDependenciesID=6dca69b695d905a70e517dc3967d4b9d 
Number of updated asset objects reloaded before import = 0
Number of asset objects unloaded after import = 1
========================================================================
Received Import Request.
  Time of request: 2026-09-17T18:20:29.148643Z
  Time since last request: 0.000127917 seconds.
  importAddress: GUID: c86b96101a8b8f043a01b9c64b788b6b - Path: Packages/com.unity.2d.animation/Editor/SkinningModule/VisibilityTool/MeshVisibilityTool.cs - Importer: ScriptedImporter/UnityEditor.QuickSearchModule:UnityEditor.Search:ASIAI0B
Importing 'GUID: c86b96101a8b8f043a01b9c64b788b6b - Path: Packages/com.unity.2d.animation/Editor/SkinningModule/VisibilityTool/MeshVisibilityTool.cs - Importer: ScriptedImporter/UnityEditor.QuickSearchModule:UnityEditor.Search:ASIAI0B' with importer (ScriptedImporter : UnityEditor.QuickSearchModule:UnityEditor.Search:ASIAI0B)
Imported 'GUID: c86b96101a8b8f043a01b9c64b788b6b' -> (Import Result ID: '31c1de8580ffb4d3e91a04c49aa00ed1') in 0.001 seconds [static and dynamic dependencies]. Details - ImportResultOutputID=f88465a2b5f96bf3f82f697c0775e0da DependenciesID=7e4b17bb7d7b5aa4aa65607db143faeb StaticDependenciesID=54a6d8d3e13ab0e8eb8c5f2bb038366d 
Number of updated asset objects reloaded before import = 0
Number of asset objects unloaded after import = 0
========================================================================
Received Import Request.
  Time of request: 2026-09-17T18:20:29.156435Z
  Time since last request: 0.000125917 seconds.
  importAddress: GUID: d3b2641fbdbb1f340ad9732102db591e - Path: Packages/com.unity.2d.tilemap/Editor/Icons/d_Tilemap.ActiveTargetLayers@2x.png - Importer: ScriptedImporter/UnityEditor.QuickSearchModule:UnityEditor.Search:ASIAI0B
Importing 'GUID: d3b2641fbdbb1f340ad9732102db591e - Path: Packages/com.unity.2d.tilemap/Editor/Icons/d_Tilemap.ActiveTargetLayers@2x.png - Importer: ScriptedImporter/UnityEditor.QuickSearchModule:UnityEditor.Search:ASIAI0B' with importer (ScriptedImporter : UnityEditor.QuickSearchModule:UnityEditor.Search:ASIAI0B)
Imported 'GUID: d3b2641fbdbb1f340ad9732102db591e' -> (Import Result ID: 'a2571fe8e815ce5d8dc81c41811753ad') in 0.002 seconds [static and dynamic dependencies]. Details - ImportResultOutputID=3515668b3ffa41a3dc02ee9bca1d47e4 DependenciesID=0e4b940418df594943c698a5a7e7d6ea StaticDependenciesID=d2307ce38d3e1d29cc97c50461acb41a 
Number of updated asset objects reloaded before import = 0
Number of asset objects unloaded after import = 3
========================================================================
Received Import Request.
  Time of request: 2026-09-17T18:20:29.165825Z
  Time since last request: 0.000094042 seconds.
  importAddress: GUID: 7b6da174fd3024fbc84a3f67d9c7d0c8 - Path: Packages/com.unity.2d.common/Path/Editor/EditorTool/PathComponentEditor.cs - Importer: ScriptedImporter/UnityEditor.QuickSearchModule:UnityEditor.Search:ASIAI0B
Importing 'GUID: 7b6da174fd3024fbc84a3f67d9c7d0c8 - Path: Packages/com.unity.2d.common/Path/Editor/EditorTool/PathComponentEditor.cs - Importer: ScriptedImporter/UnityEditor.QuickSearchModule:UnityEditor.Search:ASIAI0B' with importer (ScriptedImporter : UnityEditor.QuickSearchModule:UnityEditor.Search:ASIAI0B)
Imported 'GUID: 7b6da174fd3024fbc84a3f67d9c7d0c8' -> (Import Result ID: '00ce196a86165d1e1444438d27bce537') in 0.001 seconds [static and dynamic dependencies]. Details - ImportResultOutputID=d9ebb7b69ef95ba9de0f301010c7a143 DependenciesID=216d3f9f7a26278acdd16895b1808e5a StaticDependenciesID=b920203f0311ab26048590077ca09504 
Number of updated asset objects reloaded before import = 0
Number of asset objects unloaded after import = 0
========================================================================
Received Import Request.
  Time of request: 2026-09-17T18:20:29.173625Z
  Time since last request: 0.00011925 seconds.
  importAddress: GUID: 05f0e88295177435592ac5ba24fb98ef - Path: Packages/com.unity.2d.animation/Editor/Assets/SpriteLibraryEditor/EditorMainWindow.uxml - Importer: ScriptedImporter/UnityEditor.QuickSearchModule:UnityEditor.Search:ASIAI0B
Importing 'GUID: 05f0e88295177435592ac5ba24fb98ef - Path: Packages/com.unity.2d.animation/Editor/Assets/SpriteLibraryEditor/EditorMainWindow.uxml - Importer: ScriptedImporter/UnityEditor.QuickSearchModule:UnityEditor.Search:ASIAI0B' with importer (ScriptedImporter : UnityEditor.QuickSearchModule:UnityEditor.Search:ASIAI0B)
Imported 'GUID: 05f0e88295177435592ac5ba24fb98ef' -> (Import Result ID: '318751170ce9687b68483f66439c31e1') in 0.006 seconds [static and dynamic dependencies]. Details - ImportResultOutputID=040785558f36a11f96e4bca92875cce3 DependenciesID=b6d2a40a58e590b048e70662a1f96c6b StaticDependenciesID=793eaaf34e449d9e1bcc705a8f5ce70f 
Number of updated asset objects reloaded before import = 0
Number of asset objects unloaded after import = 10
========================================================================
Received Import Request.
  Time of request: 2026-09-17T18:20:29.187121Z
  Time since last request: 0.000099625 seconds.
  importAddress: GUID: 2bfef0473016eee4fa9d9bd505a1edd5 - Path: Packages/com.unity.2d.tilemap/Tests - Importer: ScriptedImporter/UnityEditor.QuickSearchModule:UnityEditor.Search:ASIAI0B
Importing 'GUID: 2bfef0473016eee4fa9d9bd505a1edd5 - Path: Packages/com.unity.2d.tilemap/Tests - Importer: ScriptedImporter/UnityEditor.QuickSearchModule:UnityEditor.Search:ASIAI0B' with importer (ScriptedImporter : UnityEditor.QuickSearchModule:UnityEditor.Search:ASIAI0B)
Imported 'GUID: 2bfef0473016eee4fa9d9bd505a1edd5' -> (Import Result ID: '4ba83a4deb2ec764e1dcf6778d806d97') in 0.001 seconds [static and dynamic dependencies]. Details - ImportResultOutputID=b98d70d21b3c9e3559680ec6ebb8c427 DependenciesID=2fc10cc71fe919dbce536525221f684e StaticDependenciesID=92237e2b0a028914dda377816a431430 
Number of updated asset objects reloaded before import = 0
Number of asset objects unloaded after import = 1
========================================================================
Received Import Request.
  Time of request: 2026-09-17T18:20:29.195375Z
  Time since last request: 0.000122125 seconds.
  importAddress: GUID: bacef98d5d5167242a24ec99d7304aad - Path: Packages/com.unity.2d.psdimporter/README.md - Importer: ScriptedImporter/UnityEditor.QuickSearchModule:UnityEditor.Search:ASIAI0B
Importing 'GUID: bacef98d5d5167242a24ec99d7304aad - Path: Packages/com.unity.2d.psdimporter/README.md - Importer: ScriptedImporter/UnityEditor.QuickSearchModule:UnityEditor.Search:ASIAI0B' with importer (ScriptedImporter : UnityEditor.QuickSearchModule:UnityEditor.Search:ASIAI0B)
Imported 'GUID: bacef98d5d5167242a24ec99d7304aad' -> (Import Result ID: '4002d4725d03fdd0036bf08c923c5258') in 0.001 seconds [static and dynamic dependencies]. Details - ImportResultOutputID=4bbc9c1a12655ddcc8ab3c7d4fd83f5c DependenciesID=994d5068406bafaa5b27d689e16f3dc7 StaticDependenciesID=81df47ec6cd88a55018f400af7405053 
Number of updated asset objects reloaded before import = 0
Number of asset objects unloaded after import = 1
========================================================================
Received Import Request.
  Time of request: 2026-09-17T18:20:29.203533Z
  Time since last request: 0.000143959 seconds.
  importAddress: GUID: d9e47beaa8a6e432393f34671440f777 - Path: Packages/com.unity.2d.animation/Editor/Assets/ComponentIcons/d_Animation.SpriteLibraryVar@32.png - Importer: ScriptedImporter/UnityEditor.QuickSearchModule:UnityEditor.Search:ASIAI0B
Importing 'GUID: d9e47beaa8a6e432393f34671440f777 - Path: Packages/com.unity.2d.animation/Editor/Assets/ComponentIcons/d_Animation.SpriteLibraryVar@32.png - Importer: ScriptedImporter/UnityEditor.QuickSearchModule:UnityEditor.Search:ASIAI0B' with importer (ScriptedImporter : UnityEditor.QuickSearchModule:UnityEditor.Search:ASIAI0B)
Imported 'GUID: d9e47beaa8a6e432393f34671440f777' -> (Import Result ID: '7395fe590a7e4c9cfb6170a5f0084224') in 0.003 seconds [static and dynamic dependencies]. Details - ImportResultOutputID=890a5ba609445af88d3cdb1e2fe9516d DependenciesID=44f5442a279bf961ecb12e0c5ebdc622 StaticDependenciesID=9e90bcb73aa295b3762c89920403e6fe 
Number of updated asset objects reloaded before import = 0
Number of asset objects unloaded after import = 3
========================================================================
Received Import Request.
  Time of request: 2026-09-17T18:20:29.213744Z
  Time since last request: 0.000127541 seconds.
  importAddress: GUID: 4adeaf2d2b1c7417e89f026626d8264f - Path: Packages/com.unity.2d.sprite/Editor/ObjectMenuCreation/DefaultAssets/Textures/CircleWithBorder.png - Importer: ScriptedImporter/UnityEditor.QuickSearchModule:UnityEditor.Search:ASIAI0B
Importing 'GUID: 4adeaf2d2b1c7417e89f026626d8264f - Path: Packages/com.unity.2d.sprite/Editor/ObjectMenuCreation/DefaultAssets/Textures/CircleWithBorder.png - Importer: ScriptedImporter/UnityEditor.QuickSearchModule:UnityEditor.Search:ASIAI0B' with importer (ScriptedImporter : UnityEditor.QuickSearchModule:UnityEditor.Search:ASIAI0B)
Imported 'GUID: 4adeaf2d2b1c7417e89f026626d8264f' -> (Import Result ID: '6976fb1c6340c4136547b1c1d626ea51') in 0.003 seconds [static and dynamic dependencies]. Details - ImportResultOutputID=38a4a4cbaddba37f443ee6dc95bb9120 DependenciesID=845d2697da673321e981343615bf5b04 StaticDependenciesID=7e8d1bf888b19650df8cbe9fe375d1a4 
Number of updated asset objects reloaded before import = 0
Number of asset objects unloaded after import = 3
========================================================================
Received Import Request.
  Time of request: 2026-09-17T18:20:29.223907Z
  Time since last request: 0.000286708 seconds.
  importAddress: GUID: dd44ba6459934304b785f78db545ff5f - Path: Packages/com.unity.2d.tooling/Editor/Insider/Utilities/Utilities.cs - Importer: ScriptedImporter/UnityEditor.QuickSearchModule:UnityEditor.Search:ASIAI0B
Importing 'GUID: dd44ba6459934304b785f78db545ff5f - Path: Packages/com.unity.2d.tooling/Editor/Insider/Utilities/Utilities.cs - Importer: ScriptedImporter/UnityEditor.QuickSearchModule:UnityEditor.Search:ASIAI0B' with importer (ScriptedImporter : UnityEditor.QuickSearchModule:UnityEditor.Search:ASIAI0B)
Imported 'GUID: dd44ba6459934304b785f78db545ff5f' -> (Import Result ID: '7759150d9fcf695dcdd838ed89dd7a91') in 0.001 seconds [static and dynamic dependencies]. Details - ImportResultOutputID=2b04b91e13cd0be03513f51895a92cd7 DependenciesID=4ee672dcd6ac743b4e3816aa7b80f3d9 StaticDependenciesID=aa0464401d5200bd4613974b11332df7 
Number of updated asset objects reloaded before import = 0
Number of asset objects unloaded after import = 0
========================================================================
Received Import Request.
  Time of request: 2026-09-17T18:20:29.231667Z
  Time since last request: 0.00015 seconds.
  importAddress: GUID: 6b2eee0779ff14c59959c47e6794830d - Path: Packages/com.unity.2d.tooling/Editor/Insider/AnalyzerWindow/DataSourceListItem/DataSourceList.uxml - Importer: ScriptedImporter/UnityEditor.QuickSearchModule:UnityEditor.Search:ASIAI0B
Importing 'GUID: 6b2eee0779ff14c59959c47e6794830d - Path: Packages/com.unity.2d.tooling/Editor/Insider/AnalyzerWindow/DataSourceListItem/DataSourceList.uxml - Importer: ScriptedImporter/UnityEditor.QuickSearchModule:UnityEditor.Search:ASIAI0B' with importer (ScriptedImporter : UnityEditor.QuickSearchModule:UnityEditor.Search:ASIAI0B)
Imported 'GUID: 6b2eee0779ff14c59959c47e6794830d' -> (Import Result ID: 'ce7a04b2c359d222d5db1e22b8d001e0') in 0.003 seconds [static and dynamic dependencies]. Details - ImportResultOutputID=fede2feb7e7a2d63be8eb724528b96e7 DependenciesID=d5efb494058d94c798c8c4b142c2719d StaticDependenciesID=9a5246cb263dfd826a93cf5297e1871f 
Number of updated asset objects reloaded before import = 0
Number of asset objects unloaded after import = 3
========================================================================
Received Import Request.
  Time of request: 2026-09-17T18:20:29.241915Z
  Time since last request: 0.000158666 seconds.
  importAddress: GUID: 0f11ba7bd032140bfbcd546d93db1548 - Path: Packages/com.unity.2d.tilemap.extras/Editor/Menu/MenuItemOrder.cs - Importer: ScriptedImporter/UnityEditor.QuickSearchModule:UnityEditor.Search:ASIAI0B
Importing 'GUID: 0f11ba7bd032140bfbcd546d93db1548 - Path: Packages/com.unity.2d.tilemap.extras/Editor/Menu/MenuItemOrder.cs - Importer: ScriptedImporter/UnityEditor.QuickSearchModule:UnityEditor.Search:ASIAI0B' with importer (ScriptedImporter : UnityEditor.QuickSearchModule:UnityEditor.Search:ASIAI0B)
Imported 'GUID: 0f11ba7bd032140bfbcd546d93db1548' -> (Import Result ID: 'df96c530aedaf1a7ae82566259f7d650') in 0.001 seconds [static and dynamic dependencies]. Details - ImportResultOutputID=ed6867c8c357036dcf8005ce8d4390de DependenciesID=0ab85ff3913d68b98624d33fb8eda27a StaticDependenciesID=41df7f761e54c40f888824ed522f1350 
Number of updated asset objects reloaded before import = 0
Number of asset objects unloaded after import = 0
========================================================================
Received Import Request.
  Time of request: 2026-09-17T18:20:29.249905Z
  Time since last request: 0.000169167 seconds.
  importAddress: GUID: 0e48b48aa11d4459b25b82dab0594b8e - Path: Packages/com.unity.2d.animation/Profiler/Editor/AssemblyInfo.cs - Importer: ScriptedImporter/UnityEditor.QuickSearchModule:UnityEditor.Search:ASIAI0B
Importing 'GUID: 0e48b48aa11d4459b25b82dab0594b8e - Path: Packages/com.unity.2d.animation/Profiler/Editor/AssemblyInfo.cs - Importer: ScriptedImporter/UnityEditor.QuickSearchModule:UnityEditor.Search:ASIAI0B' with importer (ScriptedImporter : UnityEditor.QuickSearchModule:UnityEditor.Search:ASIAI0B)
Imported 'GUID: 0e48b48aa11d4459b25b82dab0594b8e' -> (Import Result ID: '4a28610484892b8af63b1f8b2a1daf31') in 0.001 seconds [static and dynamic dependencies]. Details - ImportResultOutputID=0defb94dccaa3f48828b8a902882386e DependenciesID=4cef1ac5dad55172c105cacb32f7d001 StaticDependenciesID=699db9397f7e943974bc2bdd0d411eb1 
Number of updated asset objects reloaded before import = 0
Number of asset objects unloaded after import = 0
========================================================================
Received Import Request.
  Time of request: 2026-09-17T18:20:29.257698Z
  Time since last request: 0.00014825 seconds.
  importAddress: GUID: a78ad4d4520434b83b125c70a44583f8 - Path: Packages/com.unity.2d.animation/Editor/SkinningModule/VisibilityTool/BoneVisibilityToolData.cs - Importer: ScriptedImporter/UnityEditor.QuickSearchModule:UnityEditor.Search:ASIAI0B
Importing 'GUID: a78ad4d4520434b83b125c70a44583f8 - Path: Packages/com.unity.2d.animation/Editor/SkinningModule/VisibilityTool/BoneVisibilityToolData.cs - Importer: ScriptedImporter/UnityEditor.QuickSearchModule:UnityEditor.Search:ASIAI0B' with importer (ScriptedImporter : UnityEditor.QuickSearchModule:UnityEditor.Search:ASIAI0B)
Imported 'GUID: a78ad4d4520434b83b125c70a44583f8' -> (Import Result ID: '5b3a13f0a4f52395e916f2cad8dca735') in 0.001 seconds [static and dynamic dependencies]. Details - ImportResultOutputID=4dffb5870be849ea2f9c62ba8029f444 DependenciesID=610c4ca2429268433b14ee2fca213f5d StaticDependenciesID=c327c5f747f5a68f762ce3e55ac9e4c5 
Number of updated asset objects reloaded before import = 0
Number of asset objects unloaded after import = 0
========================================================================
Received Import Request.
  Time of request: 2026-09-17T18:20:29.265861Z
  Time since last request: 0.000174417 seconds.
  importAddress: GUID: ccf751df7bd10e14db670d1353e02ea0 - Path: Packages/com.unity.2d.animation/Editor/Assets/SkinningModule/WeightToolbar.uxml - Importer: ScriptedImporter/UnityEditor.QuickSearchModule:UnityEditor.Search:ASIAI0B
Importing 'GUID: ccf751df7bd10e14db670d1353e02ea0 - Path: Packages/com.unity.2d.animation/Editor/Assets/SkinningModule/WeightToolbar.uxml - Importer: ScriptedImporter/UnityEditor.QuickSearchModule:UnityEditor.Search:ASIAI0B' with importer (ScriptedImporter : UnityEditor.QuickSearchModule:UnityEditor.Search:ASIAI0B)
Imported 'GUID: ccf751df7bd10e14db670d1353e02ea0' -> (Import Result ID: 'dba5f00749274171cf728cc3ab4ff73d') in 0.003 seconds [static and dynamic dependencies]. Details - ImportResultOutputID=94aeb8a5505f39762f92cfa354aca3f5 DependenciesID=7d0c62f40bed3f461484d0777fcaf730 StaticDependenciesID=923e3b5e815b1a3beac0a7d7db83424d 
Number of updated asset objects reloaded before import = 0
Number of asset objects unloaded after import = 2
========================================================================
Received Import Request.
  Time of request: 2026-09-17T18:20:29.275933Z
  Time since last request: 0.000095833 seconds.
  importAddress: GUID: 8ce1fc14411aade4b81c0e6dd86950be - Path: Packages/com.unity.2d.tilemap/Tests/Editor/Unity.2D.Tilemap.Package.EditorTests.asmdef - Importer: ScriptedImporter/UnityEditor.QuickSearchModule:UnityEditor.Search:ASIAI0B
Importing 'GUID: 8ce1fc14411aade4b81c0e6dd86950be - Path: Packages/com.unity.2d.tilemap/Tests/Editor/Unity.2D.Tilemap.Package.EditorTests.asmdef - Importer: ScriptedImporter/UnityEditor.QuickSearchModule:UnityEditor.Search:ASIAI0B' with importer (ScriptedImporter : UnityEditor.QuickSearchModule:UnityEditor.Search:ASIAI0B)
Imported 'GUID: 8ce1fc14411aade4b81c0e6dd86950be' -> (Import Result ID: '7ad6a7afc72cfc5517954290913ca529') in 0.001 seconds [static and dynamic dependencies]. Details - ImportResultOutputID=4b722a1efdb10463ee065ac68904bdcc DependenciesID=f78b9afb2bcad208043ea1243eaa81e1 StaticDependenciesID=1eaffaa3bc0439a2cab99a3f40a5c5ea 
Number of updated asset objects reloaded before import = 0
Number of asset objects unloaded after import = 1
========================================================================
Received Import Request.
  Time of request: 2026-09-17T18:20:29.283595Z
  Time since last request: 0.000147417 seconds.
  importAddress: GUID: 3e90381151086314691cd7a595ba9a62 - Path: Packages/com.unity.2d.psdimporter/Editor/PSDPlugin/PsdFile/ImageResources/AlphaChannelNames.cs - Importer: ScriptedImporter/UnityEditor.QuickSearchModule:UnityEditor.Search:ASIAI0B
Importing 'GUID: 3e90381151086314691cd7a595ba9a62 - Path: Packages/com.unity.2d.psdimporter/Editor/PSDPlugin/PsdFile/ImageResources/AlphaChannelNames.cs - Importer: ScriptedImporter/UnityEditor.QuickSearchModule:UnityEditor.Search:ASIAI0B' with importer (ScriptedImporter : UnityEditor.QuickSearchModule:UnityEditor.Search:ASIAI0B)
Imported 'GUID: 3e90381151086314691cd7a595ba9a62' -> (Import Result ID: 'acaf521e2ebb4530002888f032ebcbf8') in 0.001 seconds [static and dynamic dependencies]. Details - ImportResultOutputID=9c8c606525b83731a8cd6b52e04771f1 DependenciesID=d70057c63bfbd779a67ace157cc263eb StaticDependenciesID=6bc3769af8957e1eed0b75d64e7e96ea 
Number of updated asset objects reloaded before import = 0
Number of asset objects unloaded after import = 0
========================================================================
Received Import Request.
  Time of request: 2026-09-17T18:20:29.291659Z
  Time since last request: 0.000175125 seconds.
  importAddress: GUID: 9898f3a3c7c024a669352520351e430d - Path: Packages/com.unity.2d.aseprite/Tests/Editor - Importer: ScriptedImporter/UnityEditor.QuickSearchModule:UnityEditor.Search:ASIAI0B
Importing 'GUID: 9898f3a3c7c024a669352520351e430d - Path: Packages/com.unity.2d.aseprite/Tests/Editor - Importer: ScriptedImporter/UnityEditor.QuickSearchModule:UnityEditor.Search:ASIAI0B' with importer (ScriptedImporter : UnityEditor.QuickSearchModule:UnityEditor.Search:ASIAI0B)
Imported 'GUID: 9898f3a3c7c024a669352520351e430d' -> (Import Result ID: '0e9a4606ed0a6651304c79682a3c7a44') in 0.001 seconds [static and dynamic dependencies]. Details - ImportResultOutputID=9162559c0e41b77a958688f0b965ab68 DependenciesID=3f09090f460cd3cb8e41d159643647e9 StaticDependenciesID=bd54f111afff30cd8d1a337a4bd6f41e 
Number of updated asset objects reloaded before import = 0
Number of asset objects unloaded after import = 1
========================================================================
Received Import Request.
  Time of request: 2026-09-17T18:20:29.299822Z
  Time since last request: 0.000156875 seconds.
  importAddress: GUID: 6f4409ce938bf9447a36e531f7755ca7 - Path: Packages/com.unity.2d.animation/Editor/Assets/EditorIcons/Selected/Parent_Bone@3x.png - Importer: ScriptedImporter/UnityEditor.QuickSearchModule:UnityEditor.Search:ASIAI0B
Importing 'GUID: 6f4409ce938bf9447a36e531f7755ca7 - Path: Packages/com.unity.2d.animation/Editor/Assets/EditorIcons/Selected/Parent_Bone@3x.png - Importer: ScriptedImporter/UnityEditor.QuickSearchModule:UnityEditor.Search:ASIAI0B' with importer (ScriptedImporter : UnityEditor.QuickSearchModule:UnityEditor.Search:ASIAI0B)
Imported 'GUID: 6f4409ce938bf9447a36e531f7755ca7' -> (Import Result ID: '43413571cb296a7b5d2437610c4c032d') in 0.004 seconds [static and dynamic dependencies]. Details - ImportResultOutputID=e18a09fda172b4cb64ead26ddd863650 DependenciesID=7b3f90bec2f09c63eb129168914d5e56 StaticDependenciesID=91f9fb0a989ec9388f6845abcd425f3f 
Number of updated asset objects reloaded before import = 0
Number of asset objects unloaded after import = 3
========================================================================
Received Import Request.
  Time of request: 2026-09-17T18:20:29.32145Z
  Time since last request: 0.011049084 seconds.
  importAddress: GUID: 53e6b81c6627ce5469c38700ebbd32a7 - Path: Packages/com.unity.2d.psdimporter/Tests/EditorTests - Importer: ScriptedImporter/UnityEditor.QuickSearchModule:UnityEditor.Search:ASIAI0B
Importing 'GUID: 53e6b81c6627ce5469c38700ebbd32a7 - Path: Packages/com.unity.2d.psdimporter/Tests/EditorTests - Importer: ScriptedImporter/UnityEditor.QuickSearchModule:UnityEditor.Search:ASIAI0B' with importer (ScriptedImporter : UnityEditor.QuickSearchModule:UnityEditor.Search:ASIAI0B)
Imported 'GUID: 53e6b81c6627ce5469c38700ebbd32a7' -> (Import Result ID: '921a3c7c755c4551f0e5eb59dbac193a') in 0.001 seconds [static and dynamic dependencies]. Details - ImportResultOutputID=4e25152b0cf9030ce0ecb9cb80bc3b2b DependenciesID=0277df9c73938d597a5f4d19df06a4b2 StaticDependenciesID=ce7ab4f4ab859665a0fa661847153f9b 
Number of updated asset objects reloaded before import = 0
Number of asset objects unloaded after import = 1
========================================================================
Received Import Request.
  Time of request: 2026-09-17T18:20:29.329834Z
  Time since last request: 0.000201666 seconds.
  importAddress: GUID: bf00ee454b154c578274d12045aa5590 - Path: Packages/com.unity.2d.aseprite/Editor/AssetGeneration/TilePaletteGeneration.cs - Importer: ScriptedImporter/UnityEditor.QuickSearchModule:UnityEditor.Search:ASIAI0B
Importing 'GUID: bf00ee454b154c578274d12045aa5590 - Path: Packages/com.unity.2d.aseprite/Editor/AssetGeneration/TilePaletteGeneration.cs - Importer: ScriptedImporter/UnityEditor.QuickSearchModule:UnityEditor.Search:ASIAI0B' with importer (ScriptedImporter : UnityEditor.QuickSearchModule:UnityEditor.Search:ASIAI0B)
Imported 'GUID: bf00ee454b154c578274d12045aa5590' -> (Import Result ID: 'c6c2dc1dcbda976b3eb27c98439c5ff1') in 0.001 seconds [static and dynamic dependencies]. Details - ImportResultOutputID=ca87fb0ab38abc9ff09b52fd52a1cba0 DependenciesID=1829a64a8a8763e82de15d1ded294b93 StaticDependenciesID=7172ebf124bd5d977b701f384efc3b90 
Number of updated asset objects reloaded before import = 0
Number of asset objects unloaded after import = 0
========================================================================
Received Import Request.
  Time of request: 2026-09-17T18:20:29.337988Z
  Time since last request: 0.000181459 seconds.
  importAddress: GUID: 225c4acd316f96e48803d330638d757e - Path: Packages/com.unity.2d.animation/IK/Runtime/Solvers/Limb.cs - Importer: ScriptedImporter/UnityEditor.QuickSearchModule:UnityEditor.Search:ASIAI0B
Importing 'GUID: 225c4acd316f96e48803d330638d757e - Path: Packages/com.unity.2d.animation/IK/Runtime/Solvers/Limb.cs - Importer: ScriptedImporter/UnityEditor.QuickSearchModule:UnityEditor.Search:ASIAI0B' with importer (ScriptedImporter : UnityEditor.QuickSearchModule:UnityEditor.Search:ASIAI0B)
Imported 'GUID: 225c4acd316f96e48803d330638d757e' -> (Import Result ID: 'b17a8950a7a98660260254a91c695144') in 0.001 seconds [static and dynamic dependencies]. Details - ImportResultOutputID=17e20c337e34c9b297935832d664261e DependenciesID=2c02533f4cde50189f1da88b4528098a StaticDependenciesID=bebaa2c888571b7f1c9af323eea512e9 
Number of updated asset objects reloaded before import = 0
Number of asset objects unloaded after import = 0
========================================================================
Received Import Request.
  Time of request: 2026-09-17T18:20:29.346105Z
  Time since last request: 0.00019825 seconds.
  importAddress: GUID: 3342bc6878604f839b28843c3e8cd81b - Path: Packages/com.unity.2d.tilemap/Editor/GridPaletteEditor.cs - Importer: ScriptedImporter/UnityEditor.QuickSearchModule:UnityEditor.Search:ASIAI0B
Importing 'GUID: 3342bc6878604f839b28843c3e8cd81b - Path: Packages/com.unity.2d.tilemap/Editor/GridPaletteEditor.cs - Importer: ScriptedImporter/UnityEditor.QuickSearchModule:UnityEditor.Search:ASIAI0B' with importer (ScriptedImporter : UnityEditor.QuickSearchModule:UnityEditor.Search:ASIAI0B)
Imported 'GUID: 3342bc6878604f839b28843c3e8cd81b' -> (Import Result ID: '9295d6af50d4a15271118288f8327df0') in 0.001 seconds [static and dynamic dependencies]. Details - ImportResultOutputID=d8d6f88e8ed09f3eba60f2dcefb2eb15 DependenciesID=fc8c6aee6bd291b97244aed66f462e78 StaticDependenciesID=c77b6c35d7d86e08470220f27e0bb4d0 
Number of updated asset objects reloaded before import = 0
Number of asset objects unloaded after import = 0
========================================================================
Received Import Request.
  Time of request: 2026-09-17T18:20:29.353944Z
  Time since last request: 0.000130416 seconds.
  importAddress: GUID: 9182e08d6d8be424a98050562de5b053 - Path: Packages/com.unity.2d.tilemap/Editor/Icons/Tilemap.DefaultBrush@2x.png - Importer: ScriptedImporter/UnityEditor.QuickSearchModule:UnityEditor.Search:ASIAI0B
Importing 'GUID: 9182e08d6d8be424a98050562de5b053 - Path: Packages/com.unity.2d.tilemap/Editor/Icons/Tilemap.DefaultBrush@2x.png - Importer: ScriptedImporter/UnityEditor.QuickSearchModule:UnityEditor.Search:ASIAI0B' with importer (ScriptedImporter : UnityEditor.QuickSearchModule:UnityEditor.Search:ASIAI0B)
Imported 'GUID: 9182e08d6d8be424a98050562de5b053' -> (Import Result ID: '161a963f511566e79284d1f55f501074') in 0.002 seconds [static and dynamic dependencies]. Details - ImportResultOutputID=bd062d64106444fe8b92995895291853 DependenciesID=4941d993f563b4273bbfc90579d4a92c StaticDependenciesID=128bc26959dbf60189176f683bd07500 
Number of updated asset objects reloaded before import = 0
Number of asset objects unloaded after import = 3
========================================================================
Received Import Request.
  Time of request: 2026-09-17T18:20:29.363405Z
  Time since last request: 0.00017325 seconds.
  importAddress: GUID: 46c8e0bde8bfa5a4eadb9b33d3543bcd - Path: Packages/com.unity.2d.animation/Editor/Assets/LayoutOverlay/LayoutOverlay.uxml - Importer: ScriptedImporter/UnityEditor.QuickSearchModule:UnityEditor.Search:ASIAI0B
Importing 'GUID: 46c8e0bde8bfa5a4eadb9b33d3543bcd - Path: Packages/com.unity.2d.animation/Editor/Assets/LayoutOverlay/LayoutOverlay.uxml - Importer: ScriptedImporter/UnityEditor.QuickSearchModule:UnityEditor.Search:ASIAI0B' with importer (ScriptedImporter : UnityEditor.QuickSearchModule:UnityEditor.Search:ASIAI0B)
Imported 'GUID: 46c8e0bde8bfa5a4eadb9b33d3543bcd' -> (Import Result ID: 'dd34cefa3d418ee65c9bcc2971e75905') in 0.003 seconds [static and dynamic dependencies]. Details - ImportResultOutputID=4d899c193019845a8f38ed5b89d685ce DependenciesID=d3a03fc6319fdc1f839a008d51907a8d StaticDependenciesID=b6b51c0850be2da1ce3e8e9e914faa7c 
Number of updated asset objects reloaded before import = 0
Number of asset objects unloaded after import = 2
========================================================================
Received Import Request.
  Time of request: 2026-09-17T18:20:29.373746Z
  Time since last request: 0.000107667 seconds.
  importAddress: GUID: 392194ded0ab26843b0235cc38cd3c6c - Path: Packages/com.unity.2d.animation/Runtime/2DAnimationConstants.cs - Importer: ScriptedImporter/UnityEditor.QuickSearchModule:UnityEditor.Search:ASIAI0B
Importing 'GUID: 392194ded0ab26843b0235cc38cd3c6c - Path: Packages/com.unity.2d.animation/Runtime/2DAnimationConstants.cs - Importer: ScriptedImporter/UnityEditor.QuickSearchModule:UnityEditor.Search:ASIAI0B' with importer (ScriptedImporter : UnityEditor.QuickSearchModule:UnityEditor.Search:ASIAI0B)
Imported 'GUID: 392194ded0ab26843b0235cc38cd3c6c' -> (Import Result ID: '70a593dea3ee7af6a4e9fb2111666827') in 0.001 seconds [static and dynamic dependencies]. Details - ImportResultOutputID=f71801b63ba25f67c8c980e7584a12ca DependenciesID=4c31f637842f02271790af1b923dc5ca StaticDependenciesID=2f72fc05d8507a70f3cc65acfe2f3cdf 
Number of updated asset objects reloaded before import = 0
Number of asset objects unloaded after import = 0
========================================================================
Received Import Request.
  Time of request: 2026-09-17T18:20:29.382089Z
  Time since last request: 0.000259375 seconds.
  importAddress: GUID: d59ac20961f9b95419fd53d6c9663903 - Path: Packages/com.unity.2d.animation/Editor/SkinningModule/Cache - Importer: ScriptedImporter/UnityEditor.QuickSearchModule:UnityEditor.Search:ASIAI0B
Importing 'GUID: d59ac20961f9b95419fd53d6c9663903 - Path: Packages/com.unity.2d.animation/Editor/SkinningModule/Cache - Importer: ScriptedImporter/UnityEditor.QuickSearchModule:UnityEditor.Search:ASIAI0B' with importer (ScriptedImporter : UnityEditor.QuickSearchModule:UnityEditor.Search:ASIAI0B)
Imported 'GUID: d59ac20961f9b95419fd53d6c9663903' -> (Import Result ID: '373f0d4ac14867a92195f880f9e3e092') in 0.001 seconds [static and dynamic dependencies]. Details - ImportResultOutputID=0e7decec38a6b475f2fb4548a60c9e6d DependenciesID=8bdb7db683c66a5dbe395d5934a9727d StaticDependenciesID=33ff5bceb34540e24e29f205878cfae9 
Number of updated asset objects reloaded before import = 0
Number of asset objects unloaded after import = 1
========================================================================
Received Import Request.
  Time of request: 2026-09-17T18:20:29.389999Z
  Time since last request: 0.000109459 seconds.
  importAddress: GUID: 4d9abe6587844ad5a26d63cc0b42a191 - Path: Packages/com.unity.2d.tilemap/Editor/GridPaintCreateTargetsDropdown.cs - Importer: ScriptedImporter/UnityEditor.QuickSearchModule:UnityEditor.Search:ASIAI0B
Importing 'GUID: 4d9abe6587844ad5a26d63cc0b42a191 - Path: Packages/com.unity.2d.tilemap/Editor/GridPaintCreateTargetsDropdown.cs - Importer: ScriptedImporter/UnityEditor.QuickSearchModule:UnityEditor.Search:ASIAI0B' with importer (ScriptedImporter : UnityEditor.QuickSearchModule:UnityEditor.Search:ASIAI0B)
Imported 'GUID: 4d9abe6587844ad5a26d63cc0b42a191' -> (Import Result ID: '5638a744eecb0b2831fff8e7377768c7') in 0.001 seconds [static and dynamic dependencies]. Details - ImportResultOutputID=f2299d86c1044dcd7a127605b0f367d9 DependenciesID=8fa0b8c959712652d74194d8b8a4faa4 StaticDependenciesID=22d95b804d57ea43344f420118ede7db 
Number of updated asset objects reloaded before import = 0
Number of asset objects unloaded after import = 0
========================================================================
Received Import Request.
  Time of request: 2026-09-17T18:20:29.397804Z
  Time since last request: 0.000158042 seconds.
  importAddress: GUID: afe7d261eb308984e95ffa8d883fc998 - Path: Packages/com.unity.2d.animation/Editor/Assets/EditorIcons/d_Split Bones@2x.png - Importer: ScriptedImporter/UnityEditor.QuickSearchModule:UnityEditor.Search:ASIAI0B
Importing 'GUID: afe7d261eb308984e95ffa8d883fc998 - Path: Packages/com.unity.2d.animation/Editor/Assets/EditorIcons/d_Split Bones@2x.png - Importer: ScriptedImporter/UnityEditor.QuickSearchModule:UnityEditor.Search:ASIAI0B' with importer (ScriptedImporter : UnityEditor.QuickSearchModule:UnityEditor.Search:ASIAI0B)
Imported 'GUID: afe7d261eb308984e95ffa8d883fc998' -> (Import Result ID: '806369f970879969ea5501612abbb77c') in 0.003 seconds [static and dynamic dependencies]. Details - ImportResultOutputID=964a5462a9b59fceb478ffa81ae14523 DependenciesID=98a75f75bc22f7e0c5031da83fd8d36d StaticDependenciesID=f86b8b854e8bf5309718635c4fc2e5e4 
Number of updated asset objects reloaded before import = 0
Number of asset objects unloaded after import = 3
========================================================================
Received Import Request.
  Time of request: 2026-09-17T18:20:29.407441Z
  Time since last request: 0.000148333 seconds.
  importAddress: GUID: 56fdc1dd1bbc04a65a5c2ac1d9eacb5d - Path: Packages/com.unity.2d.animation/Editor/Assets/ComponentIcons/d_Animation.IKFabrik.png - Importer: ScriptedImporter/UnityEditor.QuickSearchModule:UnityEditor.Search:ASIAI0B
Importing 'GUID: 56fdc1dd1bbc04a65a5c2ac1d9eacb5d - Path: Packages/com.unity.2d.animation/Editor/Assets/ComponentIcons/d_Animation.IKFabrik.png - Importer: ScriptedImporter/UnityEditor.QuickSearchModule:UnityEditor.Search:ASIAI0B' with importer (ScriptedImporter : UnityEditor.QuickSearchModule:UnityEditor.Search:ASIAI0B)
Imported 'GUID: 56fdc1dd1bbc04a65a5c2ac1d9eacb5d' -> (Import Result ID: '84baf29514f97abbb7b6dc7bf45c4f1a') in 0.002 seconds [static and dynamic dependencies]. Details - ImportResultOutputID=5e5b4cff2ad808e85374a909d10d9621 DependenciesID=b61273755618043c34d121900d0f284a StaticDependenciesID=0aa66277598ceee33d7de7b8aa3c17e6 
Number of updated asset objects reloaded before import = 0
Number of asset objects unloaded after import = 3
========================================================================
Received Import Request.
  Time of request: 2026-09-17T18:20:29.416961Z
  Time since last request: 0.000113208 seconds.
  importAddress: GUID: 54b8604d8a7085842917d5b83ca73854 - Path: Packages/com.unity.2d.animation/Editor/Assets/EditorIcons/Paste@2x.png - Importer: ScriptedImporter/UnityEditor.QuickSearchModule:UnityEditor.Search:ASIAI0B
Importing 'GUID: 54b8604d8a7085842917d5b83ca73854 - Path: Packages/com.unity.2d.animation/Editor/Assets/EditorIcons/Paste@2x.png - Importer: ScriptedImporter/UnityEditor.QuickSearchModule:UnityEditor.Search:ASIAI0B' with importer (ScriptedImporter : UnityEditor.QuickSearchModule:UnityEditor.Search:ASIAI0B)
Imported 'GUID: 54b8604d8a7085842917d5b83ca73854' -> (Import Result ID: 'e58e1c2bda2d308879426f8a004b7994') in 0.004 seconds [static and dynamic dependencies]. Details - ImportResultOutputID=9c1dc9d539aa2901c073a03efaad3812 DependenciesID=1e98c65c54dbd5104dd83f265917aff3 StaticDependenciesID=61e1ac2d8ed9a75a1038e87fcf268927 
Number of updated asset objects reloaded before import = 0
Number of asset objects unloaded after import = 3
========================================================================
Received Import Request.
  Time of request: 2026-09-17T18:20:29.427592Z
  Time since last request: 0.000120625 seconds.
  importAddress: GUID: 8cfe3db07d64480dacc1b584f23b57b5 - Path: Packages/com.unity.2d.tooling/Editor/Insider/SpriteAtlas/AnalyzerProgress.cs - Importer: ScriptedImporter/UnityEditor.QuickSearchModule:UnityEditor.Search:ASIAI0B
Importing 'GUID: 8cfe3db07d64480dacc1b584f23b57b5 - Path: Packages/com.unity.2d.tooling/Editor/Insider/SpriteAtlas/AnalyzerProgress.cs - Importer: ScriptedImporter/UnityEditor.QuickSearchModule:UnityEditor.Search:ASIAI0B' with importer (ScriptedImporter : UnityEditor.QuickSearchModule:UnityEditor.Search:ASIAI0B)
Imported 'GUID: 8cfe3db07d64480dacc1b584f23b57b5' -> (Import Result ID: 'fa96a54d5bcdafc00322fdd187fb7494') in 0.001 seconds [static and dynamic dependencies]. Details - ImportResultOutputID=ed217fc5e090af048ea394de6e0877b2 DependenciesID=271442453095c789ae56010e5a9b5202 StaticDependenciesID=46fb5890923e3d61f7c1ef516bfe0605 
Number of updated asset objects reloaded before import = 0
Number of asset objects unloaded after import = 0
========================================================================
Received Import Request.
  Time of request: 2026-09-17T18:20:29.435397Z
  Time since last request: 0.000132458 seconds.
  importAddress: GUID: d32377b23cb0c8b46a545d7014fff425 - Path: Packages/com.unity.2d.sprite/Editor/SpriteEditor - Importer: ScriptedImporter/UnityEditor.QuickSearchModule:UnityEditor.Search:ASIAI0B
Importing 'GUID: d32377b23cb0c8b46a545d7014fff425 - Path: Packages/com.unity.2d.sprite/Editor/SpriteEditor - Importer: ScriptedImporter/UnityEditor.QuickSearchModule:UnityEditor.Search:ASIAI0B' with importer (ScriptedImporter : UnityEditor.QuickSearchModule:UnityEditor.Search:ASIAI0B)
Imported 'GUID: d32377b23cb0c8b46a545d7014fff425' -> (Import Result ID: '702a7b9919d28964174c9387298cef04') in 0.001 seconds [static and dynamic dependencies]. Details - ImportResultOutputID=295a7ce4a9bff14276b89a8c7e2d40ae DependenciesID=55dcc862093a3a0bf5c905e68a716a59 StaticDependenciesID=1a9ed4197acf9e8ff0a451a2d6b2945e 
Number of updated asset objects reloaded before import = 0
Number of asset objects unloaded after import = 1
========================================================================
Received Import Request.
  Time of request: 2026-09-17T18:20:29.443405Z
  Time since last request: 0.000223084 seconds.
  importAddress: GUID: 8356cf4cb497279418c30e5fcdfe82b8 - Path: Packages/com.unity.2d.animation/Editor/LayoutOverlay/Manipulators - Importer: ScriptedImporter/UnityEditor.QuickSearchModule:UnityEditor.Search:ASIAI0B
Importing 'GUID: 8356cf4cb497279418c30e5fcdfe82b8 - Path: Packages/com.unity.2d.animation/Editor/LayoutOverlay/Manipulators - Importer: ScriptedImporter/UnityEditor.QuickSearchModule:UnityEditor.Search:ASIAI0B' with importer (ScriptedImporter : UnityEditor.QuickSearchModule:UnityEditor.Search:ASIAI0B)
Imported 'GUID: 8356cf4cb497279418c30e5fcdfe82b8' -> (Import Result ID: 'f2707e88a79b82273791ad136d7e5543') in 0.001 seconds [static and dynamic dependencies]. Details - ImportResultOutputID=74a5858029ccabf6440d9218f657a895 DependenciesID=10b247206c161be7d2411df2e2672f86 StaticDependenciesID=b26f5ab2db2a365890ab48636524552c 
Number of updated asset objects reloaded before import = 0
Number of asset objects unloaded after import = 1
========================================================================
Received Import Request.
  Time of request: 2026-09-17T18:20:29.451511Z
  Time since last request: 0.000103459 seconds.
  importAddress: GUID: 686a68bbb8472457a8f0f3615966c5df - Path: Packages/com.unity.2d.pixel-perfect/Editor/ObjectMenuCreation - Importer: ScriptedImporter/UnityEditor.QuickSearchModule:UnityEditor.Search:ASIAI0B
Importing 'GUID: 686a68bbb8472457a8f0f3615966c5df - Path: Packages/com.unity.2d.pixel-perfect/Editor/ObjectMenuCreation - Importer: ScriptedImporter/UnityEditor.QuickSearchModule:UnityEditor.Search:ASIAI0B' with importer (ScriptedImporter : UnityEditor.QuickSearchModule:UnityEditor.Search:ASIAI0B)
Imported 'GUID: 686a68bbb8472457a8f0f3615966c5df' -> (Import Result ID: '2a48bdf1fd6af60255f0b4729fceb83b') in 0.001 seconds [static and dynamic dependencies]. Details - ImportResultOutputID=68a9f1f3477f6fd676135deab16350fa DependenciesID=2c7973efd83e9d5d9a83b65b9276fbae StaticDependenciesID=cfd08ac3cd4a06c1fe3ae05265217066 
Number of updated asset objects reloaded before import = 0
Number of asset objects unloaded after import = 1
========================================================================
Received Import Request.
  Time of request: 2026-09-17T18:20:29.459361Z
  Time since last request: 0.000186417 seconds.
  importAddress: GUID: 48e86ca3e41834f60b0eae5fb521cfc4 - Path: Packages/com.unity.2d.animation/Editor/Assets/ComponentIcons/Animation.IKManager On@32.png - Importer: ScriptedImporter/UnityEditor.QuickSearchModule:UnityEditor.Search:ASIAI0B
Importing 'GUID: 48e86ca3e41834f60b0eae5fb521cfc4 - Path: Packages/com.unity.2d.animation/Editor/Assets/ComponentIcons/Animation.IKManager On@32.png - Importer: ScriptedImporter/UnityEditor.QuickSearchModule:UnityEditor.Search:ASIAI0B' with importer (ScriptedImporter : UnityEditor.QuickSearchModule:UnityEditor.Search:ASIAI0B)
Imported 'GUID: 48e86ca3e41834f60b0eae5fb521cfc4' -> (Import Result ID: '732f3a70e8ddd64966a80084113e3edd') in 0.003 seconds [static and dynamic dependencies]. Details - ImportResultOutputID=1487d12eff95739c210b875f4ceb7603 DependenciesID=be71e316927a6a3be4c9276d29cf5f27 StaticDependenciesID=388d8983dce2d6fd5003b93660446599 
Number of updated asset objects reloaded before import = 0
Number of asset objects unloaded after import = 3
========================================================================
Received Import Request.
  Time of request: 2026-09-17T18:20:29.469191Z
  Time since last request: 0.000106667 seconds.
  importAddress: GUID: 51167ca4da0b28040a7d5f7d97f77e86 - Path: Packages/com.unity.2d.animation/Editor/SkinningModule/SkinningCache/SkinningCachePersistentState.cs - Importer: ScriptedImporter/UnityEditor.QuickSearchModule:UnityEditor.Search:ASIAI0B
Importing 'GUID: 51167ca4da0b28040a7d5f7d97f77e86 - Path: Packages/com.unity.2d.animation/Editor/SkinningModule/SkinningCache/SkinningCachePersistentState.cs - Importer: ScriptedImporter/UnityEditor.QuickSearchModule:UnityEditor.Search:ASIAI0B' with importer (ScriptedImporter : UnityEditor.QuickSearchModule:UnityEditor.Search:ASIAI0B)
Imported 'GUID: 51167ca4da0b28040a7d5f7d97f77e86' -> (Import Result ID: '1283883f54365d67d5ad88bc3f3753cd') in 0.001 seconds [static and dynamic dependencies]. Details - ImportResultOutputID=b5f8403ac5ad9c0e846db488d4a6e68b DependenciesID=01c9bd0b005f68b6aa18d1538f13d30e StaticDependenciesID=0977b5ba6a6d33de174ea74313c97703 
Number of updated asset objects reloaded before import = 0
Number of asset objects unloaded after import = 0
========================================================================
Received Import Request.
  Time of request: 2026-09-17T18:20:29.476747Z
  Time since last request: 0.000103542 seconds.
  importAddress: GUID: ae2dc5ec348ae4090b36972f4222f358 - Path: Packages/com.unity.2d.animation/Profiler/Editor/UI/SpriteSkinProfilerView/SpriteSkinProfilerView.uxml - Importer: ScriptedImporter/UnityEditor.QuickSearchModule:UnityEditor.Search:ASIAI0B
Importing 'GUID: ae2dc5ec348ae4090b36972f4222f358 - Path: Packages/com.unity.2d.animation/Profiler/Editor/UI/SpriteSkinProfilerView/SpriteSkinProfilerView.uxml - Importer: ScriptedImporter/UnityEditor.QuickSearchModule:UnityEditor.Search:ASIAI0B' with importer (ScriptedImporter : UnityEditor.QuickSearchModule:UnityEditor.Search:ASIAI0B)
Imported 'GUID: ae2dc5ec348ae4090b36972f4222f358' -> (Import Result ID: '22af22144a9f41253b2e54b8eb8946f7') in 0.002 seconds [static and dynamic dependencies]. Details - ImportResultOutputID=d08e5dd6f067e25e5683a8c69f05f498 DependenciesID=083fde13702bb8d9dfe2ca2811f38447 StaticDependenciesID=3d28d4eec403cc421bde257330fad868 
Number of updated asset objects reloaded before import = 0
Number of asset objects unloaded after import = 3
========================================================================
Received Import Request.
  Time of request: 2026-09-17T18:20:29.485889Z
  Time since last request: 0.000163666 seconds.
  importAddress: GUID: 088ce4ab56060504083daeb4556a09c1 - Path: Packages/com.unity.2d.animation/Editor/Assets/EditorIcons/Edit_Geometry@4x.png - Importer: ScriptedImporter/UnityEditor.QuickSearchModule:UnityEditor.Search:ASIAI0B
Importing 'GUID: 088ce4ab56060504083daeb4556a09c1 - Path: Packages/com.unity.2d.animation/Editor/Assets/EditorIcons/Edit_Geometry@4x.png - Importer: ScriptedImporter/UnityEditor.QuickSearchModule:UnityEditor.Search:ASIAI0B' with importer (ScriptedImporter : UnityEditor.QuickSearchModule:UnityEditor.Search:ASIAI0B)
Imported 'GUID: 088ce4ab56060504083daeb4556a09c1' -> (Import Result ID: '6f0190f0a100c033638d622a8448f34a') in 0.002 seconds [static and dynamic dependencies]. Details - ImportResultOutputID=f3402f8785b113096adf395fe15d13aa DependenciesID=d810179fec9f9ab8ccb39bb3f6cf5c8d StaticDependenciesID=71ada062662ba50b5c0de4c2a2a0138a 
Number of updated asset objects reloaded before import = 0
Number of asset objects unloaded after import = 3
========================================================================
Received Import Request.
  Time of request: 2026-09-17T18:20:29.495213Z
  Time since last request: 0.000086875 seconds.
  importAddress: GUID: 54ce89f1e912746ecb70ddf53bead1f8 - Path: Packages/com.unity.2d.animation/Editor/Assets/ComponentIcons/Animation.IKManager On@64.png - Importer: ScriptedImporter/UnityEditor.QuickSearchModule:UnityEditor.Search:ASIAI0B
Importing 'GUID: 54ce89f1e912746ecb70ddf53bead1f8 - Path: Packages/com.unity.2d.animation/Editor/Assets/ComponentIcons/Animation.IKManager On@64.png - Importer: ScriptedImporter/UnityEditor.QuickSearchModule:UnityEditor.Search:ASIAI0B' with importer (ScriptedImporter : UnityEditor.QuickSearchModule:UnityEditor.Search:ASIAI0B)
Imported 'GUID: 54ce89f1e912746ecb70ddf53bead1f8' -> (Import Result ID: '32ee6d902d682460aa324279896a24e1') in 0.002 seconds [static and dynamic dependencies]. Details - ImportResultOutputID=5aa9849c54ef1d41ee4fbe158c9450c2 DependenciesID=bfc1e0b369dc55a570ad3a705d4b3fc1 StaticDependenciesID=43bfdd8c11246e9ae960fb9421df3f2a 
Number of updated asset objects reloaded before import = 0
Number of asset objects unloaded after import = 3
========================================================================
Received Import Request.
  Time of request: 2026-09-17T18:20:29.504382Z
  Time since last request: 0.000140958 seconds.
  importAddress: GUID: e02c5dbafeee6ae488b1efd88793f456 - Path: Packages/com.unity.2d.psdimporter/Tests/EditorTests/PlaceholderTests.cs - Importer: ScriptedImporter/UnityEditor.QuickSearchModule:UnityEditor.Search:ASIAI0B
Importing 'GUID: e02c5dbafeee6ae488b1efd88793f456 - Path: Packages/com.unity.2d.psdimporter/Tests/EditorTests/PlaceholderTests.cs - Importer: ScriptedImporter/UnityEditor.QuickSearchModule:UnityEditor.Search:ASIAI0B' with importer (ScriptedImporter : UnityEditor.QuickSearchModule:UnityEditor.Search:ASIAI0B)
Imported 'GUID: e02c5dbafeee6ae488b1efd88793f456' -> (Import Result ID: '2c53e7541f99a966dd6ec7c5dc6c31ff') in 0.001 seconds [static and dynamic dependencies]. Details - ImportResultOutputID=ff2b0b27e8530a40b6b187dbcee7613e DependenciesID=6e7a98462bbb081d748d73809d65cb08 StaticDependenciesID=3deeeb6efa3c74a253fc03488504b6e6 
Number of updated asset objects reloaded before import = 0
Number of asset objects unloaded after import = 0
========================================================================
Received Import Request.
  Time of request: 2026-09-17T18:20:29.51231Z
  Time since last request: 0.000165333 seconds.
  importAddress: GUID: dd9f4de9063c9624fb0d6d883512ed9d - Path: Packages/com.unity.2d.common/Runtime/UTess2D - Importer: ScriptedImporter/UnityEditor.QuickSearchModule:UnityEditor.Search:ASIAI0B
Importing 'GUID: dd9f4de9063c9624fb0d6d883512ed9d - Path: Packages/com.unity.2d.common/Runtime/UTess2D - Importer: ScriptedImporter/UnityEditor.QuickSearchModule:UnityEditor.Search:ASIAI0B' with importer (ScriptedImporter : UnityEditor.QuickSearchModule:UnityEditor.Search:ASIAI0B)
Imported 'GUID: dd9f4de9063c9624fb0d6d883512ed9d' -> (Import Result ID: '61161cf96eb9339ed7b74bde0a5307d8') in 0.001 seconds [static and dynamic dependencies]. Details - ImportResultOutputID=c4438f22263c26b0bc6451216e34bb04 DependenciesID=ff843a01044d208ae4f8696da832876d StaticDependenciesID=1278c8bfcf10b81c9c8837cbb72569ca 
Number of updated asset objects reloaded before import = 0
Number of asset objects unloaded after import = 1
========================================================================
Received Import Request.
  Time of request: 2026-09-17T18:20:29.520114Z
  Time since last request: 0.000113833 seconds.
  importAddress: GUID: d0c7c8e72b5fcf84e9478a13bd449ae6 - Path: Packages/com.unity.2d.animation/Editor/Assets/EditorIcons/d_Generate_Geometry@3x.png - Importer: ScriptedImporter/UnityEditor.QuickSearchModule:UnityEditor.Search:ASIAI0B
Importing 'GUID: d0c7c8e72b5fcf84e9478a13bd449ae6 - Path: Packages/com.unity.2d.animation/Editor/Assets/EditorIcons/d_Generate_Geometry@3x.png - Importer: ScriptedImporter/UnityEditor.QuickSearchModule:UnityEditor.Search:ASIAI0B' with importer (ScriptedImporter : UnityEditor.QuickSearchModule:UnityEditor.Search:ASIAI0B)
Imported 'GUID: d0c7c8e72b5fcf84e9478a13bd449ae6' -> (Import Result ID: '11596bb57af52366dd734dfcaea8d3e3') in 0.003 seconds [static and dynamic dependencies]. Details - ImportResultOutputID=1ef0ace9715250453f4c0ecbfb072d47 DependenciesID=02351197aeec79640311226d0e020085 StaticDependenciesID=8e9b3dcdddb94bee18a35c1e326b755e 
Number of updated asset objects reloaded before import = 0
Number of asset objects unloaded after import = 3
========================================================================
Received Import Request.
  Time of request: 2026-09-17T18:20:29.529985Z
  Time since last request: 0.000124875 seconds.
  importAddress: GUID: 8f42b5a9ceac4020ab7f132059f79cb1 - Path: Packages/com.unity.2d.tilemap/Editor/UI/TilePaletteClipboardViewElement.cs - Importer: ScriptedImporter/UnityEditor.QuickSearchModule:UnityEditor.Search:ASIAI0B
Importing 'GUID: 8f42b5a9ceac4020ab7f132059f79cb1 - Path: Packages/com.unity.2d.tilemap/Editor/UI/TilePaletteClipboardViewElement.cs - Importer: ScriptedImporter/UnityEditor.QuickSearchModule:UnityEditor.Search:ASIAI0B' with importer (ScriptedImporter : UnityEditor.QuickSearchModule:UnityEditor.Search:ASIAI0B)
Imported 'GUID: 8f42b5a9ceac4020ab7f132059f79cb1' -> (Import Result ID: '8f5ef016dc9f41810b0fe8834ff8354e') in 0.002 seconds [static and dynamic dependencies]. Details - ImportResultOutputID=bbc314d1f38066bba2dca43bd719530e DependenciesID=0fa817cad48068ebb3b91bd232c32674 StaticDependenciesID=a59b75ca1dfbb9ddd8a99baf9f764a08 
Number of updated asset objects reloaded before import = 0
Number of asset objects unloaded after import = 0
========================================================================
Received Import Request.
  Time of request: 2026-09-17T18:20:29.538594Z
  Time since last request: 0.000127334 seconds.
  importAddress: GUID: c07475be16e5e4093a78d5271ca3abfd - Path: Packages/com.unity.2d.animation/Editor/Assets/ComponentIcons/d_Animation.SpriteLibraryManager@32.png - Importer: ScriptedImporter/UnityEditor.QuickSearchModule:UnityEditor.Search:ASIAI0B
Importing 'GUID: c07475be16e5e4093a78d5271ca3abfd - Path: Packages/com.unity.2d.animation/Editor/Assets/ComponentIcons/d_Animation.SpriteLibraryManager@32.png - Importer: ScriptedImporter/UnityEditor.QuickSearchModule:UnityEditor.Search:ASIAI0B' with importer (ScriptedImporter : UnityEditor.QuickSearchModule:UnityEditor.Search:ASIAI0B)
Imported 'GUID: c07475be16e5e4093a78d5271ca3abfd' -> (Import Result ID: 'b0dc3c5f19884d4c0a8e4772dab87a19') in 0.003 seconds [static and dynamic dependencies]. Details - ImportResultOutputID=207c13eeb3bcee03baf6ed142e82faf3 DependenciesID=f0e2bb2d352ba2506db0d6dde42f0365 StaticDependenciesID=9d07d53685e711f207f721023d8cd7db 
Number of updated asset objects reloaded before import = 0
Number of asset objects unloaded after import = 3
========================================================================
Received Import Request.
  Time of request: 2026-09-17T18:20:29.548494Z
  Time since last request: 0.000179625 seconds.
  importAddress: GUID: 24cf210708c57674b894af3341b1738b - Path: Packages/com.unity.2d.animation/Editor/Assets/EditorIcons/Selected/d_Bone@2x.png - Importer: ScriptedImporter/UnityEditor.QuickSearchModule:UnityEditor.Search:ASIAI0B
Importing 'GUID: 24cf210708c57674b894af3341b1738b - Path: Packages/com.unity.2d.animation/Editor/Assets/EditorIcons/Selected/d_Bone@2x.png - Importer: ScriptedImporter/UnityEditor.QuickSearchModule:UnityEditor.Search:ASIAI0B' with importer (ScriptedImporter : UnityEditor.QuickSearchModule:UnityEditor.Search:ASIAI0B)
Imported 'GUID: 24cf210708c57674b894af3341b1738b' -> (Import Result ID: '7cc0ab5efe4916765bb5de740e55089c') in 0.003 seconds [static and dynamic dependencies]. Details - ImportResultOutputID=fb8ec8b33a72e32af0cc1c3675cbad3f DependenciesID=00984ae9809965d43134ae929bec9466 StaticDependenciesID=143fb8779b3795319ad192b39c02a068 
Number of updated asset objects reloaded before import = 0
Number of asset objects unloaded after import = 3
========================================================================
Received Import Request.
  Time of request: 2026-09-17T18:20:29.558327Z
  Time since last request: 0.000150458 seconds.
  importAddress: GUID: afade8089b9d4585a5d60c8c8b1a8abd - Path: Packages/com.unity.2d.animation/Editor/SkinningModule/BatchedDrawing.cs - Importer: ScriptedImporter/UnityEditor.QuickSearchModule:UnityEditor.Search:ASIAI0B
Importing 'GUID: afade8089b9d4585a5d60c8c8b1a8abd - Path: Packages/com.unity.2d.animation/Editor/SkinningModule/BatchedDrawing.cs - Importer: ScriptedImporter/UnityEditor.QuickSearchModule:UnityEditor.Search:ASIAI0B' with importer (ScriptedImporter : UnityEditor.QuickSearchModule:UnityEditor.Search:ASIAI0B)
Imported 'GUID: afade8089b9d4585a5d60c8c8b1a8abd' -> (Import Result ID: 'fb599970a769c5e2d7cb3b6edb1231f3') in 0.001 seconds [static and dynamic dependencies]. Details - ImportResultOutputID=e68b2baa6202c6d4d7a93e7b210b519a DependenciesID=d0ca90e78d990e79c66e0b60c8de22ca StaticDependenciesID=342cf3cd9fbfa3a2526f7ac5bccfa032 
Number of updated asset objects reloaded before import = 0
Number of asset objects unloaded after import = 0
========================================================================
Received Import Request.
  Time of request: 2026-09-17T18:20:29.566282Z
  Time since last request: 0.000185042 seconds.
  importAddress: GUID: 1b45e34b5d565204db1307b88755e76d - Path: Packages/com.unity.2d.animation/Editor/Assets/SkinningModule/BoneInspectorPanel.uxml - Importer: ScriptedImporter/UnityEditor.QuickSearchModule:UnityEditor.Search:ASIAI0B
Importing 'GUID: 1b45e34b5d565204db1307b88755e76d - Path: Packages/com.unity.2d.animation/Editor/Assets/SkinningModule/BoneInspectorPanel.uxml - Importer: ScriptedImporter/UnityEditor.QuickSearchModule:UnityEditor.Search:ASIAI0B' with importer (ScriptedImporter : UnityEditor.QuickSearchModule:UnityEditor.Search:ASIAI0B)
Imported 'GUID: 1b45e34b5d565204db1307b88755e76d' -> (Import Result ID: '1203cb5b398ea85f9cf9e787e2ada106') in 0.004 seconds [static and dynamic dependencies]. Details - ImportResultOutputID=ad4740d5372c4cad7f5ba9dd0956dd9f DependenciesID=4c5df54c145c0434d6d55c78570bdf29 StaticDependenciesID=2409a9d9542b26306f6b5623e19b28d3 
Number of updated asset objects reloaded before import = 0
Number of asset objects unloaded after import = 2
========================================================================
Received Import Request.
  Time of request: 2026-09-17T18:20:29.577947Z
  Time since last request: 0.000092666 seconds.
  importAddress: GUID: 0d841f054a46c40bc878c70ce26a2c2a - Path: Packages/com.unity.2d.animation/Editor/Assets/SkinningModule/PivotInspectorPanel.uxml - Importer: ScriptedImporter/UnityEditor.QuickSearchModule:UnityEditor.Search:ASIAI0B
Importing 'GUID: 0d841f054a46c40bc878c70ce26a2c2a - Path: Packages/com.unity.2d.animation/Editor/Assets/SkinningModule/PivotInspectorPanel.uxml - Importer: ScriptedImporter/UnityEditor.QuickSearchModule:UnityEditor.Search:ASIAI0B' with importer (ScriptedImporter : UnityEditor.QuickSearchModule:UnityEditor.Search:ASIAI0B)
Imported 'GUID: 0d841f054a46c40bc878c70ce26a2c2a' -> (Import Result ID: '771620ee430eb2e656db4d5328d79401') in 0.003 seconds [static and dynamic dependencies]. Details - ImportResultOutputID=cbb91c24bd3773c9513a39fdc8475a0f DependenciesID=d421baae49f58882d3b1dd2a334b5944 StaticDependenciesID=21959f15d78d32f850f8fc6d1451952e 
Number of updated asset objects reloaded before import = 0
Number of asset objects unloaded after import = 2
========================================================================
Received Import Request.
  Time of request: 2026-09-17T18:20:29.587621Z
  Time since last request: 0.000131584 seconds.
  importAddress: GUID: d195aed64b2027a4197eb33df30324a3 - Path: Packages/com.unity.2d.animation/Editor/Assets/SkinningModule/BoneReparentWindow.uxml - Importer: ScriptedImporter/UnityEditor.QuickSearchModule:UnityEditor.Search:ASIAI0B
Importing 'GUID: d195aed64b2027a4197eb33df30324a3 - Path: Packages/com.unity.2d.animation/Editor/Assets/SkinningModule/BoneReparentWindow.uxml - Importer: ScriptedImporter/UnityEditor.QuickSearchModule:UnityEditor.Search:ASIAI0B' with importer (ScriptedImporter : UnityEditor.QuickSearchModule:UnityEditor.Search:ASIAI0B)
Imported 'GUID: d195aed64b2027a4197eb33df30324a3' -> (Import Result ID: '760f39872d4590ca428e6c302632c814') in 0.002 seconds [static and dynamic dependencies]. Details - ImportResultOutputID=6d1bf1c78714fcb7423139be3d325b75 DependenciesID=da29edc76ac59c3ce32859244133f336 StaticDependenciesID=3a0ab792b7e170068042587b4bb34590 
Number of updated asset objects reloaded before import = 0
Number of asset objects unloaded after import = 2
========================================================================
Received Import Request.
  Time of request: 2026-09-17T18:20:29.596981Z
  Time since last request: 0.000089416 seconds.
  importAddress: GUID: 30cd9a00cfd8f49a7bc262f7a63fd31a - Path: Packages/com.unity.2d.common/Path/Editor/IMGUI/GUIFramework/Control.cs - Importer: ScriptedImporter/UnityEditor.QuickSearchModule:UnityEditor.Search:ASIAI0B
Importing 'GUID: 30cd9a00cfd8f49a7bc262f7a63fd31a - Path: Packages/com.unity.2d.common/Path/Editor/IMGUI/GUIFramework/Control.cs - Importer: ScriptedImporter/UnityEditor.QuickSearchModule:UnityEditor.Search:ASIAI0B' with importer (ScriptedImporter : UnityEditor.QuickSearchModule:UnityEditor.Search:ASIAI0B)
Imported 'GUID: 30cd9a00cfd8f49a7bc262f7a63fd31a' -> (Import Result ID: 'a47cff623a00d475d5bd72a687e14ac9') in 0.001 seconds [static and dynamic dependencies]. Details - ImportResultOutputID=fe96005e33f40219eb8cb3eba4d5af21 DependenciesID=514a5d283dce2216d4120d84cef0f333 StaticDependenciesID=6853db0d159a3b57017badf0861b5b1a 
Number of updated asset objects reloaded before import = 0
Number of asset objects unloaded after import = 0
========================================================================
Received Import Request.
  Time of request: 2026-09-17T18:20:29.606862Z
  Time since last request: 0.002538959 seconds.
  importAddress: GUID: 558997ec9158c584a9ba9ee3eddbe8b0 - Path: Packages/com.unity.2d.animation/Editor/Assets/EditorIcons/Selected/Edit_Pose@3x.png - Importer: ScriptedImporter/UnityEditor.QuickSearchModule:UnityEditor.Search:ASIAI0B
Importing 'GUID: 558997ec9158c584a9ba9ee3eddbe8b0 - Path: Packages/com.unity.2d.animation/Editor/Assets/EditorIcons/Selected/Edit_Pose@3x.png - Importer: ScriptedImporter/UnityEditor.QuickSearchModule:UnityEditor.Search:ASIAI0B' with importer (ScriptedImporter : UnityEditor.QuickSearchModule:UnityEditor.Search:ASIAI0B)
Imported 'GUID: 558997ec9158c584a9ba9ee3eddbe8b0' -> (Import Result ID: '42d20ef3a5015ab6e1242e9b278f7cae') in 0.004 seconds [static and dynamic dependencies]. Details - ImportResultOutputID=43afae340ecf9f45292678c7488e1351 DependenciesID=11a449671765ef26abfc98b73d21cc1f StaticDependenciesID=ba4cc21bb44f69e2202982a1135a6642 
Number of updated asset objects reloaded before import = 0
Number of asset objects unloaded after import = 3
========================================================================
Received Import Request.
  Time of request: 2026-09-17T18:20:29.617743Z
  Time since last request: 0.000089208 seconds.
  importAddress: GUID: 5156a72be078d4d0e8593843cdc34294 - Path: Packages/com.unity.2d.animation/Editor/Assets/ComponentIcons/Animation.IKCCD@128.png - Importer: ScriptedImporter/UnityEditor.QuickSearchModule:UnityEditor.Search:ASIAI0B
Importing 'GUID: 5156a72be078d4d0e8593843cdc34294 - Path: Packages/com.unity.2d.animation/Editor/Assets/ComponentIcons/Animation.IKCCD@128.png - Importer: ScriptedImporter/UnityEditor.QuickSearchModule:UnityEditor.Search:ASIAI0B' with importer (ScriptedImporter : UnityEditor.QuickSearchModule:UnityEditor.Search:ASIAI0B)
Imported 'GUID: 5156a72be078d4d0e8593843cdc34294' -> (Import Result ID: '048df3434f40a2df1f190aa545810afe') in 0.002 seconds [static and dynamic dependencies]. Details - ImportResultOutputID=0c2fb4dd796c39d408c3bdf395ae8664 DependenciesID=aee4312028f09df1afea4dbfad6f0bb7 StaticDependenciesID=78da72b75702121c03a4a8e990e4d2dd 
Number of updated asset objects reloaded before import = 0
Number of asset objects unloaded after import = 3
========================================================================
Received Import Request.
  Time of request: 2026-09-17T18:20:29.626843Z
  Time since last request: 0.000163167 seconds.
  importAddress: GUID: 8858edd76d8a6e37f414d9cf57e91814 - Path: Packages/com.unity.2d.tilemap.extras - Importer: ScriptedImporter/UnityEditor.QuickSearchModule:UnityEditor.Search:ASIAI0B
Importing 'GUID: 8858edd76d8a6e37f414d9cf57e91814 - Path: Packages/com.unity.2d.tilemap.extras - Importer: ScriptedImporter/UnityEditor.QuickSearchModule:UnityEditor.Search:ASIAI0B' with importer (ScriptedImporter : UnityEditor.QuickSearchModule:UnityEditor.Search:ASIAI0B)
Imported 'GUID: 8858edd76d8a6e37f414d9cf57e91814' -> (Import Result ID: '9d5bbf7cb966a5cb2187a5dea4dcea0f') in 0.001 seconds [static and dynamic dependencies]. Details - ImportResultOutputID=8deb6e432d0b2898eedf4faa2ae1c63a DependenciesID=4a49e96b6b229f505f11bdeebe379207 StaticDependenciesID=d774e7bbd51c1e3abb40d05c1f568c68 
Number of updated asset objects reloaded before import = 0
Number of asset objects unloaded after import = 1
========================================================================
Received Import Request.
  Time of request: 2026-09-17T18:20:29.634468Z
  Time since last request: 0.000253959 seconds.
  importAddress: GUID: 620c158a2e9b847248f3f7ebb6738323 - Path: Packages/com.unity.2d.animation/Editor/SpriteSkin - Importer: ScriptedImporter/UnityEditor.QuickSearchModule:UnityEditor.Search:ASIAI0B
Importing 'GUID: 620c158a2e9b847248f3f7ebb6738323 - Path: Packages/com.unity.2d.animation/Editor/SpriteSkin - Importer: ScriptedImporter/UnityEditor.QuickSearchModule:UnityEditor.Search:ASIAI0B' with importer (ScriptedImporter : UnityEditor.QuickSearchModule:UnityEditor.Search:ASIAI0B)
Imported 'GUID: 620c158a2e9b847248f3f7ebb6738323' -> (Import Result ID: 'ed4b1ceb60ad8d7913a8b629316fd52b') in 0.001 seconds [static and dynamic dependencies]. Details - ImportResultOutputID=982b0824c17c8c65ed5dced2fef8c0ec DependenciesID=fc0bdbc80121ee1176c0674787aad4a9 StaticDependenciesID=bde3d9c331ed3a62ae97504393b03427 
Number of updated asset objects reloaded before import = 0
Number of asset objects unloaded after import = 1
========================================================================
Received Import Request.
  Time of request: 2026-09-17T18:20:29.642009Z
  Time since last request: 0.000145208 seconds.
  importAddress: GUID: 1d81f1654f20d4bae8f5f63150d74bcc - Path: Packages/com.unity.2d.animation/Runtime/SpriteLib/SpriteLibraryData.cs - Importer: ScriptedImporter/UnityEditor.QuickSearchModule:UnityEditor.Search:ASIAI0B
Importing 'GUID: 1d81f1654f20d4bae8f5f63150d74bcc - Path: Packages/com.unity.2d.animation/Runtime/SpriteLib/SpriteLibraryData.cs - Importer: ScriptedImporter/UnityEditor.QuickSearchModule:UnityEditor.Search:ASIAI0B' with importer (ScriptedImporter : UnityEditor.QuickSearchModule:UnityEditor.Search:ASIAI0B)
Imported 'GUID: 1d81f1654f20d4bae8f5f63150d74bcc' -> (Import Result ID: '36ba646bd62089e0c0ab25a48441b51c') in 0.001 seconds [static and dynamic dependencies]. Details - ImportResultOutputID=6de0711ba336826010de42538c2eae49 DependenciesID=123630cc7a5ea27b9f1f0e813704d090 StaticDependenciesID=04795114801a07dbc6374b16654bd064 
Number of updated asset objects reloaded before import = 0
Number of asset objects unloaded after import = 0
========================================================================
Received Import Request.
  Time of request: 2026-09-17T18:20:29.649776Z
  Time since last request: 0.00015475 seconds.
  importAddress: GUID: 0a1ce61609bfe5541aea5f933f4a25de - Path: Packages/com.unity.2d.tilemap.extras/Editor/Tiles/RuleOverrideTile - Importer: ScriptedImporter/UnityEditor.QuickSearchModule:UnityEditor.Search:ASIAI0B
Importing 'GUID: 0a1ce61609bfe5541aea5f933f4a25de - Path: Packages/com.unity.2d.tilemap.extras/Editor/Tiles/RuleOverrideTile - Importer: ScriptedImporter/UnityEditor.QuickSearchModule:UnityEditor.Search:ASIAI0B' with importer (ScriptedImporter : UnityEditor.QuickSearchModule:UnityEditor.Search:ASIAI0B)
Imported 'GUID: 0a1ce61609bfe5541aea5f933f4a25de' -> (Import Result ID: 'ea936ff933f1a2fad1804d091dc0bced') in 0.001 seconds [static and dynamic dependencies]. Details - ImportResultOutputID=64057c00858a59a14490a1c24208bdf7 DependenciesID=e27eba95c5c4ca15d1f59c6cdea5c7ee StaticDependenciesID=5ad27d5e04a1ded8206391eea95ef05e 
Number of updated asset objects reloaded before import = 0
Number of asset objects unloaded after import = 1
========================================================================
Received Import Request.
  Time of request: 2026-09-17T18:20:29.657791Z
  Time since last request: 0.000135292 seconds.
  importAddress: GUID: fe145a004cb46de488885e70d26cade0 - Path: Packages/com.unity.2d.animation/Editor/Assets/EditorIcons/d_Bone@3x.png - Importer: ScriptedImporter/UnityEditor.QuickSearchModule:UnityEditor.Search:ASIAI0B
Importing 'GUID: fe145a004cb46de488885e70d26cade0 - Path: Packages/com.unity.2d.animation/Editor/Assets/EditorIcons/d_Bone@3x.png - Importer: ScriptedImporter/UnityEditor.QuickSearchModule:UnityEditor.Search:ASIAI0B' with importer (ScriptedImporter : UnityEditor.QuickSearchModule:UnityEditor.Search:ASIAI0B)
Imported 'GUID: fe145a004cb46de488885e70d26cade0' -> (Import Result ID: '1f2848afd92a018607822d566bd1ebe2') in 0.002 seconds [static and dynamic dependencies]. Details - ImportResultOutputID=be218ff76245a222b8bb29cb0144b99c DependenciesID=322658ce3d0c610234483f404bffc70c StaticDependenciesID=7a6141bae747e3aa5b440f3fbfcdb601 
Number of updated asset objects reloaded before import = 0
Number of asset objects unloaded after import = 3
========================================================================
Received Import Request.
  Time of request: 2026-09-17T18:20:29.66716Z
  Time since last request: 0.000372583 seconds.
  importAddress: GUID: 474d43676f25748e8b57742ef900fe95 - Path: Packages/com.unity.2d.psdimporter/Editor/UTK/ImportColumn.cs - Importer: ScriptedImporter/UnityEditor.QuickSearchModule:UnityEditor.Search:ASIAI0B
Importing 'GUID: 474d43676f25748e8b57742ef900fe95 - Path: Packages/com.unity.2d.psdimporter/Editor/UTK/ImportColumn.cs - Importer: ScriptedImporter/UnityEditor.QuickSearchModule:UnityEditor.Search:ASIAI0B' with importer (ScriptedImporter : UnityEditor.QuickSearchModule:UnityEditor.Search:ASIAI0B)
Imported 'GUID: 474d43676f25748e8b57742ef900fe95' -> (Import Result ID: '0c7da704239798aacace5b3f7b6858d1') in 0.001 seconds [static and dynamic dependencies]. Details - ImportResultOutputID=74604a17609562a5404643ead3b7d3a3 DependenciesID=54141a9c2d6eb0fd614756597abe4c5f StaticDependenciesID=2273051accb2aa38e17dc93d5fca15a0 
Number of updated asset objects reloaded before import = 0
Number of asset objects unloaded after import = 0
========================================================================
Received Import Request.
  Time of request: 2026-09-17T18:20:29.676001Z
  Time since last request: 0.000186667 seconds.
  importAddress: GUID: 33bd6f61ca79e43debb3ddbcee35f5ee - Path: Packages/com.unity.2d.animation/Editor/UpgradeTools/Utilities - Importer: ScriptedImporter/UnityEditor.QuickSearchModule:UnityEditor.Search:ASIAI0B
Importing 'GUID: 33bd6f61ca79e43debb3ddbcee35f5ee - Path: Packages/com.unity.2d.animation/Editor/UpgradeTools/Utilities - Importer: ScriptedImporter/UnityEditor.QuickSearchModule:UnityEditor.Search:ASIAI0B' with importer (ScriptedImporter : UnityEditor.QuickSearchModule:UnityEditor.Search:ASIAI0B)
Imported 'GUID: 33bd6f61ca79e43debb3ddbcee35f5ee' -> (Import Result ID: 'd3f0667089dd83d0077359770e4bb36b') in 0.001 seconds [static and dynamic dependencies]. Details - ImportResultOutputID=29e2977c3f6fe0c5c7161d4254493f6f DependenciesID=0df9fd502e4c21614aa04d5a08c3d765 StaticDependenciesID=7691233a2cdad31839d218a51477b6e4 
Number of updated asset objects reloaded before import = 0
Number of asset objects unloaded after import = 1
========================================================================
Received Import Request.
  Time of request: 2026-09-17T18:20:29.684294Z
  Time since last request: 0.000143042 seconds.
  importAddress: GUID: c29cff538c195c249b69c6f2236de67b - Path: Packages/com.unity.2d.animation/Runtime/SpriteLib/SpriteLibrary.cs - Importer: ScriptedImporter/UnityEditor.QuickSearchModule:UnityEditor.Search:ASIAI0B
Importing 'GUID: c29cff538c195c249b69c6f2236de67b - Path: Packages/com.unity.2d.animation/Runtime/SpriteLib/SpriteLibrary.cs - Importer: ScriptedImporter/UnityEditor.QuickSearchModule:UnityEditor.Search:ASIAI0B' with importer (ScriptedImporter : UnityEditor.QuickSearchModule:UnityEditor.Search:ASIAI0B)
Imported 'GUID: c29cff538c195c249b69c6f2236de67b' -> (Import Result ID: '33a01289d2b860b11d2a938261392015') in 0.001 seconds [static and dynamic dependencies]. Details - ImportResultOutputID=1c0412675a9b4ea3214d35cee55e9a71 DependenciesID=dd8967bd0d6f111d26eca1166cee8fe5 StaticDependenciesID=c8afa3bafac517ab92a9b6083a9f1565 
Number of updated asset objects reloaded before import = 0
Number of asset objects unloaded after import = 0
========================================================================
Received Import Request.
  Time of request: 2026-09-17T18:20:29.692423Z
  Time since last request: 0.00013925 seconds.
  importAddress: GUID: fcf9d5fa95289914b82e16091eedfb4f - Path: Packages/com.unity.2d.animation/Editor/SpriteLib/SpriteResolverInspector.cs - Importer: ScriptedImporter/UnityEditor.QuickSearchModule:UnityEditor.Search:ASIAI0B
Importing 'GUID: fcf9d5fa95289914b82e16091eedfb4f - Path: Packages/com.unity.2d.animation/Editor/SpriteLib/SpriteResolverInspector.cs - Importer: ScriptedImporter/UnityEditor.QuickSearchModule:UnityEditor.Search:ASIAI0B' with importer (ScriptedImporter : UnityEditor.QuickSearchModule:UnityEditor.Search:ASIAI0B)
Imported 'GUID: fcf9d5fa95289914b82e16091eedfb4f' -> (Import Result ID: '27117673132c4b94aa9c8483206625d3') in 0.001 seconds [static and dynamic dependencies]. Details - ImportResultOutputID=1e242d1d86ef397ad3ca695c122f2dbe DependenciesID=dde84fb440fc718613787990f49f7828 StaticDependenciesID=99d752e60249dda6b2ab8ab26a6e1827 
Number of updated asset objects reloaded before import = 0
Number of asset objects unloaded after import = 0
========================================================================
Received Import Request.
  Time of request: 2026-09-17T18:20:29.700464Z
  Time since last request: 0.000154958 seconds.
  importAddress: GUID: bd604afe90023492586ef97592e54ba4 - Path: Packages/com.unity.2d.tilemap.extras/Editor/Tiles/RuleOverrideTile/AdvancedRuleOverrideTileEditor.cs - Importer: ScriptedImporter/UnityEditor.QuickSearchModule:UnityEditor.Search:ASIAI0B
Importing 'GUID: bd604afe90023492586ef97592e54ba4 - Path: Packages/com.unity.2d.tilemap.extras/Editor/Tiles/RuleOverrideTile/AdvancedRuleOverrideTileEditor.cs - Importer: ScriptedImporter/UnityEditor.QuickSearchModule:UnityEditor.Search:ASIAI0B' with importer (ScriptedImporter : UnityEditor.QuickSearchModule:UnityEditor.Search:ASIAI0B)
Imported 'GUID: bd604afe90023492586ef97592e54ba4' -> (Import Result ID: '0d6f33e6a6757a7f5d43e20aab29c5e6') in 0.001 seconds [static and dynamic dependencies]. Details - ImportResultOutputID=9bdf86cd75d86bbec7420d61cb1ec36b DependenciesID=db1a7485a2806174467446a63d9bdd80 StaticDependenciesID=005acf976a4226d4d1b647939375630f 
Number of updated asset objects reloaded before import = 0
Number of asset objects unloaded after import = 0
========================================================================
Received Import Request.
  Time of request: 2026-09-17T18:20:29.708369Z
  Time since last request: 0.000157167 seconds.
  importAddress: GUID: 6e6ff0d919800e24484d21950e3d851f - Path: Packages/com.unity.2d.tilemap/Editor/EditorTools/BoxTool.cs - Importer: ScriptedImporter/UnityEditor.QuickSearchModule:UnityEditor.Search:ASIAI0B
Importing 'GUID: 6e6ff0d919800e24484d21950e3d851f - Path: Packages/com.unity.2d.tilemap/Editor/EditorTools/BoxTool.cs - Importer: ScriptedImporter/UnityEditor.QuickSearchModule:UnityEditor.Search:ASIAI0B' with importer (ScriptedImporter : UnityEditor.QuickSearchModule:UnityEditor.Search:ASIAI0B)
Imported 'GUID: 6e6ff0d919800e24484d21950e3d851f' -> (Import Result ID: '82b8ac2e7c1ad3979381c47be41b0d2f') in 0.001 seconds [static and dynamic dependencies]. Details - ImportResultOutputID=a9b5f05f43245162bfac49351d95f974 DependenciesID=49de1fc6076397a0038d0cfa61e5332e StaticDependenciesID=4eaa66642bf9db87b0d7a3830eaceee8 
Number of updated asset objects reloaded before import = 0
Number of asset objects unloaded after import = 0
========================================================================
Received Import Request.
  Time of request: 2026-09-17T18:20:29.716204Z
  Time since last request: 0.000150208 seconds.
  importAddress: GUID: d6b617973b614012805b1c3eff75ae08 - Path: Packages/com.unity.2d.sprite/Editor/ProjectSettings/SpriteFrameModuleSettings/SpriteFrameModuleSettingsAsset.cs - Importer: ScriptedImporter/UnityEditor.QuickSearchModule:UnityEditor.Search:ASIAI0B
Importing 'GUID: d6b617973b614012805b1c3eff75ae08 - Path: Packages/com.unity.2d.sprite/Editor/ProjectSettings/SpriteFrameModuleSettings/SpriteFrameModuleSettingsAsset.cs - Importer: ScriptedImporter/UnityEditor.QuickSearchModule:UnityEditor.Search:ASIAI0B' with importer (ScriptedImporter : UnityEditor.QuickSearchModule:UnityEditor.Search:ASIAI0B)
Imported 'GUID: d6b617973b614012805b1c3eff75ae08' -> (Import Result ID: '3cf60ca8c71a1e3b125d5554f36c241e') in 0.001 seconds [static and dynamic dependencies]. Details - ImportResultOutputID=0d8a217543c05a1954a4dfda2aa9f833 DependenciesID=2ff18dfc6ac3e55c33df61c308d75c82 StaticDependenciesID=d4782ba4b595a86977c146b1737b079a 
Number of updated asset objects reloaded before import = 0
Number of asset objects unloaded after import = 0
========================================================================
Received Import Request.
  Time of request: 2026-09-17T18:20:29.723783Z
  Time since last request: 0.000150875 seconds.
  importAddress: GUID: b0a2bc09e0ec6405388c569a95759f9f - Path: Packages/com.unity.2d.animation/Editor/UpgradeTools/UI - Importer: ScriptedImporter/UnityEditor.QuickSearchModule:UnityEditor.Search:ASIAI0B
Importing 'GUID: b0a2bc09e0ec6405388c569a95759f9f - Path: Packages/com.unity.2d.animation/Editor/UpgradeTools/UI - Importer: ScriptedImporter/UnityEditor.QuickSearchModule:UnityEditor.Search:ASIAI0B' with importer (ScriptedImporter : UnityEditor.QuickSearchModule:UnityEditor.Search:ASIAI0B)
Imported 'GUID: b0a2bc09e0ec6405388c569a95759f9f' -> (Import Result ID: '007382dd66f8297160adcfecfbd2bd95') in 0.001 seconds [static and dynamic dependencies]. Details - ImportResultOutputID=fea7814032832f062fbc1a507ae51b3e DependenciesID=359e86469953963f912605d55e33d8b0 StaticDependenciesID=0d80fc17b5a89943730fc761231fbc84 
Number of updated asset objects reloaded before import = 0
Number of asset objects unloaded after import = 1
========================================================================
Received Import Request.
  Time of request: 2026-09-17T18:20:29.731741Z
  Time since last request: 0.000132625 seconds.
  importAddress: GUID: 7fcfe3c97703ff145afae98c5b358e95 - Path: Packages/com.unity.2d.animation/Editor/SkinningModule/SkinningCache/CharacterCache.cs - Importer: ScriptedImporter/UnityEditor.QuickSearchModule:UnityEditor.Search:ASIAI0B
Importing 'GUID: 7fcfe3c97703ff145afae98c5b358e95 - Path: Packages/com.unity.2d.animation/Editor/SkinningModule/SkinningCache/CharacterCache.cs - Importer: ScriptedImporter/UnityEditor.QuickSearchModule:UnityEditor.Search:ASIAI0B' with importer (ScriptedImporter : UnityEditor.QuickSearchModule:UnityEditor.Search:ASIAI0B)
Imported 'GUID: 7fcfe3c97703ff145afae98c5b358e95' -> (Import Result ID: '59a456b7189a31b70bf65f4f220af5c5') in 0.001 seconds [static and dynamic dependencies]. Details - ImportResultOutputID=f610d1d995a73f3efb67b70e66a622dd DependenciesID=8980f75e5d39bcc842d44ef094436d24 StaticDependenciesID=7ed99088e9a3878330b191ae73bfbab5 
Number of updated asset objects reloaded before import = 0
Number of asset objects unloaded after import = 0
========================================================================
Received Import Request.
  Time of request: 2026-09-17T18:20:29.739516Z
  Time since last request: 0.000126208 seconds.
  importAddress: GUID: 58147b5e82a62ad4aacd2cfa2ef653bc - Path: Packages/com.unity.2d.tilemap.extras/Editor - Importer: ScriptedImporter/UnityEditor.QuickSearchModule:UnityEditor.Search:ASIAI0B
Importing 'GUID: 58147b5e82a62ad4aacd2cfa2ef653bc - Path: Packages/com.unity.2d.tilemap.extras/Editor - Importer: ScriptedImporter/UnityEditor.QuickSearchModule:UnityEditor.Search:ASIAI0B' with importer (ScriptedImporter : UnityEditor.QuickSearchModule:UnityEditor.Search:ASIAI0B)
Imported 'GUID: 58147b5e82a62ad4aacd2cfa2ef653bc' -> (Import Result ID: '2890e1d90164d317fe70463d74711044') in 0.001 seconds [static and dynamic dependencies]. Details - ImportResultOutputID=0e17794a957fb4a038be2bbf883c24af DependenciesID=0830ceff747fcf312e7d4d98ef48b33c StaticDependenciesID=687511d43ff9b31e3d15cc42dbd52df7 
Number of updated asset objects reloaded before import = 0
Number of asset objects unloaded after import = 1
========================================================================
Received Import Request.
  Time of request: 2026-09-17T18:20:29.747198Z
  Time since last request: 0.000176292 seconds.
  importAddress: GUID: b892ef76b3d1b46f2b3d4ba33d5d588c - Path: Packages/com.unity.2d.aseprite/Editor/Common/InternalBridge/InternalBridgeRef.asmref - Importer: ScriptedImporter/UnityEditor.QuickSearchModule:UnityEditor.Search:ASIAI0B
Importing 'GUID: b892ef76b3d1b46f2b3d4ba33d5d588c - Path: Packages/com.unity.2d.aseprite/Editor/Common/InternalBridge/InternalBridgeRef.asmref - Importer: ScriptedImporter/UnityEditor.QuickSearchModule:UnityEditor.Search:ASIAI0B' with importer (ScriptedImporter : UnityEditor.QuickSearchModule:UnityEditor.Search:ASIAI0B)
Imported 'GUID: b892ef76b3d1b46f2b3d4ba33d5d588c' -> (Import Result ID: 'ae3658ed9e05df5a731147643a2b8975') in 0.001 seconds [static and dynamic dependencies]. Details - ImportResultOutputID=da3eb09af4e22b581cc123505df109b4 DependenciesID=57d22556e91adb040214b113c9c7831a StaticDependenciesID=02c384936c09a32239a81d2830fe44fb 
Number of updated asset objects reloaded before import = 0
Number of asset objects unloaded after import = 1
========================================================================
Received Import Request.
  Time of request: 2026-09-17T18:20:29.755176Z
  Time since last request: 0.000101708 seconds.
  importAddress: GUID: 326d53b2fd514a84b69ee80aa0ba5493 - Path: Packages/com.unity.2d.aseprite/Editor/Inspector/ExportAssetsPopup.cs - Importer: ScriptedImporter/UnityEditor.QuickSearchModule:UnityEditor.Search:ASIAI0B
Importing 'GUID: 326d53b2fd514a84b69ee80aa0ba5493 - Path: Packages/com.unity.2d.aseprite/Editor/Inspector/ExportAssetsPopup.cs - Importer: ScriptedImporter/UnityEditor.QuickSearchModule:UnityEditor.Search:ASIAI0B' with importer (ScriptedImporter : UnityEditor.QuickSearchModule:UnityEditor.Search:ASIAI0B)
Imported 'GUID: 326d53b2fd514a84b69ee80aa0ba5493' -> (Import Result ID: 'd00b9ea92958d4db164a03030ff0bfbd') in 0.001 seconds [static and dynamic dependencies]. Details - ImportResultOutputID=fa5ab4dd185f15639ec8a43b2b98243d DependenciesID=cd23720deff8761d4a3058a258ea71ff StaticDependenciesID=bab268064a9ff545b70d3fc389b771e9 
Number of updated asset objects reloaded before import = 0
Number of asset objects unloaded after import = 0
========================================================================
Received Import Request.
  Time of request: 2026-09-17T18:20:29.762806Z
  Time since last request: 0.000135167 seconds.
  importAddress: GUID: a573a189e85fcd243a32fa6ac742ca44 - Path: Packages/com.unity.2d.tilemap.extras/Editor/Tiles/HexagonalRuleTile/HexagonalRuleTileEditor.cs - Importer: ScriptedImporter/UnityEditor.QuickSearchModule:UnityEditor.Search:ASIAI0B
Importing 'GUID: a573a189e85fcd243a32fa6ac742ca44 - Path: Packages/com.unity.2d.tilemap.extras/Editor/Tiles/HexagonalRuleTile/HexagonalRuleTileEditor.cs - Importer: ScriptedImporter/UnityEditor.QuickSearchModule:UnityEditor.Search:ASIAI0B' with importer (ScriptedImporter : UnityEditor.QuickSearchModule:UnityEditor.Search:ASIAI0B)
Imported 'GUID: a573a189e85fcd243a32fa6ac742ca44' -> (Import Result ID: 'ae4aee0433c9fddffd20cce0215acd04') in 0.001 seconds [static and dynamic dependencies]. Details - ImportResultOutputID=c5202c0031f3c14866ba7b11444b2402 DependenciesID=48889741f5938f267994ae1f7ee4b553 StaticDependenciesID=eee16ea146b91ebc891212589cca3a3b 
Number of updated asset objects reloaded before import = 0
Number of asset objects unloaded after import = 0
========================================================================
Received Import Request.
  Time of request: 2026-09-17T18:20:29.770806Z
  Time since last request: 0.000165208 seconds.
  importAddress: GUID: 3d834cd56fabc3447b5e84a6ad97d96a - Path: Packages/com.unity.2d.spriteshape/Runtime/External/LibTessDotNet/Mesh.cs - Importer: ScriptedImporter/UnityEditor.QuickSearchModule:UnityEditor.Search:ASIAI0B
Importing 'GUID: 3d834cd56fabc3447b5e84a6ad97d96a - Path: Packages/com.unity.2d.spriteshape/Runtime/External/LibTessDotNet/Mesh.cs - Importer: ScriptedImporter/UnityEditor.QuickSearchModule:UnityEditor.Search:ASIAI0B' with importer (ScriptedImporter : UnityEditor.QuickSearchModule:UnityEditor.Search:ASIAI0B)
Imported 'GUID: 3d834cd56fabc3447b5e84a6ad97d96a' -> (Import Result ID: 'f91dc2db3360fb4b39aec0bd6011b7f9') in 0.001 seconds [static and dynamic dependencies]. Details - ImportResultOutputID=50207d0de02d69a29f2b46fd6667c4d0 DependenciesID=72e4efa8def71f0c1717152ee299006f StaticDependenciesID=ae31f77ad9880454f5f51b5d474771c0 
Number of updated asset objects reloaded before import = 0
Number of asset objects unloaded after import = 0
========================================================================
Received Import Request.
  Time of request: 2026-09-17T18:20:29.778541Z
  Time since last request: 0.000139125 seconds.
  importAddress: GUID: e3dfa6de9ba76974d864f021fdb7d162 - Path: Packages/com.unity.2d.tilemap/Editor/EditorTools/GridSelection/GridSelectionTool.cs - Importer: ScriptedImporter/UnityEditor.QuickSearchModule:UnityEditor.Search:ASIAI0B
Importing 'GUID: e3dfa6de9ba76974d864f021fdb7d162 - Path: Packages/com.unity.2d.tilemap/Editor/EditorTools/GridSelection/GridSelectionTool.cs - Importer: ScriptedImporter/UnityEditor.QuickSearchModule:UnityEditor.Search:ASIAI0B' with importer (ScriptedImporter : UnityEditor.QuickSearchModule:UnityEditor.Search:ASIAI0B)
Imported 'GUID: e3dfa6de9ba76974d864f021fdb7d162' -> (Import Result ID: '4bb7c467f5e7c5a69992b13ae37626c6') in 0.001 seconds [static and dynamic dependencies]. Details - ImportResultOutputID=d3f038f86179b76cfe71b78e720e9e28 DependenciesID=d04c49f17604b904e22cefca41ff5f34 StaticDependenciesID=da929f71d8e67c3ed8e39fbc92f65d07 
Number of updated asset objects reloaded before import = 0
Number of asset objects unloaded after import = 0
========================================================================
Received Import Request.
  Time of request: 2026-09-17T18:20:29.786102Z
  Time since last request: 0.000120459 seconds.
  importAddress: GUID: 67c313dc248945dc9c62ded69fae5dee - Path: Packages/com.unity.2d.tilemap/Editor/TileSet/TileSetImporterEditor.cs - Importer: ScriptedImporter/UnityEditor.QuickSearchModule:UnityEditor.Search:ASIAI0B
Importing 'GUID: 67c313dc248945dc9c62ded69fae5dee - Path: Packages/com.unity.2d.tilemap/Editor/TileSet/TileSetImporterEditor.cs - Importer: ScriptedImporter/UnityEditor.QuickSearchModule:UnityEditor.Search:ASIAI0B' with importer (ScriptedImporter : UnityEditor.QuickSearchModule:UnityEditor.Search:ASIAI0B)
Imported 'GUID: 67c313dc248945dc9c62ded69fae5dee' -> (Import Result ID: 'f120a7854a30932fd2b4814f1390a8e1') in 0.001 seconds [static and dynamic dependencies]. Details - ImportResultOutputID=57726be84e536bd434587fdb2a2472b7 DependenciesID=1615101a6f57050237ebde78d5e71e5f StaticDependenciesID=ec71612a5e6f48975b99c5af9f7100ad 
Number of updated asset objects reloaded before import = 0
Number of asset objects unloaded after import = 0
========================================================================
Received Import Request.
  Time of request: 2026-09-17T18:20:29.793896Z
  Time since last request: 0.000162917 seconds.
  importAddress: GUID: 0530bfa18fbf4a140b3a604c988a9a4b - Path: Packages/com.unity.2d.animation/Editor/Assets/EditorIcons/d_Split_Edge.png - Importer: ScriptedImporter/UnityEditor.QuickSearchModule:UnityEditor.Search:ASIAI0B
Importing 'GUID: 0530bfa18fbf4a140b3a604c988a9a4b - Path: Packages/com.unity.2d.animation/Editor/Assets/EditorIcons/d_Split_Edge.png - Importer: ScriptedImporter/UnityEditor.QuickSearchModule:UnityEditor.Search:ASIAI0B' with importer (ScriptedImporter : UnityEditor.QuickSearchModule:UnityEditor.Search:ASIAI0B)
Imported 'GUID: 0530bfa18fbf4a140b3a604c988a9a4b' -> (Import Result ID: 'a0189028d0f0a71c1a1cbe4b3c7e8eee') in 0.003 seconds [static and dynamic dependencies]. Details - ImportResultOutputID=b1b38a25f79ce83d390b5eb4fe54e559 DependenciesID=73e49a35bf715531e52b5e633e56b520 StaticDependenciesID=55233a31a7c3458f73ec5d0d7f484fa9 
Number of updated asset objects reloaded before import = 0
Number of asset objects unloaded after import = 3
========================================================================
Received Import Request.
  Time of request: 2026-09-17T18:20:29.804295Z
  Time since last request: 0.000113334 seconds.
  importAddress: GUID: 643691433f00ba14c9a7656af511f144 - Path: Packages/com.unity.2d.tilemap/Editor/UI/TilePaletteBrushInspectorPopup.cs - Importer: ScriptedImporter/UnityEditor.QuickSearchModule:UnityEditor.Search:ASIAI0B
Importing 'GUID: 643691433f00ba14c9a7656af511f144 - Path: Packages/com.unity.2d.tilemap/Editor/UI/TilePaletteBrushInspectorPopup.cs - Importer: ScriptedImporter/UnityEditor.QuickSearchModule:UnityEditor.Search:ASIAI0B' with importer (ScriptedImporter : UnityEditor.QuickSearchModule:UnityEditor.Search:ASIAI0B)
Imported 'GUID: 643691433f00ba14c9a7656af511f144' -> (Import Result ID: '481a3408e6c6af585d873a965cb7bc9f') in 0.001 seconds [static and dynamic dependencies]. Details - ImportResultOutputID=ad0c4d4287775a5edd68cd4d6e567447 DependenciesID=4d5ce0a6b4c53c46116d7fa9aa76c2cd StaticDependenciesID=8900207060b1b6f6728fe1ee74255583 
Number of updated asset objects reloaded before import = 0
Number of asset objects unloaded after import = 0
========================================================================
Received Import Request.
  Time of request: 2026-09-17T18:20:29.811899Z
  Time since last request: 0.000138542 seconds.
  importAddress: GUID: de89e38f975b648ee8a3157737d2e442 - Path: Packages/com.unity.2d.psdimporter/Editor/Assets/Icons/Selected - Importer: ScriptedImporter/UnityEditor.QuickSearchModule:UnityEditor.Search:ASIAI0B
Importing 'GUID: de89e38f975b648ee8a3157737d2e442 - Path: Packages/com.unity.2d.psdimporter/Editor/Assets/Icons/Selected - Importer: ScriptedImporter/UnityEditor.QuickSearchModule:UnityEditor.Search:ASIAI0B' with importer (ScriptedImporter : UnityEditor.QuickSearchModule:UnityEditor.Search:ASIAI0B)
Imported 'GUID: de89e38f975b648ee8a3157737d2e442' -> (Import Result ID: 'bf566a477a57634932c3f62afea77ba0') in 0.001 seconds [static and dynamic dependencies]. Details - ImportResultOutputID=881f4eb5b86486899016d9a43966cb23 DependenciesID=850cc2adf9134b332af6e146acc414b8 StaticDependenciesID=5b191bf02eeec72e39c99b0792b1aa5c 
Number of updated asset objects reloaded before import = 0
Number of asset objects unloaded after import = 1
========================================================================
Received Import Request.
  Time of request: 2026-09-17T18:20:29.819905Z
  Time since last request: 0.000158125 seconds.
  importAddress: GUID: c8c72f5be5ed1d44b9a3bde2d9c137c8 - Path: Packages/com.unity.2d.tilemap.extras/Runtime/Tiles/IsometricRuleTile - Importer: ScriptedImporter/UnityEditor.QuickSearchModule:UnityEditor.Search:ASIAI0B
Importing 'GUID: c8c72f5be5ed1d44b9a3bde2d9c137c8 - Path: Packages/com.unity.2d.tilemap.extras/Runtime/Tiles/IsometricRuleTile - Importer: ScriptedImporter/UnityEditor.QuickSearchModule:UnityEditor.Search:ASIAI0B' with importer (ScriptedImporter : UnityEditor.QuickSearchModule:UnityEditor.Search:ASIAI0B)
Imported 'GUID: c8c72f5be5ed1d44b9a3bde2d9c137c8' -> (Import Result ID: 'a1056bc32c0c213c80375cad08e1f31e') in 0.001 seconds [static and dynamic dependencies]. Details - ImportResultOutputID=131d83fac818489a441a24a68edcd9e5 DependenciesID=2f9e3ea2c873c1a96029afbeee5224af StaticDependenciesID=854794868678c00786791bcd683a308b 
Number of updated asset objects reloaded before import = 0
Number of asset objects unloaded after import = 1
========================================================================
Received Import Request.
  Time of request: 2026-09-17T18:20:29.828033Z
  Time since last request: 0.000222041 seconds.
  importAddress: GUID: aab45f472c6d49c39ebd1e06a629680e - Path: Packages/com.unity.2d.sprite/Editor/SpriteEditorModule/SpriteFrameModule/SpriteFrameEditor/SpriteFrameEditorModeToggle.cs - Importer: ScriptedImporter/UnityEditor.QuickSearchModule:UnityEditor.Search:ASIAI0B
Importing 'GUID: aab45f472c6d49c39ebd1e06a629680e - Path: Packages/com.unity.2d.sprite/Editor/SpriteEditorModule/SpriteFrameModule/SpriteFrameEditor/SpriteFrameEditorModeToggle.cs - Importer: ScriptedImporter/UnityEditor.QuickSearchModule:UnityEditor.Search:ASIAI0B' with importer (ScriptedImporter : UnityEditor.QuickSearchModule:UnityEditor.Search:ASIAI0B)
Imported 'GUID: aab45f472c6d49c39ebd1e06a629680e' -> (Import Result ID: 'd9a426696c342ba7bcea1b53b59ddc47') in 0.001 seconds [static and dynamic dependencies]. Details - ImportResultOutputID=12591f4feab7337d192330fb429f66db DependenciesID=05fa62e534bed5e3ca39a8c9e6cf4f99 StaticDependenciesID=ce26cd38e04564ed89c101c45a397f78 
Number of updated asset objects reloaded before import = 0
Number of asset objects unloaded after import = 0
========================================================================
Received Import Request.
  Time of request: 2026-09-17T18:20:29.835955Z
  Time since last request: 0.000128292 seconds.
  importAddress: GUID: 603d454d711fe784cba9ce08dd22b881 - Path: Packages/com.unity.2d.spriteshape/Editor/Handles/Shaders/Sprites-Inspector.shader - Importer: ScriptedImporter/UnityEditor.QuickSearchModule:UnityEditor.Search:ASIAI0B
Importing 'GUID: 603d454d711fe784cba9ce08dd22b881 - Path: Packages/com.unity.2d.spriteshape/Editor/Handles/Shaders/Sprites-Inspector.shader - Importer: ScriptedImporter/UnityEditor.QuickSearchModule:UnityEditor.Search:ASIAI0B' with importer (ScriptedImporter : UnityEditor.QuickSearchModule:UnityEditor.Search:ASIAI0B)
Imported 'GUID: 603d454d711fe784cba9ce08dd22b881' -> (Import Result ID: 'bc6e21e8d9d1ce3c4278d84d86103594') in 0.001 seconds [static and dynamic dependencies]. Details - ImportResultOutputID=d47926ac6e20ac5ae8d6dfb774a48d72 DependenciesID=0296b4fde289ae4cbaef0d4962723bd5 StaticDependenciesID=c1727bcca6e60aa16b101f20c77daa28 
Number of updated asset objects reloaded before import = 0
Number of asset objects unloaded after import = 1
========================================================================
Received Import Request.
  Time of request: 2026-09-17T18:20:29.844Z
  Time since last request: 0.000129875 seconds.
  importAddress: GUID: 1c1fa730356b2f54e932bbcfe5507f93 - Path: Packages/com.unity.2d.animation/Editor/SkinningModule/OutlineGenerator/IOutlineGenerator.cs - Importer: ScriptedImporter/UnityEditor.QuickSearchModule:UnityEditor.Search:ASIAI0B
Importing 'GUID: 1c1fa730356b2f54e932bbcfe5507f93 - Path: Packages/com.unity.2d.animation/Editor/SkinningModule/OutlineGenerator/IOutlineGenerator.cs - Importer: ScriptedImporter/UnityEditor.QuickSearchModule:UnityEditor.Search:ASIAI0B' with importer (ScriptedImporter : UnityEditor.QuickSearchModule:UnityEditor.Search:ASIAI0B)
Imported 'GUID: 1c1fa730356b2f54e932bbcfe5507f93' -> (Import Result ID: '06c8d1b2bbfc9e4c4409cb758d6cff7a') in 0.001 seconds [static and dynamic dependencies]. Details - ImportResultOutputID=ff7868a8c029efc4ba94bfc0fb00e1ab DependenciesID=c322e679973349261ff12b72bd175fe3 StaticDependenciesID=cc2612ab0250aa0491bbec542e4b524a 
Number of updated asset objects reloaded before import = 0
Number of asset objects unloaded after import = 0
========================================================================
Received Import Request.
  Time of request: 2026-09-17T18:20:29.851778Z
  Time since last request: 0.000113 seconds.
  importAddress: GUID: e5e3ba1225f594f54ba207cd108d2d69 - Path: Packages/com.unity.2d.common/Path/Editor/EditablePath/BezierUtility.cs - Importer: ScriptedImporter/UnityEditor.QuickSearchModule:UnityEditor.Search:ASIAI0B
Importing 'GUID: e5e3ba1225f594f54ba207cd108d2d69 - Path: Packages/com.unity.2d.common/Path/Editor/EditablePath/BezierUtility.cs - Importer: ScriptedImporter/UnityEditor.QuickSearchModule:UnityEditor.Search:ASIAI0B' with importer (ScriptedImporter : UnityEditor.QuickSearchModule:UnityEditor.Search:ASIAI0B)
Imported 'GUID: e5e3ba1225f594f54ba207cd108d2d69' -> (Import Result ID: '54861b0fa88049f1d9076a5bb87550db') in 0.001 seconds [static and dynamic dependencies]. Details - ImportResultOutputID=df780b7370f2de47b0062b7b60c35aed DependenciesID=331ba20585ab635651c6d597bb51f709 StaticDependenciesID=ce560ce3d83996de7019e2f7d5bdd3db 
Number of updated asset objects reloaded before import = 0
Number of asset objects unloaded after import = 0
========================================================================
Received Import Request.
  Time of request: 2026-09-17T18:20:29.859453Z
  Time since last request: 0.000101375 seconds.
  importAddress: GUID: fa634564b74fbc74fa10950e7ac8e8d8 - Path: Packages/com.unity.2d.common/Runtime/UTess2D/UHull.cs - Importer: ScriptedImporter/UnityEditor.QuickSearchModule:UnityEditor.Search:ASIAI0B
Importing 'GUID: fa634564b74fbc74fa10950e7ac8e8d8 - Path: Packages/com.unity.2d.common/Runtime/UTess2D/UHull.cs - Importer: ScriptedImporter/UnityEditor.QuickSearchModule:UnityEditor.Search:ASIAI0B' with importer (ScriptedImporter : UnityEditor.QuickSearchModule:UnityEditor.Search:ASIAI0B)
Imported 'GUID: fa634564b74fbc74fa10950e7ac8e8d8' -> (Import Result ID: 'c5b19a8bcd54bd2b0fd35fac1da4b160') in 0.001 seconds [static and dynamic dependencies]. Details - ImportResultOutputID=1e80019222a333fb2c139bafe5717877 DependenciesID=a64f673566ba36a9b3e43d25d06a26ea StaticDependenciesID=9ce4b2bfda33dc4c71680449b60e45dd 
Number of updated asset objects reloaded before import = 0
Number of asset objects unloaded after import = 0
========================================================================
Received Import Request.
  Time of request: 2026-09-17T18:20:29.866887Z
  Time since last request: 0.000133167 seconds.
  importAddress: GUID: f082b41644e404df69242fcd0ca2ff3c - Path: Packages/com.unity.2d.common/Path/Editor/EditablePath/IEditablePathController.cs - Importer: ScriptedImporter/UnityEditor.QuickSearchModule:UnityEditor.Search:ASIAI0B
Importing 'GUID: f082b41644e404df69242fcd0ca2ff3c - Path: Packages/com.unity.2d.common/Path/Editor/EditablePath/IEditablePathController.cs - Importer: ScriptedImporter/UnityEditor.QuickSearchModule:UnityEditor.Search:ASIAI0B' with importer (ScriptedImporter : UnityEditor.QuickSearchModule:UnityEditor.Search:ASIAI0B)
Imported 'GUID: f082b41644e404df69242fcd0ca2ff3c' -> (Import Result ID: 'ef0aac949d65c718459da658fb37b3fd') in 0.001 seconds [static and dynamic dependencies]. Details - ImportResultOutputID=d25b66cec8545ab4c7e00e940650327e DependenciesID=773966b6d35ff32531ff69e1a9ec3351 StaticDependenciesID=faced557d4576120e5182d84cec94623 
Number of updated asset objects reloaded before import = 0
Number of asset objects unloaded after import = 0
========================================================================
Received Import Request.
  Time of request: 2026-09-17T18:20:29.887054Z
  Time since last request: 0.012300208 seconds.
  importAddress: GUID: 4a8c9a26423648b7886216545f1a319e - Path: Packages/com.unity.2d.tilemap.extras/Editor/Tiles/AutoTile/UI/AutoTileTextureImporterElement.cs - Importer: ScriptedImporter/UnityEditor.QuickSearchModule:UnityEditor.Search:ASIAI0B
Importing 'GUID: 4a8c9a26423648b7886216545f1a319e - Path: Packages/com.unity.2d.tilemap.extras/Editor/Tiles/AutoTile/UI/AutoTileTextureImporterElement.cs - Importer: ScriptedImporter/UnityEditor.QuickSearchModule:UnityEditor.Search:ASIAI0B' with importer (ScriptedImporter : UnityEditor.QuickSearchModule:UnityEditor.Search:ASIAI0B)
Imported 'GUID: 4a8c9a26423648b7886216545f1a319e' -> (Import Result ID: 'b62fdf87a2c62f0d1dd584062212621f') in 0.001 seconds [static and dynamic dependencies]. Details - ImportResultOutputID=5b6f56587fe89cac8062626f4abac501 DependenciesID=27777491cf24e90d1bf42153424aae16 StaticDependenciesID=ab8557921f83d25ff9e67e885a8ebdcf 
Number of updated asset objects reloaded before import = 0
Number of asset objects unloaded after import = 0
========================================================================
Received Import Request.
  Time of request: 2026-09-17T18:20:29.895434Z
  Time since last request: 0.000210958 seconds.
  importAddress: GUID: 7f0671c40ca5e46f5bf215ab8ac0464f - Path: Packages/com.unity.2d.sprite/Editor/SpriteEditorModule/SpriteFrameModule/DefaultSpriteNameFileIdDataProvider.cs - Importer: ScriptedImporter/UnityEditor.QuickSearchModule:UnityEditor.Search:ASIAI0B
Importing 'GUID: 7f0671c40ca5e46f5bf215ab8ac0464f - Path: Packages/com.unity.2d.sprite/Editor/SpriteEditorModule/SpriteFrameModule/DefaultSpriteNameFileIdDataProvider.cs - Importer: ScriptedImporter/UnityEditor.QuickSearchModule:UnityEditor.Search:ASIAI0B' with importer (ScriptedImporter : UnityEditor.QuickSearchModule:UnityEditor.Search:ASIAI0B)
Imported 'GUID: 7f0671c40ca5e46f5bf215ab8ac0464f' -> (Import Result ID: '9ca0b42bce83d551877c1d2613ef8a8a') in 0.001 seconds [static and dynamic dependencies]. Details - ImportResultOutputID=088a0052a3a2f6db3ab904498e26de8f DependenciesID=8e1fc31c74c8264ddb3a6ea9a62aee06 StaticDependenciesID=0c11434c7107d2eb19c3d302dc5c3652 
Number of updated asset objects reloaded before import = 0
Number of asset objects unloaded after import = 0
========================================================================
Received Import Request.
  Time of request: 2026-09-17T18:20:29.903175Z
  Time since last request: 0.000122 seconds.
  importAddress: GUID: f6d23106ef95d476889330aede914e93 - Path: Packages/com.unity.2d.animation/Editor/Assets/EditorIcons/True.png - Importer: ScriptedImporter/UnityEditor.QuickSearchModule:UnityEditor.Search:ASIAI0B
Importing 'GUID: f6d23106ef95d476889330aede914e93 - Path: Packages/com.unity.2d.animation/Editor/Assets/EditorIcons/True.png - Importer: ScriptedImporter/UnityEditor.QuickSearchModule:UnityEditor.Search:ASIAI0B' with importer (ScriptedImporter : UnityEditor.QuickSearchModule:UnityEditor.Search:ASIAI0B)
Imported 'GUID: f6d23106ef95d476889330aede914e93' -> (Import Result ID: '73e4c50ae425f85b599bafb3805a6674') in 0.003 seconds [static and dynamic dependencies]. Details - ImportResultOutputID=75671ee2dffd31b78cd9024868338a55 DependenciesID=40f86267c61757d5881fe1805a763f80 StaticDependenciesID=388c940a11c0a1ee03a0e7dba6b9d907 
Number of updated asset objects reloaded before import = 0
Number of asset objects unloaded after import = 3
========================================================================
Received Import Request.
  Time of request: 2026-09-17T18:20:29.91291Z
  Time since last request: 0.000103542 seconds.
  importAddress: GUID: 3706f0af0fd964c949932a2664734f23 - Path: Packages/com.unity.2d.animation/Editor/Assets/ComponentIcons/d_GreenCheck.png - Importer: ScriptedImporter/UnityEditor.QuickSearchModule:UnityEditor.Search:ASIAI0B
Importing 'GUID: 3706f0af0fd964c949932a2664734f23 - Path: Packages/com.unity.2d.animation/Editor/Assets/ComponentIcons/d_GreenCheck.png - Importer: ScriptedImporter/UnityEditor.QuickSearchModule:UnityEditor.Search:ASIAI0B' with importer (ScriptedImporter : UnityEditor.QuickSearchModule:UnityEditor.Search:ASIAI0B)
Imported 'GUID: 3706f0af0fd964c949932a2664734f23' -> (Import Result ID: '310e128bd2a7141cc2a094defbb21b91') in 0.002 seconds [static and dynamic dependencies]. Details - ImportResultOutputID=5faff9eb9a98e52ffea60b29cabc8531 DependenciesID=c12a204f035e9b63f478a75ff23c341c StaticDependenciesID=61fc8eca71123c3d526d5717b52aaff8 
Number of updated asset objects reloaded before import = 0
Number of asset objects unloaded after import = 3
========================================================================
Received Import Request.
  Time of request: 2026-09-17T18:20:29.921916Z
  Time since last request: 0.000188458 seconds.
  importAddress: GUID: 2ba760cb26319f14f86529637445de30 - Path: Packages/com.unity.2d.spriteshape/Editor/Handles/Shaders - Importer: ScriptedImporter/UnityEditor.QuickSearchModule:UnityEditor.Search:ASIAI0B
Importing 'GUID: 2ba760cb26319f14f86529637445de30 - Path: Packages/com.unity.2d.spriteshape/Editor/Handles/Shaders - Importer: ScriptedImporter/UnityEditor.QuickSearchModule:UnityEditor.Search:ASIAI0B' with importer (ScriptedImporter : UnityEditor.QuickSearchModule:UnityEditor.Search:ASIAI0B)
Imported 'GUID: 2ba760cb26319f14f86529637445de30' -> (Import Result ID: '6fd5452740da3b30d04d06b2c8afe5be') in 0.001 seconds [static and dynamic dependencies]. Details - ImportResultOutputID=795c646ba0a9d2d74ce320ef7a8445f1 DependenciesID=8aaffe2159030f2e73e749582026c2be StaticDependenciesID=2547d2a087bd97aa237246c4f4eb91d6 
Number of updated asset objects reloaded before import = 0
Number of asset objects unloaded after import = 1
========================================================================
Received Import Request.
  Time of request: 2026-09-17T18:20:29.929721Z
  Time since last request: 0.000257792 seconds.
  importAddress: GUID: 581429495f52d4087af4d3c4584955b5 - Path: Packages/com.unity.2d.animation/Editor/SkinningModule/SkinningCache/CharacterGroupCache.cs - Importer: ScriptedImporter/UnityEditor.QuickSearchModule:UnityEditor.Search:ASIAI0B
Importing 'GUID: 581429495f52d4087af4d3c4584955b5 - Path: Packages/com.unity.2d.animation/Editor/SkinningModule/SkinningCache/CharacterGroupCache.cs - Importer: ScriptedImporter/UnityEditor.QuickSearchModule:UnityEditor.Search:ASIAI0B' with importer (ScriptedImporter : UnityEditor.QuickSearchModule:UnityEditor.Search:ASIAI0B)
Imported 'GUID: 581429495f52d4087af4d3c4584955b5' -> (Import Result ID: '7183da951019da51839ab8e62da7abb1') in 0.001 seconds [static and dynamic dependencies]. Details - ImportResultOutputID=22bc8c083563d5eb49762def283c601b DependenciesID=516b7561b2f0f0212bfe063ae1883510 StaticDependenciesID=95ecbfbd64342c02b81fc9c7ad66fb14 
Number of updated asset objects reloaded before import = 0
Number of asset objects unloaded after import = 0
========================================================================
Received Import Request.
  Time of request: 2026-09-17T18:20:29.937875Z
  Time since last request: 0.000168625 seconds.
  importAddress: GUID: e272669ad3c0d124e900b8216b156eb2 - Path: Packages/com.unity.2d.tilemap/Editor/TileSet - Importer: ScriptedImporter/UnityEditor.QuickSearchModule:UnityEditor.Search:ASIAI0B
Importing 'GUID: e272669ad3c0d124e900b8216b156eb2 - Path: Packages/com.unity.2d.tilemap/Editor/TileSet - Importer: ScriptedImporter/UnityEditor.QuickSearchModule:UnityEditor.Search:ASIAI0B' with importer (ScriptedImporter : UnityEditor.QuickSearchModule:UnityEditor.Search:ASIAI0B)
Imported 'GUID: e272669ad3c0d124e900b8216b156eb2' -> (Import Result ID: 'c800a43f2011293ce4f8b522866a775e') in 0.001 seconds [static and dynamic dependencies]. Details - ImportResultOutputID=d0644af2f997a86cffcacaeb42398896 DependenciesID=b8c4a4914c9face5f6cd211a187a38e7 StaticDependenciesID=f109cd5b526dccd832fdc67235807bda 
Number of updated asset objects reloaded before import = 0
Number of asset objects unloaded after import = 1
========================================================================
Received Import Request.
  Time of request: 2026-09-17T18:20:29.945575Z
  Time since last request: 0.000132666 seconds.
  importAddress: GUID: 85a51339245d4c48bad2e2d97f9fa389 - Path: Packages/com.unity.2d.aseprite/Editor/Aseprite/Chunks/OldPaletteChunk.cs - Importer: ScriptedImporter/UnityEditor.QuickSearchModule:UnityEditor.Search:ASIAI0B
Importing 'GUID: 85a51339245d4c48bad2e2d97f9fa389 - Path: Packages/com.unity.2d.aseprite/Editor/Aseprite/Chunks/OldPaletteChunk.cs - Importer: ScriptedImporter/UnityEditor.QuickSearchModule:UnityEditor.Search:ASIAI0B' with importer (ScriptedImporter : UnityEditor.QuickSearchModule:UnityEditor.Search:ASIAI0B)
Imported 'GUID: 85a51339245d4c48bad2e2d97f9fa389' -> (Import Result ID: '714fc55e53a20c55d1d08b6037c661e7') in 0.001 seconds [static and dynamic dependencies]. Details - ImportResultOutputID=eac644aaf8b1567c0d1708ecabee890d DependenciesID=e07ae644eeb3b260c5222c95e1e8b80f StaticDependenciesID=8290a27007a34569aa035e7c9c1eac82 
Number of updated asset objects reloaded before import = 0
Number of asset objects unloaded after import = 0
========================================================================
Received Import Request.
  Time of request: 2026-09-17T18:20:29.953442Z
  Time since last request: 0.00019 seconds.
  importAddress: GUID: aa59961bf83f3b64f93ee898f3f51ec4 - Path: Packages/com.unity.2d.animation/Runtime/NativeCustomSlice.cs - Importer: ScriptedImporter/UnityEditor.QuickSearchModule:UnityEditor.Search:ASIAI0B
Importing 'GUID: aa59961bf83f3b64f93ee898f3f51ec4 - Path: Packages/com.unity.2d.animation/Runtime/NativeCustomSlice.cs - Importer: ScriptedImporter/UnityEditor.QuickSearchModule:UnityEditor.Search:ASIAI0B' with importer (ScriptedImporter : UnityEditor.QuickSearchModule:UnityEditor.Search:ASIAI0B)
Imported 'GUID: aa59961bf83f3b64f93ee898f3f51ec4' -> (Import Result ID: '44fc9b0f5dec9a4900ac9551287e913e') in 0.001 seconds [static and dynamic dependencies]. Details - ImportResultOutputID=6589b37e944b70f47a098a7ca06a6ffd DependenciesID=7a0d13bffc8c99426c2c96998903261c StaticDependenciesID=bda8644d4d5c00560eb1e00e5f184a33 
Number of updated asset objects reloaded before import = 0
Number of asset objects unloaded after import = 0
========================================================================
Received Import Request.
  Time of request: 2026-09-17T18:20:29.96116Z
  Time since last request: 0.000209458 seconds.
  importAddress: GUID: 9ec0dd685bf4644828c054d5c6ff15d3 - Path: Packages/com.unity.2d.spriteshape/Editor/ObjectMenuCreation/DefaultAssets/Sprite Shape Profiles - Importer: ScriptedImporter/UnityEditor.QuickSearchModule:UnityEditor.Search:ASIAI0B
Importing 'GUID: 9ec0dd685bf4644828c054d5c6ff15d3 - Path: Packages/com.unity.2d.spriteshape/Editor/ObjectMenuCreation/DefaultAssets/Sprite Shape Profiles - Importer: ScriptedImporter/UnityEditor.QuickSearchModule:UnityEditor.Search:ASIAI0B' with importer (ScriptedImporter : UnityEditor.QuickSearchModule:UnityEditor.Search:ASIAI0B)
Imported 'GUID: 9ec0dd685bf4644828c054d5c6ff15d3' -> (Import Result ID: 'bd9e5f419c4d45a76009cd6e50cab6ac') in 0.001 seconds [static and dynamic dependencies]. Details - ImportResultOutputID=cff35ee712243f019f5446b60556face DependenciesID=6850166c18d7b571a24608d70d70d160 StaticDependenciesID=ad7aaf5f9c697fec4e0943556f3196da 
Number of updated asset objects reloaded before import = 0
Number of asset objects unloaded after import = 1
========================================================================
Received Import Request.
  Time of request: 2026-09-17T18:20:29.969177Z
  Time since last request: 0.000149 seconds.
  importAddress: GUID: 1c147ba63e8144fe8101e48bb19e3027 - Path: Packages/com.unity.2d.psdimporter/Editor/TextContent.cs - Importer: ScriptedImporter/UnityEditor.QuickSearchModule:UnityEditor.Search:ASIAI0B
Importing 'GUID: 1c147ba63e8144fe8101e48bb19e3027 - Path: Packages/com.unity.2d.psdimporter/Editor/TextContent.cs - Importer: ScriptedImporter/UnityEditor.QuickSearchModule:UnityEditor.Search:ASIAI0B' with importer (ScriptedImporter : UnityEditor.QuickSearchModule:UnityEditor.Search:ASIAI0B)
Imported 'GUID: 1c147ba63e8144fe8101e48bb19e3027' -> (Import Result ID: '295098aff88fec654b5c54dc2201edb4') in 0.001 seconds [static and dynamic dependencies]. Details - ImportResultOutputID=de55af091b3295040191735ec443ea08 DependenciesID=a143b5260042771b1bc52f692b47ca8d StaticDependenciesID=6274af0a319147b7138c9846b654a40d 
Number of updated asset objects reloaded before import = 0
Number of asset objects unloaded after import = 0
========================================================================
Received Import Request.
  Time of request: 2026-09-17T18:20:29.977803Z
  Time since last request: 0.000228 seconds.
  importAddress: GUID: 45612d93bb71d8f48bb1dba4b0f5caac - Path: Packages/com.unity.2d.tilemap/Editor/Icons/Tilemap.BrushPicks@4x.png - Importer: ScriptedImporter/UnityEditor.QuickSearchModule:UnityEditor.Search:ASIAI0B
Importing 'GUID: 45612d93bb71d8f48bb1dba4b0f5caac - Path: Packages/com.unity.2d.tilemap/Editor/Icons/Tilemap.BrushPicks@4x.png - Importer: ScriptedImporter/UnityEditor.QuickSearchModule:UnityEditor.Search:ASIAI0B' with importer (ScriptedImporter : UnityEditor.QuickSearchModule:UnityEditor.Search:ASIAI0B)
Imported 'GUID: 45612d93bb71d8f48bb1dba4b0f5caac' -> (Import Result ID: '05d65e4aa7004ffaae63eadd1da06916') in 0.003 seconds [static and dynamic dependencies]. Details - ImportResultOutputID=e8b0c652f3ac0b94da640fb5b3efeeab DependenciesID=9253080d0fd9062226436a012458feb8 StaticDependenciesID=b1ca4e2d3b63f3390e6ef3ef5c7a503e 
Number of updated asset objects reloaded before import = 0
Number of asset objects unloaded after import = 3
========================================================================
Received Import Request.
  Time of request: 2026-09-17T18:20:29.988396Z
  Time since last request: 0.000144 seconds.
  importAddress: GUID: 9fcfe7284d9f34b4eae286b83227271d - Path: Packages/com.unity.2d.psdimporter/Editor/PSDPlugin/PDNWrapper - Importer: ScriptedImporter/UnityEditor.QuickSearchModule:UnityEditor.Search:ASIAI0B
Importing 'GUID: 9fcfe7284d9f34b4eae286b83227271d - Path: Packages/com.unity.2d.psdimporter/Editor/PSDPlugin/PDNWrapper - Importer: ScriptedImporter/UnityEditor.QuickSearchModule:UnityEditor.Search:ASIAI0B' with importer (ScriptedImporter : UnityEditor.QuickSearchModule:UnityEditor.Search:ASIAI0B)
Imported 'GUID: 9fcfe7284d9f34b4eae286b83227271d' -> (Import Result ID: '1dcea8d0730a1018ac2c8a9237b712a6') in 0.001 seconds [static and dynamic dependencies]. Details - ImportResultOutputID=821e5b8e432cbddde03cf9c3b3f97553 DependenciesID=d1892fade08232163f5315ae23b43f0e StaticDependenciesID=41d2fb60d0b12aae7deb36bddc48422c 
Number of updated asset objects reloaded before import = 0
Number of asset objects unloaded after import = 1
========================================================================
Received Import Request.
  Time of request: 2026-09-17T18:20:29.99749Z
  Time since last request: 0.00039275 seconds.
  importAddress: GUID: 33af26bf23234fa5bd708d0441d6dcef - Path: Packages/com.unity.2d.tilemap/Editor/UI/TilePaletteClipboardErrorElement.cs - Importer: ScriptedImporter/UnityEditor.QuickSearchModule:UnityEditor.Search:ASIAI0B
Importing 'GUID: 33af26bf23234fa5bd708d0441d6dcef - Path: Packages/com.unity.2d.tilemap/Editor/UI/TilePaletteClipboardErrorElement.cs - Importer: ScriptedImporter/UnityEditor.QuickSearchModule:UnityEditor.Search:ASIAI0B' with importer (ScriptedImporter : UnityEditor.QuickSearchModule:UnityEditor.Search:ASIAI0B)
Imported 'GUID: 33af26bf23234fa5bd708d0441d6dcef' -> (Import Result ID: 'b310bb5bcf1cfeda84bac20fbdab20f8') in 0.001 seconds [static and dynamic dependencies]. Details - ImportResultOutputID=f0e337261f74302297475111c2bce869 DependenciesID=7ff02828d543faa038e0782fcfb176c9 StaticDependenciesID=64931ac28ec842d6e66d3d548c3adbff 
Number of updated asset objects reloaded before import = 0
Number of asset objects unloaded after import = 0
========================================================================
Received Import Request.
  Time of request: 2026-09-17T18:20:30.005862Z
  Time since last request: 0.000218291 seconds.
  importAddress: GUID: c4e78ec955914854d9c9c68fa7af1742 - Path: Packages/com.unity.2d.psdimporter/Editor/PSDPlugin/PsdFile/PsdBlendMode.cs - Importer: ScriptedImporter/UnityEditor.QuickSearchModule:UnityEditor.Search:ASIAI0B
Importing 'GUID: c4e78ec955914854d9c9c68fa7af1742 - Path: Packages/com.unity.2d.psdimporter/Editor/PSDPlugin/PsdFile/PsdBlendMode.cs - Importer: ScriptedImporter/UnityEditor.QuickSearchModule:UnityEditor.Search:ASIAI0B' with importer (ScriptedImporter : UnityEditor.QuickSearchModule:UnityEditor.Search:ASIAI0B)
Imported 'GUID: c4e78ec955914854d9c9c68fa7af1742' -> (Import Result ID: '10ebf7cc07056599638d3ff70839e7c9') in 0.002 seconds [static and dynamic dependencies]. Details - ImportResultOutputID=9008cd9d37d5c8720a862631e607d028 DependenciesID=55dda15e556da63ee78127d7a7307a02 StaticDependenciesID=8630ace3fec99747a7dbdca6e4ef4b15 
Number of updated asset objects reloaded before import = 0
Number of asset objects unloaded after import = 0
========================================================================
Received Import Request.
  Time of request: 2026-09-17T18:20:30.01539Z
  Time since last request: 0.000148833 seconds.
  importAddress: GUID: 3eaae332f5b546b586f9346fd2df4c2b - Path: Packages/com.unity.2d.aseprite/Editor/Aseprite/Chunks/UserDataChunk.cs - Importer: ScriptedImporter/UnityEditor.QuickSearchModule:UnityEditor.Search:ASIAI0B
Importing 'GUID: 3eaae332f5b546b586f9346fd2df4c2b - Path: Packages/com.unity.2d.aseprite/Editor/Aseprite/Chunks/UserDataChunk.cs - Importer: ScriptedImporter/UnityEditor.QuickSearchModule:UnityEditor.Search:ASIAI0B' with importer (ScriptedImporter : UnityEditor.QuickSearchModule:UnityEditor.Search:ASIAI0B)
Imported 'GUID: 3eaae332f5b546b586f9346fd2df4c2b' -> (Import Result ID: 'ff8ec005303f549fca836d8d3c8bea07') in 0.001 seconds [static and dynamic dependencies]. Details - ImportResultOutputID=961c866bfaf7952f25b5cc8dee835060 DependenciesID=22221e73d3fece94210f469500fb8d7f StaticDependenciesID=ef793ffb0a84918eb06f4f26e9356d6a 
Number of updated asset objects reloaded before import = 0
Number of asset objects unloaded after import = 0
========================================================================
Received Import Request.
  Time of request: 2026-09-17T18:20:30.023587Z
  Time since last request: 0.000124792 seconds.
  importAddress: GUID: 1223ca7d04e5a4ad08a8d648c4e2a09e - Path: Packages/com.unity.2d.animation/Editor/Assets/ComponentIcons/Animation.SpriteResolver On@64.png - Importer: ScriptedImporter/UnityEditor.QuickSearchModule:UnityEditor.Search:ASIAI0B
Importing 'GUID: 1223ca7d04e5a4ad08a8d648c4e2a09e - Path: Packages/com.unity.2d.animation/Editor/Assets/ComponentIcons/Animation.SpriteResolver On@64.png - Importer: ScriptedImporter/UnityEditor.QuickSearchModule:UnityEditor.Search:ASIAI0B' with importer (ScriptedImporter : UnityEditor.QuickSearchModule:UnityEditor.Search:ASIAI0B)
Imported 'GUID: 1223ca7d04e5a4ad08a8d648c4e2a09e' -> (Import Result ID: '6bf7a0cfe0b3e0ca234ca84308e302d8') in 0.003 seconds [static and dynamic dependencies]. Details - ImportResultOutputID=1153f17f2a842d25ed68772e4832c604 DependenciesID=27a63f3363b7a2f21e2dd96d45d0a4f4 StaticDependenciesID=86c4548893cebf4da21973045e73686d 
Number of updated asset objects reloaded before import = 0
Number of asset objects unloaded after import = 3
========================================================================
Received Import Request.
  Time of request: 2026-09-17T18:20:30.033757Z
  Time since last request: 0.000155125 seconds.
  importAddress: GUID: 1e8e9dfdc6cd4f8497f2f0b1060e9e26 - Path: Packages/com.unity.2d.animation/Profiler/Runtime/Animation2DProfilerMarkers.cs - Importer: ScriptedImporter/UnityEditor.QuickSearchModule:UnityEditor.Search:ASIAI0B
Importing 'GUID: 1e8e9dfdc6cd4f8497f2f0b1060e9e26 - Path: Packages/com.unity.2d.animation/Profiler/Runtime/Animation2DProfilerMarkers.cs - Importer: ScriptedImporter/UnityEditor.QuickSearchModule:UnityEditor.Search:ASIAI0B' with importer (ScriptedImporter : UnityEditor.QuickSearchModule:UnityEditor.Search:ASIAI0B)
Imported 'GUID: 1e8e9dfdc6cd4f8497f2f0b1060e9e26' -> (Import Result ID: 'c09c53c27327d167b4b8e05e4e2bc783') in 0.001 seconds [static and dynamic dependencies]. Details - ImportResultOutputID=41dfc56fe444cd22aab8e5240e301ad7 DependenciesID=30c8b1917d00837570251a150d5c1244 StaticDependenciesID=5e10b5858d312a1dd5c9ae1911b20cf6 
Number of updated asset objects reloaded before import = 0
Number of asset objects unloaded after import = 0
========================================================================
Received Import Request.
  Time of request: 2026-09-17T18:20:30.042064Z
  Time since last request: 0.00028 seconds.
  importAddress: GUID: ed130aac49764ad4f9d35454c297b75a - Path: Packages/com.unity.2d.animation/Editor/Assets/EditorIcons/d_Split_Edge@4x.png - Importer: ScriptedImporter/UnityEditor.QuickSearchModule:UnityEditor.Search:ASIAI0B
Importing 'GUID: ed130aac49764ad4f9d35454c297b75a - Path: Packages/com.unity.2d.animation/Editor/Assets/EditorIcons/d_Split_Edge@4x.png - Importer: ScriptedImporter/UnityEditor.QuickSearchModule:UnityEditor.Search:ASIAI0B' with importer (ScriptedImporter : UnityEditor.QuickSearchModule:UnityEditor.Search:ASIAI0B)
Imported 'GUID: ed130aac49764ad4f9d35454c297b75a' -> (Import Result ID: 'fe6f6fe196653b861ea07afdefefbf31') in 0.003 seconds [static and dynamic dependencies]. Details - ImportResultOutputID=c444076116fa8e778fac89278fac2e27 DependenciesID=8f4f50c9a1af7986d207dee327f8a4a3 StaticDependenciesID=375082225ed0a67775a11acaa5edb518 
Number of updated asset objects reloaded before import = 0
Number of asset objects unloaded after import = 3
========================================================================
Received Import Request.
  Time of request: 2026-09-17T18:20:30.052223Z
  Time since last request: 0.000189333 seconds.
  importAddress: GUID: ae8c330bf6174923a364fa0270305d26 - Path: Packages/com.unity.2d.aseprite/Editor/Tasks/PixelBlends.cs - Importer: ScriptedImporter/UnityEditor.QuickSearchModule:UnityEditor.Search:ASIAI0B
Importing 'GUID: ae8c330bf6174923a364fa0270305d26 - Path: Packages/com.unity.2d.aseprite/Editor/Tasks/PixelBlends.cs - Importer: ScriptedImporter/UnityEditor.QuickSearchModule:UnityEditor.Search:ASIAI0B' with importer (ScriptedImporter : UnityEditor.QuickSearchModule:UnityEditor.Search:ASIAI0B)
Imported 'GUID: ae8c330bf6174923a364fa0270305d26' -> (Import Result ID: '337f1774518d77d672b2423f7891293e') in 0.001 seconds [static and dynamic dependencies]. Details - ImportResultOutputID=18138eae861dfa8b24419ede2f249248 DependenciesID=b79616d10232aebd098d0c882d5314dd StaticDependenciesID=2a0d06d71d01127abee26d55682ee186 
Number of updated asset objects reloaded before import = 0
Number of asset objects unloaded after import = 0
========================================================================
Received Import Request.
  Time of request: 2026-09-17T18:20:30.060024Z
  Time since last request: 0.000250042 seconds.
  importAddress: GUID: f12ec30f9a76d4738bacb26b0c22165d - Path: Packages/com.unity.2d.psdimporter/Editor/Assets/Icons/Dark/Layers Mixed@2x.png - Importer: ScriptedImporter/UnityEditor.QuickSearchModule:UnityEditor.Search:ASIAI0B
Importing 'GUID: f12ec30f9a76d4738bacb26b0c22165d - Path: Packages/com.unity.2d.psdimporter/Editor/Assets/Icons/Dark/Layers Mixed@2x.png - Importer: ScriptedImporter/UnityEditor.QuickSearchModule:UnityEditor.Search:ASIAI0B' with importer (ScriptedImporter : UnityEditor.QuickSearchModule:UnityEditor.Search:ASIAI0B)
Imported 'GUID: f12ec30f9a76d4738bacb26b0c22165d' -> (Import Result ID: '1dc97156e40b49a6ea2d951ddb6b8328') in 0.003 seconds [static and dynamic dependencies]. Details - ImportResultOutputID=87166b030ae9c66aa0fbf2e2e8fbc895 DependenciesID=6743d4c60b010c72daa2722de5bb1036 StaticDependenciesID=663fb7f3f732fa4e6fc7c06256668342 
Number of updated asset objects reloaded before import = 0
Number of asset objects unloaded after import = 3
========================================================================
Received Import Request.
  Time of request: 2026-09-17T18:20:30.070647Z
  Time since last request: 0.000141417 seconds.
  importAddress: GUID: fdeb3f88d08262349a273cebdd343d57 - Path: Packages/com.unity.2d.tilemap/Editor/TileSet/TileSetImporter.cs - Importer: ScriptedImporter/UnityEditor.QuickSearchModule:UnityEditor.Search:ASIAI0B
Importing 'GUID: fdeb3f88d08262349a273cebdd343d57 - Path: Packages/com.unity.2d.tilemap/Editor/TileSet/TileSetImporter.cs - Importer: ScriptedImporter/UnityEditor.QuickSearchModule:UnityEditor.Search:ASIAI0B' with importer (ScriptedImporter : UnityEditor.QuickSearchModule:UnityEditor.Search:ASIAI0B)
Imported 'GUID: fdeb3f88d08262349a273cebdd343d57' -> (Import Result ID: '4bf34e0435c61159b8f93d79e2176069') in 0.001 seconds [static and dynamic dependencies]. Details - ImportResultOutputID=257091a331d071195fbb17952fb8334e DependenciesID=8d017ab497bb64385e9a25642aa7e4d7 StaticDependenciesID=5862243f0846f1b0dd1f13dd2aa81520 
Number of updated asset objects reloaded before import = 0
Number of asset objects unloaded after import = 0
========================================================================
Received Import Request.
  Time of request: 2026-09-17T18:20:30.078971Z
  Time since last request: 0.000268708 seconds.
  importAddress: GUID: 3d0cb420882fe5d48ba544c0bb493094 - Path: Packages/com.unity.2d.tilemap.extras/Runtime/Tiles/HexagonalRuleTile - Importer: ScriptedImporter/UnityEditor.QuickSearchModule:UnityEditor.Search:ASIAI0B
Importing 'GUID: 3d0cb420882fe5d48ba544c0bb493094 - Path: Packages/com.unity.2d.tilemap.extras/Runtime/Tiles/HexagonalRuleTile - Importer: ScriptedImporter/UnityEditor.QuickSearchModule:UnityEditor.Search:ASIAI0B' with importer (ScriptedImporter : UnityEditor.QuickSearchModule:UnityEditor.Search:ASIAI0B)
Imported 'GUID: 3d0cb420882fe5d48ba544c0bb493094' -> (Import Result ID: 'b2336ec20a171124178a52ead11557ba') in 0.001 seconds [static and dynamic dependencies]. Details - ImportResultOutputID=cf1889f60dbb3025e5c7de3af133820d DependenciesID=64d357f9f0ec279e080cf3859b4fd9cf StaticDependenciesID=afc06d26a2f330377bb70742a46307d0 
Number of updated asset objects reloaded before import = 0
Number of asset objects unloaded after import = 1
========================================================================
Received Import Request.
  Time of request: 2026-09-17T18:20:30.087827Z
  Time since last request: 0.000130167 seconds.
  importAddress: GUID: b08ceb78e3b2495b8d808a5860e66794 - Path: Packages/com.unity.2d.tilemap.extras/Runtime/Tiles/AutoTile/AutoTile.cs - Importer: ScriptedImporter/UnityEditor.QuickSearchModule:UnityEditor.Search:ASIAI0B
Importing 'GUID: b08ceb78e3b2495b8d808a5860e66794 - Path: Packages/com.unity.2d.tilemap.extras/Runtime/Tiles/AutoTile/AutoTile.cs - Importer: ScriptedImporter/UnityEditor.QuickSearchModule:UnityEditor.Search:ASIAI0B' with importer (ScriptedImporter : UnityEditor.QuickSearchModule:UnityEditor.Search:ASIAI0B)
Imported 'GUID: b08ceb78e3b2495b8d808a5860e66794' -> (Import Result ID: '8941b7d506b32529136a26cbdb40288c') in 0.001 seconds [static and dynamic dependencies]. Details - ImportResultOutputID=16f8c9fe6d8a66c50bf3d51c18be90a5 DependenciesID=a6881c7ff654c09d75fed944af2adf59 StaticDependenciesID=5753a1dcb5cfb5eb300ee13e8326bdd0 
Number of updated asset objects reloaded before import = 0
Number of asset objects unloaded after import = 0
========================================================================
Received Import Request.
  Time of request: 2026-09-17T18:20:30.096543Z
  Time since last request: 0.00023775 seconds.
  importAddress: GUID: 8884154dfe85442a3a3578be807dbcdf - Path: Packages/com.unity.2d.sprite/Editor/ObjectMenuCreation/DefaultAssets/Textures/v2/9Sliced.png - Importer: ScriptedImporter/UnityEditor.QuickSearchModule:UnityEditor.Search:ASIAI0B
Importing 'GUID: 8884154dfe85442a3a3578be807dbcdf - Path: Packages/com.unity.2d.sprite/Editor/ObjectMenuCreation/DefaultAssets/Textures/v2/9Sliced.png - Importer: ScriptedImporter/UnityEditor.QuickSearchModule:UnityEditor.Search:ASIAI0B' with importer (ScriptedImporter : UnityEditor.QuickSearchModule:UnityEditor.Search:ASIAI0B)
Imported 'GUID: 8884154dfe85442a3a3578be807dbcdf' -> (Import Result ID: '77460429b15cb7d5eeb3a1ef84341bbc') in 0.003 seconds [static and dynamic dependencies]. Details - ImportResultOutputID=6e4ea049193dd540ab415c5ee553cccb DependenciesID=ef9ea38eea872e9829cc9ef162c48d9b StaticDependenciesID=4210ada2975d0d59a252ddeb66771b23 
Number of updated asset objects reloaded before import = 0
Number of asset objects unloaded after import = 3
========================================================================
Received Import Request.
  Time of request: 2026-09-17T18:20:30.107941Z
  Time since last request: 0.000210542 seconds.
  importAddress: GUID: 3e6e6fbbd946d0541923f45f4eaa2cf1 - Path: Packages/com.unity.2d.animation/Editor/Assets/EditorIcons/Selected/Weight_Brush@3x.png - Importer: ScriptedImporter/UnityEditor.QuickSearchModule:UnityEditor.Search:ASIAI0B
Importing 'GUID: 3e6e6fbbd946d0541923f45f4eaa2cf1 - Path: Packages/com.unity.2d.animation/Editor/Assets/EditorIcons/Selected/Weight_Brush@3x.png - Importer: ScriptedImporter/UnityEditor.QuickSearchModule:UnityEditor.Search:ASIAI0B' with importer (ScriptedImporter : UnityEditor.QuickSearchModule:UnityEditor.Search:ASIAI0B)
Imported 'GUID: 3e6e6fbbd946d0541923f45f4eaa2cf1' -> (Import Result ID: 'fe662892bad4a7b46b09d989fe612e3e') in 0.003 seconds [static and dynamic dependencies]. Details - ImportResultOutputID=97c6759dff7dd925fc9b350e5dca8ac9 DependenciesID=1a6b20b83441b3470f99ffd5a9a57ae0 StaticDependenciesID=872f8b7f9549bfe20dc9f0761a8a1f44 
Number of updated asset objects reloaded before import = 0
Number of asset objects unloaded after import = 3
========================================================================
Received Import Request.
  Time of request: 2026-09-17T18:20:30.118862Z
  Time since last request: 0.000237333 seconds.
  importAddress: GUID: 9aa06092e0908a84585e814e7c214a51 - Path: Packages/com.unity.2d.spriteshape/Runtime/SpriteShapeGeometryCache.cs - Importer: ScriptedImporter/UnityEditor.QuickSearchModule:UnityEditor.Search:ASIAI0B
Importing 'GUID: 9aa06092e0908a84585e814e7c214a51 - Path: Packages/com.unity.2d.spriteshape/Runtime/SpriteShapeGeometryCache.cs - Importer: ScriptedImporter/UnityEditor.QuickSearchModule:UnityEditor.Search:ASIAI0B' with importer (ScriptedImporter : UnityEditor.QuickSearchModule:UnityEditor.Search:ASIAI0B)
Imported 'GUID: 9aa06092e0908a84585e814e7c214a51' -> (Import Result ID: 'a2d96be5a3c9c48972ef3fb2eb64b194') in 0.002 seconds [static and dynamic dependencies]. Details - ImportResultOutputID=937561cbc333bab33f0bd0ddb02de12e DependenciesID=b64555319cdbd1718c6d950424366ee0 StaticDependenciesID=3de87b667d73b0d047728e83d5852732 
Number of updated asset objects reloaded before import = 0
Number of asset objects unloaded after import = 0
========================================================================
Received Import Request.
  Time of request: 2026-09-17T18:20:30.128484Z
  Time since last request: 0.000180375 seconds.
  importAddress: GUID: 1e0f2b45945c8254abd59f40d783c11f - Path: Packages/com.unity.2d.animation/Editor/Assets/EditorIcons/d_Bone_Influence@4x.png - Importer: ScriptedImporter/UnityEditor.QuickSearchModule:UnityEditor.Search:ASIAI0B
Importing 'GUID: 1e0f2b45945c8254abd59f40d783c11f - Path: Packages/com.unity.2d.animation/Editor/Assets/EditorIcons/d_Bone_Influence@4x.png - Importer: ScriptedImporter/UnityEditor.QuickSearchModule:UnityEditor.Search:ASIAI0B' with importer (ScriptedImporter : UnityEditor.QuickSearchModule:UnityEditor.Search:ASIAI0B)
Imported 'GUID: 1e0f2b45945c8254abd59f40d783c11f' -> (Import Result ID: '6523244b372dce786df640b22111206a') in 0.003 seconds [static and dynamic dependencies]. Details - ImportResultOutputID=f91aff361ad6dee7369dc331059f4fd9 DependenciesID=1930f22275467a2ba9fb8d0d3b34ef93 StaticDependenciesID=f699dbd69c8e01d6c50aa5d9e235a0d8 
Number of updated asset objects reloaded before import = 0
Number of asset objects unloaded after import = 3
========================================================================
Received Import Request.
  Time of request: 2026-09-17T18:20:30.139721Z
  Time since last request: 0.000154833 seconds.
  importAddress: GUID: 35be39f5c9654938acc9e21286d3080a - Path: Packages/com.unity.2d.tooling/Editor/Insider/SpriteAtlas/SpriteAtlasIssueReport/SpriteAtlasIssuesContainer - Importer: ScriptedImporter/UnityEditor.QuickSearchModule:UnityEditor.Search:ASIAI0B
Importing 'GUID: 35be39f5c9654938acc9e21286d3080a - Path: Packages/com.unity.2d.tooling/Editor/Insider/SpriteAtlas/SpriteAtlasIssueReport/SpriteAtlasIssuesContainer - Importer: ScriptedImporter/UnityEditor.QuickSearchModule:UnityEditor.Search:ASIAI0B' with importer (ScriptedImporter : UnityEditor.QuickSearchModule:UnityEditor.Search:ASIAI0B)
Imported 'GUID: 35be39f5c9654938acc9e21286d3080a' -> (Import Result ID: '48768923f499f34f48a7ad02072e00c0') in 0.001 seconds [static and dynamic dependencies]. Details - ImportResultOutputID=94b0a07c37296188cce5967d636bcbb5 DependenciesID=b6ccf3bc9871844b7e96c9e6ef1de8e8 StaticDependenciesID=394c88fb71346f5a91f9dc8f8a982c47 
Number of updated asset objects reloaded before import = 0
Number of asset objects unloaded after import = 1
========================================================================
Received Import Request.
  Time of request: 2026-09-17T18:20:30.147807Z
  Time since last request: 0.000178125 seconds.
  importAddress: GUID: 744511170d2d3a7469a933bed4f61c03 - Path: Packages/com.unity.2d.tooling/CHANGELOG.md - Importer: ScriptedImporter/UnityEditor.QuickSearchModule:UnityEditor.Search:ASIAI0B
Importing 'GUID: 744511170d2d3a7469a933bed4f61c03 - Path: Packages/com.unity.2d.tooling/CHANGELOG.md - Importer: ScriptedImporter/UnityEditor.QuickSearchModule:UnityEditor.Search:ASIAI0B' with importer (ScriptedImporter : UnityEditor.QuickSearchModule:UnityEditor.Search:ASIAI0B)
Imported 'GUID: 744511170d2d3a7469a933bed4f61c03' -> (Import Result ID: 'f12d2a09a40e94008ffb8f3a2e286107') in 0.001 seconds [static and dynamic dependencies]. Details - ImportResultOutputID=97d532d36359440baabc5577bb9f48b8 DependenciesID=7964d725e92fe6fa5736b25afcaa656b StaticDependenciesID=9db3cc39aadcdcd858aa76bfdfcc9a39 
Number of updated asset objects reloaded before import = 0
Number of asset objects unloaded after import = 1
========================================================================
Received Import Request.
  Time of request: 2026-09-17T18:20:30.156004Z
  Time since last request: 0.000195875 seconds.
  importAddress: GUID: 6cf9bcb22d1f73e42a7abe79808d5902 - Path: Packages/com.unity.2d.tilemap/Editor/EditorTools/GridSelection/GridSelectionRotationTool.cs - Importer: ScriptedImporter/UnityEditor.QuickSearchModule:UnityEditor.Search:ASIAI0B
Importing 'GUID: 6cf9bcb22d1f73e42a7abe79808d5902 - Path: Packages/com.unity.2d.tilemap/Editor/EditorTools/GridSelection/GridSelectionRotationTool.cs - Importer: ScriptedImporter/UnityEditor.QuickSearchModule:UnityEditor.Search:ASIAI0B' with importer (ScriptedImporter : UnityEditor.QuickSearchModule:UnityEditor.Search:ASIAI0B)
Imported 'GUID: 6cf9bcb22d1f73e42a7abe79808d5902' -> (Import Result ID: 'c4d93850bba588c0ee00e1a2e1dcfbf6') in 0.001 seconds [static and dynamic dependencies]. Details - ImportResultOutputID=e1b081608eaf3551d27ecf476aa9fce2 DependenciesID=c44ea71b869e0a58976c37ca5680201e StaticDependenciesID=6c19110a3ee6cbf460376b8a03c716d6 
Number of updated asset objects reloaded before import = 0
Number of asset objects unloaded after import = 0
========================================================================
Received Import Request.
  Time of request: 2026-09-17T18:20:30.164682Z
  Time since last request: 0.000226958 seconds.
  importAddress: GUID: 6259913e8d526e447bf2ff536882fa6c - Path: Packages/com.unity.2d.psdimporter/Editor/PSDPlugin/PsdFile/Compression/ZipPredict16Image.cs - Importer: ScriptedImporter/UnityEditor.QuickSearchModule:UnityEditor.Search:ASIAI0B
Importing 'GUID: 6259913e8d526e447bf2ff536882fa6c - Path: Packages/com.unity.2d.psdimporter/Editor/PSDPlugin/PsdFile/Compression/ZipPredict16Image.cs - Importer: ScriptedImporter/UnityEditor.QuickSearchModule:UnityEditor.Search:ASIAI0B' with importer (ScriptedImporter : UnityEditor.QuickSearchModule:UnityEditor.Search:ASIAI0B)
Imported 'GUID: 6259913e8d526e447bf2ff536882fa6c' -> (Import Result ID: '2dcdfa9dbc34cc9d4859d8aa806e36ac') in 0.001 seconds [static and dynamic dependencies]. Details - ImportResultOutputID=ceb39a9ccca4283556e6044561138f3d DependenciesID=7daacee2ba13d8114e0c62c606e2ebdb StaticDependenciesID=a20745c9c40b8711e6382c9c80206370 
Number of updated asset objects reloaded before import = 0
Number of asset objects unloaded after import = 0
========================================================================
Received Import Request.
  Time of request: 2026-09-17T18:20:30.173439Z
  Time since last request: 0.0002765 seconds.
  importAddress: GUID: a4a8b6ebb023f4786b192a65f264a697 - Path: Packages/com.unity.2d.psdimporter/Editor/Assets/Icons/Light/Layers Separated@4x.png - Importer: ScriptedImporter/UnityEditor.QuickSearchModule:UnityEditor.Search:ASIAI0B
Importing 'GUID: a4a8b6ebb023f4786b192a65f264a697 - Path: Packages/com.unity.2d.psdimporter/Editor/Assets/Icons/Light/Layers Separated@4x.png - Importer: ScriptedImporter/UnityEditor.QuickSearchModule:UnityEditor.Search:ASIAI0B' with importer (ScriptedImporter : UnityEditor.QuickSearchModule:UnityEditor.Search:ASIAI0B)
Imported 'GUID: a4a8b6ebb023f4786b192a65f264a697' -> (Import Result ID: 'f77787297f0fe411f549e4f2c343d69f') in 0.003 seconds [static and dynamic dependencies]. Details - ImportResultOutputID=e4eab19da5ef46e057946f60effd09fa DependenciesID=48993145a6106ce2cc0aba4b2305bd21 StaticDependenciesID=d2830b7e45d85d45570ef02226e1ff35 
Number of updated asset objects reloaded before import = 0
Number of asset objects unloaded after import = 3
========================================================================
Received Import Request.
  Time of request: 2026-09-17T18:20:30.200314Z
  Time since last request: 0.016661875 seconds.
  importAddress: GUID: ae5924760c9fbf54d89df9f13435887e - Path: Packages/com.unity.2d.animation/Editor/Assets/EditorIcons/Generate_Geometry@2x.png - Importer: ScriptedImporter/UnityEditor.QuickSearchModule:UnityEditor.Search:ASIAI0B
Importing 'GUID: ae5924760c9fbf54d89df9f13435887e - Path: Packages/com.unity.2d.animation/Editor/Assets/EditorIcons/Generate_Geometry@2x.png - Importer: ScriptedImporter/UnityEditor.QuickSearchModule:UnityEditor.Search:ASIAI0B' with importer (ScriptedImporter : UnityEditor.QuickSearchModule:UnityEditor.Search:ASIAI0B)
Imported 'GUID: ae5924760c9fbf54d89df9f13435887e' -> (Import Result ID: 'af9be9a0c62b674f1f71acdbbeeb82bd') in 0.002 seconds [static and dynamic dependencies]. Details - ImportResultOutputID=cc99eb90d02f93cb39f5e3438be09b36 DependenciesID=91c9f18de27f294a0ef4cc221745e1d5 StaticDependenciesID=099d9648c9b3348e9c39a3c304ffd450 
Number of updated asset objects reloaded before import = 0
Number of asset objects unloaded after import = 3
========================================================================
Received Import Request.
  Time of request: 2026-09-17T18:20:30.210291Z
  Time since last request: 0.000287041 seconds.
  importAddress: GUID: d1c2be2a893c441fca30fe5d470e0d3e - Path: Packages/com.unity.2d.animation/Editor/Assets/ComponentIcons/Animation.IKFabrik@32.png - Importer: ScriptedImporter/UnityEditor.QuickSearchModule:UnityEditor.Search:ASIAI0B
Importing 'GUID: d1c2be2a893c441fca30fe5d470e0d3e - Path: Packages/com.unity.2d.animation/Editor/Assets/ComponentIcons/Animation.IKFabrik@32.png - Importer: ScriptedImporter/UnityEditor.QuickSearchModule:UnityEditor.Search:ASIAI0B' with importer (ScriptedImporter : UnityEditor.QuickSearchModule:UnityEditor.Search:ASIAI0B)
Imported 'GUID: d1c2be2a893c441fca30fe5d470e0d3e' -> (Import Result ID: '51f609d8338114b49e074175bb7ea0bc') in 0.002 seconds [static and dynamic dependencies]. Details - ImportResultOutputID=0103fb31dade7a840626d13bd1e0a363 DependenciesID=001466dbe9e8ff6d381d32bdc43874db StaticDependenciesID=a03492715f986356a3ef33beaf199521 
Number of updated asset objects reloaded before import = 0
Number of asset objects unloaded after import = 3
========================================================================
Received Import Request.
  Time of request: 2026-09-17T18:20:30.220116Z
  Time since last request: 0.0002635 seconds.
  importAddress: GUID: 738c3a248be1a42db9d2f2ce9265899c - Path: Packages/com.unity.2d.animation/Profiler/Editor/UI/SpriteSkinHierarchyView/SpriteSkinHierarchyView.uxml - Importer: ScriptedImporter/UnityEditor.QuickSearchModule:UnityEditor.Search:ASIAI0B
Importing 'GUID: 738c3a248be1a42db9d2f2ce9265899c - Path: Packages/com.unity.2d.animation/Profiler/Editor/UI/SpriteSkinHierarchyView/SpriteSkinHierarchyView.uxml - Importer: ScriptedImporter/UnityEditor.QuickSearchModule:UnityEditor.Search:ASIAI0B' with importer (ScriptedImporter : UnityEditor.QuickSearchModule:UnityEditor.Search:ASIAI0B)
Imported 'GUID: 738c3a248be1a42db9d2f2ce9265899c' -> (Import Result ID: 'dc3d64669f0c732775482caea09a1060') in 0.004 seconds [static and dynamic dependencies]. Details - ImportResultOutputID=ec34d1480718f25198da8d43a42dbcd3 DependenciesID=2544004a0683ecd85342518d1e688f0d StaticDependenciesID=f1a2cdc89767967928800de6ae5795c6 
Number of updated asset objects reloaded before import = 0
Number of asset objects unloaded after import = 5
========================================================================
Received Import Request.
  Time of request: 2026-09-17T18:20:30.230839Z
  Time since last request: 0.000135542 seconds.
  importAddress: GUID: 806458e67991c7449a38f7d942188a0e - Path: Packages/com.unity.2d.psdimporter/Editor/PSDPlugin/PDNWrapper/PDNDecodeJob.cs - Importer: ScriptedImporter/UnityEditor.QuickSearchModule:UnityEditor.Search:ASIAI0B
Importing 'GUID: 806458e67991c7449a38f7d942188a0e - Path: Packages/com.unity.2d.psdimporter/Editor/PSDPlugin/PDNWrapper/PDNDecodeJob.cs - Importer: ScriptedImporter/UnityEditor.QuickSearchModule:UnityEditor.Search:ASIAI0B' with importer (ScriptedImporter : UnityEditor.QuickSearchModule:UnityEditor.Search:ASIAI0B)
Imported 'GUID: 806458e67991c7449a38f7d942188a0e' -> (Import Result ID: '2ab9485dbfaf41167c89f848dd970f24') in 0.002 seconds [static and dynamic dependencies]. Details - ImportResultOutputID=88df1ef820b3bca3f9fa0843dea75f93 DependenciesID=a3dbfb0b394e0c74f495f451ffa631ff StaticDependenciesID=aace3ad04cdda389b2106276eedabccc 
Number of updated asset objects reloaded before import = 0
Number of asset objects unloaded after import = 0
========================================================================
Received Import Request.
  Time of request: 2026-09-17T18:20:30.240078Z
  Time since last request: 0.00017025 seconds.
  importAddress: GUID: b1575b7a6ef047c4ab65d2fc455e5e22 - Path: Packages/com.unity.2d.psdimporter/Editor/Tasks - Importer: ScriptedImporter/UnityEditor.QuickSearchModule:UnityEditor.Search:ASIAI0B
Importing 'GUID: b1575b7a6ef047c4ab65d2fc455e5e22 - Path: Packages/com.unity.2d.psdimporter/Editor/Tasks - Importer: ScriptedImporter/UnityEditor.QuickSearchModule:UnityEditor.Search:ASIAI0B' with importer (ScriptedImporter : UnityEditor.QuickSearchModule:UnityEditor.Search:ASIAI0B)
Imported 'GUID: b1575b7a6ef047c4ab65d2fc455e5e22' -> (Import Result ID: 'c55c632bfca6d36247bf0291f3ea8bcc') in 0.001 seconds [static and dynamic dependencies]. Details - ImportResultOutputID=7d4281dc4b8f06933f71032d3e2c2071 DependenciesID=2e8b93ceb7d8b31f510e37a1c48ff88e StaticDependenciesID=ba09e21e0644a4cbffec5469e6e4a054 
Number of updated asset objects reloaded before import = 0
Number of asset objects unloaded after import = 1
========================================================================
Received Import Request.
  Time of request: 2026-09-17T18:20:30.247597Z
  Time since last request: 0.00011275 seconds.
  importAddress: GUID: 241898342fd2d2d478d8d74aff380666 - Path: Packages/com.unity.2d.tilemap/Editor/CreateTileFromPaletteAttribute.cs - Importer: ScriptedImporter/UnityEditor.QuickSearchModule:UnityEditor.Search:ASIAI0B
Importing 'GUID: 241898342fd2d2d478d8d74aff380666 - Path: Packages/com.unity.2d.tilemap/Editor/CreateTileFromPaletteAttribute.cs - Importer: ScriptedImporter/UnityEditor.QuickSearchModule:UnityEditor.Search:ASIAI0B' with importer (ScriptedImporter : UnityEditor.QuickSearchModule:UnityEditor.Search:ASIAI0B)
Imported 'GUID: 241898342fd2d2d478d8d74aff380666' -> (Import Result ID: '45737452062126cab4fe58117aba18ec') in 0.001 seconds [static and dynamic dependencies]. Details - ImportResultOutputID=9ee35e23e01e73c4f8a1b1142e365d40 DependenciesID=8d9f3ee1619dcf4eb929c7ccd2b8665f StaticDependenciesID=d6ee6012d56696805a3d4b5068e39579 
Number of updated asset objects reloaded before import = 0
Number of asset objects unloaded after import = 0
========================================================================
Received Import Request.
  Time of request: 2026-09-17T18:20:30.255439Z
  Time since last request: 0.000214042 seconds.
  importAddress: GUID: e7ae402e1190249f4a2be52eb7ec09c5 - Path: Packages/com.unity.2d.animation/Editor/Assets/EditorIcons/SetPivot.png - Importer: ScriptedImporter/UnityEditor.QuickSearchModule:UnityEditor.Search:ASIAI0B
Importing 'GUID: e7ae402e1190249f4a2be52eb7ec09c5 - Path: Packages/com.unity.2d.animation/Editor/Assets/EditorIcons/SetPivot.png - Importer: ScriptedImporter/UnityEditor.QuickSearchModule:UnityEditor.Search:ASIAI0B' with importer (ScriptedImporter : UnityEditor.QuickSearchModule:UnityEditor.Search:ASIAI0B)
Imported 'GUID: e7ae402e1190249f4a2be52eb7ec09c5' -> (Import Result ID: 'dd206da56c78aa10be2b357c73b78cf5') in 0.002 seconds [static and dynamic dependencies]. Details - ImportResultOutputID=06849c975e7a72ec05a28f8531eb491d DependenciesID=d7ab52d3fc166600f3d2d1b9d6162915 StaticDependenciesID=c7defafa229381a13a7c811dee8d136e 
Number of updated asset objects reloaded before import = 0
Number of asset objects unloaded after import = 3
========================================================================
Received Import Request.
  Time of request: 2026-09-17T18:20:30.264662Z
  Time since last request: 0.000164708 seconds.
  importAddress: GUID: 19fb86013d8c24d6cb8410c0aadf30fa - Path: Packages/com.unity.2d.sprite/Editor/ObjectMenuCreation/DefaultAssets/Textures/v2/IsometricDiamond.png - Importer: ScriptedImporter/UnityEditor.QuickSearchModule:UnityEditor.Search:ASIAI0B
Importing 'GUID: 19fb86013d8c24d6cb8410c0aadf30fa - Path: Packages/com.unity.2d.sprite/Editor/ObjectMenuCreation/DefaultAssets/Textures/v2/IsometricDiamond.png - Importer: ScriptedImporter/UnityEditor.QuickSearchModule:UnityEditor.Search:ASIAI0B' with importer (ScriptedImporter : UnityEditor.QuickSearchModule:UnityEditor.Search:ASIAI0B)
Imported 'GUID: 19fb86013d8c24d6cb8410c0aadf30fa' -> (Import Result ID: 'd5173ac55ae5c2e52aa70cf2bb2c6c37') in 0.003 seconds [static and dynamic dependencies]. Details - ImportResultOutputID=ceea26e8ef8e949b56801c99a675fbea DependenciesID=74604bbcb8dd020e6a5c2b212ef53765 StaticDependenciesID=659c845e85f452e083e293cf6f5ff8f8 
Number of updated asset objects reloaded before import = 0
Number of asset objects unloaded after import = 3
========================================================================
Received Import Request.
  Time of request: 2026-09-17T18:20:30.274573Z
  Time since last request: 0.00008775 seconds.
  importAddress: GUID: acc0de355e663464684a1b81871fe30b - Path: Packages/com.unity.2d.animation/Editor/SkinningModule/SkeletonTool/SkeletonTool.cs - Importer: ScriptedImporter/UnityEditor.QuickSearchModule:UnityEditor.Search:ASIAI0B
Importing 'GUID: acc0de355e663464684a1b81871fe30b - Path: Packages/com.unity.2d.animation/Editor/SkinningModule/SkeletonTool/SkeletonTool.cs - Importer: ScriptedImporter/UnityEditor.QuickSearchModule:UnityEditor.Search:ASIAI0B' with importer (ScriptedImporter : UnityEditor.QuickSearchModule:UnityEditor.Search:ASIAI0B)
Imported 'GUID: acc0de355e663464684a1b81871fe30b' -> (Import Result ID: '70a56b3269c71df687d2b1a5fa933b03') in 0.001 seconds [static and dynamic dependencies]. Details - ImportResultOutputID=8b42bacf940c2e1acf56363595bcadad DependenciesID=2d8efca8852424d16b0147d030a8e1ae StaticDependenciesID=4766501f8b4251aa38998a9127a80e18 
Number of updated asset objects reloaded before import = 0
Number of asset objects unloaded after import = 0
========================================================================
Received Import Request.
  Time of request: 2026-09-17T18:20:30.282191Z
  Time since last request: 0.00014425 seconds.
  importAddress: GUID: 91006214ab79ae444b7ae4f0e018beb8 - Path: Packages/com.unity.2d.psdimporter/Editor/Tasks/FlattenImageTask.cs - Importer: ScriptedImporter/UnityEditor.QuickSearchModule:UnityEditor.Search:ASIAI0B
Importing 'GUID: 91006214ab79ae444b7ae4f0e018beb8 - Path: Packages/com.unity.2d.psdimporter/Editor/Tasks/FlattenImageTask.cs - Importer: ScriptedImporter/UnityEditor.QuickSearchModule:UnityEditor.Search:ASIAI0B' with importer (ScriptedImporter : UnityEditor.QuickSearchModule:UnityEditor.Search:ASIAI0B)
Imported 'GUID: 91006214ab79ae444b7ae4f0e018beb8' -> (Import Result ID: '2d2e04b788a7938d7f08314c2fec9acf') in 0.001 seconds [static and dynamic dependencies]. Details - ImportResultOutputID=4bad55ad65d8f2241d1538dfef1526c5 DependenciesID=df4fdf19eb8f81eae0c86f89732f41e5 StaticDependenciesID=ad59defc2f6a2cfb0f68372239a3eb96 
Number of updated asset objects reloaded before import = 0
Number of asset objects unloaded after import = 0
========================================================================
Received Import Request.
  Time of request: 2026-09-17T18:20:30.289797Z
  Time since last request: 0.000108584 seconds.
  importAddress: GUID: 415cd2cd116f59445a6667da7c21b4ac - Path: Packages/com.unity.2d.animation/IK/Editor/AssemblyInfo.cs - Importer: ScriptedImporter/UnityEditor.QuickSearchModule:UnityEditor.Search:ASIAI0B
Importing 'GUID: 415cd2cd116f59445a6667da7c21b4ac - Path: Packages/com.unity.2d.animation/IK/Editor/AssemblyInfo.cs - Importer: ScriptedImporter/UnityEditor.QuickSearchModule:UnityEditor.Search:ASIAI0B' with importer (ScriptedImporter : UnityEditor.QuickSearchModule:UnityEditor.Search:ASIAI0B)
Imported 'GUID: 415cd2cd116f59445a6667da7c21b4ac' -> (Import Result ID: 'd59b88f9254173006d0640f4e3d016fd') in 0.001 seconds [static and dynamic dependencies]. Details - ImportResultOutputID=7d1adf49a278f7a092cf6a458aa67740 DependenciesID=60fa712df2ab4015b26306443d604c70 StaticDependenciesID=83aa7ea49ecf3e17f2cc3581402b30c2 
Number of updated asset objects reloaded before import = 0
Number of asset objects unloaded after import = 0
========================================================================
Received Import Request.
  Time of request: 2026-09-17T18:20:30.29753Z
  Time since last request: 0.000135958 seconds.
  importAddress: GUID: 50d3cd2f336704fcf9cf5b293c10ba9c - Path: Packages/com.unity.2d.animation/Editor/Assets/ComponentIcons/Animation.IKCCD On@128.png - Importer: ScriptedImporter/UnityEditor.QuickSearchModule:UnityEditor.Search:ASIAI0B
Importing 'GUID: 50d3cd2f336704fcf9cf5b293c10ba9c - Path: Packages/com.unity.2d.animation/Editor/Assets/ComponentIcons/Animation.IKCCD On@128.png - Importer: ScriptedImporter/UnityEditor.QuickSearchModule:UnityEditor.Search:ASIAI0B' with importer (ScriptedImporter : UnityEditor.QuickSearchModule:UnityEditor.Search:ASIAI0B)
Imported 'GUID: 50d3cd2f336704fcf9cf5b293c10ba9c' -> (Import Result ID: 'b283d07b9d5ea8e72abb6eeff13b0bbc') in 0.003 seconds [static and dynamic dependencies]. Details - ImportResultOutputID=0eeb17a425c87e1118d9f2831dc59807 DependenciesID=fcc083d3531048eedd7f5c4a2218b58b StaticDependenciesID=1666a9d33377e4ec3a7463db69439970 
Number of updated asset objects reloaded before import = 0
Number of asset objects unloaded after import = 3
========================================================================
Received Import Request.
  Time of request: 2026-09-17T18:20:30.30756Z
  Time since last request: 0.000148833 seconds.
  importAddress: GUID: 7bbb98f319252794fab775275aa2632d - Path: Packages/com.unity.2d.animation/Editor/Assets/SkinningModule/PastePanel.uxml - Importer: ScriptedImporter/UnityEditor.QuickSearchModule:UnityEditor.Search:ASIAI0B
Importing 'GUID: 7bbb98f319252794fab775275aa2632d - Path: Packages/com.unity.2d.animation/Editor/Assets/SkinningModule/PastePanel.uxml - Importer: ScriptedImporter/UnityEditor.QuickSearchModule:UnityEditor.Search:ASIAI0B' with importer (ScriptedImporter : UnityEditor.QuickSearchModule:UnityEditor.Search:ASIAI0B)
Imported 'GUID: 7bbb98f319252794fab775275aa2632d' -> (Import Result ID: '7693b4e4438b8fb7eed7d09e68bd15be') in 0.003 seconds [static and dynamic dependencies]. Details - ImportResultOutputID=bb74779fcc6a585add59e07058dfc6db DependenciesID=207500d09cd7b384f69099cf1c67b3d4 StaticDependenciesID=9c1b7137766289616a39b41b30582622 
Number of updated asset objects reloaded before import = 0
Number of asset objects unloaded after import = 2
========================================================================
Received Import Request.
  Time of request: 2026-09-17T18:20:30.317691Z
  Time since last request: 0.000124667 seconds.
  importAddress: GUID: 0d85df098cac143f6bca4a59cf2b1deb - Path: Packages/com.unity.2d.common/Path/Editor/IMGUI/CreatePointAction.cs - Importer: ScriptedImporter/UnityEditor.QuickSearchModule:UnityEditor.Search:ASIAI0B
Importing 'GUID: 0d85df098cac143f6bca4a59cf2b1deb - Path: Packages/com.unity.2d.common/Path/Editor/IMGUI/CreatePointAction.cs - Importer: ScriptedImporter/UnityEditor.QuickSearchModule:UnityEditor.Search:ASIAI0B' with importer (ScriptedImporter : UnityEditor.QuickSearchModule:UnityEditor.Search:ASIAI0B)
Imported 'GUID: 0d85df098cac143f6bca4a59cf2b1deb' -> (Import Result ID: '13aa6ddfb0fd60887e44d29353e87d38') in 0.001 seconds [static and dynamic dependencies]. Details - ImportResultOutputID=eeb932239f3dbc30d9c79a15614b0e6d DependenciesID=3ea655dbc2579d8bb21b867120ce249d StaticDependenciesID=5d28be1860e6089c4cf26deaaea30726 
Number of updated asset objects reloaded before import = 0
Number of asset objects unloaded after import = 0
========================================================================
Received Import Request.
  Time of request: 2026-09-17T18:20:30.325424Z
  Time since last request: 0.000157416 seconds.
  importAddress: GUID: 360cfd7debcd44adfbb69d1911de502d - Path: Packages/com.unity.2d.psdimporter/Editor/Assets/Icons/Dark/Layers Collapsed@2x.png - Importer: ScriptedImporter/UnityEditor.QuickSearchModule:UnityEditor.Search:ASIAI0B
Importing 'GUID: 360cfd7debcd44adfbb69d1911de502d - Path: Packages/com.unity.2d.psdimporter/Editor/Assets/Icons/Dark/Layers Collapsed@2x.png - Importer: ScriptedImporter/UnityEditor.QuickSearchModule:UnityEditor.Search:ASIAI0B' with importer (ScriptedImporter : UnityEditor.QuickSearchModule:UnityEditor.Search:ASIAI0B)
Imported 'GUID: 360cfd7debcd44adfbb69d1911de502d' -> (Import Result ID: 'e8808970660231b73ec57091d6a4aaa6') in 0.003 seconds [static and dynamic dependencies]. Details - ImportResultOutputID=915623ebeb7e42185a14bc30e61f0b35 DependenciesID=44016b6ab86401d465b328a7b285f117 StaticDependenciesID=a027ee118a617f811fd9500182fcca55 
Number of updated asset objects reloaded before import = 0
Number of asset objects unloaded after import = 3
========================================================================
Received Import Request.
  Time of request: 2026-09-17T18:20:30.33532Z
  Time since last request: 0.000133042 seconds.
  importAddress: GUID: 0f26b0f71c3344e8b8838eb64eb7d9e9 - Path: Packages/com.unity.2d.animation/Editor/Assets/EditorIcons/d_Sprite_Influence@2x.png - Importer: ScriptedImporter/UnityEditor.QuickSearchModule:UnityEditor.Search:ASIAI0B
Importing 'GUID: 0f26b0f71c3344e8b8838eb64eb7d9e9 - Path: Packages/com.unity.2d.animation/Editor/Assets/EditorIcons/d_Sprite_Influence@2x.png - Importer: ScriptedImporter/UnityEditor.QuickSearchModule:UnityEditor.Search:ASIAI0B' with importer (ScriptedImporter : UnityEditor.QuickSearchModule:UnityEditor.Search:ASIAI0B)
Imported 'GUID: 0f26b0f71c3344e8b8838eb64eb7d9e9' -> (Import Result ID: '35e8dafbd33506da3f00400738b6dd58') in 0.003 seconds [static and dynamic dependencies]. Details - ImportResultOutputID=e271d7f70406642a5d6c465f0a2a11f4 DependenciesID=27d1314c7f0420edacb37376ea854e52 StaticDependenciesID=d7fd47b6fb02c769dfa60f6e04d37e66 
Number of updated asset objects reloaded before import = 0
Number of asset objects unloaded after import = 3
========================================================================
Received Import Request.
  Time of request: 2026-09-17T18:20:30.345549Z
  Time since last request: 0.000118292 seconds.
  importAddress: GUID: 1bb69cd91685d9248a58b144052746f3 - Path: Packages/com.unity.2d.animation/Editor/Assets/EditorIcons/Selected/d_Bone@4x.png - Importer: ScriptedImporter/UnityEditor.QuickSearchModule:UnityEditor.Search:ASIAI0B
Importing 'GUID: 1bb69cd91685d9248a58b144052746f3 - Path: Packages/com.unity.2d.animation/Editor/Assets/EditorIcons/Selected/d_Bone@4x.png - Importer: ScriptedImporter/UnityEditor.QuickSearchModule:UnityEditor.Search:ASIAI0B' with importer (ScriptedImporter : UnityEditor.QuickSearchModule:UnityEditor.Search:ASIAI0B)
Imported 'GUID: 1bb69cd91685d9248a58b144052746f3' -> (Import Result ID: '7d8b6279b046cd96a009b7ab59f1aa66') in 0.003 seconds [static and dynamic dependencies]. Details - ImportResultOutputID=d6f21e6793ab16ec673e6f09a85700fb DependenciesID=0fed38cd0663d3c65021d0661e848043 StaticDependenciesID=6b08f570d65f938c06d55dfde8c656e3 
Number of updated asset objects reloaded before import = 0
Number of asset objects unloaded after import = 3
========================================================================
Received Import Request.
  Time of request: 2026-09-17T18:20:30.354999Z
  Time since last request: 0.000095375 seconds.
  importAddress: GUID: aebb69cf5dff0af40889258ae645be7a - Path: Packages/com.unity.2d.tilemap.extras/Editor/Brushes/LineBrush - Importer: ScriptedImporter/UnityEditor.QuickSearchModule:UnityEditor.Search:ASIAI0B
Importing 'GUID: aebb69cf5dff0af40889258ae645be7a - Path: Packages/com.unity.2d.tilemap.extras/Editor/Brushes/LineBrush - Importer: ScriptedImporter/UnityEditor.QuickSearchModule:UnityEditor.Search:ASIAI0B' with importer (ScriptedImporter : UnityEditor.QuickSearchModule:UnityEditor.Search:ASIAI0B)
Imported 'GUID: aebb69cf5dff0af40889258ae645be7a' -> (Import Result ID: '9a407a22717e005f5a1f5e156a8eac6f') in 0.001 seconds [static and dynamic dependencies]. Details - ImportResultOutputID=33c3581f1eb1a7e23d1832a1aaedba8e DependenciesID=55f2a9496e8a921f366500b1c15bfb31 StaticDependenciesID=a7cbf3613355b36000a735ef1c8fb5d6 
Number of updated asset objects reloaded before import = 0
Number of asset objects unloaded after import = 1
========================================================================
Received Import Request.
  Time of request: 2026-09-17T18:20:30.362568Z
  Time since last request: 0.000160625 seconds.
  importAddress: GUID: 80f77a76467b24d1a856328afa989eb3 - Path: Packages/com.unity.2d.animation/Editor/Assets/EditorIcons/Selected/Sprite_Influence@2x.png - Importer: ScriptedImporter/UnityEditor.QuickSearchModule:UnityEditor.Search:ASIAI0B
Importing 'GUID: 80f77a76467b24d1a856328afa989eb3 - Path: Packages/com.unity.2d.animation/Editor/Assets/EditorIcons/Selected/Sprite_Influence@2x.png - Importer: ScriptedImporter/UnityEditor.QuickSearchModule:UnityEditor.Search:ASIAI0B' with importer (ScriptedImporter : UnityEditor.QuickSearchModule:UnityEditor.Search:ASIAI0B)
Imported 'GUID: 80f77a76467b24d1a856328afa989eb3' -> (Import Result ID: '260a0dce8e7d8c2ac460b74e4c3c823b') in 0.002 seconds [static and dynamic dependencies]. Details - ImportResultOutputID=1b63468b20ec711be1dd7b1d1e452c07 DependenciesID=1fe9bbf6bd4229d347e79604ff9e3a4a StaticDependenciesID=472e788e928284209ece3393898843f4 
Number of updated asset objects reloaded before import = 0
Number of asset objects unloaded after import = 3
========================================================================
Received Import Request.
  Time of request: 2026-09-17T18:20:30.371821Z
  Time since last request: 0.00013725 seconds.
  importAddress: GUID: b49189d5fba8b4ee597cd3301adbc47a - Path: Packages/com.unity.2d.animation/Runtime/BatchedDeformation/BoneTransformsChangeDetectionJob.cs - Importer: ScriptedImporter/UnityEditor.QuickSearchModule:UnityEditor.Search:ASIAI0B
Importing 'GUID: b49189d5fba8b4ee597cd3301adbc47a - Path: Packages/com.unity.2d.animation/Runtime/BatchedDeformation/BoneTransformsChangeDetectionJob.cs - Importer: ScriptedImporter/UnityEditor.QuickSearchModule:UnityEditor.Search:ASIAI0B' with importer (ScriptedImporter : UnityEditor.QuickSearchModule:UnityEditor.Search:ASIAI0B)
Imported 'GUID: b49189d5fba8b4ee597cd3301adbc47a' -> (Import Result ID: '6e4ed6d1a1a2f9a9fa7375a3e7ff668e') in 0.001 seconds [static and dynamic dependencies]. Details - ImportResultOutputID=5841cee0322875687086d41d63026da2 DependenciesID=b31981a3d35ae64479ffd3759e7f50f0 StaticDependenciesID=3d8ce628b5260ce2ab76942262563f5c 
Number of updated asset objects reloaded before import = 0
Number of asset objects unloaded after import = 0
========================================================================
Received Import Request.
  Time of request: 2026-09-17T18:20:30.379599Z
  Time since last request: 0.000126875 seconds.
  importAddress: GUID: f497b12fab15d4d2eabb5029505fec1a - Path: Packages/com.unity.2d.animation/README.md - Importer: ScriptedImporter/UnityEditor.QuickSearchModule:UnityEditor.Search:ASIAI0B
Importing 'GUID: f497b12fab15d4d2eabb5029505fec1a - Path: Packages/com.unity.2d.animation/README.md - Importer: ScriptedImporter/UnityEditor.QuickSearchModule:UnityEditor.Search:ASIAI0B' with importer (ScriptedImporter : UnityEditor.QuickSearchModule:UnityEditor.Search:ASIAI0B)
Imported 'GUID: f497b12fab15d4d2eabb5029505fec1a' -> (Import Result ID: '962390e4150fe6acaa482da15df6b108') in 0.001 seconds [static and dynamic dependencies]. Details - ImportResultOutputID=c38b7db4202a5e59df5c684f8616eb6c DependenciesID=04a1f88f17d1d05fe40b5e403cbbfe08 StaticDependenciesID=9d3214864552e6e8888838341c4ab5e3 
Number of updated asset objects reloaded before import = 0
Number of asset objects unloaded after import = 1
========================================================================
Received Import Request.
  Time of request: 2026-09-17T18:20:30.3874Z
  Time since last request: 0.000116959 seconds.
  importAddress: GUID: 627558f812b9bb944851932d0a8d80d5 - Path: Packages/com.unity.2d.animation/Editor/SpriteSkin/BoneGizmoToggle.cs - Importer: ScriptedImporter/UnityEditor.QuickSearchModule:UnityEditor.Search:ASIAI0B
Importing 'GUID: 627558f812b9bb944851932d0a8d80d5 - Path: Packages/com.unity.2d.animation/Editor/SpriteSkin/BoneGizmoToggle.cs - Importer: ScriptedImporter/UnityEditor.QuickSearchModule:UnityEditor.Search:ASIAI0B' with importer (ScriptedImporter : UnityEditor.QuickSearchModule:UnityEditor.Search:ASIAI0B)
Imported 'GUID: 627558f812b9bb944851932d0a8d80d5' -> (Import Result ID: 'cae010ef66cfb8e7cefc76c8365144e3') in 0.001 seconds [static and dynamic dependencies]. Details - ImportResultOutputID=d9994d6a0ccfa1da15cfe0e6a8e05162 DependenciesID=0bdb337d4a4a91bbf42fcef68d57493a StaticDependenciesID=e530ee1e37c002f00758b27f48c1c908 
Number of updated asset objects reloaded before import = 0
Number of asset objects unloaded after import = 0
========================================================================
Received Import Request.
  Time of request: 2026-09-17T18:20:30.394886Z
  Time since last request: 0.000128791 seconds.
  importAddress: GUID: 2f12c9758dad4e34ea8bc886f1fdb0dd - Path: Packages/com.unity.2d.animation/Editor/Assets/EditorIcons/Selected/Split_Edge@2x.png - Importer: ScriptedImporter/UnityEditor.QuickSearchModule:UnityEditor.Search:ASIAI0B
Importing 'GUID: 2f12c9758dad4e34ea8bc886f1fdb0dd - Path: Packages/com.unity.2d.animation/Editor/Assets/EditorIcons/Selected/Split_Edge@2x.png - Importer: ScriptedImporter/UnityEditor.QuickSearchModule:UnityEditor.Search:ASIAI0B' with importer (ScriptedImporter : UnityEditor.QuickSearchModule:UnityEditor.Search:ASIAI0B)
Imported 'GUID: 2f12c9758dad4e34ea8bc886f1fdb0dd' -> (Import Result ID: '7ac197185855aacd61540ebdef27395a') in 0.002 seconds [static and dynamic dependencies]. Details - ImportResultOutputID=f8a168ca657f3d98a17952af20deb289 DependenciesID=ed47a1480a5f82a70e5fdf7a6a8e10c9 StaticDependenciesID=ceedd600f4c58319cb90876236242ed3 
Number of updated asset objects reloaded before import = 0
Number of asset objects unloaded after import = 3
========================================================================
Received Import Request.
  Time of request: 2026-09-17T18:20:30.403896Z
  Time since last request: 0.000125292 seconds.
  importAddress: GUID: 582e1cef5c8af4f0d8ce9f352b1c9c1a - Path: Packages/com.unity.2d.common/Path/Editor/EditablePath/EditablePathExtensions.cs - Importer: ScriptedImporter/UnityEditor.QuickSearchModule:UnityEditor.Search:ASIAI0B
Importing 'GUID: 582e1cef5c8af4f0d8ce9f352b1c9c1a - Path: Packages/com.unity.2d.common/Path/Editor/EditablePath/EditablePathExtensions.cs - Importer: ScriptedImporter/UnityEditor.QuickSearchModule:UnityEditor.Search:ASIAI0B' with importer (ScriptedImporter : UnityEditor.QuickSearchModule:UnityEditor.Search:ASIAI0B)
Imported 'GUID: 582e1cef5c8af4f0d8ce9f352b1c9c1a' -> (Import Result ID: 'c706c7af69d81a6be62d7fa801bb6683') in 0.001 seconds [static and dynamic dependencies]. Details - ImportResultOutputID=90e218b27ccaf426d793fdacb085ad18 DependenciesID=776351c4db62d8696363b9aa19b2d30d StaticDependenciesID=17e4c2e05597ad916790aaec9073ca74 
Number of updated asset objects reloaded before import = 0
Number of asset objects unloaded after import = 0
========================================================================
Received Import Request.
  Time of request: 2026-09-17T18:20:30.411592Z
  Time since last request: 0.000119209 seconds.
  importAddress: GUID: a700028b9cda49fd94ebc3806a2185f9 - Path: Packages/com.unity.2d.tilemap/Editor/UI/TilePaletteBrushModalElement.cs - Importer: ScriptedImporter/UnityEditor.QuickSearchModule:UnityEditor.Search:ASIAI0B
Importing 'GUID: a700028b9cda49fd94ebc3806a2185f9 - Path: Packages/com.unity.2d.tilemap/Editor/UI/TilePaletteBrushModalElement.cs - Importer: ScriptedImporter/UnityEditor.QuickSearchModule:UnityEditor.Search:ASIAI0B' with importer (ScriptedImporter : UnityEditor.QuickSearchModule:UnityEditor.Search:ASIAI0B)
Imported 'GUID: a700028b9cda49fd94ebc3806a2185f9' -> (Import Result ID: '176eccddfe1c55c30da920ba75e6b558') in 0.001 seconds [static and dynamic dependencies]. Details - ImportResultOutputID=f3a72b46b1786f174d8408de39e75099 DependenciesID=bf6793177981d8ceaf0d963b3f4ee15c StaticDependenciesID=ef99fd9d3dfd53edc4bfd99f8cad4cd6 
Number of updated asset objects reloaded before import = 0
Number of asset objects unloaded after import = 0
========================================================================
Received Import Request.
  Time of request: 2026-09-17T18:20:30.419207Z
  Time since last request: 0.000139958 seconds.
  importAddress: GUID: 8eb4e2609b653584b88dc0ee64a2ba24 - Path: Packages/com.unity.2d.spriteshape/Runtime/External/LibTessDotNet/Geom.cs - Importer: ScriptedImporter/UnityEditor.QuickSearchModule:UnityEditor.Search:ASIAI0B
Importing 'GUID: 8eb4e2609b653584b88dc0ee64a2ba24 - Path: Packages/com.unity.2d.spriteshape/Runtime/External/LibTessDotNet/Geom.cs - Importer: ScriptedImporter/UnityEditor.QuickSearchModule:UnityEditor.Search:ASIAI0B' with importer (ScriptedImporter : UnityEditor.QuickSearchModule:UnityEditor.Search:ASIAI0B)
Imported 'GUID: 8eb4e2609b653584b88dc0ee64a2ba24' -> (Import Result ID: 'ba8b3f69aaa8319262901d5658b430c0') in 0.001 seconds [static and dynamic dependencies]. Details - ImportResultOutputID=45de97e2ffd636f0d43e6a219c341f18 DependenciesID=181858f3f6a88f60f7582935ebfcbe3b StaticDependenciesID=9beb82ace15118d18d28a87b3abf4d84 
Number of updated asset objects reloaded before import = 0
Number of asset objects unloaded after import = 0
========================================================================
Received Import Request.
  Time of request: 2026-09-17T18:20:30.42678Z
  Time since last request: 0.000153792 seconds.
  importAddress: GUID: b7007d815829e7644bb81d1f8004a340 - Path: Packages/com.unity.2d.sprite/CHANGELOG.md - Importer: ScriptedImporter/UnityEditor.QuickSearchModule:UnityEditor.Search:ASIAI0B
Importing 'GUID: b7007d815829e7644bb81d1f8004a340 - Path: Packages/com.unity.2d.sprite/CHANGELOG.md - Importer: ScriptedImporter/UnityEditor.QuickSearchModule:UnityEditor.Search:ASIAI0B' with importer (ScriptedImporter : UnityEditor.QuickSearchModule:UnityEditor.Search:ASIAI0B)
Imported 'GUID: b7007d815829e7644bb81d1f8004a340' -> (Import Result ID: '23d067cc88cfc4c13aaca688abeea2b0') in 0.001 seconds [static and dynamic dependencies]. Details - ImportResultOutputID=0c128d58fcec8612d69224f228d1925d DependenciesID=032943f92bcd0c32b7288a1a96ba3016 StaticDependenciesID=32e73f3c1e42d022f4725706f7533e55 
Number of updated asset objects reloaded before import = 0
Number of asset objects unloaded after import = 1
========================================================================
Received Import Request.
  Time of request: 2026-09-17T18:20:30.434482Z
  Time since last request: 0.000134125 seconds.
  importAddress: GUID: 2571b347a2ca442dad28c8b8bc0212f0 - Path: Packages/com.unity.2d.animation/Editor/Assets/SkinningModule/RigToolbarStyle.uss - Importer: ScriptedImporter/UnityEditor.QuickSearchModule:UnityEditor.Search:ASIAI0B
Importing 'GUID: 2571b347a2ca442dad28c8b8bc0212f0 - Path: Packages/com.unity.2d.animation/Editor/Assets/SkinningModule/RigToolbarStyle.uss - Importer: ScriptedImporter/UnityEditor.QuickSearchModule:UnityEditor.Search:ASIAI0B' with importer (ScriptedImporter : UnityEditor.QuickSearchModule:UnityEditor.Search:ASIAI0B)
Imported 'GUID: 2571b347a2ca442dad28c8b8bc0212f0' -> (Import Result ID: '1685651c83d2b828265429751e38bf3a') in 0.003 seconds [static and dynamic dependencies]. Details - ImportResultOutputID=51b4e298fcae33b9fa5b74eb5a27500c DependenciesID=fcf4c92be73ada11fb8adca2c693ba53 StaticDependenciesID=59c504ae5d1426dd967e6959c485f21d 
Number of updated asset objects reloaded before import = 0
Number of asset objects unloaded after import = 13
========================================================================
Received Import Request.
  Time of request: 2026-09-17T18:20:30.444145Z
  Time since last request: 0.000075791 seconds.
  importAddress: GUID: 8c7c7e69d9574cd6994b42e64fb32db2 - Path: Packages/com.unity.2d.aseprite/Editor/Aseprite/Chunks/TilesetChunk.cs - Importer: ScriptedImporter/UnityEditor.QuickSearchModule:UnityEditor.Search:ASIAI0B
Importing 'GUID: 8c7c7e69d9574cd6994b42e64fb32db2 - Path: Packages/com.unity.2d.aseprite/Editor/Aseprite/Chunks/TilesetChunk.cs - Importer: ScriptedImporter/UnityEditor.QuickSearchModule:UnityEditor.Search:ASIAI0B' with importer (ScriptedImporter : UnityEditor.QuickSearchModule:UnityEditor.Search:ASIAI0B)
Imported 'GUID: 8c7c7e69d9574cd6994b42e64fb32db2' -> (Import Result ID: 'fbe535b7999c3ee9bc2e4f773aeed324') in 0.001 seconds [static and dynamic dependencies]. Details - ImportResultOutputID=d6d169742e2c84fc4d2a6b4e4df010e3 DependenciesID=5f7d9adc828e7194146509a6cb815b01 StaticDependenciesID=0136b6c2e22f34658d1e07cf66cd7786 
Number of updated asset objects reloaded before import = 0
Number of asset objects unloaded after import = 0
========================================================================
Received Import Request.
  Time of request: 2026-09-17T18:20:30.451961Z
  Time since last request: 0.00011375 seconds.
  importAddress: GUID: dacf17d0aeaf2425fa059e502832e81a - Path: Packages/com.unity.2d.common/Path/Editor/Handles/Path - Importer: ScriptedImporter/UnityEditor.QuickSearchModule:UnityEditor.Search:ASIAI0B
Importing 'GUID: dacf17d0aeaf2425fa059e502832e81a - Path: Packages/com.unity.2d.common/Path/Editor/Handles/Path - Importer: ScriptedImporter/UnityEditor.QuickSearchModule:UnityEditor.Search:ASIAI0B' with importer (ScriptedImporter : UnityEditor.QuickSearchModule:UnityEditor.Search:ASIAI0B)
Imported 'GUID: dacf17d0aeaf2425fa059e502832e81a' -> (Import Result ID: '5a31baaabbe5818d41e83d03073423b0') in 0.001 seconds [static and dynamic dependencies]. Details - ImportResultOutputID=f1442e10c8ab1609f142bd32bd3b1543 DependenciesID=7cb1f3914612ce463e359200484ebd41 StaticDependenciesID=23f1bd6d942b08a36bdbb6b330ba3536 
Number of updated asset objects reloaded before import = 0
Number of asset objects unloaded after import = 1
========================================================================
Received Import Request.
  Time of request: 2026-09-17T18:20:30.45954Z
  Time since last request: 0.000133959 seconds.
  importAddress: GUID: ac4a94776fb2dd74a910bef3649b5c84 - Path: Packages/com.unity.2d.animation/Editor/Assets/EditorIcons/d_Visibility_Tool.png - Importer: ScriptedImporter/UnityEditor.QuickSearchModule:UnityEditor.Search:ASIAI0B
Importing 'GUID: ac4a94776fb2dd74a910bef3649b5c84 - Path: Packages/com.unity.2d.animation/Editor/Assets/EditorIcons/d_Visibility_Tool.png - Importer: ScriptedImporter/UnityEditor.QuickSearchModule:UnityEditor.Search:ASIAI0B' with importer (ScriptedImporter : UnityEditor.QuickSearchModule:UnityEditor.Search:ASIAI0B)
Imported 'GUID: ac4a94776fb2dd74a910bef3649b5c84' -> (Import Result ID: 'f48705ea37050b65973cbae94e20c25f') in 0.005 seconds [static and dynamic dependencies]. Details - ImportResultOutputID=04cc1ec5835c961165679ac75fe4931a DependenciesID=363867da9f04be7752c49723d8950b25 StaticDependenciesID=ed9b2d5bfbe8b617e0aee990fd1ff245 
Number of updated asset objects reloaded before import = 0
Number of asset objects unloaded after import = 3
========================================================================
Received Import Request.
  Time of request: 2026-09-17T18:20:30.471771Z
  Time since last request: 0.000106416 seconds.
  importAddress: GUID: ed8b1ae4e4e52b34ea557c1c11e076fc - Path: Packages/com.unity.2d.animation/Runtime/SpriteLib/SpriteResolver.cs - Importer: ScriptedImporter/UnityEditor.QuickSearchModule:UnityEditor.Search:ASIAI0B
Importing 'GUID: ed8b1ae4e4e52b34ea557c1c11e076fc - Path: Packages/com.unity.2d.animation/Runtime/SpriteLib/SpriteResolver.cs - Importer: ScriptedImporter/UnityEditor.QuickSearchModule:UnityEditor.Search:ASIAI0B' with importer (ScriptedImporter : UnityEditor.QuickSearchModule:UnityEditor.Search:ASIAI0B)
Imported 'GUID: ed8b1ae4e4e52b34ea557c1c11e076fc' -> (Import Result ID: '33d29b77cd9660ece621b71e321c5477') in 0.001 seconds [static and dynamic dependencies]. Details - ImportResultOutputID=a04fab99616ed30710f28fa729a230d2 DependenciesID=0daba85f7d6a7fbebf1bfbd889418c51 StaticDependenciesID=9873a6da1f69702cf512c24d3a904cf1 
Number of updated asset objects reloaded before import = 0
Number of asset objects unloaded after import = 0
========================================================================
Received Import Request.
  Time of request: 2026-09-17T18:20:30.49596Z
  Time since last request: 0.016296333 seconds.
  importAddress: GUID: bd443456a550044859583884e4baaff3 - Path: Packages/com.unity.2d.psdimporter/Editor/PSDImportData.cs - Importer: ScriptedImporter/UnityEditor.QuickSearchModule:UnityEditor.Search:ASIAI0B
Importing 'GUID: bd443456a550044859583884e4baaff3 - Path: Packages/com.unity.2d.psdimporter/Editor/PSDImportData.cs - Importer: ScriptedImporter/UnityEditor.QuickSearchModule:UnityEditor.Search:ASIAI0B' with importer (ScriptedImporter : UnityEditor.QuickSearchModule:UnityEditor.Search:ASIAI0B)
Imported 'GUID: bd443456a550044859583884e4baaff3' -> (Import Result ID: 'c8729a6c1534aeaa747e13703b6bcd27') in 0.001 seconds [static and dynamic dependencies]. Details - ImportResultOutputID=d4df8daf3a815d054c4a9dd85e1d5ca4 DependenciesID=b7cde53b8765dcc5a5cea54d87e4fdaf StaticDependenciesID=6746d85c515ff2fb604302f5f77681c4 
Number of updated asset objects reloaded before import = 0
Number of asset objects unloaded after import = 0
========================================================================
Received Import Request.
  Time of request: 2026-09-17T18:20:30.504611Z
  Time since last request: 0.000257709 seconds.
  importAddress: GUID: 949e98ac1c07e424685f43f530864a7c - Path: Packages/com.unity.2d.tilemap/Editor/Icons/GridSelection@2x.png - Importer: ScriptedImporter/UnityEditor.QuickSearchModule:UnityEditor.Search:ASIAI0B
Importing 'GUID: 949e98ac1c07e424685f43f530864a7c - Path: Packages/com.unity.2d.tilemap/Editor/Icons/GridSelection@2x.png - Importer: ScriptedImporter/UnityEditor.QuickSearchModule:UnityEditor.Search:ASIAI0B' with importer (ScriptedImporter : UnityEditor.QuickSearchModule:UnityEditor.Search:ASIAI0B)
Imported 'GUID: 949e98ac1c07e424685f43f530864a7c' -> (Import Result ID: '86cef71a2554bbb0dc209fa44e3cab64') in 0.002 seconds [static and dynamic dependencies]. Details - ImportResultOutputID=c0751a272ece6cb716284eac392c4005 DependenciesID=c63799d48c774d959a2811e662ac5b4c StaticDependenciesID=90b49c5ba3dd680a48c5feab51267976 
Number of updated asset objects reloaded before import = 0
Number of asset objects unloaded after import = 1
========================================================================
Received Import Request.
  Time of request: 2026-09-17T18:20:30.514231Z
  Time since last request: 0.000205917 seconds.
  importAddress: GUID: 4567ce7a1cf16433196f2688091df4ca - Path: Packages/com.unity.2d.animation/Editor/Assets/ComponentIcons/Animation.IKLimb@32.png - Importer: ScriptedImporter/UnityEditor.QuickSearchModule:UnityEditor.Search:ASIAI0B
Importing 'GUID: 4567ce7a1cf16433196f2688091df4ca - Path: Packages/com.unity.2d.animation/Editor/Assets/ComponentIcons/Animation.IKLimb@32.png - Importer: ScriptedImporter/UnityEditor.QuickSearchModule:UnityEditor.Search:ASIAI0B' with importer (ScriptedImporter : UnityEditor.QuickSearchModule:UnityEditor.Search:ASIAI0B)
Imported 'GUID: 4567ce7a1cf16433196f2688091df4ca' -> (Import Result ID: '8028b8b7294ed18a4a9f960f7e26b1d9') in 0.003 seconds [static and dynamic dependencies]. Details - ImportResultOutputID=07d3f7dedb460f68f88a28813c606a56 DependenciesID=841be476ad5c40704ab26219ce5a3e2e StaticDependenciesID=14465b3a49be932f67180c3907fd01d2 
Number of updated asset objects reloaded before import = 0
Number of asset objects unloaded after import = 3
========================================================================
Received Import Request.
  Time of request: 2026-09-17T18:20:30.524258Z
  Time since last request: 0.000322708 seconds.
  importAddress: GUID: f082e69f825d0aa44b687e592731c0a8 - Path: Packages/com.unity.2d.animation/Editor/Assets/EditorIcons/Selected/Visibility_Tool@4x.png - Importer: ScriptedImporter/UnityEditor.QuickSearchModule:UnityEditor.Search:ASIAI0B
Importing 'GUID: f082e69f825d0aa44b687e592731c0a8 - Path: Packages/com.unity.2d.animation/Editor/Assets/EditorIcons/Selected/Visibility_Tool@4x.png - Importer: ScriptedImporter/UnityEditor.QuickSearchModule:UnityEditor.Search:ASIAI0B' with importer (ScriptedImporter : UnityEditor.QuickSearchModule:UnityEditor.Search:ASIAI0B)
Imported 'GUID: f082e69f825d0aa44b687e592731c0a8' -> (Import Result ID: '4a1791a42ce48bfffa1eb8344aab7398') in 0.002 seconds [static and dynamic dependencies]. Details - ImportResultOutputID=9859b5411b61d7779aef9c8f7734712e DependenciesID=b01a77af2c0e3411f27b75dc935031fd StaticDependenciesID=08a19d573dafd80c9d25b1e4e4bfa62a 
Number of updated asset objects reloaded before import = 0
Number of asset objects unloaded after import = 3
========================================================================
Received Import Request.
  Time of request: 2026-09-17T18:20:30.533618Z
  Time since last request: 0.000109625 seconds.
  importAddress: GUID: 893b6fc79706f4a7cad3f07ed30c3f4c - Path: Packages/com.unity.2d.spriteshape/LICENSE.md - Importer: ScriptedImporter/UnityEditor.QuickSearchModule:UnityEditor.Search:ASIAI0B
Importing 'GUID: 893b6fc79706f4a7cad3f07ed30c3f4c - Path: Packages/com.unity.2d.spriteshape/LICENSE.md - Importer: ScriptedImporter/UnityEditor.QuickSearchModule:UnityEditor.Search:ASIAI0B' with importer (ScriptedImporter : UnityEditor.QuickSearchModule:UnityEditor.Search:ASIAI0B)
Imported 'GUID: 893b6fc79706f4a7cad3f07ed30c3f4c' -> (Import Result ID: '2d2d90a995044409032ca9cdef3116ba') in 0.001 seconds [static and dynamic dependencies]. Details - ImportResultOutputID=4839a03511c07791d2eb4d0ed00466b1 DependenciesID=848e5c52a6d208f698a74da586807a39 StaticDependenciesID=b4d924bb007170e99f9abfe2560f2081 
Number of updated asset objects reloaded before import = 0
Number of asset objects unloaded after import = 1
========================================================================
Received Import Request.
  Time of request: 2026-09-17T18:20:30.541347Z
  Time since last request: 0.000159041 seconds.
  importAddress: GUID: 7013f35dfb10340ecbb956ca7e17de0d - Path: Packages/com.unity.2d.sprite/Editor/Assets/SpriteEditor@2x.png - Importer: ScriptedImporter/UnityEditor.QuickSearchModule:UnityEditor.Search:ASIAI0B
Importing 'GUID: 7013f35dfb10340ecbb956ca7e17de0d - Path: Packages/com.unity.2d.sprite/Editor/Assets/SpriteEditor@2x.png - Importer: ScriptedImporter/UnityEditor.QuickSearchModule:UnityEditor.Search:ASIAI0B' with importer (ScriptedImporter : UnityEditor.QuickSearchModule:UnityEditor.Search:ASIAI0B)
Imported 'GUID: 7013f35dfb10340ecbb956ca7e17de0d' -> (Import Result ID: 'fe7f28957d66dc416b20e8bbd151e73d') in 0.002 seconds [static and dynamic dependencies]. Details - ImportResultOutputID=89d8a292abaaeff00a0be42e8632e5c0 DependenciesID=7957f608e00e3ade3dbed08fd4cf1e0f StaticDependenciesID=bee6ff0539a0a218308614a92d30ded5 
Number of updated asset objects reloaded before import = 0
Number of asset objects unloaded after import = 1
========================================================================
Received Import Request.
  Time of request: 2026-09-17T18:20:30.550541Z
  Time since last request: 0.000095 seconds.
  importAddress: GUID: f4f814197752ea84db033f3822b113b2 - Path: Packages/com.unity.2d.common/Editor/TextureGenerator/TextureGeneratorHelper.cs - Importer: ScriptedImporter/UnityEditor.QuickSearchModule:UnityEditor.Search:ASIAI0B
Importing 'GUID: f4f814197752ea84db033f3822b113b2 - Path: Packages/com.unity.2d.common/Editor/TextureGenerator/TextureGeneratorHelper.cs - Importer: ScriptedImporter/UnityEditor.QuickSearchModule:UnityEditor.Search:ASIAI0B' with importer (ScriptedImporter : UnityEditor.QuickSearchModule:UnityEditor.Search:ASIAI0B)
Imported 'GUID: f4f814197752ea84db033f3822b113b2' -> (Import Result ID: '36c12910cee5b049ffe6ba34d528e0d5') in 0.001 seconds [static and dynamic dependencies]. Details - ImportResultOutputID=310c24a0eadb0117669f7411bfd2b2d2 DependenciesID=c1d4053802972683ab412624b8b397bb StaticDependenciesID=85dd6311a3177b459ca741862471f17e 
Number of updated asset objects reloaded before import = 0
Number of asset objects unloaded after import = 0
========================================================================
Received Import Request.
  Time of request: 2026-09-17T18:20:30.558118Z
  Time since last request: 0.000178958 seconds.
  importAddress: GUID: 5624c7cbaca684b9faada94188a2e7a1 - Path: Packages/com.unity.2d.animation/Editor/Assets/ComponentIcons/Animation.SpriteSkin.png - Importer: ScriptedImporter/UnityEditor.QuickSearchModule:UnityEditor.Search:ASIAI0B
Importing 'GUID: 5624c7cbaca684b9faada94188a2e7a1 - Path: Packages/com.unity.2d.animation/Editor/Assets/ComponentIcons/Animation.SpriteSkin.png - Importer: ScriptedImporter/UnityEditor.QuickSearchModule:UnityEditor.Search:ASIAI0B' with importer (ScriptedImporter : UnityEditor.QuickSearchModule:UnityEditor.Search:ASIAI0B)
Imported 'GUID: 5624c7cbaca684b9faada94188a2e7a1' -> (Import Result ID: 'c5fe3736cd34297b146e7dc4dc7351b7') in 0.003 seconds [static and dynamic dependencies]. Details - ImportResultOutputID=9018afa9719b66d94ac94755a3a20419 DependenciesID=cafdd558ac47ccd07b9b8784f5729476 StaticDependenciesID=86f724879e43adfd96899a65a5d92455 
Number of updated asset objects reloaded before import = 0
Number of asset objects unloaded after import = 3
========================================================================
Received Import Request.
  Time of request: 2026-09-17T18:20:30.56816Z
  Time since last request: 0.000248917 seconds.
  importAddress: GUID: d5952b29970e2144780a7cd7b621f821 - Path: Packages/com.unity.2d.tilemap/Editor/EditorTools/FillTool.cs - Importer: ScriptedImporter/UnityEditor.QuickSearchModule:UnityEditor.Search:ASIAI0B
Importing 'GUID: d5952b29970e2144780a7cd7b621f821 - Path: Packages/com.unity.2d.tilemap/Editor/EditorTools/FillTool.cs - Importer: ScriptedImporter/UnityEditor.QuickSearchModule:UnityEditor.Search:ASIAI0B' with importer (ScriptedImporter : UnityEditor.QuickSearchModule:UnityEditor.Search:ASIAI0B)
Imported 'GUID: d5952b29970e2144780a7cd7b621f821' -> (Import Result ID: '805b1ee5095557553caa002fd60bb7da') in 0.002 seconds [static and dynamic dependencies]. Details - ImportResultOutputID=5f5bbe9c6706298966e6d2c1db81b700 DependenciesID=81eba2974fe0ed1839f0fc82f6419e36 StaticDependenciesID=b71c324322bfce335fb197ae25dd80cd 
Number of updated asset objects reloaded before import = 0
Number of asset objects unloaded after import = 0
========================================================================
Received Import Request.
  Time of request: 2026-09-17T18:20:30.576976Z
  Time since last request: 0.000108125 seconds.
  importAddress: GUID: 2481b0bd772f54e48a4e5760f5cb0192 - Path: Packages/com.unity.2d.sprite/Editor/SpriteEditorModule/SpriteOutlineModule.cs - Importer: ScriptedImporter/UnityEditor.QuickSearchModule:UnityEditor.Search:ASIAI0B
Importing 'GUID: 2481b0bd772f54e48a4e5760f5cb0192 - Path: Packages/com.unity.2d.sprite/Editor/SpriteEditorModule/SpriteOutlineModule.cs - Importer: ScriptedImporter/UnityEditor.QuickSearchModule:UnityEditor.Search:ASIAI0B' with importer (ScriptedImporter : UnityEditor.QuickSearchModule:UnityEditor.Search:ASIAI0B)
Imported 'GUID: 2481b0bd772f54e48a4e5760f5cb0192' -> (Import Result ID: '56bac263b011d7baf2700b35b83a7410') in 0.001 seconds [static and dynamic dependencies]. Details - ImportResultOutputID=88e2e4e465420ac940d00989c57a650c DependenciesID=f14a7aec84f4ec7dbf46625476d57b7e StaticDependenciesID=b683ac3eeae963ed7c6130cf76f03cd2 
Number of updated asset objects reloaded before import = 0
Number of asset objects unloaded after import = 0
========================================================================
Received Import Request.
  Time of request: 2026-09-17T18:20:30.585199Z
  Time since last request: 0.000252541 seconds.
  importAddress: GUID: 3b4e88f5705085042a95960cdcef2561 - Path: Packages/com.unity.2d.animation/Editor/Assets/EditorIcons/Create_Edge@2x.png - Importer: ScriptedImporter/UnityEditor.QuickSearchModule:UnityEditor.Search:ASIAI0B
Importing 'GUID: 3b4e88f5705085042a95960cdcef2561 - Path: Packages/com.unity.2d.animation/Editor/Assets/EditorIcons/Create_Edge@2x.png - Importer: ScriptedImporter/UnityEditor.QuickSearchModule:UnityEditor.Search:ASIAI0B' with importer (ScriptedImporter : UnityEditor.QuickSearchModule:UnityEditor.Search:ASIAI0B)
Imported 'GUID: 3b4e88f5705085042a95960cdcef2561' -> (Import Result ID: '962e8417a43628bbf590c038cdf36cb0') in 0.002 seconds [static and dynamic dependencies]. Details - ImportResultOutputID=c7014440b0381c9de85bb98ed0017f8b DependenciesID=8f661d25a184bfbe9abd752bb3ac17a4 StaticDependenciesID=03d77ff45a8500f75823b96052a5aac1 
Number of updated asset objects reloaded before import = 0
Number of asset objects unloaded after import = 3
========================================================================
Received Import Request.
  Time of request: 2026-09-17T18:20:30.594542Z
  Time since last request: 0.000145834 seconds.
  importAddress: GUID: b670ab75dde984907b8570040daa08c5 - Path: Packages/com.unity.2d.sprite/Editor/ObjectMenuCreation/DefaultAssets/Textures/v2/HexagonFlatTop.png - Importer: ScriptedImporter/UnityEditor.QuickSearchModule:UnityEditor.Search:ASIAI0B
Importing 'GUID: b670ab75dde984907b8570040daa08c5 - Path: Packages/com.unity.2d.sprite/Editor/ObjectMenuCreation/DefaultAssets/Textures/v2/HexagonFlatTop.png - Importer: ScriptedImporter/UnityEditor.QuickSearchModule:UnityEditor.Search:ASIAI0B' with importer (ScriptedImporter : UnityEditor.QuickSearchModule:UnityEditor.Search:ASIAI0B)
Imported 'GUID: b670ab75dde984907b8570040daa08c5' -> (Import Result ID: 'c432be8e8c5d1a665c2a05abdd2d9757') in 0.003 seconds [static and dynamic dependencies]. Details - ImportResultOutputID=6c50a12a0c9a651b67583e963e1ea116 DependenciesID=20c8b300cc14334a8486e255e5178ce2 StaticDependenciesID=6571cd587acf3509000997307d1beb09 
Number of updated asset objects reloaded before import = 0
Number of asset objects unloaded after import = 3
========================================================================
Received Import Request.
  Time of request: 2026-09-17T18:20:30.604244Z
  Time since last request: 0.00015625 seconds.
  importAddress: GUID: 1b80b16dc75034e6b82535f24cfb91a7 - Path: Packages/com.unity.2d.tooling/Editor/Unity.2D.Tooling.Editor.asmdef - Importer: ScriptedImporter/UnityEditor.QuickSearchModule:UnityEditor.Search:ASIAI0B
Importing 'GUID: 1b80b16dc75034e6b82535f24cfb91a7 - Path: Packages/com.unity.2d.tooling/Editor/Unity.2D.Tooling.Editor.asmdef - Importer: ScriptedImporter/UnityEditor.QuickSearchModule:UnityEditor.Search:ASIAI0B' with importer (ScriptedImporter : UnityEditor.QuickSearchModule:UnityEditor.Search:ASIAI0B)
Imported 'GUID: 1b80b16dc75034e6b82535f24cfb91a7' -> (Import Result ID: '60899232526d570731c772fbd990f643') in 0.001 seconds [static and dynamic dependencies]. Details - ImportResultOutputID=c911d7745ab4295a50818db871ae2219 DependenciesID=1050b7fd9b23d52fc928c0e4eec81162 StaticDependenciesID=c5e2e2bf17fa6630cd80ada7d2138efe 
Number of updated asset objects reloaded before import = 0
Number of asset objects unloaded after import = 1
========================================================================
Received Import Request.
  Time of request: 2026-09-17T18:20:30.611577Z
  Time since last request: 0.000098042 seconds.
  importAddress: GUID: 443d05f2a4ae81a4297ac8ec762644c3 - Path: Packages/com.unity.2d.animation/Editor/Assets/EditorIcons/Selected/d_Bone@3x.png - Importer: ScriptedImporter/UnityEditor.QuickSearchModule:UnityEditor.Search:ASIAI0B
Importing 'GUID: 443d05f2a4ae81a4297ac8ec762644c3 - Path: Packages/com.unity.2d.animation/Editor/Assets/EditorIcons/Selected/d_Bone@3x.png - Importer: ScriptedImporter/UnityEditor.QuickSearchModule:UnityEditor.Search:ASIAI0B' with importer (ScriptedImporter : UnityEditor.QuickSearchModule:UnityEditor.Search:ASIAI0B)
Imported 'GUID: 443d05f2a4ae81a4297ac8ec762644c3' -> (Import Result ID: '1fa6f5cccece0803638d264bd456a12f') in 0.002 seconds [static and dynamic dependencies]. Details - ImportResultOutputID=fafe540b42856312ab25ab01773b5fa1 DependenciesID=245ee3fa4dc229d90e44bed6e39139cb StaticDependenciesID=3e30e21e7820f0abf5ac635064484a54 
Number of updated asset objects reloaded before import = 0
Number of asset objects unloaded after import = 3
========================================================================
Received Import Request.
  Time of request: 2026-09-17T18:20:30.620572Z
  Time since last request: 0.000083834 seconds.
  importAddress: GUID: 5bf608e7cb56c4f44b49044e0fc738ec - Path: Packages/com.unity.2d.animation/Editor/SkinningModule/Selectors/ISelector.cs - Importer: ScriptedImporter/UnityEditor.QuickSearchModule:UnityEditor.Search:ASIAI0B
Importing 'GUID: 5bf608e7cb56c4f44b49044e0fc738ec - Path: Packages/com.unity.2d.animation/Editor/SkinningModule/Selectors/ISelector.cs - Importer: ScriptedImporter/UnityEditor.QuickSearchModule:UnityEditor.Search:ASIAI0B' with importer (ScriptedImporter : UnityEditor.QuickSearchModule:UnityEditor.Search:ASIAI0B)
Imported 'GUID: 5bf608e7cb56c4f44b49044e0fc738ec' -> (Import Result ID: 'ac28d68de709c369f16faf339363d2a2') in 0.001 seconds [static and dynamic dependencies]. Details - ImportResultOutputID=bbecf9a9c0232c2145a556ca6d63ebe7 DependenciesID=12011667998fc59dda2cfcaf103cdf7c StaticDependenciesID=f93772169aadf74cf9d22c021a93c4de 
Number of updated asset objects reloaded before import = 0
Number of asset objects unloaded after import = 0
========================================================================
Received Import Request.
  Time of request: 2026-09-17T18:20:30.628046Z
  Time since last request: 0.000108542 seconds.
  importAddress: GUID: 35a64db21fde55046a6d60c50f766aa7 - Path: Packages/com.unity.2d.tilemap.extras/Editor/Tiles/IsometricRuleTile/IsometricRuleTileEditor.cs - Importer: ScriptedImporter/UnityEditor.QuickSearchModule:UnityEditor.Search:ASIAI0B
Importing 'GUID: 35a64db21fde55046a6d60c50f766aa7 - Path: Packages/com.unity.2d.tilemap.extras/Editor/Tiles/IsometricRuleTile/IsometricRuleTileEditor.cs - Importer: ScriptedImporter/UnityEditor.QuickSearchModule:UnityEditor.Search:ASIAI0B' with importer (ScriptedImporter : UnityEditor.QuickSearchModule:UnityEditor.Search:ASIAI0B)
Imported 'GUID: 35a64db21fde55046a6d60c50f766aa7' -> (Import Result ID: 'fa73a3bdab4f0123b449bf257d059a45') in 0.001 seconds [static and dynamic dependencies]. Details - ImportResultOutputID=6bf5e8e5009faec615177328240ccfa2 DependenciesID=9b744a3a25f7da2fe01c59f7462935fd StaticDependenciesID=707411eec211ff85460c4e07948147f3 
Number of updated asset objects reloaded before import = 0
Number of asset objects unloaded after import = 0
========================================================================
Received Import Request.
  Time of request: 2026-09-17T18:20:30.635453Z
  Time since last request: 0.000145208 seconds.
  importAddress: GUID: 2f948ecb81c850949a2725b1ba265844 - Path: Packages/com.unity.2d.psdimporter/package.json - Importer: ScriptedImporter/UnityEditor.QuickSearchModule:UnityEditor.Search:ASIAI0B
Importing 'GUID: 2f948ecb81c850949a2725b1ba265844 - Path: Packages/com.unity.2d.psdimporter/package.json - Importer: ScriptedImporter/UnityEditor.QuickSearchModule:UnityEditor.Search:ASIAI0B' with importer (ScriptedImporter : UnityEditor.QuickSearchModule:UnityEditor.Search:ASIAI0B)
Imported 'GUID: 2f948ecb81c850949a2725b1ba265844' -> (Import Result ID: '4769303a98960f7bb155aa8b8616c15c') in 0.001 seconds [static and dynamic dependencies]. Details - ImportResultOutputID=2e63be4e24af550151d7c493b9d285b9 DependenciesID=7b7a213592dfa36805148ecfd43f69f3 StaticDependenciesID=5da4d383fc24b895eb76d5eba12d1cd3 
Number of updated asset objects reloaded before import = 0
Number of asset objects unloaded after import = 1
========================================================================
Received Import Request.
  Time of request: 2026-09-17T18:20:30.643333Z
  Time since last request: 0.000161875 seconds.
  importAddress: GUID: da729b8a61b9b17479b11396776d7651 - Path: Packages/com.unity.2d.tilemap/Editor/UI/GridPaintPaletteWindowSplitView.cs - Importer: ScriptedImporter/UnityEditor.QuickSearchModule:UnityEditor.Search:ASIAI0B
Importing 'GUID: da729b8a61b9b17479b11396776d7651 - Path: Packages/com.unity.2d.tilemap/Editor/UI/GridPaintPaletteWindowSplitView.cs - Importer: ScriptedImporter/UnityEditor.QuickSearchModule:UnityEditor.Search:ASIAI0B' with importer (ScriptedImporter : UnityEditor.QuickSearchModule:UnityEditor.Search:ASIAI0B)
Imported 'GUID: da729b8a61b9b17479b11396776d7651' -> (Import Result ID: '8c448ebabcdbdcd22c3c0e213cae9afe') in 0.001 seconds [static and dynamic dependencies]. Details - ImportResultOutputID=19a9eb21910b0356427f9efffeed7dad DependenciesID=d29e66bdbc2ed33c8ab09ee6df2c1895 StaticDependenciesID=ddcb8bc486616de0d3effc6ff9ea44f0 
Number of updated asset objects reloaded before import = 0
Number of asset objects unloaded after import = 0
========================================================================
Received Import Request.
  Time of request: 2026-09-17T18:20:30.651459Z
  Time since last request: 0.000231083 seconds.
  importAddress: GUID: cd0250057a3f07346b60675b355c3e06 - Path: Packages/com.unity.2d.animation/Editor/Assets/EditorIcons/Selected/Paste@2x.png - Importer: ScriptedImporter/UnityEditor.QuickSearchModule:UnityEditor.Search:ASIAI0B
Importing 'GUID: cd0250057a3f07346b60675b355c3e06 - Path: Packages/com.unity.2d.animation/Editor/Assets/EditorIcons/Selected/Paste@2x.png - Importer: ScriptedImporter/UnityEditor.QuickSearchModule:UnityEditor.Search:ASIAI0B' with importer (ScriptedImporter : UnityEditor.QuickSearchModule:UnityEditor.Search:ASIAI0B)
Imported 'GUID: cd0250057a3f07346b60675b355c3e06' -> (Import Result ID: '42f3359b291fe9cea7a2f70100c32ab1') in 0.002 seconds [static and dynamic dependencies]. Details - ImportResultOutputID=bff611f79ac21fc4b3230b452b072f44 DependenciesID=dcd4612a050e08050e8589b029a0d748 StaticDependenciesID=54172bb005ad4ba1e3c22362baa0adad 
Number of updated asset objects reloaded before import = 0
Number of asset objects unloaded after import = 3
========================================================================
Received Import Request.
  Time of request: 2026-09-17T18:20:30.660847Z
  Time since last request: 0.000157292 seconds.
  importAddress: GUID: daf2ab606d4db0d4f9ecf4c02137d2a8 - Path: Packages/com.unity.2d.animation/Editor/Assets/EditorIcons/Selected/Bone_Influence@4x.png - Importer: ScriptedImporter/UnityEditor.QuickSearchModule:UnityEditor.Search:ASIAI0B
Importing 'GUID: daf2ab606d4db0d4f9ecf4c02137d2a8 - Path: Packages/com.unity.2d.animation/Editor/Assets/EditorIcons/Selected/Bone_Influence@4x.png - Importer: ScriptedImporter/UnityEditor.QuickSearchModule:UnityEditor.Search:ASIAI0B' with importer (ScriptedImporter : UnityEditor.QuickSearchModule:UnityEditor.Search:ASIAI0B)
Imported 'GUID: daf2ab606d4db0d4f9ecf4c02137d2a8' -> (Import Result ID: '0bd98112848417af2311dd2cb8e2f9f5') in 0.002 seconds [static and dynamic dependencies]. Details - ImportResultOutputID=d5f18558efe2aeaf4fc5809bd832579c DependenciesID=356ea407410415ac8802e932b86c3758 StaticDependenciesID=da933093e1a301b733d45a19b6b920c2 
Number of updated asset objects reloaded before import = 0
Number of asset objects unloaded after import = 3
========================================================================
Received Import Request.
  Time of request: 2026-09-17T18:20:30.670449Z
  Time since last request: 0.00010725 seconds.
  importAddress: GUID: 33f954c4cbc334f2f92518b5f4a95a11 - Path: Packages/com.unity.2d.animation/Editor/Assets/ComponentIcons/Animation.SpriteLibrary.asset - Importer: ScriptedImporter/UnityEditor.QuickSearchModule:UnityEditor.Search:ASIAI0B
Importing 'GUID: 33f954c4cbc334f2f92518b5f4a95a11 - Path: Packages/com.unity.2d.animation/Editor/Assets/ComponentIcons/Animation.SpriteLibrary.asset - Importer: ScriptedImporter/UnityEditor.QuickSearchModule:UnityEditor.Search:ASIAI0B' with importer (ScriptedImporter : UnityEditor.QuickSearchModule:UnityEditor.Search:ASIAI0B)
Imported 'GUID: 33f954c4cbc334f2f92518b5f4a95a11' -> (Import Result ID: '8248eb7a9a942a5a7c73bc37c07b9b0c') in 0.005 seconds [static and dynamic dependencies]. Details - ImportResultOutputID=6bb8c927b99bf70df32bf7abf8e0ca38 DependenciesID=5bb2d64736991d58cd7a1378ffeb9f66 StaticDependenciesID=72526e2f42b07e5d112373fad3d43a07 
Number of updated asset objects reloaded before import = 0
Number of asset objects unloaded after import = 1
========================================================================
Received Import Request.
  Time of request: 2026-09-17T18:20:30.682503Z
  Time since last request: 0.000130167 seconds.
  importAddress: GUID: cd24657e741f79a4685b9a4a0b23b5b5 - Path: Packages/com.unity.2d.spriteshape/Editor/SceneDragAndDrop.cs - Importer: ScriptedImporter/UnityEditor.QuickSearchModule:UnityEditor.Search:ASIAI0B
Importing 'GUID: cd24657e741f79a4685b9a4a0b23b5b5 - Path: Packages/com.unity.2d.spriteshape/Editor/SceneDragAndDrop.cs - Importer: ScriptedImporter/UnityEditor.QuickSearchModule:UnityEditor.Search:ASIAI0B' with importer (ScriptedImporter : UnityEditor.QuickSearchModule:UnityEditor.Search:ASIAI0B)
Imported 'GUID: cd24657e741f79a4685b9a4a0b23b5b5' -> (Import Result ID: '46b22c2663d6e0971d259f5c2d6252dd') in 0.001 seconds [static and dynamic dependencies]. Details - ImportResultOutputID=a04cd3342e3c45c5b61262a42420cbdf DependenciesID=33a01ca97c2aef3a41d682286f1c5db5 StaticDependenciesID=abcc68ad854786bef286bc5750667e21 
Number of updated asset objects reloaded before import = 0
Number of asset objects unloaded after import = 0
========================================================================
Received Import Request.
  Time of request: 2026-09-17T18:20:30.69Z
  Time since last request: 0.000137542 seconds.
  importAddress: GUID: 0de3343905095ab4c9d52addc012a937 - Path: Packages/com.unity.2d.tilemap/Editor/EditorTools/EraseTool.cs - Importer: ScriptedImporter/UnityEditor.QuickSearchModule:UnityEditor.Search:ASIAI0B
Importing 'GUID: 0de3343905095ab4c9d52addc012a937 - Path: Packages/com.unity.2d.tilemap/Editor/EditorTools/EraseTool.cs - Importer: ScriptedImporter/UnityEditor.QuickSearchModule:UnityEditor.Search:ASIAI0B' with importer (ScriptedImporter : UnityEditor.QuickSearchModule:UnityEditor.Search:ASIAI0B)
Imported 'GUID: 0de3343905095ab4c9d52addc012a937' -> (Import Result ID: '3b7128510a4a9d541d58d6abfd18f0b2') in 0.001 seconds [static and dynamic dependencies]. Details - ImportResultOutputID=fed7de3e902d468c1dc5f911e38521cc DependenciesID=d299fb6ed8a5f9cb72871b2d2849d32b StaticDependenciesID=ec395d3ee1e43d85c75e8b8fbda53f94 
Number of updated asset objects reloaded before import = 0
Number of asset objects unloaded after import = 0
========================================================================
Received Import Request.
  Time of request: 2026-09-17T18:20:30.697717Z
  Time since last request: 0.00010525 seconds.
  importAddress: GUID: 334b0c5a2da656f4a9d2fe6b658cfd68 - Path: Packages/com.unity.2d.animation/Editor/Assets/EditorIcons/d_Edit_Pose@3x.png - Importer: ScriptedImporter/UnityEditor.QuickSearchModule:UnityEditor.Search:ASIAI0B
Importing 'GUID: 334b0c5a2da656f4a9d2fe6b658cfd68 - Path: Packages/com.unity.2d.animation/Editor/Assets/EditorIcons/d_Edit_Pose@3x.png - Importer: ScriptedImporter/UnityEditor.QuickSearchModule:UnityEditor.Search:ASIAI0B' with importer (ScriptedImporter : UnityEditor.QuickSearchModule:UnityEditor.Search:ASIAI0B)
Imported 'GUID: 334b0c5a2da656f4a9d2fe6b658cfd68' -> (Import Result ID: 'cedaa5ce30ffbf52b3e38ac538c0263a') in 0.002 seconds [static and dynamic dependencies]. Details - ImportResultOutputID=e0db99387d282ee1a838dee0ff14c0c8 DependenciesID=3aa6edd3abadd9f94faa250c0877bb9c StaticDependenciesID=6289419f1982baaf0f3358af37e7dcda 
Number of updated asset objects reloaded before import = 0
Number of asset objects unloaded after import = 3
========================================================================
Received Import Request.
  Time of request: 2026-09-17T18:20:30.706872Z
  Time since last request: 0.000109625 seconds.
  importAddress: GUID: 35f5a927d239440c0a09f2ced66ba1f8 - Path: Packages/com.unity.2d.animation/Editor/SkinningModule/Selectors/RectVertexSelector.cs - Importer: ScriptedImporter/UnityEditor.QuickSearchModule:UnityEditor.Search:ASIAI0B
Importing 'GUID: 35f5a927d239440c0a09f2ced66ba1f8 - Path: Packages/com.unity.2d.animation/Editor/SkinningModule/Selectors/RectVertexSelector.cs - Importer: ScriptedImporter/UnityEditor.QuickSearchModule:UnityEditor.Search:ASIAI0B' with importer (ScriptedImporter : UnityEditor.QuickSearchModule:UnityEditor.Search:ASIAI0B)
Imported 'GUID: 35f5a927d239440c0a09f2ced66ba1f8' -> (Import Result ID: '86a1c252b824441639dc644936ba7f5a') in 0.001 seconds [static and dynamic dependencies]. Details - ImportResultOutputID=bab66516a325e6c3c696989403bc966a DependenciesID=99aa7743f9397a3bd8b14946d7ebc57a StaticDependenciesID=127dfaabd1f4f30f1ee58b5bcc40e090 
Number of updated asset objects reloaded before import = 0
Number of asset objects unloaded after import = 0
========================================================================
Received Import Request.
  Time of request: 2026-09-17T18:20:30.71465Z
  Time since last request: 0.000207916 seconds.
  importAddress: GUID: 8800032f7e7cdd544b74849c80ce05d4 - Path: Packages/com.unity.2d.animation/Editor/Assets/EditorIcons/Selected/Split_Edge.png - Importer: ScriptedImporter/UnityEditor.QuickSearchModule:UnityEditor.Search:ASIAI0B
Importing 'GUID: 8800032f7e7cdd544b74849c80ce05d4 - Path: Packages/com.unity.2d.animation/Editor/Assets/EditorIcons/Selected/Split_Edge.png - Importer: ScriptedImporter/UnityEditor.QuickSearchModule:UnityEditor.Search:ASIAI0B' with importer (ScriptedImporter : UnityEditor.QuickSearchModule:UnityEditor.Search:ASIAI0B)
Imported 'GUID: 8800032f7e7cdd544b74849c80ce05d4' -> (Import Result ID: 'c442650030bc032bd4a23d69d081f720') in 0.002 seconds [static and dynamic dependencies]. Details - ImportResultOutputID=f6cbcbb72789843991e2a9fade61e2a1 DependenciesID=4eb9953da65b2aba0e6979c5424877e2 StaticDependenciesID=fc027b0f9dcd7af67eaeb10d736cbd50 
Number of updated asset objects reloaded before import = 0
Number of asset objects unloaded after import = 3
========================================================================
Received Import Request.
  Time of request: 2026-09-17T18:20:30.724446Z
  Time since last request: 0.000110542 seconds.
  importAddress: GUID: 60eebfa1ba55bfc4d973c4de75d40e99 - Path: Packages/com.unity.2d.common/Editor/InternalBridge/TexturePlatformSettings/TexturePlatformSettings.cs - Importer: ScriptedImporter/UnityEditor.QuickSearchModule:UnityEditor.Search:ASIAI0B
Importing 'GUID: 60eebfa1ba55bfc4d973c4de75d40e99 - Path: Packages/com.unity.2d.common/Editor/InternalBridge/TexturePlatformSettings/TexturePlatformSettings.cs - Importer: ScriptedImporter/UnityEditor.QuickSearchModule:UnityEditor.Search:ASIAI0B' with importer (ScriptedImporter : UnityEditor.QuickSearchModule:UnityEditor.Search:ASIAI0B)
Imported 'GUID: 60eebfa1ba55bfc4d973c4de75d40e99' -> (Import Result ID: 'd4771091703bc1be3bfe61bf36b3e397') in 0.001 seconds [static and dynamic dependencies]. Details - ImportResultOutputID=44b94f61d45317a50ba28ec7e1daa098 DependenciesID=6d93a0c8c1fe67b1c9bccb1685cd1110 StaticDependenciesID=d9d3b0a9d460d8e5d7fc1fcbd4459208 
Number of updated asset objects reloaded before import = 0
Number of asset objects unloaded after import = 0
========================================================================
Received Import Request.
  Time of request: 2026-09-17T18:20:30.732316Z
  Time since last request: 0.000152083 seconds.
  importAddress: GUID: 292d07e9a14a40c889f5365d72ac8b89 - Path: Packages/com.unity.2d.aseprite/Editor/Aseprite/FrameData.cs - Importer: ScriptedImporter/UnityEditor.QuickSearchModule:UnityEditor.Search:ASIAI0B
Importing 'GUID: 292d07e9a14a40c889f5365d72ac8b89 - Path: Packages/com.unity.2d.aseprite/Editor/Aseprite/FrameData.cs - Importer: ScriptedImporter/UnityEditor.QuickSearchModule:UnityEditor.Search:ASIAI0B' with importer (ScriptedImporter : UnityEditor.QuickSearchModule:UnityEditor.Search:ASIAI0B)
Imported 'GUID: 292d07e9a14a40c889f5365d72ac8b89' -> (Import Result ID: '3a3dd4ef77047780d55144d116d0e048') in 0.001 seconds [static and dynamic dependencies]. Details - ImportResultOutputID=0daeb7df70e8e9b2dff6bc6d7e22d2b8 DependenciesID=13ed303798f7179cb311c983a2e85123 StaticDependenciesID=bbd90d2193ef5fe690b3442463ee88d3 
Number of updated asset objects reloaded before import = 0
Number of asset objects unloaded after import = 0
========================================================================
Received Import Request.
  Time of request: 2026-09-17T18:20:30.739965Z
  Time since last request: 0.000112209 seconds.
  importAddress: GUID: 98caf1503e1ef65468fc96b334fee770 - Path: Packages/com.unity.2d.animation/Editor/SkinningModule/VisibilityTool/SpriteVisibilityTool.cs - Importer: ScriptedImporter/UnityEditor.QuickSearchModule:UnityEditor.Search:ASIAI0B
Importing 'GUID: 98caf1503e1ef65468fc96b334fee770 - Path: Packages/com.unity.2d.animation/Editor/SkinningModule/VisibilityTool/SpriteVisibilityTool.cs - Importer: ScriptedImporter/UnityEditor.QuickSearchModule:UnityEditor.Search:ASIAI0B' with importer (ScriptedImporter : UnityEditor.QuickSearchModule:UnityEditor.Search:ASIAI0B)
Imported 'GUID: 98caf1503e1ef65468fc96b334fee770' -> (Import Result ID: 'ca58280605f80be0a614c70a40122776') in 0.001 seconds [static and dynamic dependencies]. Details - ImportResultOutputID=66eb212fdbe60e981e0ac7687389c334 DependenciesID=0a760ccf1572acb215a44b363cfdfd41 StaticDependenciesID=d72ebf5ca72597e0b0d217bb9208c7a9 
Number of updated asset objects reloaded before import = 0
Number of asset objects unloaded after import = 0
========================================================================
Received Import Request.
  Time of request: 2026-09-17T18:20:30.747673Z
  Time since last request: 0.00012725 seconds.
  importAddress: GUID: 350d0a33d0eff469e827fca813d0a6ad - Path: Packages/com.unity.2d.animation/IK - Importer: ScriptedImporter/UnityEditor.QuickSearchModule:UnityEditor.Search:ASIAI0B
Importing 'GUID: 350d0a33d0eff469e827fca813d0a6ad - Path: Packages/com.unity.2d.animation/IK - Importer: ScriptedImporter/UnityEditor.QuickSearchModule:UnityEditor.Search:ASIAI0B' with importer (ScriptedImporter : UnityEditor.QuickSearchModule:UnityEditor.Search:ASIAI0B)
Imported 'GUID: 350d0a33d0eff469e827fca813d0a6ad' -> (Import Result ID: '8e6cb3ef51477456a9fd66dd8f189412') in 0.001 seconds [static and dynamic dependencies]. Details - ImportResultOutputID=38d85baebdf2eed40476e23b4558bec2 DependenciesID=dbb82d1a6b3c0a2417b5c10f50e9cb4b StaticDependenciesID=ec847a395c15ed3d832bb91942d381a9 
Number of updated asset objects reloaded before import = 0
Number of asset objects unloaded after import = 1
========================================================================
Received Import Request.
  Time of request: 2026-09-17T18:20:30.755288Z
  Time since last request: 0.000130667 seconds.
  importAddress: GUID: 61f1168dfbac54f04b6068f199c35704 - Path: Packages/com.unity.2d.animation/Editor/SkinningModule/IMGUI/UnselectTool.cs - Importer: ScriptedImporter/UnityEditor.QuickSearchModule:UnityEditor.Search:ASIAI0B
Importing 'GUID: 61f1168dfbac54f04b6068f199c35704 - Path: Packages/com.unity.2d.animation/Editor/SkinningModule/IMGUI/UnselectTool.cs - Importer: ScriptedImporter/UnityEditor.QuickSearchModule:UnityEditor.Search:ASIAI0B' with importer (ScriptedImporter : UnityEditor.QuickSearchModule:UnityEditor.Search:ASIAI0B)
Imported 'GUID: 61f1168dfbac54f04b6068f199c35704' -> (Import Result ID: 'ac3c187a197b2b4ce028bf0ceeaf4b27') in 0.001 seconds [static and dynamic dependencies]. Details - ImportResultOutputID=4801cebd1d169f8ab9c99187d16cf64e DependenciesID=3d2c7bee96e9622ac9912c66c3cfc001 StaticDependenciesID=3ffaa84f6eafe54e1cffda2c5c67deb7 
Number of updated asset objects reloaded before import = 0
Number of asset objects unloaded after import = 0
========================================================================
Received Import Request.
  Time of request: 2026-09-17T18:20:30.76303Z
  Time since last request: 0.0001875 seconds.
  importAddress: GUID: 8ba836b7a6b0c9a4a94c1d6c540b8962 - Path: Packages/com.unity.2d.psdimporter/Editor/PSDPlugin/PsdFile/ImageResources/UnicodeAlphaNames.cs - Importer: ScriptedImporter/UnityEditor.QuickSearchModule:UnityEditor.Search:ASIAI0B
Importing 'GUID: 8ba836b7a6b0c9a4a94c1d6c540b8962 - Path: Packages/com.unity.2d.psdimporter/Editor/PSDPlugin/PsdFile/ImageResources/UnicodeAlphaNames.cs - Importer: ScriptedImporter/UnityEditor.QuickSearchModule:UnityEditor.Search:ASIAI0B' with importer (ScriptedImporter : UnityEditor.QuickSearchModule:UnityEditor.Search:ASIAI0B)
Imported 'GUID: 8ba836b7a6b0c9a4a94c1d6c540b8962' -> (Import Result ID: '8b0bfc084425b969c4d63eced510a909') in 0.001 seconds [static and dynamic dependencies]. Details - ImportResultOutputID=6347c36de3be1c0a3258a0a6f0063813 DependenciesID=4fd5a2902d36e353296af4569f67a621 StaticDependenciesID=c04a01b08591cd37c6e2fe4aad774ef4 
Number of updated asset objects reloaded before import = 0
Number of asset objects unloaded after import = 0
========================================================================
Received Import Request.
  Time of request: 2026-09-17T18:20:30.776278Z
  Time since last request: 0.005349333 seconds.
  importAddress: GUID: 658c36822d7b5445b92a424af653281f - Path: Packages/com.unity.2d.animation/IK/Runtime/Culling/BaseCullingStrategy.cs - Importer: ScriptedImporter/UnityEditor.QuickSearchModule:UnityEditor.Search:ASIAI0B
Importing 'GUID: 658c36822d7b5445b92a424af653281f - Path: Packages/com.unity.2d.animation/IK/Runtime/Culling/BaseCullingStrategy.cs - Importer: ScriptedImporter/UnityEditor.QuickSearchModule:UnityEditor.Search:ASIAI0B' with importer (ScriptedImporter : UnityEditor.QuickSearchModule:UnityEditor.Search:ASIAI0B)
Imported 'GUID: 658c36822d7b5445b92a424af653281f' -> (Import Result ID: 'bd774a953a16daea272549d743e1de00') in 0.001 seconds [static and dynamic dependencies]. Details - ImportResultOutputID=c7735ece89bc75e3f585f601bbd383aa DependenciesID=300271030808e476dad5734f38e139cf StaticDependenciesID=784b7d90c46da41bbea985e6aa58f202 
Number of updated asset objects reloaded before import = 0
Number of asset objects unloaded after import = 0
========================================================================
Received Import Request.
  Time of request: 2026-09-17T18:20:30.784406Z
  Time since last request: 0.00026825 seconds.
  importAddress: GUID: 37f3979cbd2490a4c87552d59e76b1f6 - Path: Packages/com.unity.2d.animation/Editor/SkinningModule/Selectors - Importer: ScriptedImporter/UnityEditor.QuickSearchModule:UnityEditor.Search:ASIAI0B
Importing 'GUID: 37f3979cbd2490a4c87552d59e76b1f6 - Path: Packages/com.unity.2d.animation/Editor/SkinningModule/Selectors - Importer: ScriptedImporter/UnityEditor.QuickSearchModule:UnityEditor.Search:ASIAI0B' with importer (ScriptedImporter : UnityEditor.QuickSearchModule:UnityEditor.Search:ASIAI0B)
Imported 'GUID: 37f3979cbd2490a4c87552d59e76b1f6' -> (Import Result ID: '144e158d10abfa62a99e89f1bae451b4') in 0.001 seconds [static and dynamic dependencies]. Details - ImportResultOutputID=17421ff2834041bb39d4d5696eb1854b DependenciesID=3781d0da99f4bd010a5ad53458032161 StaticDependenciesID=03b79a39025cbbeac802e6f7191ac445 
Number of updated asset objects reloaded before import = 0
Number of asset objects unloaded after import = 1
========================================================================
Received Import Request.
  Time of request: 2026-09-17T18:20:30.792195Z
  Time since last request: 0.000134083 seconds.
  importAddress: GUID: d294f67c39974e25877326f1a68aeb99 - Path: Packages/com.unity.2d.tilemap/Editor/GridPaletteWhiteboxPalettesDropdown.cs - Importer: ScriptedImporter/UnityEditor.QuickSearchModule:UnityEditor.Search:ASIAI0B
Importing 'GUID: d294f67c39974e25877326f1a68aeb99 - Path: Packages/com.unity.2d.tilemap/Editor/GridPaletteWhiteboxPalettesDropdown.cs - Importer: ScriptedImporter/UnityEditor.QuickSearchModule:UnityEditor.Search:ASIAI0B' with importer (ScriptedImporter : UnityEditor.QuickSearchModule:UnityEditor.Search:ASIAI0B)
Imported 'GUID: d294f67c39974e25877326f1a68aeb99' -> (Import Result ID: '81b48b5dd99706f7460343de1a62f7d9') in 0.001 seconds [static and dynamic dependencies]. Details - ImportResultOutputID=bd067546dc9490d64ab3715915c35aca DependenciesID=08661745467eac13a03f06fe1204caac StaticDependenciesID=54b36d719d02318fd7ea5f926793444d 
Number of updated asset objects reloaded before import = 0
Number of asset objects unloaded after import = 0
========================================================================
Received Import Request.
  Time of request: 2026-09-17T18:20:30.800197Z
  Time since last request: 0.000179792 seconds.
  importAddress: GUID: 5d3bb77bab9e1a343983ee641d146f99 - Path: Packages/com.unity.2d.animation/Editor/SkinningModule/UI/MeshToolbar.cs - Importer: ScriptedImporter/UnityEditor.QuickSearchModule:UnityEditor.Search:ASIAI0B
Importing 'GUID: 5d3bb77bab9e1a343983ee641d146f99 - Path: Packages/com.unity.2d.animation/Editor/SkinningModule/UI/MeshToolbar.cs - Importer: ScriptedImporter/UnityEditor.QuickSearchModule:UnityEditor.Search:ASIAI0B' with importer (ScriptedImporter : UnityEditor.QuickSearchModule:UnityEditor.Search:ASIAI0B)
Imported 'GUID: 5d3bb77bab9e1a343983ee641d146f99' -> (Import Result ID: 'e5ee955c4e2afb105fa4f6abdb8823ac') in 0.001 seconds [static and dynamic dependencies]. Details - ImportResultOutputID=1db6e533e7742d7eccdd22e2f8044657 DependenciesID=5d265e20eff387ca610a77b835beb368 StaticDependenciesID=e49964034a92c6314458405df2c01843 
Number of updated asset objects reloaded before import = 0
Number of asset objects unloaded after import = 0
========================================================================
Received Import Request.
  Time of request: 2026-09-17T18:20:30.807903Z
  Time since last request: 0.0001375 seconds.
  importAddress: GUID: 6027031a7453da24f95d0af9a2308c52 - Path: Packages/com.unity.2d.animation/Editor/Assets/EditorIcons/d_Sprite_Mode@3x.png - Importer: ScriptedImporter/UnityEditor.QuickSearchModule:UnityEditor.Search:ASIAI0B
Importing 'GUID: 6027031a7453da24f95d0af9a2308c52 - Path: Packages/com.unity.2d.animation/Editor/Assets/EditorIcons/d_Sprite_Mode@3x.png - Importer: ScriptedImporter/UnityEditor.QuickSearchModule:UnityEditor.Search:ASIAI0B' with importer (ScriptedImporter : UnityEditor.QuickSearchModule:UnityEditor.Search:ASIAI0B)
Imported 'GUID: 6027031a7453da24f95d0af9a2308c52' -> (Import Result ID: 'b14340e5f376ef44cc4f4eebabd90560') in 0.002 seconds [static and dynamic dependencies]. Details - ImportResultOutputID=278867c326131f9a0ce41ad5461d3f6a DependenciesID=e14e04c079930078a438dfb129599062 StaticDependenciesID=536a39cd5baa69b706f4382266f058c7 
Number of updated asset objects reloaded before import = 0
Number of asset objects unloaded after import = 3
========================================================================
Received Import Request.
  Time of request: 2026-09-17T18:20:30.817381Z
  Time since last request: 0.000147 seconds.
  importAddress: GUID: 9214d94ab547c5447a11c7a7c6a59482 - Path: Packages/com.unity.2d.spriteshape/Runtime/External/LibTessDotNet - Importer: ScriptedImporter/UnityEditor.QuickSearchModule:UnityEditor.Search:ASIAI0B
Importing 'GUID: 9214d94ab547c5447a11c7a7c6a59482 - Path: Packages/com.unity.2d.spriteshape/Runtime/External/LibTessDotNet - Importer: ScriptedImporter/UnityEditor.QuickSearchModule:UnityEditor.Search:ASIAI0B' with importer (ScriptedImporter : UnityEditor.QuickSearchModule:UnityEditor.Search:ASIAI0B)
Imported 'GUID: 9214d94ab547c5447a11c7a7c6a59482' -> (Import Result ID: '8acdfa6184212669a82bedb6ebbeb8ca') in 0.001 seconds [static and dynamic dependencies]. Details - ImportResultOutputID=78481eccbc01dd8285f3baf8a6fc3eeb DependenciesID=ccfb475a51b5fd24f680379cd7b9a1f7 StaticDependenciesID=a43f3fa6bbdef6a24a5db8d23f0ad3fd 
Number of updated asset objects reloaded before import = 0
Number of asset objects unloaded after import = 1
========================================================================
Received Import Request.
  Time of request: 2026-09-17T18:20:30.825461Z
  Time since last request: 0.000149833 seconds.
  importAddress: GUID: 497003cbd9cf35349bb7a01db4d94b26 - Path: Packages/com.unity.2d.animation/Editor/SkinningModule/GenerateWeightsTool.cs - Importer: ScriptedImporter/UnityEditor.QuickSearchModule:UnityEditor.Search:ASIAI0B
Importing 'GUID: 497003cbd9cf35349bb7a01db4d94b26 - Path: Packages/com.unity.2d.animation/Editor/SkinningModule/GenerateWeightsTool.cs - Importer: ScriptedImporter/UnityEditor.QuickSearchModule:UnityEditor.Search:ASIAI0B' with importer (ScriptedImporter : UnityEditor.QuickSearchModule:UnityEditor.Search:ASIAI0B)
Imported 'GUID: 497003cbd9cf35349bb7a01db4d94b26' -> (Import Result ID: '15ba8b5695bdc8f8ec29ca8444110577') in 0.001 seconds [static and dynamic dependencies]. Details - ImportResultOutputID=23229ef758bc83d6d93683b69e0ba5e6 DependenciesID=adf9910dd6067eb0c98afe39eaaf9734 StaticDependenciesID=19ee5edfda1c7b9bb89ef41a84afc060 
Number of updated asset objects reloaded before import = 0
Number of asset objects unloaded after import = 0
========================================================================
Received Import Request.
  Time of request: 2026-09-17T18:20:30.833023Z
  Time since last request: 0.000117708 seconds.
  importAddress: GUID: c06100d8ae6a60d44ab25f318a154ce3 - Path: Packages/com.unity.2d.tilemap/Editor/Icons/d_Tilemap.DefaultBrush@2x.png - Importer: ScriptedImporter/UnityEditor.QuickSearchModule:UnityEditor.Search:ASIAI0B
Importing 'GUID: c06100d8ae6a60d44ab25f318a154ce3 - Path: Packages/com.unity.2d.tilemap/Editor/Icons/d_Tilemap.DefaultBrush@2x.png - Importer: ScriptedImporter/UnityEditor.QuickSearchModule:UnityEditor.Search:ASIAI0B' with importer (ScriptedImporter : UnityEditor.QuickSearchModule:UnityEditor.Search:ASIAI0B)
Imported 'GUID: c06100d8ae6a60d44ab25f318a154ce3' -> (Import Result ID: '998468e531808d58f28470719ba6f07d') in 0.003 seconds [static and dynamic dependencies]. Details - ImportResultOutputID=76cd38e739c07c7d7b8c7f9056343652 DependenciesID=59f25ef0a50695dcebed674bdf01cfab StaticDependenciesID=a13174a979fd38b05d0b4399a4e92b39 
Number of updated asset objects reloaded before import = 0
Number of asset objects unloaded after import = 3
========================================================================
Received Import Request.
  Time of request: 2026-09-17T18:20:30.843394Z
  Time since last request: 0.000094583 seconds.
  importAddress: GUID: 2dff4719950c8914097f7b77c9b07de9 - Path: Packages/com.unity.2d.psdimporter/Editor/PSDPlugin/PsdFile/Layers/Layer.cs - Importer: ScriptedImporter/UnityEditor.QuickSearchModule:UnityEditor.Search:ASIAI0B
Importing 'GUID: 2dff4719950c8914097f7b77c9b07de9 - Path: Packages/com.unity.2d.psdimporter/Editor/PSDPlugin/PsdFile/Layers/Layer.cs - Importer: ScriptedImporter/UnityEditor.QuickSearchModule:UnityEditor.Search:ASIAI0B' with importer (ScriptedImporter : UnityEditor.QuickSearchModule:UnityEditor.Search:ASIAI0B)
Imported 'GUID: 2dff4719950c8914097f7b77c9b07de9' -> (Import Result ID: 'ace2899bc5970026be9d7920e986dd00') in 0.001 seconds [static and dynamic dependencies]. Details - ImportResultOutputID=2f14bc8ee9362d31cc45311c02026ad6 DependenciesID=a8b85b29c2a4bfeb05c65c2dc6156537 StaticDependenciesID=738ecd1bb320e155bfc9850a79404124 
Number of updated asset objects reloaded before import = 0
Number of asset objects unloaded after import = 0
========================================================================
Received Import Request.
  Time of request: 2026-09-17T18:20:30.85111Z
  Time since last request: 0.000127041 seconds.
  importAddress: GUID: 03f6794598fc4a85837037a0ba62759b - Path: Packages/com.unity.2d.animation/Runtime/UpdateOrder.cs - Importer: ScriptedImporter/UnityEditor.QuickSearchModule:UnityEditor.Search:ASIAI0B
Importing 'GUID: 03f6794598fc4a85837037a0ba62759b - Path: Packages/com.unity.2d.animation/Runtime/UpdateOrder.cs - Importer: ScriptedImporter/UnityEditor.QuickSearchModule:UnityEditor.Search:ASIAI0B' with importer (ScriptedImporter : UnityEditor.QuickSearchModule:UnityEditor.Search:ASIAI0B)
Imported 'GUID: 03f6794598fc4a85837037a0ba62759b' -> (Import Result ID: '49f8b299a728cbf042732dde5337520e') in 0.001 seconds [static and dynamic dependencies]. Details - ImportResultOutputID=388a323a659c2873b76744f87555ece4 DependenciesID=e4d662f0d8b2debc57c064aba9e65a1e StaticDependenciesID=cd3ede86228da2dd540c9f432a6c36a5 
Number of updated asset objects reloaded before import = 0
Number of asset objects unloaded after import = 0
========================================================================
Received Import Request.
  Time of request: 2026-09-17T18:20:30.858873Z
  Time since last request: 0.0001675 seconds.
  importAddress: GUID: bedd19944f451ba4d83e7ed69be98d5c - Path: Packages/com.unity.2d.animation/Editor/Assets/SkinningModule/SkinningModule-GUITextureClip.shader - Importer: ScriptedImporter/UnityEditor.QuickSearchModule:UnityEditor.Search:ASIAI0B
Importing 'GUID: bedd19944f451ba4d83e7ed69be98d5c - Path: Packages/com.unity.2d.animation/Editor/Assets/SkinningModule/SkinningModule-GUITextureClip.shader - Importer: ScriptedImporter/UnityEditor.QuickSearchModule:UnityEditor.Search:ASIAI0B' with importer (ScriptedImporter : UnityEditor.QuickSearchModule:UnityEditor.Search:ASIAI0B)
Imported 'GUID: bedd19944f451ba4d83e7ed69be98d5c' -> (Import Result ID: '8bd30977979df9e4d798346bcd601bae') in 0.001 seconds [static and dynamic dependencies]. Details - ImportResultOutputID=4fdefa2851235366fcd74a773ec16e7f DependenciesID=1323e23e8db33068969b57e19c226841 StaticDependenciesID=1a35655f887c8a39a058b969af313f4f 
Number of updated asset objects reloaded before import = 0
Number of asset objects unloaded after import = 1
========================================================================
Received Import Request.
  Time of request: 2026-09-17T18:20:30.867254Z
  Time since last request: 0.000212667 seconds.
  importAddress: GUID: 934b23cc1699f467688d787b9d303561 - Path: Packages/com.unity.2d.animation/Editor/Assets/ComponentIcons/Animation.IKFabrik@64.png - Importer: ScriptedImporter/UnityEditor.QuickSearchModule:UnityEditor.Search:ASIAI0B
Importing 'GUID: 934b23cc1699f467688d787b9d303561 - Path: Packages/com.unity.2d.animation/Editor/Assets/ComponentIcons/Animation.IKFabrik@64.png - Importer: ScriptedImporter/UnityEditor.QuickSearchModule:UnityEditor.Search:ASIAI0B' with importer (ScriptedImporter : UnityEditor.QuickSearchModule:UnityEditor.Search:ASIAI0B)
Imported 'GUID: 934b23cc1699f467688d787b9d303561' -> (Import Result ID: '9e28c9fa214bd23e7d663e64dbdb1f4d') in 0.003 seconds [static and dynamic dependencies]. Details - ImportResultOutputID=39bcde847855de3f745ef3d257de3c22 DependenciesID=51ae51b1544bcea89ae055e3de53071f StaticDependenciesID=77641ddd4c2d34f8b9d2efc0adb428ec 
Number of updated asset objects reloaded before import = 0
Number of asset objects unloaded after import = 3
========================================================================
Received Import Request.
  Time of request: 2026-09-17T18:20:30.877542Z
  Time since last request: 0.000304292 seconds.
  importAddress: GUID: 9db2daed973f4a7bac8075fb80ef61f1 - Path: Packages/com.unity.2d.tilemap.extras/Editor/Tiles/RuleTile/RuleTileTemplateUtility.cs - Importer: ScriptedImporter/UnityEditor.QuickSearchModule:UnityEditor.Search:ASIAI0B
Importing 'GUID: 9db2daed973f4a7bac8075fb80ef61f1 - Path: Packages/com.unity.2d.tilemap.extras/Editor/Tiles/RuleTile/RuleTileTemplateUtility.cs - Importer: ScriptedImporter/UnityEditor.QuickSearchModule:UnityEditor.Search:ASIAI0B' with importer (ScriptedImporter : UnityEditor.QuickSearchModule:UnityEditor.Search:ASIAI0B)
Imported 'GUID: 9db2daed973f4a7bac8075fb80ef61f1' -> (Import Result ID: 'e268c76f06a0938dcdf06308a3f7b657') in 0.001 seconds [static and dynamic dependencies]. Details - ImportResultOutputID=e25685edb9e019625d128d6f3e2db291 DependenciesID=51c4689b0ea8135858a641d146570813 StaticDependenciesID=5cf451c1a0d9827dacc296cff1e2e1f0 
Number of updated asset objects reloaded before import = 0
Number of asset objects unloaded after import = 0
========================================================================
Received Import Request.
  Time of request: 2026-09-17T18:20:30.885879Z
  Time since last request: 0.000148209 seconds.
  importAddress: GUID: dd04679f252ec40a8b931fbb52bd3f8b - Path: Packages/com.unity.2d.psdimporter/Editor/Assets/Icons/Dark/Layers Collapsed@1x.png - Importer: ScriptedImporter/UnityEditor.QuickSearchModule:UnityEditor.Search:ASIAI0B
Importing 'GUID: dd04679f252ec40a8b931fbb52bd3f8b - Path: Packages/com.unity.2d.psdimporter/Editor/Assets/Icons/Dark/Layers Collapsed@1x.png - Importer: ScriptedImporter/UnityEditor.QuickSearchModule:UnityEditor.Search:ASIAI0B' with importer (ScriptedImporter : UnityEditor.QuickSearchModule:UnityEditor.Search:ASIAI0B)
Imported 'GUID: dd04679f252ec40a8b931fbb52bd3f8b' -> (Import Result ID: '1f581f1327362bc2e96966a19f9de316') in 0.002 seconds [static and dynamic dependencies]. Details - ImportResultOutputID=aa20aa8775f5183cacb280ce01726b7c DependenciesID=ee2332857d4e6218034c5faa495c24ed StaticDependenciesID=f39b350a3f441e1c3a5b68c3e65ccefe 
Number of updated asset objects reloaded before import = 0
Number of asset objects unloaded after import = 3
========================================================================
Received Import Request.
  Time of request: 2026-09-17T18:20:30.895367Z
  Time since last request: 0.000132792 seconds.
  importAddress: GUID: 2d95cf258837ba44896030e25b9f2dd7 - Path: Packages/com.unity.2d.animation/Editor/Assets/EditorIcons/Mesh@3x.png - Importer: ScriptedImporter/UnityEditor.QuickSearchModule:UnityEditor.Search:ASIAI0B
Importing 'GUID: 2d95cf258837ba44896030e25b9f2dd7 - Path: Packages/com.unity.2d.animation/Editor/Assets/EditorIcons/Mesh@3x.png - Importer: ScriptedImporter/UnityEditor.QuickSearchModule:UnityEditor.Search:ASIAI0B' with importer (ScriptedImporter : UnityEditor.QuickSearchModule:UnityEditor.Search:ASIAI0B)
Imported 'GUID: 2d95cf258837ba44896030e25b9f2dd7' -> (Import Result ID: 'b3ce1091a9c927ee0fdcb940c4c62279') in 0.003 seconds [static and dynamic dependencies]. Details - ImportResultOutputID=17c1f4e5b81515223c4c60791fd70c45 DependenciesID=67f60a2ad27e3bc44c0c1d1380506d87 StaticDependenciesID=b0965d608fa4e5f7e179764a122c373b 
Number of updated asset objects reloaded before import = 0
Number of asset objects unloaded after import = 3
========================================================================
Received Import Request.
  Time of request: 2026-09-17T18:20:30.905005Z
  Time since last request: 0.00013425 seconds.
  importAddress: GUID: a0e8a5f39ab443849ac34497669e976f - Path: Packages/com.unity.2d.animation/Editor/SkinningModule/VisibilityTool/BoneVisibilityTool.cs - Importer: ScriptedImporter/UnityEditor.QuickSearchModule:UnityEditor.Search:ASIAI0B
Importing 'GUID: a0e8a5f39ab443849ac34497669e976f - Path: Packages/com.unity.2d.animation/Editor/SkinningModule/VisibilityTool/BoneVisibilityTool.cs - Importer: ScriptedImporter/UnityEditor.QuickSearchModule:UnityEditor.Search:ASIAI0B' with importer (ScriptedImporter : UnityEditor.QuickSearchModule:UnityEditor.Search:ASIAI0B)
Imported 'GUID: a0e8a5f39ab443849ac34497669e976f' -> (Import Result ID: 'c5fc2577e1310fd6bedd737a89d2e48d') in 0.001 seconds [static and dynamic dependencies]. Details - ImportResultOutputID=7de7695bd8bd8eee5a16537ee15502a0 DependenciesID=cdd3ce5460a33a75dd83a1fdb4392c78 StaticDependenciesID=d85e47b79bf5076e7d9ca9fb3fb7cbcd 
Number of updated asset objects reloaded before import = 0
Number of asset objects unloaded after import = 0
========================================================================
Received Import Request.
  Time of request: 2026-09-17T18:20:30.912494Z
  Time since last request: 0.000138125 seconds.
  importAddress: GUID: 6c7e9115f7d147358afe5f37134801db - Path: Packages/com.unity.2d.sprite/Editor/UI/SpriteEditor/SpriteFrameCapabilityWindow.uss - Importer: ScriptedImporter/UnityEditor.QuickSearchModule:UnityEditor.Search:ASIAI0B
Importing 'GUID: 6c7e9115f7d147358afe5f37134801db - Path: Packages/com.unity.2d.sprite/Editor/UI/SpriteEditor/SpriteFrameCapabilityWindow.uss - Importer: ScriptedImporter/UnityEditor.QuickSearchModule:UnityEditor.Search:ASIAI0B' with importer (ScriptedImporter : UnityEditor.QuickSearchModule:UnityEditor.Search:ASIAI0B)
Imported 'GUID: 6c7e9115f7d147358afe5f37134801db' -> (Import Result ID: '9ea5baad446a1f9a4e31b4bc1cbca6e1') in 0.002 seconds [static and dynamic dependencies]. Details - ImportResultOutputID=da5b56f1de2a3d72f624cfac9781bc06 DependenciesID=ad84032f48531e709901b10cb796b59a StaticDependenciesID=13a194ee84e72516b041765aadf4c296 
Number of updated asset objects reloaded before import = 0
Number of asset objects unloaded after import = 1
========================================================================
Received Import Request.
  Time of request: 2026-09-17T18:20:30.92091Z
  Time since last request: 0.000150625 seconds.
  importAddress: GUID: bb668641abe10a64891e26613cf530ee - Path: Packages/com.unity.2d.animation/Editor/Assets/EditorIcons/Selected/Weight_Brush@2x.png - Importer: ScriptedImporter/UnityEditor.QuickSearchModule:UnityEditor.Search:ASIAI0B
Importing 'GUID: bb668641abe10a64891e26613cf530ee - Path: Packages/com.unity.2d.animation/Editor/Assets/EditorIcons/Selected/Weight_Brush@2x.png - Importer: ScriptedImporter/UnityEditor.QuickSearchModule:UnityEditor.Search:ASIAI0B' with importer (ScriptedImporter : UnityEditor.QuickSearchModule:UnityEditor.Search:ASIAI0B)
Imported 'GUID: bb668641abe10a64891e26613cf530ee' -> (Import Result ID: 'c87f1149943e9d8e80cf51f05f36246c') in 0.002 seconds [static and dynamic dependencies]. Details - ImportResultOutputID=9e158dca691457353e43e8acc7760d9e DependenciesID=9fb345f7bac07cbc9682fb9b8170ff1a StaticDependenciesID=762666a61eb9d4441633e4be1585edab 
Number of updated asset objects reloaded before import = 0
Number of asset objects unloaded after import = 3
========================================================================
Received Import Request.
  Time of request: 2026-09-17T18:20:30.929951Z
  Time since last request: 0.000106916 seconds.
  importAddress: GUID: 0167a2d235421ca4f8095daaa1defd4f - Path: Packages/com.unity.2d.animation/Editor/Assets/EditorIcons/Selected/d_Visibility_Tool@4x.png - Importer: ScriptedImporter/UnityEditor.QuickSearchModule:UnityEditor.Search:ASIAI0B
Importing 'GUID: 0167a2d235421ca4f8095daaa1defd4f - Path: Packages/com.unity.2d.animation/Editor/Assets/EditorIcons/Selected/d_Visibility_Tool@4x.png - Importer: ScriptedImporter/UnityEditor.QuickSearchModule:UnityEditor.Search:ASIAI0B' with importer (ScriptedImporter : UnityEditor.QuickSearchModule:UnityEditor.Search:ASIAI0B)
Imported 'GUID: 0167a2d235421ca4f8095daaa1defd4f' -> (Import Result ID: 'eef5a19a10bdfd56fa5d1260f2f6e050') in 0.004 seconds [static and dynamic dependencies]. Details - ImportResultOutputID=7490199de30f5932f2f635239fb8f114 DependenciesID=d0d8dd56abfb72203a4c66a2250352a1 StaticDependenciesID=7883629e80a1189dc536305d4a211106 
Number of updated asset objects reloaded before import = 0
Number of asset objects unloaded after import = 3
========================================================================
Received Import Request.
  Time of request: 2026-09-17T18:20:30.94016Z
  Time since last request: 0.000110542 seconds.
  importAddress: GUID: 2d35623559ffd044682af7e09affdcc8 - Path: Packages/com.unity.2d.tilemap/Editor/Icons/d_Tilemap.ShowGrid@4x.png - Importer: ScriptedImporter/UnityEditor.QuickSearchModule:UnityEditor.Search:ASIAI0B
Importing 'GUID: 2d35623559ffd044682af7e09affdcc8 - Path: Packages/com.unity.2d.tilemap/Editor/Icons/d_Tilemap.ShowGrid@4x.png - Importer: ScriptedImporter/UnityEditor.QuickSearchModule:UnityEditor.Search:ASIAI0B' with importer (ScriptedImporter : UnityEditor.QuickSearchModule:UnityEditor.Search:ASIAI0B)
Imported 'GUID: 2d35623559ffd044682af7e09affdcc8' -> (Import Result ID: 'd27d8c21b4fecf7ef35f239b5f8d5139') in 0.003 seconds [static and dynamic dependencies]. Details - ImportResultOutputID=1a61c185c7c835f751858a074453f952 DependenciesID=519bbe5061be1a18325cdab3794d1a93 StaticDependenciesID=58838398ef98f340fecc49dd0774d38c 
Number of updated asset objects reloaded before import = 0
Number of asset objects unloaded after import = 3
========================================================================
Received Import Request.
  Time of request: 2026-09-17T18:20:30.949656Z
  Time since last request: 0.000111084 seconds.
  importAddress: GUID: 465d9bad157c4de4994f6d05a8f9d38a - Path: Packages/com.unity.2d.spriteshape/Editor/SpriteShapeEditorUtility.cs - Importer: ScriptedImporter/UnityEditor.QuickSearchModule:UnityEditor.Search:ASIAI0B
Importing 'GUID: 465d9bad157c4de4994f6d05a8f9d38a - Path: Packages/com.unity.2d.spriteshape/Editor/SpriteShapeEditorUtility.cs - Importer: ScriptedImporter/UnityEditor.QuickSearchModule:UnityEditor.Search:ASIAI0B' with importer (ScriptedImporter : UnityEditor.QuickSearchModule:UnityEditor.Search:ASIAI0B)
Imported 'GUID: 465d9bad157c4de4994f6d05a8f9d38a' -> (Import Result ID: '9ab88e7a4acc757e10b627b3390596b4') in 0.001 seconds [static and dynamic dependencies]. Details - ImportResultOutputID=db827e2d5731480cc4aa1c70625bc8fe DependenciesID=55d6cf091bf7b9bbbd32d72eca0cd967 StaticDependenciesID=231322fc2981e4e3e71af46089535ea0 
Number of updated asset objects reloaded before import = 0
Number of asset objects unloaded after import = 0
========================================================================
Received Import Request.
  Time of request: 2026-09-17T18:20:30.957448Z
  Time since last request: 0.000146209 seconds.
  importAddress: GUID: 6a53be7c03b5414bbd50094b4e2edc5a - Path: Packages/com.unity.2d.tooling/Editor/Insider/SpriteAtlas/SpriteAtlasIssueReport/SpriteWithSecondaryTextureIssue/SpriteWithSecondayTextureCellData.cs - Importer: ScriptedImporter/UnityEditor.QuickSearchModule:UnityEditor.Search:ASIAI0B
Importing 'GUID: 6a53be7c03b5414bbd50094b4e2edc5a - Path: Packages/com.unity.2d.tooling/Editor/Insider/SpriteAtlas/SpriteAtlasIssueReport/SpriteWithSecondaryTextureIssue/SpriteWithSecondayTextureCellData.cs - Importer: ScriptedImporter/UnityEditor.QuickSearchModule:UnityEditor.Search:ASIAI0B' with importer (ScriptedImporter : UnityEditor.QuickSearchModule:UnityEditor.Search:ASIAI0B)
Imported 'GUID: 6a53be7c03b5414bbd50094b4e2edc5a' -> (Import Result ID: '72ddaa7bdff052a41a58132f81c8dac1') in 0.001 seconds [static and dynamic dependencies]. Details - ImportResultOutputID=02dd8f2f54554c6f03d1f14698614391 DependenciesID=8c996417597f26fb0d268242dd5c4ddc StaticDependenciesID=afeb61cddb9956e1d70b7d75482ed8e6 
Number of updated asset objects reloaded before import = 0
Number of asset objects unloaded after import = 0
========================================================================
Received Import Request.
  Time of request: 2026-09-17T18:20:30.965357Z
  Time since last request: 0.000114167 seconds.
  importAddress: GUID: 3230fdc399f8287488325e5941a00527 - Path: Packages/com.unity.2d.animation/Editor/Assets/SkinningModule/SpriteBitmask.shader - Importer: ScriptedImporter/UnityEditor.QuickSearchModule:UnityEditor.Search:ASIAI0B
Importing 'GUID: 3230fdc399f8287488325e5941a00527 - Path: Packages/com.unity.2d.animation/Editor/Assets/SkinningModule/SpriteBitmask.shader - Importer: ScriptedImporter/UnityEditor.QuickSearchModule:UnityEditor.Search:ASIAI0B' with importer (ScriptedImporter : UnityEditor.QuickSearchModule:UnityEditor.Search:ASIAI0B)
Imported 'GUID: 3230fdc399f8287488325e5941a00527' -> (Import Result ID: '40564449a85b043ff908ed2ce3a499b1') in 0.001 seconds [static and dynamic dependencies]. Details - ImportResultOutputID=19b07110b37aabf5fff312cb62f2baaa DependenciesID=dc072ed8307e98fc34473ff017dcf9f5 StaticDependenciesID=a8c252a367e91625daedb18f2ffc19d2 
Number of updated asset objects reloaded before import = 0
Number of asset objects unloaded after import = 1
========================================================================
Received Import Request.
  Time of request: 2026-09-17T18:20:30.973046Z
  Time since last request: 0.000144375 seconds.
  importAddress: GUID: 1f3420e9f7420411a8aac27743b35e29 - Path: Packages/com.unity.2d.psdimporter/Editor/Assets/Icons/Dark/Layers Separated@16x.png - Importer: ScriptedImporter/UnityEditor.QuickSearchModule:UnityEditor.Search:ASIAI0B
Importing 'GUID: 1f3420e9f7420411a8aac27743b35e29 - Path: Packages/com.unity.2d.psdimporter/Editor/Assets/Icons/Dark/Layers Separated@16x.png - Importer: ScriptedImporter/UnityEditor.QuickSearchModule:UnityEditor.Search:ASIAI0B' with importer (ScriptedImporter : UnityEditor.QuickSearchModule:UnityEditor.Search:ASIAI0B)
Imported 'GUID: 1f3420e9f7420411a8aac27743b35e29' -> (Import Result ID: 'b5d99d11c56f02b252663dc0b230e034') in 0.003 seconds [static and dynamic dependencies]. Details - ImportResultOutputID=15e6be7a7453ec9aa885d4dba2a03460 DependenciesID=73ab07be7a3acb242a72061bc468dfa1 StaticDependenciesID=39c88f9265c6116c9c7776f08d6f3729 
Number of updated asset objects reloaded before import = 0
Number of asset objects unloaded after import = 3
========================================================================
Received Import Request.
  Time of request: 2026-09-17T18:20:30.982769Z
  Time since last request: 0.000096959 seconds.
  importAddress: GUID: 2b6148b9ac6738b4999b4686f3820560 - Path: Packages/com.unity.2d.psdimporter/Editor/PSDPlugin/PsdFile/Layers/Mask.cs - Importer: ScriptedImporter/UnityEditor.QuickSearchModule:UnityEditor.Search:ASIAI0B
Importing 'GUID: 2b6148b9ac6738b4999b4686f3820560 - Path: Packages/com.unity.2d.psdimporter/Editor/PSDPlugin/PsdFile/Layers/Mask.cs - Importer: ScriptedImporter/UnityEditor.QuickSearchModule:UnityEditor.Search:ASIAI0B' with importer (ScriptedImporter : UnityEditor.QuickSearchModule:UnityEditor.Search:ASIAI0B)
Imported 'GUID: 2b6148b9ac6738b4999b4686f3820560' -> (Import Result ID: '62f5866c3920134ab0a30f05604c57e0') in 0.001 seconds [static and dynamic dependencies]. Details - ImportResultOutputID=f75a2053ebecfad21db945c6d5354d1e DependenciesID=600c410ea6c88704bbf3ccd1c85b27e3 StaticDependenciesID=57be5672271bd94474d42b687b1df573 
Number of updated asset objects reloaded before import = 0
Number of asset objects unloaded after import = 0
========================================================================
Received Import Request.
  Time of request: 2026-09-17T18:20:30.990109Z
  Time since last request: 0.000104167 seconds.
  importAddress: GUID: f95db4a471e2cb94badcf4b1271cfee1 - Path: Packages/com.unity.2d.animation/Editor/LayoutOverlay/LayoutOverlay.cs - Importer: ScriptedImporter/UnityEditor.QuickSearchModule:UnityEditor.Search:ASIAI0B
Importing 'GUID: f95db4a471e2cb94badcf4b1271cfee1 - Path: Packages/com.unity.2d.animation/Editor/LayoutOverlay/LayoutOverlay.cs - Importer: ScriptedImporter/UnityEditor.QuickSearchModule:UnityEditor.Search:ASIAI0B' with importer (ScriptedImporter : UnityEditor.QuickSearchModule:UnityEditor.Search:ASIAI0B)
Imported 'GUID: f95db4a471e2cb94badcf4b1271cfee1' -> (Import Result ID: '1b797711662a92f6e8304f76d2cd96a1') in 0.001 seconds [static and dynamic dependencies]. Details - ImportResultOutputID=6b7a6adff19c9a8713c6e4bdd79c4901 DependenciesID=fc933e318b9c62d4ffab9e8c48337390 StaticDependenciesID=deef8fe8aab25e467ff5a30b8d22f183 
Number of updated asset objects reloaded before import = 0
Number of asset objects unloaded after import = 0
========================================================================
Received Import Request.
  Time of request: 2026-09-17T18:20:30.997813Z
  Time since last request: 0.00023525 seconds.
  importAddress: GUID: 3a361ade0d5860841861f16877a7a43d - Path: Packages/com.unity.2d.animation/Editor/SkinningModule/SkinningCache/SkinningEnums.cs - Importer: ScriptedImporter/UnityEditor.QuickSearchModule:UnityEditor.Search:ASIAI0B
Importing 'GUID: 3a361ade0d5860841861f16877a7a43d - Path: Packages/com.unity.2d.animation/Editor/SkinningModule/SkinningCache/SkinningEnums.cs - Importer: ScriptedImporter/UnityEditor.QuickSearchModule:UnityEditor.Search:ASIAI0B' with importer (ScriptedImporter : UnityEditor.QuickSearchModule:UnityEditor.Search:ASIAI0B)
Imported 'GUID: 3a361ade0d5860841861f16877a7a43d' -> (Import Result ID: '31b209320ba1d24cfe0a2cda38d76bee') in 0.001 seconds [static and dynamic dependencies]. Details - ImportResultOutputID=7aa09210cc07c8267d079b55ddf4b39e DependenciesID=a1824675aac46f37ae7d4b89b3dfebf5 StaticDependenciesID=63acd768977c48f09ff19d8f1ed0361d 
Number of updated asset objects reloaded before import = 0
Number of asset objects unloaded after import = 0
========================================================================
Received Import Request.
  Time of request: 2026-09-17T18:20:31.005509Z
  Time since last request: 0.000153542 seconds.
  importAddress: GUID: 173a5eb1d13d68d4ea39f3e5d2c6e2c0 - Path: Packages/com.unity.2d.animation/Editor/Assets/SkinningModule/dotYellow.png - Importer: ScriptedImporter/UnityEditor.QuickSearchModule:UnityEditor.Search:ASIAI0B
Importing 'GUID: 173a5eb1d13d68d4ea39f3e5d2c6e2c0 - Path: Packages/com.unity.2d.animation/Editor/Assets/SkinningModule/dotYellow.png - Importer: ScriptedImporter/UnityEditor.QuickSearchModule:UnityEditor.Search:ASIAI0B' with importer (ScriptedImporter : UnityEditor.QuickSearchModule:UnityEditor.Search:ASIAI0B)
Imported 'GUID: 173a5eb1d13d68d4ea39f3e5d2c6e2c0' -> (Import Result ID: 'b94be442d43094713c568922d6a10c5d') in 0.002 seconds [static and dynamic dependencies]. Details - ImportResultOutputID=2741679920e7e32d20e6a217bb416698 DependenciesID=f3cc55ba3fac80a7794ac98a1914af5c StaticDependenciesID=cb90b2269bc7f6ee21fa7bf4ddd8f80e 
Number of updated asset objects reloaded before import = 0
Number of asset objects unloaded after import = 1
========================================================================
Received Import Request.
  Time of request: 2026-09-17T18:20:31.014793Z
  Time since last request: 0.000130291 seconds.
  importAddress: GUID: 11be01bfe5fde8f419a0ec4a38e1026e - Path: Packages/com.unity.2d.animation/Editor/SkinningModule/VisibilityTool/VisibilityToolColumnHeader.cs - Importer: ScriptedImporter/UnityEditor.QuickSearchModule:UnityEditor.Search:ASIAI0B
Importing 'GUID: 11be01bfe5fde8f419a0ec4a38e1026e - Path: Packages/com.unity.2d.animation/Editor/SkinningModule/VisibilityTool/VisibilityToolColumnHeader.cs - Importer: ScriptedImporter/UnityEditor.QuickSearchModule:UnityEditor.Search:ASIAI0B' with importer (ScriptedImporter : UnityEditor.QuickSearchModule:UnityEditor.Search:ASIAI0B)
Imported 'GUID: 11be01bfe5fde8f419a0ec4a38e1026e' -> (Import Result ID: '318f4afe8e7b079388963803036ea9d8') in 0.001 seconds [static and dynamic dependencies]. Details - ImportResultOutputID=7f3928201251a0559a3c2027fdd83974 DependenciesID=64eb7a111ca2e12d0e6aa243c10abf3c StaticDependenciesID=899b61d63f57f0b6964b7a7b1faf7b62 
Number of updated asset objects reloaded before import = 0
Number of asset objects unloaded after import = 0
========================================================================
Received Import Request.
  Time of request: 2026-09-17T18:20:31.022319Z
  Time since last request: 0.00014775 seconds.
  importAddress: GUID: e099a9a50d79b464db71bd8aeda04a6f - Path: Packages/com.unity.2d.animation/Editor/SkinningModule/UserSettings.cs - Importer: ScriptedImporter/UnityEditor.QuickSearchModule:UnityEditor.Search:ASIAI0B
Importing 'GUID: e099a9a50d79b464db71bd8aeda04a6f - Path: Packages/com.unity.2d.animation/Editor/SkinningModule/UserSettings.cs - Importer: ScriptedImporter/UnityEditor.QuickSearchModule:UnityEditor.Search:ASIAI0B' with importer (ScriptedImporter : UnityEditor.QuickSearchModule:UnityEditor.Search:ASIAI0B)
Imported 'GUID: e099a9a50d79b464db71bd8aeda04a6f' -> (Import Result ID: 'd908eaf32d3f235078c3f0ce1dc18a1e') in 0.001 seconds [static and dynamic dependencies]. Details - ImportResultOutputID=1ee75c8d6e604dc1d6f8b71877b1a576 DependenciesID=2c730fbe4a00a864a8fd13124d2bf448 StaticDependenciesID=d8b224e0963fa555494da2a77f3dcda7 
Number of updated asset objects reloaded before import = 0
Number of asset objects unloaded after import = 0
========================================================================
Received Import Request.
  Time of request: 2026-09-17T18:20:31.030168Z
  Time since last request: 0.000137375 seconds.
  importAddress: GUID: f54e83c8629dc4757841524122bc62c6 - Path: Packages/com.unity.2d.animation/Editor/SpriteLib/SpriteLibraryUtilitiesEditor.cs - Importer: ScriptedImporter/UnityEditor.QuickSearchModule:UnityEditor.Search:ASIAI0B
Importing 'GUID: f54e83c8629dc4757841524122bc62c6 - Path: Packages/com.unity.2d.animation/Editor/SpriteLib/SpriteLibraryUtilitiesEditor.cs - Importer: ScriptedImporter/UnityEditor.QuickSearchModule:UnityEditor.Search:ASIAI0B' with importer (ScriptedImporter : UnityEditor.QuickSearchModule:UnityEditor.Search:ASIAI0B)
Imported 'GUID: f54e83c8629dc4757841524122bc62c6' -> (Import Result ID: 'beb3bb8efc26f7a861618d126ff3e12b') in 0.001 seconds [static and dynamic dependencies]. Details - ImportResultOutputID=3ec726349faaa5c6ec7717781a7a53bc DependenciesID=6ce0f92b9e6df3cc101b9c43a267a056 StaticDependenciesID=0903c25bbd88895f90fb86e5590f6e8c 
Number of updated asset objects reloaded before import = 0
Number of asset objects unloaded after import = 0
========================================================================
Received Import Request.
  Time of request: 2026-09-17T18:20:31.037613Z
  Time since last request: 0.000114 seconds.
  importAddress: GUID: e59e9fe7abf273d468dc9e55f8a8acaa - Path: Packages/com.unity.2d.psdimporter/Editor/PSDPlugin/PsdFile - Importer: ScriptedImporter/UnityEditor.QuickSearchModule:UnityEditor.Search:ASIAI0B
Importing 'GUID: e59e9fe7abf273d468dc9e55f8a8acaa - Path: Packages/com.unity.2d.psdimporter/Editor/PSDPlugin/PsdFile - Importer: ScriptedImporter/UnityEditor.QuickSearchModule:UnityEditor.Search:ASIAI0B' with importer (ScriptedImporter : UnityEditor.QuickSearchModule:UnityEditor.Search:ASIAI0B)
Imported 'GUID: e59e9fe7abf273d468dc9e55f8a8acaa' -> (Import Result ID: 'b7c026c297f1192d01fd1ff52420dae4') in 0.001 seconds [static and dynamic dependencies]. Details - ImportResultOutputID=26683bc1717b55f974759ced7559a848 DependenciesID=b09c45404bc840629ed918064ea3809c StaticDependenciesID=c8e59a9697d4d4bbcca5955c3a9aa6b8 
Number of updated asset objects reloaded before import = 0
Number of asset objects unloaded after import = 1
========================================================================
Received Import Request.
  Time of request: 2026-09-17T18:20:31.045144Z
  Time since last request: 0.000145916 seconds.
  importAddress: GUID: 61ac40b257b3a994f841856ad38b2b6b - Path: Packages/com.unity.2d.animation/Editor/Assets/EditorIcons/Selected/Create Bones@4x.png - Importer: ScriptedImporter/UnityEditor.QuickSearchModule:UnityEditor.Search:ASIAI0B
Importing 'GUID: 61ac40b257b3a994f841856ad38b2b6b - Path: Packages/com.unity.2d.animation/Editor/Assets/EditorIcons/Selected/Create Bones@4x.png - Importer: ScriptedImporter/UnityEditor.QuickSearchModule:UnityEditor.Search:ASIAI0B' with importer (ScriptedImporter : UnityEditor.QuickSearchModule:UnityEditor.Search:ASIAI0B)
Imported 'GUID: 61ac40b257b3a994f841856ad38b2b6b' -> (Import Result ID: '1a28414a549e51f73abbb06b82809a3b') in 0.002 seconds [static and dynamic dependencies]. Details - ImportResultOutputID=b8adc04eb609813e4027de4cb57838c7 DependenciesID=9184b698780d091621f60368947ec668 StaticDependenciesID=7dce45c33b729ac7b30e6fa97b9f36f4 
Number of updated asset objects reloaded before import = 0
Number of asset objects unloaded after import = 3
========================================================================
Received Import Request.
  Time of request: 2026-09-17T18:20:31.056265Z
  Time since last request: 0.001990875 seconds.
  importAddress: GUID: d1a4629d5a3d147978a3fe8af3b6a935 - Path: Packages/com.unity.2d.sprite/Editor/Assets/d_LockedOptions@2x.png - Importer: ScriptedImporter/UnityEditor.QuickSearchModule:UnityEditor.Search:ASIAI0B
Importing 'GUID: d1a4629d5a3d147978a3fe8af3b6a935 - Path: Packages/com.unity.2d.sprite/Editor/Assets/d_LockedOptions@2x.png - Importer: ScriptedImporter/UnityEditor.QuickSearchModule:UnityEditor.Search:ASIAI0B' with importer (ScriptedImporter : UnityEditor.QuickSearchModule:UnityEditor.Search:ASIAI0B)
Imported 'GUID: d1a4629d5a3d147978a3fe8af3b6a935' -> (Import Result ID: '7f9190f6dca5436e8f2a0adead9dbe44') in 0.003 seconds [static and dynamic dependencies]. Details - ImportResultOutputID=9496eed184011951d811d122a839112f DependenciesID=26c23bca9fef2ac295071e29e7ed8b07 StaticDependenciesID=dcbe4e0f69800b7cfb233e305d96bc25 
Number of updated asset objects reloaded before import = 0
Number of asset objects unloaded after import = 1
========================================================================
Received Import Request.
  Time of request: 2026-09-17T18:20:31.066874Z
  Time since last request: 0.000094292 seconds.
  importAddress: GUID: 0594f3299f18e6f41908492f9b359f6c - Path: Packages/com.unity.2d.tilemap/Editor/Icons/d_GridSelection.png - Importer: ScriptedImporter/UnityEditor.QuickSearchModule:UnityEditor.Search:ASIAI0B
Importing 'GUID: 0594f3299f18e6f41908492f9b359f6c - Path: Packages/com.unity.2d.tilemap/Editor/Icons/d_GridSelection.png - Importer: ScriptedImporter/UnityEditor.QuickSearchModule:UnityEditor.Search:ASIAI0B' with importer (ScriptedImporter : UnityEditor.QuickSearchModule:UnityEditor.Search:ASIAI0B)
Imported 'GUID: 0594f3299f18e6f41908492f9b359f6c' -> (Import Result ID: '33d7d108d5ae42a9cafd154ce91b4955') in 0.002 seconds [static and dynamic dependencies]. Details - ImportResultOutputID=f5b77341b5a902a72f2bf1f9ab3e4896 DependenciesID=29419d462bce8e1387f0ab1e2735aca1 StaticDependenciesID=97ea49d77377058a2b24c558f45c3413 
Number of updated asset objects reloaded before import = 0
Number of asset objects unloaded after import = 1
========================================================================
Received Import Request.
  Time of request: 2026-09-17T18:20:31.075909Z
  Time since last request: 0.0001785 seconds.
  importAddress: GUID: 8f7bde1696e5f8947bda3a63b8f05bfe - Path: Packages/com.unity.2d.tilemap/Editor/UI/TilePaletteMouseCursorUtility.cs - Importer: ScriptedImporter/UnityEditor.QuickSearchModule:UnityEditor.Search:ASIAI0B
Importing 'GUID: 8f7bde1696e5f8947bda3a63b8f05bfe - Path: Packages/com.unity.2d.tilemap/Editor/UI/TilePaletteMouseCursorUtility.cs - Importer: ScriptedImporter/UnityEditor.QuickSearchModule:UnityEditor.Search:ASIAI0B' with importer (ScriptedImporter : UnityEditor.QuickSearchModule:UnityEditor.Search:ASIAI0B)
Imported 'GUID: 8f7bde1696e5f8947bda3a63b8f05bfe' -> (Import Result ID: 'd53ddc8e29354fcd8e00ebfc3179ab6e') in 0.001 seconds [static and dynamic dependencies]. Details - ImportResultOutputID=abf6f86867d64204e625e3c74367d769 DependenciesID=2c0126b72fb1ad81790009ced93eb39c StaticDependenciesID=dcecc24d4e96e13756e21424f5e33593 
Number of updated asset objects reloaded before import = 0
Number of asset objects unloaded after import = 0
========================================================================
Received Import Request.
  Time of request: 2026-09-17T18:20:31.083751Z
  Time since last request: 0.000164542 seconds.
  importAddress: GUID: 75f5f34dc1b5347e0b8351032682f224 - Path: Packages/com.unity.2d.sprite/Editor/ObjectMenuCreation/DefaultAssets/Textures/v2/Triangle.png - Importer: ScriptedImporter/UnityEditor.QuickSearchModule:UnityEditor.Search:ASIAI0B
Importing 'GUID: 75f5f34dc1b5347e0b8351032682f224 - Path: Packages/com.unity.2d.sprite/Editor/ObjectMenuCreation/DefaultAssets/Textures/v2/Triangle.png - Importer: ScriptedImporter/UnityEditor.QuickSearchModule:UnityEditor.Search:ASIAI0B' with importer (ScriptedImporter : UnityEditor.QuickSearchModule:UnityEditor.Search:ASIAI0B)
Imported 'GUID: 75f5f34dc1b5347e0b8351032682f224' -> (Import Result ID: 'd0f82d00688d2857d06039b0118b63d7') in 0.003 seconds [static and dynamic dependencies]. Details - ImportResultOutputID=eca26ec5fa17ff85165eda1a258501b3 DependenciesID=a0958f6442644775e8083afc37fc113e StaticDependenciesID=66dde34dfbff4b48db1c326d33e764f6 
Number of updated asset objects reloaded before import = 0
Number of asset objects unloaded after import = 3
========================================================================
Received Import Request.
  Time of request: 2026-09-17T18:20:31.093108Z
  Time since last request: 0.0001065 seconds.
  importAddress: GUID: 455f18c8a1cd7574f84ff7236cfaadea - Path: Packages/com.unity.2d.animation/Editor/SkinningModule/Cache/Cache.cs - Importer: ScriptedImporter/UnityEditor.QuickSearchModule:UnityEditor.Search:ASIAI0B
Importing 'GUID: 455f18c8a1cd7574f84ff7236cfaadea - Path: Packages/com.unity.2d.animation/Editor/SkinningModule/Cache/Cache.cs - Importer: ScriptedImporter/UnityEditor.QuickSearchModule:UnityEditor.Search:ASIAI0B' with importer (ScriptedImporter : UnityEditor.QuickSearchModule:UnityEditor.Search:ASIAI0B)
Imported 'GUID: 455f18c8a1cd7574f84ff7236cfaadea' -> (Import Result ID: '87de3af395303cbbaea449c61f82e2e5') in 0.001 seconds [static and dynamic dependencies]. Details - ImportResultOutputID=f41bafe469e8990205b0e67961d56ce8 DependenciesID=b24252cad55b0c6b21d78f7a3e2aa70c StaticDependenciesID=313976297cbeddc70b07dfc7befa5954 
Number of updated asset objects reloaded before import = 0
Number of asset objects unloaded after import = 0
========================================================================
Received Import Request.
  Time of request: 2026-09-17T18:20:31.100667Z
  Time since last request: 0.000120334 seconds.
  importAddress: GUID: 031a31877f2d04a4dac4146c804dbde9 - Path: Packages/com.unity.2d.common/Runtime/InternalBridge/AssemblyInfo.cs - Importer: ScriptedImporter/UnityEditor.QuickSearchModule:UnityEditor.Search:ASIAI0B
Importing 'GUID: 031a31877f2d04a4dac4146c804dbde9 - Path: Packages/com.unity.2d.common/Runtime/InternalBridge/AssemblyInfo.cs - Importer: ScriptedImporter/UnityEditor.QuickSearchModule:UnityEditor.Search:ASIAI0B' with importer (ScriptedImporter : UnityEditor.QuickSearchModule:UnityEditor.Search:ASIAI0B)
Imported 'GUID: 031a31877f2d04a4dac4146c804dbde9' -> (Import Result ID: '0e1b9a1160cd04b4dd0955b466c80026') in 0.001 seconds [static and dynamic dependencies]. Details - ImportResultOutputID=df93fd7fb402f4388dbfbf4524627166 DependenciesID=ea69fb44511a948533a23371186cef75 StaticDependenciesID=b2fc46672a780915139274d4c39fff31 
Number of updated asset objects reloaded before import = 0
Number of asset objects unloaded after import = 0
========================================================================
Received Import Request.
  Time of request: 2026-09-17T18:20:31.108549Z
  Time since last request: 0.000153416 seconds.
  importAddress: GUID: ead923a851f6c425988ea44cb2cec0dd - Path: Packages/com.unity.2d.animation/Editor/SpriteSkin/BoneOverlay/BoneOverlay.cs - Importer: ScriptedImporter/UnityEditor.QuickSearchModule:UnityEditor.Search:ASIAI0B
Importing 'GUID: ead923a851f6c425988ea44cb2cec0dd - Path: Packages/com.unity.2d.animation/Editor/SpriteSkin/BoneOverlay/BoneOverlay.cs - Importer: ScriptedImporter/UnityEditor.QuickSearchModule:UnityEditor.Search:ASIAI0B' with importer (ScriptedImporter : UnityEditor.QuickSearchModule:UnityEditor.Search:ASIAI0B)
Imported 'GUID: ead923a851f6c425988ea44cb2cec0dd' -> (Import Result ID: 'd8fd94f609923946e133d777a308911c') in 0.001 seconds [static and dynamic dependencies]. Details - ImportResultOutputID=e1a1593a9c3bb139822d33f60ea8b14e DependenciesID=52457ca1ba2d88bbadfd2b3b5aa05dcf StaticDependenciesID=c7feccb21772d7971582d492061e1b74 
Number of updated asset objects reloaded before import = 0
Number of asset objects unloaded after import = 0
========================================================================
Received Import Request.
  Time of request: 2026-09-17T18:20:31.117078Z
  Time since last request: 0.000193667 seconds.
  importAddress: GUID: 7e00d2a7fc6d13b49bacb9663abfa3ae - Path: Packages/com.unity.2d.animation/Editor/Assets/EditorIcons/d_Paste.png - Importer: ScriptedImporter/UnityEditor.QuickSearchModule:UnityEditor.Search:ASIAI0B
Importing 'GUID: 7e00d2a7fc6d13b49bacb9663abfa3ae - Path: Packages/com.unity.2d.animation/Editor/Assets/EditorIcons/d_Paste.png - Importer: ScriptedImporter/UnityEditor.QuickSearchModule:UnityEditor.Search:ASIAI0B' with importer (ScriptedImporter : UnityEditor.QuickSearchModule:UnityEditor.Search:ASIAI0B)
Imported 'GUID: 7e00d2a7fc6d13b49bacb9663abfa3ae' -> (Import Result ID: '6fca574e8f568b0ff68cbb96bb4c2fa6') in 0.003 seconds [static and dynamic dependencies]. Details - ImportResultOutputID=6b2a7c334b92231e75e2108523400887 DependenciesID=a42937b4f05511a29d06fefe18ec0f09 StaticDependenciesID=cfef8c4ed0165a6ca5fa54931be8a521 
Number of updated asset objects reloaded before import = 0
Number of asset objects unloaded after import = 3
========================================================================
Received Import Request.
  Time of request: 2026-09-17T18:20:31.127763Z
  Time since last request: 0.000218875 seconds.
  importAddress: GUID: f8e23945cefaa614da36fe203225170a - Path: Packages/com.unity.2d.tilemap/Editor/Icons/d_Tilemap.TilePalette@2x.png - Importer: ScriptedImporter/UnityEditor.QuickSearchModule:UnityEditor.Search:ASIAI0B
Importing 'GUID: f8e23945cefaa614da36fe203225170a - Path: Packages/com.unity.2d.tilemap/Editor/Icons/d_Tilemap.TilePalette@2x.png - Importer: ScriptedImporter/UnityEditor.QuickSearchModule:UnityEditor.Search:ASIAI0B' with importer (ScriptedImporter : UnityEditor.QuickSearchModule:UnityEditor.Search:ASIAI0B)
Imported 'GUID: f8e23945cefaa614da36fe203225170a' -> (Import Result ID: 'bc354d9cab880837480cdaa978dcd2ce') in 0.003 seconds [static and dynamic dependencies]. Details - ImportResultOutputID=78e256bb96c00a3b98d36b755c7aa08a DependenciesID=fb32608bf393395543b866ac13b09b4c StaticDependenciesID=d751753774f3dfe780eeb1d3d4962835 
Number of updated asset objects reloaded before import = 0
Number of asset objects unloaded after import = 3
========================================================================
Received Import Request.
  Time of request: 2026-09-17T18:20:31.138432Z
  Time since last request: 0.000240625 seconds.
  importAddress: GUID: baab1bab0820d0942bb79c6da94b1688 - Path: Packages/com.unity.2d.tilemap/Editor/Icons/Grid.FlipY@2x.png - Importer: ScriptedImporter/UnityEditor.QuickSearchModule:UnityEditor.Search:ASIAI0B
Importing 'GUID: baab1bab0820d0942bb79c6da94b1688 - Path: Packages/com.unity.2d.tilemap/Editor/Icons/Grid.FlipY@2x.png - Importer: ScriptedImporter/UnityEditor.QuickSearchModule:UnityEditor.Search:ASIAI0B' with importer (ScriptedImporter : UnityEditor.QuickSearchModule:UnityEditor.Search:ASIAI0B)
Imported 'GUID: baab1bab0820d0942bb79c6da94b1688' -> (Import Result ID: '248b9dbf1d9bb9562e0bd2d5012bc835') in 0.003 seconds [static and dynamic dependencies]. Details - ImportResultOutputID=3749c26e64a1f2ef9ce3efe720e7a4cf DependenciesID=68a50c993c7b513000d653992e22185a StaticDependenciesID=dadcb332cb744f6fda892917e9b0f2ed 
Number of updated asset objects reloaded before import = 0
Number of asset objects unloaded after import = 3
========================================================================
Received Import Request.
  Time of request: 2026-09-17T18:20:31.148891Z
  Time since last request: 0.000225 seconds.
  importAddress: GUID: 02625be83abde4b498b0acf0df6237ff - Path: Packages/com.unity.2d.animation/Editor/SpriteLib/SpriteLibraryInspector.cs - Importer: ScriptedImporter/UnityEditor.QuickSearchModule:UnityEditor.Search:ASIAI0B
Importing 'GUID: 02625be83abde4b498b0acf0df6237ff - Path: Packages/com.unity.2d.animation/Editor/SpriteLib/SpriteLibraryInspector.cs - Importer: ScriptedImporter/UnityEditor.QuickSearchModule:UnityEditor.Search:ASIAI0B' with importer (ScriptedImporter : UnityEditor.QuickSearchModule:UnityEditor.Search:ASIAI0B)
Imported 'GUID: 02625be83abde4b498b0acf0df6237ff' -> (Import Result ID: '697c28a126134f8e5f216075d31f9e02') in 0.002 seconds [static and dynamic dependencies]. Details - ImportResultOutputID=bca839bf9fafe05ef68afa7d58f2cebd DependenciesID=902cdce4929ad13328d6002834733054 StaticDependenciesID=5a592ba7863b22b195d9994c73f6845f 
Number of updated asset objects reloaded before import = 0
Number of asset objects unloaded after import = 0
========================================================================
Received Import Request.
  Time of request: 2026-09-17T18:20:31.157884Z
  Time since last request: 0.000155583 seconds.
  importAddress: GUID: 503b817aa45fa4a43abb42801b56b1e3 - Path: Packages/com.unity.2d.animation/Editor/SkinningModule/SkinningCache/SpriteCacheExtensions.cs - Importer: ScriptedImporter/UnityEditor.QuickSearchModule:UnityEditor.Search:ASIAI0B
Importing 'GUID: 503b817aa45fa4a43abb42801b56b1e3 - Path: Packages/com.unity.2d.animation/Editor/SkinningModule/SkinningCache/SpriteCacheExtensions.cs - Importer: ScriptedImporter/UnityEditor.QuickSearchModule:UnityEditor.Search:ASIAI0B' with importer (ScriptedImporter : UnityEditor.QuickSearchModule:UnityEditor.Search:ASIAI0B)
Imported 'GUID: 503b817aa45fa4a43abb42801b56b1e3' -> (Import Result ID: 'f1f8efac4779e92790f63b1083c3a3f2') in 0.001 seconds [static and dynamic dependencies]. Details - ImportResultOutputID=a0b6f38f159a1a23091ee47269fb96b8 DependenciesID=2d1737fc972ae2bb74f77433e2901349 StaticDependenciesID=2866044c0c06c0e1d29905212966a312 
Number of updated asset objects reloaded before import = 0
Number of asset objects unloaded after import = 0
========================================================================
Received Import Request.
  Time of request: 2026-09-17T18:20:31.166131Z
  Time since last request: 0.000284459 seconds.
  importAddress: GUID: 83a049cd282c44dd3ba1c44001c8a6d5 - Path: Packages/com.unity.2d.animation/Editor/SkinningModule/Lib/x86_64/BoundedBiharmonicWeightsModule.bundle - Importer: ScriptedImporter/UnityEditor.QuickSearchModule:UnityEditor.Search:ASIAI0B
Importing 'GUID: 83a049cd282c44dd3ba1c44001c8a6d5 - Path: Packages/com.unity.2d.animation/Editor/SkinningModule/Lib/x86_64/BoundedBiharmonicWeightsModule.bundle - Importer: ScriptedImporter/UnityEditor.QuickSearchModule:UnityEditor.Search:ASIAI0B' with importer (ScriptedImporter : UnityEditor.QuickSearchModule:UnityEditor.Search:ASIAI0B)
Imported 'GUID: 83a049cd282c44dd3ba1c44001c8a6d5' -> (Import Result ID: '5a91b82428c28cb29bd5fb8028a25326') in 0.002 seconds [static and dynamic dependencies]. Details - ImportResultOutputID=86243b4d020ec6b27f1e02f3c9099223 DependenciesID=6d32ec138cbcacc31eb7dba39c263cdb StaticDependenciesID=5aa67b16f86fc88cbdad8c139fce1840 
Number of updated asset objects reloaded before import = 0
Number of asset objects unloaded after import = 0
========================================================================
Received Import Request.
  Time of request: 2026-09-17T18:20:31.175667Z
  Time since last request: 0.000119917 seconds.
  importAddress: GUID: b5ea83a04894a434f9b5e5b5d91c75e5 - Path: Packages/com.unity.2d.spriteshape/Runtime/External/LibTessDotNet/LICENSE.txt - Importer: ScriptedImporter/UnityEditor.QuickSearchModule:UnityEditor.Search:ASIAI0B
Importing 'GUID: b5ea83a04894a434f9b5e5b5d91c75e5 - Path: Packages/com.unity.2d.spriteshape/Runtime/External/LibTessDotNet/LICENSE.txt - Importer: ScriptedImporter/UnityEditor.QuickSearchModule:UnityEditor.Search:ASIAI0B' with importer (ScriptedImporter : UnityEditor.QuickSearchModule:UnityEditor.Search:ASIAI0B)
Imported 'GUID: b5ea83a04894a434f9b5e5b5d91c75e5' -> (Import Result ID: '8d806ee5652897177586f03a7453870d') in 0.001 seconds [static and dynamic dependencies]. Details - ImportResultOutputID=b858c38de6b6964af444b15d6e39a0b6 DependenciesID=2a16bb8ca6d0b1e49bc58c15c48528fb StaticDependenciesID=ff962abebd291595ab0ad33256520ccd 
Number of updated asset objects reloaded before import = 0
Number of asset objects unloaded after import = 1
========================================================================
Received Import Request.
  Time of request: 2026-09-17T18:20:31.183386Z
  Time since last request: 0.000108375 seconds.
  importAddress: GUID: 5bf7c34a0dc4e6348bea04faa70406ee - Path: Packages/com.unity.2d.animation/Runtime/SpriteLib/SpriteLibraryAsset.cs - Importer: ScriptedImporter/UnityEditor.QuickSearchModule:UnityEditor.Search:ASIAI0B
Importing 'GUID: 5bf7c34a0dc4e6348bea04faa70406ee - Path: Packages/com.unity.2d.animation/Runtime/SpriteLib/SpriteLibraryAsset.cs - Importer: ScriptedImporter/UnityEditor.QuickSearchModule:UnityEditor.Search:ASIAI0B' with importer (ScriptedImporter : UnityEditor.QuickSearchModule:UnityEditor.Search:ASIAI0B)
Imported 'GUID: 5bf7c34a0dc4e6348bea04faa70406ee' -> (Import Result ID: '2b9e4cdece0c7a035184766c7bee58e2') in 0.003 seconds [static and dynamic dependencies]. Details - ImportResultOutputID=f852ac95a954449df99c7aba88abba6c DependenciesID=f07ec9faf7abb786138ca8430ec719e2 StaticDependenciesID=1c93dd4a7e5a57cc86375256857e501c 
Number of updated asset objects reloaded before import = 0
Number of asset objects unloaded after import = 1
========================================================================
Received Import Request.
  Time of request: 2026-09-17T18:20:31.192586Z
  Time since last request: 0.000138625 seconds.
  importAddress: GUID: 3ca460f439284e95845bbe6636e829aa - Path: Packages/com.unity.2d.psdimporter/Editor/PSDSpriteEditorDataProvider.cs - Importer: ScriptedImporter/UnityEditor.QuickSearchModule:UnityEditor.Search:ASIAI0B
Importing 'GUID: 3ca460f439284e95845bbe6636e829aa - Path: Packages/com.unity.2d.psdimporter/Editor/PSDSpriteEditorDataProvider.cs - Importer: ScriptedImporter/UnityEditor.QuickSearchModule:UnityEditor.Search:ASIAI0B' with importer (ScriptedImporter : UnityEditor.QuickSearchModule:UnityEditor.Search:ASIAI0B)
Imported 'GUID: 3ca460f439284e95845bbe6636e829aa' -> (Import Result ID: '07a75cf3dfdb7a20baf8dbed6d83c8fc') in 0.001 seconds [static and dynamic dependencies]. Details - ImportResultOutputID=31781e73f9a6c7c34b3027d101d8d3b2 DependenciesID=0a69f727044c7fd574a6dd7860c91b62 StaticDependenciesID=f6401988daa84e83b6527f44f86a856c 
Number of updated asset objects reloaded before import = 0
Number of asset objects unloaded after import = 0
========================================================================
Received Import Request.
  Time of request: 2026-09-17T18:20:31.200557Z
  Time since last request: 0.000125917 seconds.
  importAddress: GUID: a33833072bf90f34c856623b67d0e897 - Path: Packages/com.unity.2d.animation/Editor/Assets/EditorIcons/d_character_Mode.png - Importer: ScriptedImporter/UnityEditor.QuickSearchModule:UnityEditor.Search:ASIAI0B
Importing 'GUID: a33833072bf90f34c856623b67d0e897 - Path: Packages/com.unity.2d.animation/Editor/Assets/EditorIcons/d_character_Mode.png - Importer: ScriptedImporter/UnityEditor.QuickSearchModule:UnityEditor.Search:ASIAI0B' with importer (ScriptedImporter : UnityEditor.QuickSearchModule:UnityEditor.Search:ASIAI0B)
Imported 'GUID: a33833072bf90f34c856623b67d0e897' -> (Import Result ID: 'e7aedeb6a376f9524c727af1ab0397e3') in 0.002 seconds [static and dynamic dependencies]. Details - ImportResultOutputID=ba0e2c5ace8792976ad8b27d310f303a DependenciesID=a160f9bc7fd9f4433da5fc42ff220714 StaticDependenciesID=fbd2efeadbecde6131ddc35e5ac47952 
Number of updated asset objects reloaded before import = 0
Number of asset objects unloaded after import = 3
========================================================================
Received Import Request.
  Time of request: 2026-09-17T18:20:31.209626Z
  Time since last request: 0.00014725 seconds.
  importAddress: GUID: 72bf58aecc1877e48b77ac8a0408b0c6 - Path: Packages/com.unity.2d.animation/Editor/SkinningModule/MeshTool/MeshTool.cs - Importer: ScriptedImporter/UnityEditor.QuickSearchModule:UnityEditor.Search:ASIAI0B
Importing 'GUID: 72bf58aecc1877e48b77ac8a0408b0c6 - Path: Packages/com.unity.2d.animation/Editor/SkinningModule/MeshTool/MeshTool.cs - Importer: ScriptedImporter/UnityEditor.QuickSearchModule:UnityEditor.Search:ASIAI0B' with importer (ScriptedImporter : UnityEditor.QuickSearchModule:UnityEditor.Search:ASIAI0B)
Imported 'GUID: 72bf58aecc1877e48b77ac8a0408b0c6' -> (Import Result ID: '33d35c09d64925bc4782bf44cd0749cb') in 0.001 seconds [static and dynamic dependencies]. Details - ImportResultOutputID=b634838f43980a458a3f9933a93ae5e2 DependenciesID=ef04ae3fa24a694ff407bb82baf8cb50 StaticDependenciesID=091434990b87361ed4d017ce8194cb52 
Number of updated asset objects reloaded before import = 0
Number of asset objects unloaded after import = 0
========================================================================
Received Import Request.
  Time of request: 2026-09-17T18:20:31.21735Z
  Time since last request: 0.00011275 seconds.
  importAddress: GUID: 9b3f77b5965944b8ba5c1beefa1eb533 - Path: Packages/com.unity.2d.animation/Editor/SkinningModule/DrawingUtility.cs - Importer: ScriptedImporter/UnityEditor.QuickSearchModule:UnityEditor.Search:ASIAI0B
Importing 'GUID: 9b3f77b5965944b8ba5c1beefa1eb533 - Path: Packages/com.unity.2d.animation/Editor/SkinningModule/DrawingUtility.cs - Importer: ScriptedImporter/UnityEditor.QuickSearchModule:UnityEditor.Search:ASIAI0B' with importer (ScriptedImporter : UnityEditor.QuickSearchModule:UnityEditor.Search:ASIAI0B)
Imported 'GUID: 9b3f77b5965944b8ba5c1beefa1eb533' -> (Import Result ID: '7c8aa58cdf78a223ee909e065e278abd') in 0.001 seconds [static and dynamic dependencies]. Details - ImportResultOutputID=c0da543193f6d362fc9313f7600c8214 DependenciesID=6da1ebd6b3f02fc29e6c3f24fc911d95 StaticDependenciesID=8ff312d9f1bfee331e0e7d1d2eab5b40 
Number of updated asset objects reloaded before import = 0
Number of asset objects unloaded after import = 0
========================================================================
Received Import Request.
  Time of request: 2026-09-17T18:20:31.225133Z
  Time since last request: 0.000156292 seconds.
  importAddress: GUID: 6d6a2e9f511f84ef6ac33f00e4698a8d - Path: Packages/com.unity.2d.animation/Editor/SpriteLib/SpriteLibraryEditor/SpriteLibraryAssetPostprocessor.cs - Importer: ScriptedImporter/UnityEditor.QuickSearchModule:UnityEditor.Search:ASIAI0B
Importing 'GUID: 6d6a2e9f511f84ef6ac33f00e4698a8d - Path: Packages/com.unity.2d.animation/Editor/SpriteLib/SpriteLibraryEditor/SpriteLibraryAssetPostprocessor.cs - Importer: ScriptedImporter/UnityEditor.QuickSearchModule:UnityEditor.Search:ASIAI0B' with importer (ScriptedImporter : UnityEditor.QuickSearchModule:UnityEditor.Search:ASIAI0B)
Imported 'GUID: 6d6a2e9f511f84ef6ac33f00e4698a8d' -> (Import Result ID: 'f24469c7c751245593a7f460e0a26277') in 0.001 seconds [static and dynamic dependencies]. Details - ImportResultOutputID=4d7acda186c61eacf8393759fa121d90 DependenciesID=4cafe6736d7460d3b02b592daf4f8d1f StaticDependenciesID=f244658386462f25b77b71390a9bbd31 
Number of updated asset objects reloaded before import = 0
Number of asset objects unloaded after import = 0
========================================================================
Received Import Request.
  Time of request: 2026-09-17T18:20:31.232657Z
  Time since last request: 0.000181625 seconds.
  importAddress: GUID: 2fd4f13c38edc483ba5fce64269a434a - Path: Packages/com.unity.2d.common/Path/Editor/Handles/ShapeTool.png - Importer: ScriptedImporter/UnityEditor.QuickSearchModule:UnityEditor.Search:ASIAI0B
Importing 'GUID: 2fd4f13c38edc483ba5fce64269a434a - Path: Packages/com.unity.2d.common/Path/Editor/Handles/ShapeTool.png - Importer: ScriptedImporter/UnityEditor.QuickSearchModule:UnityEditor.Search:ASIAI0B' with importer (ScriptedImporter : UnityEditor.QuickSearchModule:UnityEditor.Search:ASIAI0B)
Imported 'GUID: 2fd4f13c38edc483ba5fce64269a434a' -> (Import Result ID: '9d3dd76a6dd898eefea2323ee0392248') in 0.002 seconds [static and dynamic dependencies]. Details - ImportResultOutputID=3931f3d6050f7f74255cf4c22d6aab6f DependenciesID=48cb0d14543ecbbb600d7d47759e5462 StaticDependenciesID=c7215fb8b1b0ec02fa4edb4a52a79ede 
Number of updated asset objects reloaded before import = 0
Number of asset objects unloaded after import = 3
========================================================================
Received Import Request.
  Time of request: 2026-09-17T18:20:31.24217Z
  Time since last request: 0.000113667 seconds.
  importAddress: GUID: 268f3ff5d8d00475a958fe7112857e71 - Path: Packages/com.unity.2d.common/Path/Editor/Shapes/ShapeExtensions.cs - Importer: ScriptedImporter/UnityEditor.QuickSearchModule:UnityEditor.Search:ASIAI0B
Importing 'GUID: 268f3ff5d8d00475a958fe7112857e71 - Path: Packages/com.unity.2d.common/Path/Editor/Shapes/ShapeExtensions.cs - Importer: ScriptedImporter/UnityEditor.QuickSearchModule:UnityEditor.Search:ASIAI0B' with importer (ScriptedImporter : UnityEditor.QuickSearchModule:UnityEditor.Search:ASIAI0B)
Imported 'GUID: 268f3ff5d8d00475a958fe7112857e71' -> (Import Result ID: '4682dd78637b8b37a8acbb0dfa4b02fb') in 0.001 seconds [static and dynamic dependencies]. Details - ImportResultOutputID=c959c20fbc1ec7405025774be49fb7f8 DependenciesID=a9aea5cbff8b48ba4f637914380d431a StaticDependenciesID=366ddcca013cb9264d497ef110157b40 
Number of updated asset objects reloaded before import = 0
Number of asset objects unloaded after import = 0
========================================================================
Received Import Request.
  Time of request: 2026-09-17T18:20:31.249975Z
  Time since last request: 0.000169167 seconds.
  importAddress: GUID: b9da5ea5902f0ed42a2acecf3332a648 - Path: Packages/com.unity.2d.animation/Tests/Editor - Importer: ScriptedImporter/UnityEditor.QuickSearchModule:UnityEditor.Search:ASIAI0B
Importing 'GUID: b9da5ea5902f0ed42a2acecf3332a648 - Path: Packages/com.unity.2d.animation/Tests/Editor - Importer: ScriptedImporter/UnityEditor.QuickSearchModule:UnityEditor.Search:ASIAI0B' with importer (ScriptedImporter : UnityEditor.QuickSearchModule:UnityEditor.Search:ASIAI0B)
Imported 'GUID: b9da5ea5902f0ed42a2acecf3332a648' -> (Import Result ID: '997f1927039948a37d793844371867e5') in 0.001 seconds [static and dynamic dependencies]. Details - ImportResultOutputID=3cd7bc8d490ca21ef861aa432a3a8c10 DependenciesID=f480f821e9418d1604a803b97ad17e23 StaticDependenciesID=f4f62229ffee2c71c146307d561a0be0 
Number of updated asset objects reloaded before import = 0
Number of asset objects unloaded after import = 1
========================================================================
Received Import Request.
  Time of request: 2026-09-17T18:20:31.257732Z
  Time since last request: 0.000113083 seconds.
  importAddress: GUID: f47213af7e996497b96c4b5df3e6b613 - Path: Packages/com.unity.2d.psdimporter/Editor/Assets/Icons/Selected/Layers Collapsed@8x.png - Importer: ScriptedImporter/UnityEditor.QuickSearchModule:UnityEditor.Search:ASIAI0B
Importing 'GUID: f47213af7e996497b96c4b5df3e6b613 - Path: Packages/com.unity.2d.psdimporter/Editor/Assets/Icons/Selected/Layers Collapsed@8x.png - Importer: ScriptedImporter/UnityEditor.QuickSearchModule:UnityEditor.Search:ASIAI0B' with importer (ScriptedImporter : UnityEditor.QuickSearchModule:UnityEditor.Search:ASIAI0B)
Imported 'GUID: f47213af7e996497b96c4b5df3e6b613' -> (Import Result ID: '429466f7dfcae6a39ff5bc89360a32b3') in 0.003 seconds [static and dynamic dependencies]. Details - ImportResultOutputID=aab3155c8f3783176309573ff53a1f4e DependenciesID=8426445caa1c2651d255355ee593483e StaticDependenciesID=115d73d2b4ba5e6d32fff89fe9de620e 
Number of updated asset objects reloaded before import = 0
Number of asset objects unloaded after import = 3
========================================================================
Received Import Request.
  Time of request: 2026-09-17T18:20:31.267367Z
  Time since last request: 0.000114292 seconds.
  importAddress: GUID: efae8c209fe26f541b3d560f2034287d - Path: Packages/com.unity.2d.tilemap/Editor/Icons/d_EditorUI.Target@2x.png - Importer: ScriptedImporter/UnityEditor.QuickSearchModule:UnityEditor.Search:ASIAI0B
Importing 'GUID: efae8c209fe26f541b3d560f2034287d - Path: Packages/com.unity.2d.tilemap/Editor/Icons/d_EditorUI.Target@2x.png - Importer: ScriptedImporter/UnityEditor.QuickSearchModule:UnityEditor.Search:ASIAI0B' with importer (ScriptedImporter : UnityEditor.QuickSearchModule:UnityEditor.Search:ASIAI0B)
Imported 'GUID: efae8c209fe26f541b3d560f2034287d' -> (Import Result ID: 'f4c2791b79632f367316c1fd6eecc252') in 0.003 seconds [static and dynamic dependencies]. Details - ImportResultOutputID=c34b5fbe1f65ee721e453fc05b27d8b5 DependenciesID=37abcc7ae6ca35d2602a59cebcc71eb8 StaticDependenciesID=11dcd8f9007188dbcb39ef44b08690c9 
Number of updated asset objects reloaded before import = 0
Number of asset objects unloaded after import = 3
========================================================================
Received Import Request.
  Time of request: 2026-09-17T18:20:31.276879Z
  Time since last request: 0.00012 seconds.
  importAddress: GUID: 6a160d838ff8b4b4693ac20007e008c7 - Path: Packages/com.unity.2d.pixel-perfect/Runtime/PixelPerfectCamera.cs - Importer: ScriptedImporter/UnityEditor.QuickSearchModule:UnityEditor.Search:ASIAI0B
Importing 'GUID: 6a160d838ff8b4b4693ac20007e008c7 - Path: Packages/com.unity.2d.pixel-perfect/Runtime/PixelPerfectCamera.cs - Importer: ScriptedImporter/UnityEditor.QuickSearchModule:UnityEditor.Search:ASIAI0B' with importer (ScriptedImporter : UnityEditor.QuickSearchModule:UnityEditor.Search:ASIAI0B)
Imported 'GUID: 6a160d838ff8b4b4693ac20007e008c7' -> (Import Result ID: 'dc88a60b7c4a923539c0f329f7d2094e') in 0.001 seconds [static and dynamic dependencies]. Details - ImportResultOutputID=c1546a10bcf47d3611a1d33a05c09490 DependenciesID=8873e592ac5c20a852c58534e88fae50 StaticDependenciesID=eca8fd27aaf2cfd3352c8198ce3a8abe 
Number of updated asset objects reloaded before import = 0
Number of asset objects unloaded after import = 1
========================================================================
Received Import Request.
  Time of request: 2026-09-17T18:20:31.284943Z
  Time since last request: 0.000152875 seconds.
  importAddress: GUID: 1c7762c9bce5f4ab7b060decb9e3002d - Path: Packages/com.unity.2d.psdimporter/Editor/Assets/pivot.fbx - Importer: ScriptedImporter/UnityEditor.QuickSearchModule:UnityEditor.Search:ASIAI0B
Importing 'GUID: 1c7762c9bce5f4ab7b060decb9e3002d - Path: Packages/com.unity.2d.psdimporter/Editor/Assets/pivot.fbx - Importer: ScriptedImporter/UnityEditor.QuickSearchModule:UnityEditor.Search:ASIAI0B' with importer (ScriptedImporter : UnityEditor.QuickSearchModule:UnityEditor.Search:ASIAI0B)
Imported 'GUID: 1c7762c9bce5f4ab7b060decb9e3002d' -> (Import Result ID: 'c4b6ecf05e7f92f813eaf3eb626b8639') in 0.022 seconds [static and dynamic dependencies]. Details - ImportResultOutputID=2724ff89b841fce9310cc88e30081cdc DependenciesID=9f497e3b844062c88e194176048b3589 StaticDependenciesID=55fd224afdeac2139e0d63902d36abbd 
Number of updated asset objects reloaded before import = 0
Number of asset objects unloaded after import = 10
========================================================================
Received Import Request.
  Time of request: 2026-09-17T18:20:31.313708Z
  Time since last request: 0.000156833 seconds.
  importAddress: GUID: 6dfa8a4e449dd46479d1788637b70811 - Path: Packages/com.unity.2d.animation/Editor/Assets/ComponentIcons/Animation.IKManager@128.png - Importer: ScriptedImporter/UnityEditor.QuickSearchModule:UnityEditor.Search:ASIAI0B
Importing 'GUID: 6dfa8a4e449dd46479d1788637b70811 - Path: Packages/com.unity.2d.animation/Editor/Assets/ComponentIcons/Animation.IKManager@128.png - Importer: ScriptedImporter/UnityEditor.QuickSearchModule:UnityEditor.Search:ASIAI0B' with importer (ScriptedImporter : UnityEditor.QuickSearchModule:UnityEditor.Search:ASIAI0B)
Imported 'GUID: 6dfa8a4e449dd46479d1788637b70811' -> (Import Result ID: '05e9172e5ceb03788b54a654cd37f228') in 0.003 seconds [static and dynamic dependencies]. Details - ImportResultOutputID=dd30a946b7b796168961aed16766459f DependenciesID=be9b99adaa7d7e02ea076c5fb45ce998 StaticDependenciesID=528314028cdf5110a3c7711e76f5c259 
Number of updated asset objects reloaded before import = 0
Number of asset objects unloaded after import = 3
========================================================================
Received Import Request.
  Time of request: 2026-09-17T18:20:31.323686Z
  Time since last request: 0.000244292 seconds.
  importAddress: GUID: 6d082a477f1715f498c6a28543125ec8 - Path: Packages/com.unity.2d.animation/Editor/Assets/EditorIcons/d_Visibility_Hidded@3x.png - Importer: ScriptedImporter/UnityEditor.QuickSearchModule:UnityEditor.Search:ASIAI0B
Importing 'GUID: 6d082a477f1715f498c6a28543125ec8 - Path: Packages/com.unity.2d.animation/Editor/Assets/EditorIcons/d_Visibility_Hidded@3x.png - Importer: ScriptedImporter/UnityEditor.QuickSearchModule:UnityEditor.Search:ASIAI0B' with importer (ScriptedImporter : UnityEditor.QuickSearchModule:UnityEditor.Search:ASIAI0B)
Imported 'GUID: 6d082a477f1715f498c6a28543125ec8' -> (Import Result ID: '77ffbd430460c39394d309c588577bf1') in 0.003 seconds [static and dynamic dependencies]. Details - ImportResultOutputID=8711a856422b15bdfb1d05efc80b789f DependenciesID=67d660408700575ca470c26885fadd51 StaticDependenciesID=3898a44642f7da91461e78095130cdc1 
Number of updated asset objects reloaded before import = 0
Number of asset objects unloaded after import = 3
========================================================================
Received Import Request.
  Time of request: 2026-09-17T18:20:31.333509Z
  Time since last request: 0.0001315 seconds.
  importAddress: GUID: ba345f2f643d842459447c374943401d - Path: Packages/com.unity.2d.animation/Editor/Assets/ComponentIcons/Animation.IKCCD On@256.png - Importer: ScriptedImporter/UnityEditor.QuickSearchModule:UnityEditor.Search:ASIAI0B
Importing 'GUID: ba345f2f643d842459447c374943401d - Path: Packages/com.unity.2d.animation/Editor/Assets/ComponentIcons/Animation.IKCCD On@256.png - Importer: ScriptedImporter/UnityEditor.QuickSearchModule:UnityEditor.Search:ASIAI0B' with importer (ScriptedImporter : UnityEditor.QuickSearchModule:UnityEditor.Search:ASIAI0B)
Imported 'GUID: ba345f2f643d842459447c374943401d' -> (Import Result ID: '9e15d01ad079fba5fd765d88c9af627d') in 0.003 seconds [static and dynamic dependencies]. Details - ImportResultOutputID=1d1a61a6b7b3fdf0371db941a5c126df DependenciesID=043afcbc4d1396a2f4f48a18e2298dc6 StaticDependenciesID=c9633fc537bf2116bd4ea2a7c44ac6b2 
Number of updated asset objects reloaded before import = 0
Number of asset objects unloaded after import = 3
========================================================================
Received Import Request.
  Time of request: 2026-09-17T18:20:31.343331Z
  Time since last request: 0.0000985 seconds.
  importAddress: GUID: 56b33ec0a3134afd8daba661edee9df3 - Path: Packages/com.unity.2d.aseprite/Editor/Utilities/ImportUtilities.cs - Importer: ScriptedImporter/UnityEditor.QuickSearchModule:UnityEditor.Search:ASIAI0B
Importing 'GUID: 56b33ec0a3134afd8daba661edee9df3 - Path: Packages/com.unity.2d.aseprite/Editor/Utilities/ImportUtilities.cs - Importer: ScriptedImporter/UnityEditor.QuickSearchModule:UnityEditor.Search:ASIAI0B' with importer (ScriptedImporter : UnityEditor.QuickSearchModule:UnityEditor.Search:ASIAI0B)
Imported 'GUID: 56b33ec0a3134afd8daba661edee9df3' -> (Import Result ID: '263577eba14609e59911aaa888fe1049') in 0.001 seconds [static and dynamic dependencies]. Details - ImportResultOutputID=f53599d073d80150d90a8e1a3084ab12 DependenciesID=1dd63527492e9714729f78f87908d360 StaticDependenciesID=4624b4d8978eeb4d902f8edf81f21c84 
Number of updated asset objects reloaded before import = 0
Number of asset objects unloaded after import = 0
========================================================================
Received Import Request.
  Time of request: 2026-09-17T18:20:31.364572Z
  Time since last request: 0.013780292 seconds.
  importAddress: GUID: 2b072f285a732f747b9be104aae155b2 - Path: Packages/com.unity.2d.animation/Editor/Assets/EditorIcons/Paste@3x.png - Importer: ScriptedImporter/UnityEditor.QuickSearchModule:UnityEditor.Search:ASIAI0B
Importing 'GUID: 2b072f285a732f747b9be104aae155b2 - Path: Packages/com.unity.2d.animation/Editor/Assets/EditorIcons/Paste@3x.png - Importer: ScriptedImporter/UnityEditor.QuickSearchModule:UnityEditor.Search:ASIAI0B' with importer (ScriptedImporter : UnityEditor.QuickSearchModule:UnityEditor.Search:ASIAI0B)
Imported 'GUID: 2b072f285a732f747b9be104aae155b2' -> (Import Result ID: '9ae3cd3889b6d3de9ee4d797f18689f2') in 0.003 seconds [static and dynamic dependencies]. Details - ImportResultOutputID=9db85707d45b8441f64b7e89e5aff344 DependenciesID=89422a81f21fe1552486f553dc206017 StaticDependenciesID=eda5c7c7039e338ae7df8918262edc29 
Number of updated asset objects reloaded before import = 0
Number of asset objects unloaded after import = 3
========================================================================
Received Import Request.
  Time of request: 2026-09-17T18:20:31.375527Z
  Time since last request: 0.000097417 seconds.
  importAddress: GUID: 768531f76566d4b18bfe4ed7b21e5ce1 - Path: Packages/com.unity.2d.animation/Editor/Assets/EditorIcons/Sprite_Influence.png - Importer: ScriptedImporter/UnityEditor.QuickSearchModule:UnityEditor.Search:ASIAI0B
Importing 'GUID: 768531f76566d4b18bfe4ed7b21e5ce1 - Path: Packages/com.unity.2d.animation/Editor/Assets/EditorIcons/Sprite_Influence.png - Importer: ScriptedImporter/UnityEditor.QuickSearchModule:UnityEditor.Search:ASIAI0B' with importer (ScriptedImporter : UnityEditor.QuickSearchModule:UnityEditor.Search:ASIAI0B)
Imported 'GUID: 768531f76566d4b18bfe4ed7b21e5ce1' -> (Import Result ID: '4b8fe6cabca92460add297d629a3a817') in 0.002 seconds [static and dynamic dependencies]. Details - ImportResultOutputID=a90b44cec7bf78bffc853167f602ef01 DependenciesID=a276cd7058534c746ee53ed5448bdf48 StaticDependenciesID=8c43f7a59fae3193c607ce583756257c 
Number of updated asset objects reloaded before import = 0
Number of asset objects unloaded after import = 3
========================================================================
Received Import Request.
  Time of request: 2026-09-17T18:20:31.384614Z
  Time since last request: 0.0002345 seconds.
  importAddress: GUID: ee0407bcd37e40898951d92a9f60767d - Path: Packages/com.unity.2d.tilemap.extras/Editor/Tiles/AutoTile/UI/AutoTileSpriteSource.cs - Importer: ScriptedImporter/UnityEditor.QuickSearchModule:UnityEditor.Search:ASIAI0B
Importing 'GUID: ee0407bcd37e40898951d92a9f60767d - Path: Packages/com.unity.2d.tilemap.extras/Editor/Tiles/AutoTile/UI/AutoTileSpriteSource.cs - Importer: ScriptedImporter/UnityEditor.QuickSearchModule:UnityEditor.Search:ASIAI0B' with importer (ScriptedImporter : UnityEditor.QuickSearchModule:UnityEditor.Search:ASIAI0B)
Imported 'GUID: ee0407bcd37e40898951d92a9f60767d' -> (Import Result ID: '513e57aefc83d83669d29ee6f0d871c3') in 0.001 seconds [static and dynamic dependencies]. Details - ImportResultOutputID=c49f451b4c20d91738d66b7c2a6a2e6c DependenciesID=fd2853cf0157b6217b5cd117f77f8971 StaticDependenciesID=6dcf670e24aca3b2ef1b7b599b953f95 
Number of updated asset objects reloaded before import = 0
Number of asset objects unloaded after import = 0
========================================================================
Received Import Request.
  Time of request: 2026-09-17T18:20:31.392164Z
  Time since last request: 0.000125625 seconds.
  importAddress: GUID: 269eee5bd0392044cb38fd13171b84f6 - Path: Packages/com.unity.2d.animation/Editor/Assets/EditorIcons/d_Sprite_Mode@2x.png - Importer: ScriptedImporter/UnityEditor.QuickSearchModule:UnityEditor.Search:ASIAI0B
Importing 'GUID: 269eee5bd0392044cb38fd13171b84f6 - Path: Packages/com.unity.2d.animation/Editor/Assets/EditorIcons/d_Sprite_Mode@2x.png - Importer: ScriptedImporter/UnityEditor.QuickSearchModule:UnityEditor.Search:ASIAI0B' with importer (ScriptedImporter : UnityEditor.QuickSearchModule:UnityEditor.Search:ASIAI0B)
Imported 'GUID: 269eee5bd0392044cb38fd13171b84f6' -> (Import Result ID: '9d3fff19563ebb596cb9685634086685') in 0.002 seconds [static and dynamic dependencies]. Details - ImportResultOutputID=72b3b886d11ea1f828e524fe85d727c3 DependenciesID=b4824211b35818cdcb91bd10eaa96bcd StaticDependenciesID=2b24e9c75472041fbe23e8f19212398f 
Number of updated asset objects reloaded before import = 0
Number of asset objects unloaded after import = 3
========================================================================
Received Import Request.
  Time of request: 2026-09-17T18:20:31.401811Z
  Time since last request: 0.000132084 seconds.
  importAddress: GUID: e79a9e9d6396eba438900afb0357e808 - Path: Packages/com.unity.2d.animation/Editor/Assets/EditorIcons/Selected/d_Mesh@3x.png - Importer: ScriptedImporter/UnityEditor.QuickSearchModule:UnityEditor.Search:ASIAI0B
Importing 'GUID: e79a9e9d6396eba438900afb0357e808 - Path: Packages/com.unity.2d.animation/Editor/Assets/EditorIcons/Selected/d_Mesh@3x.png - Importer: ScriptedImporter/UnityEditor.QuickSearchModule:UnityEditor.Search:ASIAI0B' with importer (ScriptedImporter : UnityEditor.QuickSearchModule:UnityEditor.Search:ASIAI0B)
Imported 'GUID: e79a9e9d6396eba438900afb0357e808' -> (Import Result ID: 'cde7364463187966d3e8b1ad146752e1') in 0.003 seconds [static and dynamic dependencies]. Details - ImportResultOutputID=66221b98e12a5fa7acf6972a32933d22 DependenciesID=f23aa66ded71f606153acde2b1940848 StaticDependenciesID=6d695cc51c4f0d8d0bb55b3e5db9b281 
Number of updated asset objects reloaded before import = 0
Number of asset objects unloaded after import = 3
========================================================================
Received Import Request.
  Time of request: 2026-09-17T18:20:31.411417Z
  Time since last request: 0.000126791 seconds.
  importAddress: GUID: c1fb6449b0f3e438788093548d10bf57 - Path: Packages/com.unity.2d.common/Path/Editor/IMGUI/PathEditor.cs - Importer: ScriptedImporter/UnityEditor.QuickSearchModule:UnityEditor.Search:ASIAI0B
Importing 'GUID: c1fb6449b0f3e438788093548d10bf57 - Path: Packages/com.unity.2d.common/Path/Editor/IMGUI/PathEditor.cs - Importer: ScriptedImporter/UnityEditor.QuickSearchModule:UnityEditor.Search:ASIAI0B' with importer (ScriptedImporter : UnityEditor.QuickSearchModule:UnityEditor.Search:ASIAI0B)
Imported 'GUID: c1fb6449b0f3e438788093548d10bf57' -> (Import Result ID: '682b140d9c606c679402c80481621e05') in 0.001 seconds [static and dynamic dependencies]. Details - ImportResultOutputID=9fe36584ebceac966e9bd0670aa15738 DependenciesID=1156640236b95dc28f5c480589163d0d StaticDependenciesID=08ff7afc1118b1442621c56a083f96a2 
Number of updated asset objects reloaded before import = 0
Number of asset objects unloaded after import = 0
========================================================================
Received Import Request.
  Time of request: 2026-09-17T18:20:31.419072Z
  Time since last request: 0.000147292 seconds.
  importAddress: GUID: 8018f7f22eae14c4b8c25d466fa0d8e8 - Path: Packages/com.unity.2d.animation/Editor/Assets/ComponentIcons/Animation.SpriteLibraryManager@64.png - Importer: ScriptedImporter/UnityEditor.QuickSearchModule:UnityEditor.Search:ASIAI0B
Importing 'GUID: 8018f7f22eae14c4b8c25d466fa0d8e8 - Path: Packages/com.unity.2d.animation/Editor/Assets/ComponentIcons/Animation.SpriteLibraryManager@64.png - Importer: ScriptedImporter/UnityEditor.QuickSearchModule:UnityEditor.Search:ASIAI0B' with importer (ScriptedImporter : UnityEditor.QuickSearchModule:UnityEditor.Search:ASIAI0B)
Imported 'GUID: 8018f7f22eae14c4b8c25d466fa0d8e8' -> (Import Result ID: '394e123201ca36aaf8f7bca6f19df0f7') in 0.002 seconds [static and dynamic dependencies]. Details - ImportResultOutputID=2cc40cdaaf532be0fd9759b2e8eb2736 DependenciesID=0d8cdf25a4557f6f5b8042e5c4e34cfb StaticDependenciesID=c004776278e634a60789de710a8f3c3d 
Number of updated asset objects reloaded before import = 0
Number of asset objects unloaded after import = 3
========================================================================
Received Import Request.
  Time of request: 2026-09-17T18:20:31.428449Z
  Time since last request: 0.000118083 seconds.
  importAddress: GUID: 13b75c95f34a00d4e8c04f76b73312e6 - Path: Packages/com.unity.2d.tilemap.extras/Runtime/Tiles/AnimatedTile/AnimatedTile.cs - Importer: ScriptedImporter/UnityEditor.QuickSearchModule:UnityEditor.Search:ASIAI0B
Importing 'GUID: 13b75c95f34a00d4e8c04f76b73312e6 - Path: Packages/com.unity.2d.tilemap.extras/Runtime/Tiles/AnimatedTile/AnimatedTile.cs - Importer: ScriptedImporter/UnityEditor.QuickSearchModule:UnityEditor.Search:ASIAI0B' with importer (ScriptedImporter : UnityEditor.QuickSearchModule:UnityEditor.Search:ASIAI0B)
Imported 'GUID: 13b75c95f34a00d4e8c04f76b73312e6' -> (Import Result ID: 'db8d8087d4be25516c09cddb9811e61b') in 0.001 seconds [static and dynamic dependencies]. Details - ImportResultOutputID=886c03169903ef4234ece532186d345d DependenciesID=c143dcb5d46b6f91136fbd99110f44d7 StaticDependenciesID=179e90b624b59b226913e8377213bb6e 
Number of updated asset objects reloaded before import = 0
Number of asset objects unloaded after import = 0
========================================================================
Received Import Request.
  Time of request: 2026-09-17T18:20:31.436209Z
  Time since last request: 0.000116917 seconds.
  importAddress: GUID: dc1f494fe190bd54bb487d11e639d5fc - Path: Packages/com.unity.2d.animation/Editor/Assets/EditorIcons/Selected/d_Visibility_Hidded@3x.png - Importer: ScriptedImporter/UnityEditor.QuickSearchModule:UnityEditor.Search:ASIAI0B
Importing 'GUID: dc1f494fe190bd54bb487d11e639d5fc - Path: Packages/com.unity.2d.animation/Editor/Assets/EditorIcons/Selected/d_Visibility_Hidded@3x.png - Importer: ScriptedImporter/UnityEditor.QuickSearchModule:UnityEditor.Search:ASIAI0B' with importer (ScriptedImporter : UnityEditor.QuickSearchModule:UnityEditor.Search:ASIAI0B)
Imported 'GUID: dc1f494fe190bd54bb487d11e639d5fc' -> (Import Result ID: '4ad60cd727f90b1d80c3a9b83bdde9f9') in 0.006 seconds [static and dynamic dependencies]. Details - ImportResultOutputID=ce00876cca6c7e23492a4575ef4c3920 DependenciesID=f58d4628bcf6234412a7151996f2c186 StaticDependenciesID=6c33c4e50621161518cfd70d526fce12 
Number of updated asset objects reloaded before import = 0
Number of asset objects unloaded after import = 3
========================================================================
Received Import Request.
  Time of request: 2026-09-17T18:20:31.448819Z
  Time since last request: 0.000199583 seconds.
  importAddress: GUID: 4384403f435964352abe8f0ab8bebc76 - Path: Packages/com.unity.2d.common/Path/Editor/IMGUI/GUIFramework/DefaultControl.cs - Importer: ScriptedImporter/UnityEditor.QuickSearchModule:UnityEditor.Search:ASIAI0B
Importing 'GUID: 4384403f435964352abe8f0ab8bebc76 - Path: Packages/com.unity.2d.common/Path/Editor/IMGUI/GUIFramework/DefaultControl.cs - Importer: ScriptedImporter/UnityEditor.QuickSearchModule:UnityEditor.Search:ASIAI0B' with importer (ScriptedImporter : UnityEditor.QuickSearchModule:UnityEditor.Search:ASIAI0B)
Imported 'GUID: 4384403f435964352abe8f0ab8bebc76' -> (Import Result ID: '4129888da435182612eff0978e17eeba') in 0.001 seconds [static and dynamic dependencies]. Details - ImportResultOutputID=81f604ce78dcc161564a5cd35006879e DependenciesID=44c155044ce040f8085b9f23a2b7eb28 StaticDependenciesID=cf7529c6294e7ff03edc6114cd471b73 
Number of updated asset objects reloaded before import = 0
Number of asset objects unloaded after import = 0
========================================================================
Received Import Request.
  Time of request: 2026-09-17T18:20:31.45686Z
  Time since last request: 0.000150167 seconds.
  importAddress: GUID: 7e9a964572b8d49cb8164bd4b62c92f3 - Path: Packages/com.unity.2d.tilemap.extras/Editor/Brushes/LineBrush/LineBrush@4x.png - Importer: ScriptedImporter/UnityEditor.QuickSearchModule:UnityEditor.Search:ASIAI0B
Importing 'GUID: 7e9a964572b8d49cb8164bd4b62c92f3 - Path: Packages/com.unity.2d.tilemap.extras/Editor/Brushes/LineBrush/LineBrush@4x.png - Importer: ScriptedImporter/UnityEditor.QuickSearchModule:UnityEditor.Search:ASIAI0B' with importer (ScriptedImporter : UnityEditor.QuickSearchModule:UnityEditor.Search:ASIAI0B)
Imported 'GUID: 7e9a964572b8d49cb8164bd4b62c92f3' -> (Import Result ID: '18bcb8bb9dd62d3c939f2770b0d46b32') in 0.002 seconds [static and dynamic dependencies]. Details - ImportResultOutputID=9d265fdc3074d6cc9a8c553859410fd9 DependenciesID=b113a336b158088e3feb79d1d6c4ce92 StaticDependenciesID=c7deb0c0605aa467e1b6e7444189925b 
Number of updated asset objects reloaded before import = 0
Number of asset objects unloaded after import = 3
========================================================================
Received Import Request.
  Time of request: 2026-09-17T18:20:31.466476Z
  Time since last request: 0.000249292 seconds.
  importAddress: GUID: 766cfa1430bc448ed93c5817e7682f3b - Path: Packages/com.unity.2d.common/Path/Editor/Handles/ShapeToolPro.png - Importer: ScriptedImporter/UnityEditor.QuickSearchModule:UnityEditor.Search:ASIAI0B
Importing 'GUID: 766cfa1430bc448ed93c5817e7682f3b - Path: Packages/com.unity.2d.common/Path/Editor/Handles/ShapeToolPro.png - Importer: ScriptedImporter/UnityEditor.QuickSearchModule:UnityEditor.Search:ASIAI0B' with importer (ScriptedImporter : UnityEditor.QuickSearchModule:UnityEditor.Search:ASIAI0B)
Imported 'GUID: 766cfa1430bc448ed93c5817e7682f3b' -> (Import Result ID: 'd3f44e3e2c67a95853ebb5aa7443c612') in 0.003 seconds [static and dynamic dependencies]. Details - ImportResultOutputID=823360de963eae388aa339f07e882dd3 DependenciesID=c77a8a72bfa613c67bc12929668a1d81 StaticDependenciesID=daa5684e425a09bd40b9f4f44982f808 
Number of updated asset objects reloaded before import = 0
Number of asset objects unloaded after import = 3
========================================================================
Received Import Request.
  Time of request: 2026-09-17T18:20:31.476889Z
  Time since last request: 0.0001205 seconds.
  importAddress: GUID: 6afbd0924f0883548869d32b9d436d2e - Path: Packages/com.unity.2d.spriteshape/Editor/SpriteShapeObjectPlacementEditor.cs - Importer: ScriptedImporter/UnityEditor.QuickSearchModule:UnityEditor.Search:ASIAI0B
Importing 'GUID: 6afbd0924f0883548869d32b9d436d2e - Path: Packages/com.unity.2d.spriteshape/Editor/SpriteShapeObjectPlacementEditor.cs - Importer: ScriptedImporter/UnityEditor.QuickSearchModule:UnityEditor.Search:ASIAI0B' with importer (ScriptedImporter : UnityEditor.QuickSearchModule:UnityEditor.Search:ASIAI0B)
Imported 'GUID: 6afbd0924f0883548869d32b9d436d2e' -> (Import Result ID: 'e3926fdda05d0bf4e8d84f0e2d0f5e39') in 0.001 seconds [static and dynamic dependencies]. Details - ImportResultOutputID=afed0e96013f7c65bd44857abca6f20d DependenciesID=452c48af7905bde78b0fa6b0d09bd6c0 StaticDependenciesID=a9618d62a185f958b3847c4440373d67 
Number of updated asset objects reloaded before import = 0
Number of asset objects unloaded after import = 0
========================================================================
Received Import Request.
  Time of request: 2026-09-17T18:20:31.485029Z
  Time since last request: 0.000139541 seconds.
  importAddress: GUID: 2c61219a8c88e2b43a6637bc8fe558dc - Path: Packages/com.unity.2d.sprite/Editor/Interface/IAssetDatabase.cs - Importer: ScriptedImporter/UnityEditor.QuickSearchModule:UnityEditor.Search:ASIAI0B
Importing 'GUID: 2c61219a8c88e2b43a6637bc8fe558dc - Path: Packages/com.unity.2d.sprite/Editor/Interface/IAssetDatabase.cs - Importer: ScriptedImporter/UnityEditor.QuickSearchModule:UnityEditor.Search:ASIAI0B' with importer (ScriptedImporter : UnityEditor.QuickSearchModule:UnityEditor.Search:ASIAI0B)
Imported 'GUID: 2c61219a8c88e2b43a6637bc8fe558dc' -> (Import Result ID: 'ff4e31553b47e969600d20703b5b2e2c') in 0.001 seconds [static and dynamic dependencies]. Details - ImportResultOutputID=30bb6677b6b533a1f7ad632adccf1c06 DependenciesID=f92b63ee75c0f82d0f4dfea0f5efadf8 StaticDependenciesID=ecfba32b0a85f872ffa92df419c5366d 
Number of updated asset objects reloaded before import = 0
Number of asset objects unloaded after import = 0
========================================================================
Received Import Request.
  Time of request: 2026-09-17T18:20:31.493097Z
  Time since last request: 0.000126 seconds.
  importAddress: GUID: 4b12a0470be043f3a46baaefe7bfdc44 - Path: Packages/com.unity.2d.animation/Editor/SpriteLib/SpriteSwapOverlay/CategoryContainer.cs - Importer: ScriptedImporter/UnityEditor.QuickSearchModule:UnityEditor.Search:ASIAI0B
Importing 'GUID: 4b12a0470be043f3a46baaefe7bfdc44 - Path: Packages/com.unity.2d.animation/Editor/SpriteLib/SpriteSwapOverlay/CategoryContainer.cs - Importer: ScriptedImporter/UnityEditor.QuickSearchModule:UnityEditor.Search:ASIAI0B' with importer (ScriptedImporter : UnityEditor.QuickSearchModule:UnityEditor.Search:ASIAI0B)
Imported 'GUID: 4b12a0470be043f3a46baaefe7bfdc44' -> (Import Result ID: '93c13765072cb5a6fd61e93c6249f886') in 0.001 seconds [static and dynamic dependencies]. Details - ImportResultOutputID=1d6cb36084a3ec9e637267ff82210728 DependenciesID=0ed76d68e50c1c89a7c6c736d5c33dcd StaticDependenciesID=4dea5344d521eb94f61f4d1b2b44bd84 
Number of updated asset objects reloaded before import = 0
Number of asset objects unloaded after import = 0
========================================================================
Received Import Request.
  Time of request: 2026-09-17T18:20:31.50092Z
  Time since last request: 0.000130083 seconds.
  importAddress: GUID: 3b0299838696e2c4f9e31bdc0c8757f9 - Path: Packages/com.unity.2d.tilemap/Editor/TileDragAndDrop.cs - Importer: ScriptedImporter/UnityEditor.QuickSearchModule:UnityEditor.Search:ASIAI0B
Importing 'GUID: 3b0299838696e2c4f9e31bdc0c8757f9 - Path: Packages/com.unity.2d.tilemap/Editor/TileDragAndDrop.cs - Importer: ScriptedImporter/UnityEditor.QuickSearchModule:UnityEditor.Search:ASIAI0B' with importer (ScriptedImporter : UnityEditor.QuickSearchModule:UnityEditor.Search:ASIAI0B)
Imported 'GUID: 3b0299838696e2c4f9e31bdc0c8757f9' -> (Import Result ID: '5b189a26b1bba857f71045ef0758c151') in 0.001 seconds [static and dynamic dependencies]. Details - ImportResultOutputID=8b4a01508579b135983f4d4955d6a495 DependenciesID=f1eeb05f1aa2551f7ff07b1b0b63e2bd StaticDependenciesID=5f6de7a2c1f2019f6e80db5a02b68022 
Number of updated asset objects reloaded before import = 0
Number of asset objects unloaded after import = 0
========================================================================
Received Import Request.
  Time of request: 2026-09-17T18:20:31.508767Z
  Time since last request: 0.00013875 seconds.
  importAddress: GUID: 0502e3e0c944a4f71948552166af7b48 - Path: Packages/com.unity.2d.animation/Editor/Assets/ComponentIcons/Animation.IKManager@64.png - Importer: ScriptedImporter/UnityEditor.QuickSearchModule:UnityEditor.Search:ASIAI0B
Importing 'GUID: 0502e3e0c944a4f71948552166af7b48 - Path: Packages/com.unity.2d.animation/Editor/Assets/ComponentIcons/Animation.IKManager@64.png - Importer: ScriptedImporter/UnityEditor.QuickSearchModule:UnityEditor.Search:ASIAI0B' with importer (ScriptedImporter : UnityEditor.QuickSearchModule:UnityEditor.Search:ASIAI0B)
Imported 'GUID: 0502e3e0c944a4f71948552166af7b48' -> (Import Result ID: '999e93f1af4f9805a76bfd2e299dd2db') in 0.002 seconds [static and dynamic dependencies]. Details - ImportResultOutputID=9782c56f1513469f0457c5388b94c065 DependenciesID=7123856121a60390464dd46f4ff6d0bb StaticDependenciesID=d440bef2947383609c8cec31f1e325fa 
Number of updated asset objects reloaded before import = 0
Number of asset objects unloaded after import = 3
========================================================================
Received Import Request.
  Time of request: 2026-09-17T18:20:31.518168Z
  Time since last request: 0.000096083 seconds.
  importAddress: GUID: 6735c3e859fb15b4191b28f225534760 - Path: Packages/com.unity.2d.animation/Editor/SkinningModule/CharacterModeTool - Importer: ScriptedImporter/UnityEditor.QuickSearchModule:UnityEditor.Search:ASIAI0B
Importing 'GUID: 6735c3e859fb15b4191b28f225534760 - Path: Packages/com.unity.2d.animation/Editor/SkinningModule/CharacterModeTool - Importer: ScriptedImporter/UnityEditor.QuickSearchModule:UnityEditor.Search:ASIAI0B' with importer (ScriptedImporter : UnityEditor.QuickSearchModule:UnityEditor.Search:ASIAI0B)
Imported 'GUID: 6735c3e859fb15b4191b28f225534760' -> (Import Result ID: 'db590b28fa50007b01ef75f4380cfe0a') in 0.001 seconds [static and dynamic dependencies]. Details - ImportResultOutputID=ceb8e15c0dbcbfe1a4efc254dd253104 DependenciesID=96c7a2bbe3fc44adac6c3c63a3b5b88f StaticDependenciesID=8b4b7bcdc6139a43001e0348c81ee496 
Number of updated asset objects reloaded before import = 0
Number of asset objects unloaded after import = 1
========================================================================
Received Import Request.
  Time of request: 2026-09-17T18:20:31.525748Z
  Time since last request: 0.000147583 seconds.
  importAddress: GUID: 23318de62729646489ccb1545e7c5bbf - Path: Packages/com.unity.2d.psdimporter/Editor/PSDPlugin/PsdFile/Compression/ImageData.cs - Importer: ScriptedImporter/UnityEditor.QuickSearchModule:UnityEditor.Search:ASIAI0B
Importing 'GUID: 23318de62729646489ccb1545e7c5bbf - Path: Packages/com.unity.2d.psdimporter/Editor/PSDPlugin/PsdFile/Compression/ImageData.cs - Importer: ScriptedImporter/UnityEditor.QuickSearchModule:UnityEditor.Search:ASIAI0B' with importer (ScriptedImporter : UnityEditor.QuickSearchModule:UnityEditor.Search:ASIAI0B)
Imported 'GUID: 23318de62729646489ccb1545e7c5bbf' -> (Import Result ID: '042cb79754261e9ad9cff7e70f35b988') in 0.001 seconds [static and dynamic dependencies]. Details - ImportResultOutputID=708787274c534abd70e31b7700e9b25c DependenciesID=fddd85244e9ce77748322c0443d7b247 StaticDependenciesID=5988af50187168d6533452f4160ef489 
Number of updated asset objects reloaded before import = 0
Number of asset objects unloaded after import = 0
========================================================================
Received Import Request.
  Time of request: 2026-09-17T18:20:31.533801Z
  Time since last request: 0.000158167 seconds.
  importAddress: GUID: b24e0bc58c3b8834dbb57d29d39752b7 - Path: Packages/com.unity.2d.sprite/Editor/SpriteEditorModule/SpriteEditorData.cs - Importer: ScriptedImporter/UnityEditor.QuickSearchModule:UnityEditor.Search:ASIAI0B
Importing 'GUID: b24e0bc58c3b8834dbb57d29d39752b7 - Path: Packages/com.unity.2d.sprite/Editor/SpriteEditorModule/SpriteEditorData.cs - Importer: ScriptedImporter/UnityEditor.QuickSearchModule:UnityEditor.Search:ASIAI0B' with importer (ScriptedImporter : UnityEditor.QuickSearchModule:UnityEditor.Search:ASIAI0B)
Imported 'GUID: b24e0bc58c3b8834dbb57d29d39752b7' -> (Import Result ID: '2bf033a2f7f882e42fc78d8c0e69a63e') in 0.001 seconds [static and dynamic dependencies]. Details - ImportResultOutputID=20af337882b45a85c6ec76ef40e276f2 DependenciesID=a40ec334aa5ac2405d1d51708fabb952 StaticDependenciesID=27967a65d08b710ca2a636cac5a0b7d6 
Number of updated asset objects reloaded before import = 0
Number of asset objects unloaded after import = 0
========================================================================
Received Import Request.
  Time of request: 2026-09-17T18:20:31.542521Z
  Time since last request: 0.000204084 seconds.
  importAddress: GUID: 47be7fc01b3b54a1885426fe8707b1d7 - Path: Packages/com.unity.2d.tilemap.extras/Editor/Brushes/LineBrush/LineBrush@2x.png - Importer: ScriptedImporter/UnityEditor.QuickSearchModule:UnityEditor.Search:ASIAI0B
Importing 'GUID: 47be7fc01b3b54a1885426fe8707b1d7 - Path: Packages/com.unity.2d.tilemap.extras/Editor/Brushes/LineBrush/LineBrush@2x.png - Importer: ScriptedImporter/UnityEditor.QuickSearchModule:UnityEditor.Search:ASIAI0B' with importer (ScriptedImporter : UnityEditor.QuickSearchModule:UnityEditor.Search:ASIAI0B)
Imported 'GUID: 47be7fc01b3b54a1885426fe8707b1d7' -> (Import Result ID: '040d39bf93c4ce00bcd024ea412f5c0d') in 0.003 seconds [static and dynamic dependencies]. Details - ImportResultOutputID=68d3ab15d07d6462076c6e02b4b8ae2e DependenciesID=7731a63fe9de6451e7032a05d6c95c06 StaticDependenciesID=b2e24d56dd4b0a51928118cadce990c9 
Number of updated asset objects reloaded before import = 0
Number of asset objects unloaded after import = 3
========================================================================
Received Import Request.
  Time of request: 2026-09-17T18:20:31.552104Z
  Time since last request: 0.000098833 seconds.
  importAddress: GUID: ea5547bcdee4e4a8cb4705499aabe76d - Path: Packages/com.unity.2d.psdimporter/Editor/Assets/Icons/Dark/Layers Collapsed@4x.png - Importer: ScriptedImporter/UnityEditor.QuickSearchModule:UnityEditor.Search:ASIAI0B
Importing 'GUID: ea5547bcdee4e4a8cb4705499aabe76d - Path: Packages/com.unity.2d.psdimporter/Editor/Assets/Icons/Dark/Layers Collapsed@4x.png - Importer: ScriptedImporter/UnityEditor.QuickSearchModule:UnityEditor.Search:ASIAI0B' with importer (ScriptedImporter : UnityEditor.QuickSearchModule:UnityEditor.Search:ASIAI0B)
Imported 'GUID: ea5547bcdee4e4a8cb4705499aabe76d' -> (Import Result ID: '14533c6e82452cb2f9671ce4c3c96c18') in 0.003 seconds [static and dynamic dependencies]. Details - ImportResultOutputID=648455971221dc9e47063cbe3bb52514 DependenciesID=23f3e37154737baab81e75e6f8a7f271 StaticDependenciesID=89c685fff2f97fbce59137a4928376ce 
Number of updated asset objects reloaded before import = 0
Number of asset objects unloaded after import = 3
========================================================================
Received Import Request.
  Time of request: 2026-09-17T18:20:31.562322Z
  Time since last request: 0.000145458 seconds.
  importAddress: GUID: f03b3016bcc582043b27ae775025ef88 - Path: Packages/com.unity.2d.tilemap.extras/Editor/Tiles - Importer: ScriptedImporter/UnityEditor.QuickSearchModule:UnityEditor.Search:ASIAI0B
Importing 'GUID: f03b3016bcc582043b27ae775025ef88 - Path: Packages/com.unity.2d.tilemap.extras/Editor/Tiles - Importer: ScriptedImporter/UnityEditor.QuickSearchModule:UnityEditor.Search:ASIAI0B' with importer (ScriptedImporter : UnityEditor.QuickSearchModule:UnityEditor.Search:ASIAI0B)
Imported 'GUID: f03b3016bcc582043b27ae775025ef88' -> (Import Result ID: 'b6a381baabb1c0657e69353206344b06') in 0.001 seconds [static and dynamic dependencies]. Details - ImportResultOutputID=28b93c5dbb95e00dd61bf47dc1b482bb DependenciesID=e83406b3bdc8161e90e9d64fe8015c79 StaticDependenciesID=f0914f0c94d9851fa60aef507f1deb04 
Number of updated asset objects reloaded before import = 0
Number of asset objects unloaded after import = 1
========================================================================
Received Import Request.
  Time of request: 2026-09-17T18:20:31.570511Z
  Time since last request: 0.000211042 seconds.
  importAddress: GUID: 37d4d4c58ffbc8c41bb0cecb9c131ba9 - Path: Packages/com.unity.2d.sprite/Editor/Interface/IUndoSystem.cs - Importer: ScriptedImporter/UnityEditor.QuickSearchModule:UnityEditor.Search:ASIAI0B
Importing 'GUID: 37d4d4c58ffbc8c41bb0cecb9c131ba9 - Path: Packages/com.unity.2d.sprite/Editor/Interface/IUndoSystem.cs - Importer: ScriptedImporter/UnityEditor.QuickSearchModule:UnityEditor.Search:ASIAI0B' with importer (ScriptedImporter : UnityEditor.QuickSearchModule:UnityEditor.Search:ASIAI0B)
Imported 'GUID: 37d4d4c58ffbc8c41bb0cecb9c131ba9' -> (Import Result ID: '2df04aad16de326fe822e2e9372f77d9') in 0.001 seconds [static and dynamic dependencies]. Details - ImportResultOutputID=ca397f5e50c2250655574396a43238c0 DependenciesID=bc021e6f1ee322aeecd7bcc45173487a StaticDependenciesID=e6d511c453511726a9ab391bd7bb7c7a 
Number of updated asset objects reloaded before import = 0
Number of asset objects unloaded after import = 0
========================================================================
Received Import Request.
  Time of request: 2026-09-17T18:20:31.578591Z
  Time since last request: 0.00014825 seconds.
  importAddress: GUID: 5b0b70d745734efbbaf74be671053cbf - Path: Packages/com.unity.2d.aseprite/Editor/AssetGeneration/TextureGeneration.cs - Importer: ScriptedImporter/UnityEditor.QuickSearchModule:UnityEditor.Search:ASIAI0B
Importing 'GUID: 5b0b70d745734efbbaf74be671053cbf - Path: Packages/com.unity.2d.aseprite/Editor/AssetGeneration/TextureGeneration.cs - Importer: ScriptedImporter/UnityEditor.QuickSearchModule:UnityEditor.Search:ASIAI0B' with importer (ScriptedImporter : UnityEditor.QuickSearchModule:UnityEditor.Search:ASIAI0B)
Imported 'GUID: 5b0b70d745734efbbaf74be671053cbf' -> (Import Result ID: '405911f79e5d78c9923939583688a4c4') in 0.001 seconds [static and dynamic dependencies]. Details - ImportResultOutputID=0ed17f3f54dc5d9281beb12daa31cd4a DependenciesID=20a484a7a54e23b592e80e1d78d9c6e1 StaticDependenciesID=60ac2740e1258b091e55fdc98222513a 
Number of updated asset objects reloaded before import = 0
Number of asset objects unloaded after import = 0
========================================================================
Received Import Request.
  Time of request: 2026-09-17T18:20:31.586409Z
  Time since last request: 0.000133125 seconds.
  importAddress: GUID: b74537feff4831541a8c3bf81913649d - Path: Packages/com.unity.2d.tilemap/Editor/GridEditorUtility.cs - Importer: ScriptedImporter/UnityEditor.QuickSearchModule:UnityEditor.Search:ASIAI0B
Importing 'GUID: b74537feff4831541a8c3bf81913649d - Path: Packages/com.unity.2d.tilemap/Editor/GridEditorUtility.cs - Importer: ScriptedImporter/UnityEditor.QuickSearchModule:UnityEditor.Search:ASIAI0B' with importer (ScriptedImporter : UnityEditor.QuickSearchModule:UnityEditor.Search:ASIAI0B)
Imported 'GUID: b74537feff4831541a8c3bf81913649d' -> (Import Result ID: '8ffaf5f2d6aab24d5f2d186ad720602a') in 0.001 seconds [static and dynamic dependencies]. Details - ImportResultOutputID=c7de0a499d6a0955ce816f656e8a29e1 DependenciesID=a4da31462e5419137ee8255cdcc835a9 StaticDependenciesID=ac2d3e0c05d6303d612e5c3dd8c0dcb7 
Number of updated asset objects reloaded before import = 0
Number of asset objects unloaded after import = 0
========================================================================
Received Import Request.
  Time of request: 2026-09-17T18:20:31.59397Z
  Time since last request: 0.000122833 seconds.
  importAddress: GUID: 4bcd27377338b8440bda5ecf26ea2fb5 - Path: Packages/com.unity.2d.animation/Editor/Assets/EditorIcons/Edit_Geometry@2x.png - Importer: ScriptedImporter/UnityEditor.QuickSearchModule:UnityEditor.Search:ASIAI0B
Importing 'GUID: 4bcd27377338b8440bda5ecf26ea2fb5 - Path: Packages/com.unity.2d.animation/Editor/Assets/EditorIcons/Edit_Geometry@2x.png - Importer: ScriptedImporter/UnityEditor.QuickSearchModule:UnityEditor.Search:ASIAI0B' with importer (ScriptedImporter : UnityEditor.QuickSearchModule:UnityEditor.Search:ASIAI0B)
Imported 'GUID: 4bcd27377338b8440bda5ecf26ea2fb5' -> (Import Result ID: '47f80b21d992511ed9ec0915d4430e3d') in 0.002 seconds [static and dynamic dependencies]. Details - ImportResultOutputID=dfb5c368724593855a531bf7e9e2eab8 DependenciesID=1e2af616f1a3720b37ba0df2c761c278 StaticDependenciesID=c54898200b029e016dabd34069fd5e50 
Number of updated asset objects reloaded before import = 0
Number of asset objects unloaded after import = 3
========================================================================
Received Import Request.
  Time of request: 2026-09-17T18:20:31.603326Z
  Time since last request: 0.000141542 seconds.
  importAddress: GUID: 56431fa7b1b21794baaf8d8e47c78bdb - Path: Packages/com.unity.2d.animation/Editor/Assets/EditorIcons/d_Bone_Influence@3x.png - Importer: ScriptedImporter/UnityEditor.QuickSearchModule:UnityEditor.Search:ASIAI0B
Importing 'GUID: 56431fa7b1b21794baaf8d8e47c78bdb - Path: Packages/com.unity.2d.animation/Editor/Assets/EditorIcons/d_Bone_Influence@3x.png - Importer: ScriptedImporter/UnityEditor.QuickSearchModule:UnityEditor.Search:ASIAI0B' with importer (ScriptedImporter : UnityEditor.QuickSearchModule:UnityEditor.Search:ASIAI0B)
Imported 'GUID: 56431fa7b1b21794baaf8d8e47c78bdb' -> (Import Result ID: '0226dceaa06d015e2e570cb8cba4bae4') in 0.002 seconds [static and dynamic dependencies]. Details - ImportResultOutputID=ac2d1b325cb5a668c551343c3845ea55 DependenciesID=8ed18db4ad834aa94ca9c6438b34147c StaticDependenciesID=f9f958110d63875d540743439a4d212b 
Number of updated asset objects reloaded before import = 0
Number of asset objects unloaded after import = 3
========================================================================
Received Import Request.
  Time of request: 2026-09-17T18:20:31.612769Z
  Time since last request: 0.000081334 seconds.
  importAddress: GUID: c48d0173f2d2c40679bc236de8551a69 - Path: Packages/com.unity.2d.animation/Editor/Assets/ComponentIcons/Animation.SpriteSkin On@32.png - Importer: ScriptedImporter/UnityEditor.QuickSearchModule:UnityEditor.Search:ASIAI0B
Importing 'GUID: c48d0173f2d2c40679bc236de8551a69 - Path: Packages/com.unity.2d.animation/Editor/Assets/ComponentIcons/Animation.SpriteSkin On@32.png - Importer: ScriptedImporter/UnityEditor.QuickSearchModule:UnityEditor.Search:ASIAI0B' with importer (ScriptedImporter : UnityEditor.QuickSearchModule:UnityEditor.Search:ASIAI0B)
Imported 'GUID: c48d0173f2d2c40679bc236de8551a69' -> (Import Result ID: 'e79a13554efe3901ec6af8bc795141d4') in 0.003 seconds [static and dynamic dependencies]. Details - ImportResultOutputID=14bf0898b72b748e9728e00144e6a770 DependenciesID=98faeee379ab84beb3eeeff1ae7a06c7 StaticDependenciesID=ce3475e4e24d00714c444e36923b4296 
Number of updated asset objects reloaded before import = 0
Number of asset objects unloaded after import = 3
========================================================================
Received Import Request.
  Time of request: 2026-09-17T18:20:31.622167Z
  Time since last request: 0.000108375 seconds.
  importAddress: GUID: 3c89b25b03da4643898f9943d7eafa4c - Path: Packages/com.unity.2d.animation/IK/Runtime/Culling - Importer: ScriptedImporter/UnityEditor.QuickSearchModule:UnityEditor.Search:ASIAI0B
Importing 'GUID: 3c89b25b03da4643898f9943d7eafa4c - Path: Packages/com.unity.2d.animation/IK/Runtime/Culling - Importer: ScriptedImporter/UnityEditor.QuickSearchModule:UnityEditor.Search:ASIAI0B' with importer (ScriptedImporter : UnityEditor.QuickSearchModule:UnityEditor.Search:ASIAI0B)
Imported 'GUID: 3c89b25b03da4643898f9943d7eafa4c' -> (Import Result ID: '67df5522c0b2cb06bb33bbd09ddffd55') in 0.001 seconds [static and dynamic dependencies]. Details - ImportResultOutputID=2780777b437244b9b8f54b1a64764abd DependenciesID=74abe52730fa0763feae1b56f704d5a6 StaticDependenciesID=147e291986f128fd04f7dadbb22fb2b8 
Number of updated asset objects reloaded before import = 0
Number of asset objects unloaded after import = 1
========================================================================
Received Import Request.
  Time of request: 2026-09-17T18:20:31.629574Z
  Time since last request: 0.000137458 seconds.
  importAddress: GUID: ba56bf56723d427db8dd5af8836b2f48 - Path: Packages/com.unity.2d.sprite/Editor/ProjectSettings/SpriteFrameModuleSettings/SpriteFrameModuleSettings.uss - Importer: ScriptedImporter/UnityEditor.QuickSearchModule:UnityEditor.Search:ASIAI0B
Importing 'GUID: ba56bf56723d427db8dd5af8836b2f48 - Path: Packages/com.unity.2d.sprite/Editor/ProjectSettings/SpriteFrameModuleSettings/SpriteFrameModuleSettings.uss - Importer: ScriptedImporter/UnityEditor.QuickSearchModule:UnityEditor.Search:ASIAI0B' with importer (ScriptedImporter : UnityEditor.QuickSearchModule:UnityEditor.Search:ASIAI0B)
Imported 'GUID: ba56bf56723d427db8dd5af8836b2f48' -> (Import Result ID: '6a278b0f82518b084fdd4019700c9d54') in 0.001 seconds [static and dynamic dependencies]. Details - ImportResultOutputID=edf1b011671c6297871dc81afa92093a DependenciesID=d8928bb01c7cf06f2f9972b5c7b62539 StaticDependenciesID=4b37136982309e62cfdddfe59398338b 
Number of updated asset objects reloaded before import = 0
Number of asset objects unloaded after import = 1
========================================================================
Received Import Request.
  Time of request: 2026-09-17T18:20:31.637968Z
  Time since last request: 0.000100959 seconds.
  importAddress: GUID: a31658f0a7411474fa4e2be61c4f9df2 - Path: Packages/com.unity.2d.spriteshape/Editor/AngleRangeController.cs - Importer: ScriptedImporter/UnityEditor.QuickSearchModule:UnityEditor.Search:ASIAI0B
Importing 'GUID: a31658f0a7411474fa4e2be61c4f9df2 - Path: Packages/com.unity.2d.spriteshape/Editor/AngleRangeController.cs - Importer: ScriptedImporter/UnityEditor.QuickSearchModule:UnityEditor.Search:ASIAI0B' with importer (ScriptedImporter : UnityEditor.QuickSearchModule:UnityEditor.Search:ASIAI0B)
Imported 'GUID: a31658f0a7411474fa4e2be61c4f9df2' -> (Import Result ID: '881c219dd8b9e18dac53e8f5cc7a4fd1') in 0.001 seconds [static and dynamic dependencies]. Details - ImportResultOutputID=e1544b66d219f90e7925ba6a582d8380 DependenciesID=1d77905d0e0873b5119ceb570c00c05d StaticDependenciesID=985d773ebfac88efbb8fb0ea6bb06a69 
Number of updated asset objects reloaded before import = 0
Number of asset objects unloaded after import = 0
========================================================================
Received Import Request.
  Time of request: 2026-09-17T18:20:31.64818Z
  Time since last request: 0.002592875 seconds.
  importAddress: GUID: 27fcf2ee0895b467f980e5c3c57b655c - Path: Packages/com.unity.2d.tilemap.extras/Editor/Brushes/GameObjectBrush/GameObjectBrush@4x.png - Importer: ScriptedImporter/UnityEditor.QuickSearchModule:UnityEditor.Search:ASIAI0B
Importing 'GUID: 27fcf2ee0895b467f980e5c3c57b655c - Path: Packages/com.unity.2d.tilemap.extras/Editor/Brushes/GameObjectBrush/GameObjectBrush@4x.png - Importer: ScriptedImporter/UnityEditor.QuickSearchModule:UnityEditor.Search:ASIAI0B' with importer (ScriptedImporter : UnityEditor.QuickSearchModule:UnityEditor.Search:ASIAI0B)
Imported 'GUID: 27fcf2ee0895b467f980e5c3c57b655c' -> (Import Result ID: 'd56e0584131e90394e260050ad191fa0') in 0.003 seconds [static and dynamic dependencies]. Details - ImportResultOutputID=4c446eba80e63d7bdc622e6402fa0444 DependenciesID=87a6523be36d9333b94630831be7df5b StaticDependenciesID=c45bbdf33378dda35126d818557b2faf 
Number of updated asset objects reloaded before import = 0
Number of asset objects unloaded after import = 3
========================================================================
Received Import Request.
  Time of request: 2026-09-17T18:20:31.658266Z
  Time since last request: 0.000210791 seconds.
  importAddress: GUID: 3c6d402da5acb4d1da766701ce3753c6 - Path: Packages/com.unity.2d.psdimporter/Editor/Assets/Icons/Dark - Importer: ScriptedImporter/UnityEditor.QuickSearchModule:UnityEditor.Search:ASIAI0B
Importing 'GUID: 3c6d402da5acb4d1da766701ce3753c6 - Path: Packages/com.unity.2d.psdimporter/Editor/Assets/Icons/Dark - Importer: ScriptedImporter/UnityEditor.QuickSearchModule:UnityEditor.Search:ASIAI0B' with importer (ScriptedImporter : UnityEditor.QuickSearchModule:UnityEditor.Search:ASIAI0B)
Imported 'GUID: 3c6d402da5acb4d1da766701ce3753c6' -> (Import Result ID: '62479aea16ae4047407c77175998c918') in 0.002 seconds [static and dynamic dependencies]. Details - ImportResultOutputID=d08a28c25448775e736067c637ff83d6 DependenciesID=57725ba5778c1194abd97d7ab4209e82 StaticDependenciesID=29127404d80edbaa366348a2b8b44303 
Number of updated asset objects reloaded before import = 0
Number of asset objects unloaded after import = 1
========================================================================
Received Import Request.
  Time of request: 2026-09-17T18:20:31.667252Z
  Time since last request: 0.000139792 seconds.
  importAddress: GUID: ac47ed8ccc79cf04dae198b9cc5b3a6f - Path: Packages/com.unity.2d.animation/Editor/Assets/EditorIcons/Selected/Weight_Slider@4x.png - Importer: ScriptedImporter/UnityEditor.QuickSearchModule:UnityEditor.Search:ASIAI0B
Importing 'GUID: ac47ed8ccc79cf04dae198b9cc5b3a6f - Path: Packages/com.unity.2d.animation/Editor/Assets/EditorIcons/Selected/Weight_Slider@4x.png - Importer: ScriptedImporter/UnityEditor.QuickSearchModule:UnityEditor.Search:ASIAI0B' with importer (ScriptedImporter : UnityEditor.QuickSearchModule:UnityEditor.Search:ASIAI0B)
Imported 'GUID: ac47ed8ccc79cf04dae198b9cc5b3a6f' -> (Import Result ID: '2a417ad578d73b3fc7b72fa78063fcc5') in 0.003 seconds [static and dynamic dependencies]. Details - ImportResultOutputID=7026e4386ec5dfb7b415c5275461575f DependenciesID=bcada89e142ceee5dcd786ee531da413 StaticDependenciesID=d0e91ed090142c69967d32a268fa7697 
Number of updated asset objects reloaded before import = 0
Number of asset objects unloaded after import = 3
========================================================================
Received Import Request.
  Time of request: 2026-09-17T18:20:31.677259Z
  Time since last request: 0.000205916 seconds.
  importAddress: GUID: 0b0f60aa75b9d024480f9aaad450723b - Path: Packages/com.unity.2d.animation/Editor/Assets/EditorIcons/Selected/Edit_Joints@3x.png - Importer: ScriptedImporter/UnityEditor.QuickSearchModule:UnityEditor.Search:ASIAI0B
Importing 'GUID: 0b0f60aa75b9d024480f9aaad450723b - Path: Packages/com.unity.2d.animation/Editor/Assets/EditorIcons/Selected/Edit_Joints@3x.png - Importer: ScriptedImporter/UnityEditor.QuickSearchModule:UnityEditor.Search:ASIAI0B' with importer (ScriptedImporter : UnityEditor.QuickSearchModule:UnityEditor.Search:ASIAI0B)
Imported 'GUID: 0b0f60aa75b9d024480f9aaad450723b' -> (Import Result ID: '2e2196ccb54987d1886df939e13f6697') in 0.003 seconds [static and dynamic dependencies]. Details - ImportResultOutputID=721495d1b5acad7df3255abf62d7c8a3 DependenciesID=06e7975b30955bf63dcb0baed3e0c70a StaticDependenciesID=93807f0614e7ce88067ebcf61d1eaf15 
Number of updated asset objects reloaded before import = 0
Number of asset objects unloaded after import = 3
========================================================================
Received Import Request.
  Time of request: 2026-09-17T18:20:31.68681Z
  Time since last request: 0.000099584 seconds.
  importAddress: GUID: d4a1388a0d4ee9c44bcaa86e463a7b39 - Path: Packages/com.unity.2d.animation/Editor/Assets/EditorIcons/d_character_Mode@2x.png - Importer: ScriptedImporter/UnityEditor.QuickSearchModule:UnityEditor.Search:ASIAI0B
Importing 'GUID: d4a1388a0d4ee9c44bcaa86e463a7b39 - Path: Packages/com.unity.2d.animation/Editor/Assets/EditorIcons/d_character_Mode@2x.png - Importer: ScriptedImporter/UnityEditor.QuickSearchModule:UnityEditor.Search:ASIAI0B' with importer (ScriptedImporter : UnityEditor.QuickSearchModule:UnityEditor.Search:ASIAI0B)
Imported 'GUID: d4a1388a0d4ee9c44bcaa86e463a7b39' -> (Import Result ID: '53628962f87f04c56533f8cf7dd18b35') in 0.002 seconds [static and dynamic dependencies]. Details - ImportResultOutputID=aba63b8465fbea6eddf5be7f56c86997 DependenciesID=eb233c750fd2055e2aa236c80795c02a StaticDependenciesID=6d51277b147f612aa931e33b07ddccea 
Number of updated asset objects reloaded before import = 0
Number of asset objects unloaded after import = 3
========================================================================
Received Import Request.
  Time of request: 2026-09-17T18:20:31.696181Z
  Time since last request: 0.000152917 seconds.
  importAddress: GUID: 3117700da371f4f3b932c026b648284d - Path: Packages/com.unity.2d.psdimporter/Editor/Assets/Icons/Selected/Layers Separated@4x.png - Importer: ScriptedImporter/UnityEditor.QuickSearchModule:UnityEditor.Search:ASIAI0B
Importing 'GUID: 3117700da371f4f3b932c026b648284d - Path: Packages/com.unity.2d.psdimporter/Editor/Assets/Icons/Selected/Layers Separated@4x.png - Importer: ScriptedImporter/UnityEditor.QuickSearchModule:UnityEditor.Search:ASIAI0B' with importer (ScriptedImporter : UnityEditor.QuickSearchModule:UnityEditor.Search:ASIAI0B)
Imported 'GUID: 3117700da371f4f3b932c026b648284d' -> (Import Result ID: '9874ea9e25ccac83258fb8a8838a5e23') in 0.002 seconds [static and dynamic dependencies]. Details - ImportResultOutputID=33951c48249d6214287b01ce2af0743c DependenciesID=3454e327e5f104bb6cecab832a9271c5 StaticDependenciesID=5a2aa00a2f8345d3fd7102e897ceb4c7 
Number of updated asset objects reloaded before import = 0
Number of asset objects unloaded after import = 3
========================================================================
Received Import Request.
  Time of request: 2026-09-17T18:20:31.705584Z
  Time since last request: 0.000096416 seconds.
  importAddress: GUID: 53d33bff0a9374b6db003552e5767cdb - Path: Packages/com.unity.2d.animation/Editor/Assets/ComponentIcons/Animation.IKFabrik.png - Importer: ScriptedImporter/UnityEditor.QuickSearchModule:UnityEditor.Search:ASIAI0B
Importing 'GUID: 53d33bff0a9374b6db003552e5767cdb - Path: Packages/com.unity.2d.animation/Editor/Assets/ComponentIcons/Animation.IKFabrik.png - Importer: ScriptedImporter/UnityEditor.QuickSearchModule:UnityEditor.Search:ASIAI0B' with importer (ScriptedImporter : UnityEditor.QuickSearchModule:UnityEditor.Search:ASIAI0B)
Imported 'GUID: 53d33bff0a9374b6db003552e5767cdb' -> (Import Result ID: '5a7532a8d10a0c72e9e7a2394444ffd2') in 0.003 seconds [static and dynamic dependencies]. Details - ImportResultOutputID=2039c4c452263f1f4b56a4c460c0a43d DependenciesID=113b3584b3539461e061261c514f235b StaticDependenciesID=f1da8192443082dfa3db2b5c0e121d23 
Number of updated asset objects reloaded before import = 0
Number of asset objects unloaded after import = 3
========================================================================
Received Import Request.
  Time of request: 2026-09-17T18:20:31.714989Z
  Time since last request: 0.000154458 seconds.
  importAddress: GUID: bba3ad14ed4c2d64fbd090a846ffaaea - Path: Packages/com.unity.2d.animation/Editor/Assets/EditorIcons/d_Generate_Geometry.png - Importer: ScriptedImporter/UnityEditor.QuickSearchModule:UnityEditor.Search:ASIAI0B
Importing 'GUID: bba3ad14ed4c2d64fbd090a846ffaaea - Path: Packages/com.unity.2d.animation/Editor/Assets/EditorIcons/d_Generate_Geometry.png - Importer: ScriptedImporter/UnityEditor.QuickSearchModule:UnityEditor.Search:ASIAI0B' with importer (ScriptedImporter : UnityEditor.QuickSearchModule:UnityEditor.Search:ASIAI0B)
Imported 'GUID: bba3ad14ed4c2d64fbd090a846ffaaea' -> (Import Result ID: 'b0ad497a30cd0c41da3c2a6343cce805') in 0.003 seconds [static and dynamic dependencies]. Details - ImportResultOutputID=a8a94e965642d115bb5350bf0ee3d4d8 DependenciesID=c369722de38ff6bfd800103ef91828f2 StaticDependenciesID=8f523ed6e4a9535d20041406d89d5367 
Number of updated asset objects reloaded before import = 0
Number of asset objects unloaded after import = 3
========================================================================
Received Import Request.
  Time of request: 2026-09-17T18:20:31.724564Z
  Time since last request: 0.000090959 seconds.
  importAddress: GUID: 3dd5e5c693a816e4f96b869f6465955b - Path: Packages/com.unity.2d.animation/Editor/Assets/EditorIcons/Weight_Brush@4x.png - Importer: ScriptedImporter/UnityEditor.QuickSearchModule:UnityEditor.Search:ASIAI0B
Importing 'GUID: 3dd5e5c693a816e4f96b869f6465955b - Path: Packages/com.unity.2d.animation/Editor/Assets/EditorIcons/Weight_Brush@4x.png - Importer: ScriptedImporter/UnityEditor.QuickSearchModule:UnityEditor.Search:ASIAI0B' with importer (ScriptedImporter : UnityEditor.QuickSearchModule:UnityEditor.Search:ASIAI0B)
Imported 'GUID: 3dd5e5c693a816e4f96b869f6465955b' -> (Import Result ID: '3de92d330b07071bab76fe047930d784') in 0.003 seconds [static and dynamic dependencies]. Details - ImportResultOutputID=d0e49992d8e594fda6f6c5b34ed62269 DependenciesID=57ec0c125382311c817a6c730e453e09 StaticDependenciesID=cd081f23814fde2b66b49fbb4bdc27c7 
Number of updated asset objects reloaded before import = 0
Number of asset objects unloaded after import = 3
========================================================================
Received Import Request.
  Time of request: 2026-09-17T18:20:31.734238Z
  Time since last request: 0.000131542 seconds.
  importAddress: GUID: 50eb3d76f731b5e46a7b8a0a52d93ef9 - Path: Packages/com.unity.2d.animation/Editor/Assets/EditorIcons/Selected/Paste.png - Importer: ScriptedImporter/UnityEditor.QuickSearchModule:UnityEditor.Search:ASIAI0B
Importing 'GUID: 50eb3d76f731b5e46a7b8a0a52d93ef9 - Path: Packages/com.unity.2d.animation/Editor/Assets/EditorIcons/Selected/Paste.png - Importer: ScriptedImporter/UnityEditor.QuickSearchModule:UnityEditor.Search:ASIAI0B' with importer (ScriptedImporter : UnityEditor.QuickSearchModule:UnityEditor.Search:ASIAI0B)
Imported 'GUID: 50eb3d76f731b5e46a7b8a0a52d93ef9' -> (Import Result ID: '427c6dd8a2adbeb292d559119fe555d4') in 0.002 seconds [static and dynamic dependencies]. Details - ImportResultOutputID=5fd9290ff442bb246b5eb8ce40fab01d DependenciesID=cda12572083b288a005e4f10b5672aec StaticDependenciesID=d8e37e0a729230ecfd6e9fa5e85a8a7d 
Number of updated asset objects reloaded before import = 0
Number of asset objects unloaded after import = 3
========================================================================
Received Import Request.
  Time of request: 2026-09-17T18:20:31.743318Z
  Time since last request: 0.000092625 seconds.
  importAddress: GUID: 4573e6fe13e8f4b68a6e290c779078cd - Path: Packages/com.unity.2d.animation/Editor/Assets/EditorIcons/d_True.png - Importer: ScriptedImporter/UnityEditor.QuickSearchModule:UnityEditor.Search:ASIAI0B
Importing 'GUID: 4573e6fe13e8f4b68a6e290c779078cd - Path: Packages/com.unity.2d.animation/Editor/Assets/EditorIcons/d_True.png - Importer: ScriptedImporter/UnityEditor.QuickSearchModule:UnityEditor.Search:ASIAI0B' with importer (ScriptedImporter : UnityEditor.QuickSearchModule:UnityEditor.Search:ASIAI0B)
Imported 'GUID: 4573e6fe13e8f4b68a6e290c779078cd' -> (Import Result ID: '93269bf9cf3cfe4b13e4493096b69107') in 0.003 seconds [static and dynamic dependencies]. Details - ImportResultOutputID=6514b0b0739378166db3b68ce9c0bfef DependenciesID=6056715a65eb0533ad524618ef26b5b1 StaticDependenciesID=9482546ef09b16664485b3ab02104c13 
Number of updated asset objects reloaded before import = 0
Number of asset objects unloaded after import = 3
========================================================================
Received Import Request.
  Time of request: 2026-09-17T18:20:31.752993Z
  Time since last request: 0.000227209 seconds.
  importAddress: GUID: d62df6d8cd1bb504dbae262bb6d6efe6 - Path: Packages/com.unity.2d.animation/Editor/Assets/SkinningModule/GenerateGeometryPanel.uxml - Importer: ScriptedImporter/UnityEditor.QuickSearchModule:UnityEditor.Search:ASIAI0B
Importing 'GUID: d62df6d8cd1bb504dbae262bb6d6efe6 - Path: Packages/com.unity.2d.animation/Editor/Assets/SkinningModule/GenerateGeometryPanel.uxml - Importer: ScriptedImporter/UnityEditor.QuickSearchModule:UnityEditor.Search:ASIAI0B' with importer (ScriptedImporter : UnityEditor.QuickSearchModule:UnityEditor.Search:ASIAI0B)
Imported 'GUID: d62df6d8cd1bb504dbae262bb6d6efe6' -> (Import Result ID: '3024baa2f10d121c9a2b8ab953f6303b') in 0.003 seconds [static and dynamic dependencies]. Details - ImportResultOutputID=ce5e611e89a3ca4ec94ad73af1155d9c DependenciesID=b1880614c909ba40f9886f0ba4ce503f StaticDependenciesID=e7320eb763717150290c3285f1a86d48 
Number of updated asset objects reloaded before import = 0
Number of asset objects unloaded after import = 2
========================================================================
Received Import Request.
  Time of request: 2026-09-17T18:20:31.762945Z
  Time since last request: 0.000084583 seconds.
  importAddress: GUID: 4328211baea95405ab6b8d24456fcbc9 - Path: Packages/com.unity.2d.animation/Editor/Assets/ComponentIcons/d_Animation.IKLimb@128.png - Importer: ScriptedImporter/UnityEditor.QuickSearchModule:UnityEditor.Search:ASIAI0B
Importing 'GUID: 4328211baea95405ab6b8d24456fcbc9 - Path: Packages/com.unity.2d.animation/Editor/Assets/ComponentIcons/d_Animation.IKLimb@128.png - Importer: ScriptedImporter/UnityEditor.QuickSearchModule:UnityEditor.Search:ASIAI0B' with importer (ScriptedImporter : UnityEditor.QuickSearchModule:UnityEditor.Search:ASIAI0B)
Imported 'GUID: 4328211baea95405ab6b8d24456fcbc9' -> (Import Result ID: '35979a30caf14ff649a1d78fc04e6f90') in 0.003 seconds [static and dynamic dependencies]. Details - ImportResultOutputID=3b009f1454dfc31d0bc3f48676f02089 DependenciesID=dc8a9e0a893ea46dccd24b4751273d9e StaticDependenciesID=48d40b575c1a49c0102a58eceb95cc08 
Number of updated asset objects reloaded before import = 0
Number of asset objects unloaded after import = 3
========================================================================
Received Import Request.
  Time of request: 2026-09-17T18:20:31.772967Z
  Time since last request: 0.000136792 seconds.
  importAddress: GUID: 3d9fb59c1fa00406ab971588842aa368 - Path: Packages/com.unity.2d.animation/Editor/Assets/ComponentIcons/Animation.SpriteLibraryManager@256.png - Importer: ScriptedImporter/UnityEditor.QuickSearchModule:UnityEditor.Search:ASIAI0B
Importing 'GUID: 3d9fb59c1fa00406ab971588842aa368 - Path: Packages/com.unity.2d.animation/Editor/Assets/ComponentIcons/Animation.SpriteLibraryManager@256.png - Importer: ScriptedImporter/UnityEditor.QuickSearchModule:UnityEditor.Search:ASIAI0B' with importer (ScriptedImporter : UnityEditor.QuickSearchModule:UnityEditor.Search:ASIAI0B)
Imported 'GUID: 3d9fb59c1fa00406ab971588842aa368' -> (Import Result ID: 'f42bcbb2c0963c2f9a5be8f382e7b9b7') in 0.004 seconds [static and dynamic dependencies]. Details - ImportResultOutputID=91ce99fcf77d29e994de27bfdab6ccc7 DependenciesID=e5f1a8b8aecd94c32e7ea1174d3e78e7 StaticDependenciesID=7e340cb74cf36b7f576b24345c70bbfc 
Number of updated asset objects reloaded before import = 0
Number of asset objects unloaded after import = 3
========================================================================
Received Import Request.
  Time of request: 2026-09-17T18:20:31.783506Z
  Time since last request: 0.000105875 seconds.
  importAddress: GUID: 5ab572b9a7b33426c83f5ed08ca8c798 - Path: Packages/com.unity.2d.animation/Editor/Assets/ComponentIcons/d_Animation.IKManager@64.png - Importer: ScriptedImporter/UnityEditor.QuickSearchModule:UnityEditor.Search:ASIAI0B
Importing 'GUID: 5ab572b9a7b33426c83f5ed08ca8c798 - Path: Packages/com.unity.2d.animation/Editor/Assets/ComponentIcons/d_Animation.IKManager@64.png - Importer: ScriptedImporter/UnityEditor.QuickSearchModule:UnityEditor.Search:ASIAI0B' with importer (ScriptedImporter : UnityEditor.QuickSearchModule:UnityEditor.Search:ASIAI0B)
Imported 'GUID: 5ab572b9a7b33426c83f5ed08ca8c798' -> (Import Result ID: '3d936a08ad90a6deab369220fb6d9b8f') in 0.002 seconds [static and dynamic dependencies]. Details - ImportResultOutputID=56e28eadd3664ee5fbd7c7e2886d4900 DependenciesID=28bfc418248590b54f6a382c16d6cbae StaticDependenciesID=bacceef64ace87370977095ea1394f52 
Number of updated asset objects reloaded before import = 0
Number of asset objects unloaded after import = 3
========================================================================
Received Import Request.
  Time of request: 2026-09-17T18:20:31.792943Z
  Time since last request: 0.000128584 seconds.
  importAddress: GUID: 9382c856352ae4001b0ec605e74a61de - Path: Packages/com.unity.2d.animation/Editor/Assets/ComponentIcons/Animation.IKLimb On@32.png - Importer: ScriptedImporter/UnityEditor.QuickSearchModule:UnityEditor.Search:ASIAI0B
Importing 'GUID: 9382c856352ae4001b0ec605e74a61de - Path: Packages/com.unity.2d.animation/Editor/Assets/ComponentIcons/Animation.IKLimb On@32.png - Importer: ScriptedImporter/UnityEditor.QuickSearchModule:UnityEditor.Search:ASIAI0B' with importer (ScriptedImporter : UnityEditor.QuickSearchModule:UnityEditor.Search:ASIAI0B)
Imported 'GUID: 9382c856352ae4001b0ec605e74a61de' -> (Import Result ID: 'd57b12255be1c5a9427d3528328d9867') in 0.002 seconds [static and dynamic dependencies]. Details - ImportResultOutputID=313c2eb5c0d92eec6f6255953615c15e DependenciesID=8e7bf52f19653ad5d04a4d33fd0380cf StaticDependenciesID=34a7fe2dc19a1d797a0264ca86d59730 
Number of updated asset objects reloaded before import = 0
Number of asset objects unloaded after import = 3
========================================================================
Received Import Request.
  Time of request: 2026-09-17T18:20:31.801859Z
  Time since last request: 0.000107084 seconds.
  importAddress: GUID: 4d2d8fb4fc2041441980b4ec253532b0 - Path: Packages/com.unity.2d.animation/Editor/Assets/EditorIcons/Split_Edge@3x.png - Importer: ScriptedImporter/UnityEditor.QuickSearchModule:UnityEditor.Search:ASIAI0B
Importing 'GUID: 4d2d8fb4fc2041441980b4ec253532b0 - Path: Packages/com.unity.2d.animation/Editor/Assets/EditorIcons/Split_Edge@3x.png - Importer: ScriptedImporter/UnityEditor.QuickSearchModule:UnityEditor.Search:ASIAI0B' with importer (ScriptedImporter : UnityEditor.QuickSearchModule:UnityEditor.Search:ASIAI0B)
Imported 'GUID: 4d2d8fb4fc2041441980b4ec253532b0' -> (Import Result ID: '0b8d4ceebf2e6c17151c787b1b22751a') in 0.003 seconds [static and dynamic dependencies]. Details - ImportResultOutputID=7aa8ab2cf5e94522ef9bc23b5c64649e DependenciesID=a17c6e00e02881d0af4f00ccb661939d StaticDependenciesID=0f7b1991d36752e1b1620cac5a228322 
Number of updated asset objects reloaded before import = 0
Number of asset objects unloaded after import = 3
========================================================================
Received Import Request.
  Time of request: 2026-09-17T18:20:31.811291Z
  Time since last request: 0.000122209 seconds.
  importAddress: GUID: 86d54c3c2257e484f836f4f55e3d725b - Path: Packages/com.unity.2d.animation/Editor/Assets/ComponentIcons/d_Animation.SpriteLibrary@2x.png - Importer: ScriptedImporter/UnityEditor.QuickSearchModule:UnityEditor.Search:ASIAI0B
Importing 'GUID: 86d54c3c2257e484f836f4f55e3d725b - Path: Packages/com.unity.2d.animation/Editor/Assets/ComponentIcons/d_Animation.SpriteLibrary@2x.png - Importer: ScriptedImporter/UnityEditor.QuickSearchModule:UnityEditor.Search:ASIAI0B' with importer (ScriptedImporter : UnityEditor.QuickSearchModule:UnityEditor.Search:ASIAI0B)
Imported 'GUID: 86d54c3c2257e484f836f4f55e3d725b' -> (Import Result ID: '733da4ab5ebbfc70b593db00ecb41167') in 0.003 seconds [static and dynamic dependencies]. Details - ImportResultOutputID=7d0cea39c7bd9244e70409796287f74a DependenciesID=4a6bf9e6699207a7f479ef054e04ab48 StaticDependenciesID=4524b19d016be7431bb36ebff500a751 
Number of updated asset objects reloaded before import = 0
Number of asset objects unloaded after import = 4
========================================================================
Received Import Request.
  Time of request: 2026-09-17T18:20:31.820715Z
  Time since last request: 0.000106792 seconds.
  importAddress: GUID: 4e560db51173b924aa59f1e95d7ed195 - Path: Packages/com.unity.2d.tilemap/Editor/UI/BoolFieldOverlayPopupWindow.cs - Importer: ScriptedImporter/UnityEditor.QuickSearchModule:UnityEditor.Search:ASIAI0B
Importing 'GUID: 4e560db51173b924aa59f1e95d7ed195 - Path: Packages/com.unity.2d.tilemap/Editor/UI/BoolFieldOverlayPopupWindow.cs - Importer: ScriptedImporter/UnityEditor.QuickSearchModule:UnityEditor.Search:ASIAI0B' with importer (ScriptedImporter : UnityEditor.QuickSearchModule:UnityEditor.Search:ASIAI0B)
Imported 'GUID: 4e560db51173b924aa59f1e95d7ed195' -> (Import Result ID: '5be5ac90fc7d2b7a5f518e0531afa97a') in 0.001 seconds [static and dynamic dependencies]. Details - ImportResultOutputID=a24323175a2020997fb1f1096d5143f5 DependenciesID=34456a3f7cc4c40dfbf5b42388f836e4 StaticDependenciesID=77626ab924b3a9d39a7a86491504e279 
Number of updated asset objects reloaded before import = 0
Number of asset objects unloaded after import = 0
========================================================================
Received Import Request.
  Time of request: 2026-09-17T18:20:31.828465Z
  Time since last request: 0.000143 seconds.
  importAddress: GUID: cc7e65fd16d39483aa18d865a68e9451 - Path: Packages/com.unity.2d.animation/Editor/Assets/ComponentIcons/Animation.IKCCD On@64.png - Importer: ScriptedImporter/UnityEditor.QuickSearchModule:UnityEditor.Search:ASIAI0B
Importing 'GUID: cc7e65fd16d39483aa18d865a68e9451 - Path: Packages/com.unity.2d.animation/Editor/Assets/ComponentIcons/Animation.IKCCD On@64.png - Importer: ScriptedImporter/UnityEditor.QuickSearchModule:UnityEditor.Search:ASIAI0B' with importer (ScriptedImporter : UnityEditor.QuickSearchModule:UnityEditor.Search:ASIAI0B)
Imported 'GUID: cc7e65fd16d39483aa18d865a68e9451' -> (Import Result ID: 'f31a1058f923823c3607e0a7059bdbf0') in 0.003 seconds [static and dynamic dependencies]. Details - ImportResultOutputID=9f27e6da337384c5d425a13e8bc172f5 DependenciesID=a04b0d81779c57ce25cbb979a3c48a00 StaticDependenciesID=99dcb91ba49165f3faabe6de551f4693 
Number of updated asset objects reloaded before import = 0
Number of asset objects unloaded after import = 3
========================================================================
Received Import Request.
  Time of request: 2026-09-17T18:20:31.838956Z
  Time since last request: 0.000083666 seconds.
  importAddress: GUID: 26f3d342b8e95b24da7ec4638d7f2322 - Path: Packages/com.unity.2d.tilemap/Editor/Icons/d_Tilemap.GridPaint.png - Importer: ScriptedImporter/UnityEditor.QuickSearchModule:UnityEditor.Search:ASIAI0B
Importing 'GUID: 26f3d342b8e95b24da7ec4638d7f2322 - Path: Packages/com.unity.2d.tilemap/Editor/Icons/d_Tilemap.GridPaint.png - Importer: ScriptedImporter/UnityEditor.QuickSearchModule:UnityEditor.Search:ASIAI0B' with importer (ScriptedImporter : UnityEditor.QuickSearchModule:UnityEditor.Search:ASIAI0B)
Imported 'GUID: 26f3d342b8e95b24da7ec4638d7f2322' -> (Import Result ID: 'cf9c880e2960c03b851955403d269527') in 0.003 seconds [static and dynamic dependencies]. Details - ImportResultOutputID=5b132c1950b9bda1f374de6d20ccfbc3 DependenciesID=94dbac8d7162a62113e62988ffba43f5 StaticDependenciesID=5f8803c29fd0046014f213830cfabbd2 
Number of updated asset objects reloaded before import = 0
Number of asset objects unloaded after import = 3
========================================================================
Received Import Request.
  Time of request: 2026-09-17T18:20:31.848118Z
  Time since last request: 0.000098 seconds.
  importAddress: GUID: 698621c9178225f4b8fbaffd383d579e - Path: Packages/com.unity.2d.animation/Editor/Assets/EditorIcons/Selected/Parent_Bone@2x.png - Importer: ScriptedImporter/UnityEditor.QuickSearchModule:UnityEditor.Search:ASIAI0B
Importing 'GUID: 698621c9178225f4b8fbaffd383d579e - Path: Packages/com.unity.2d.animation/Editor/Assets/EditorIcons/Selected/Parent_Bone@2x.png - Importer: ScriptedImporter/UnityEditor.QuickSearchModule:UnityEditor.Search:ASIAI0B' with importer (ScriptedImporter : UnityEditor.QuickSearchModule:UnityEditor.Search:ASIAI0B)
Imported 'GUID: 698621c9178225f4b8fbaffd383d579e' -> (Import Result ID: '3b2064ecfe0f7934ad0f05a0879b0ca4') in 0.004 seconds [static and dynamic dependencies]. Details - ImportResultOutputID=bf38440af9286a65a3cf512b08edcf3a DependenciesID=7bae6ebc4fd89720bf00c86a08a6f36c StaticDependenciesID=1054948782e78117f1556a94c9312318 
Number of updated asset objects reloaded before import = 0
Number of asset objects unloaded after import = 3
========================================================================
Received Import Request.
  Time of request: 2026-09-17T18:20:31.858444Z
  Time since last request: 0.000111625 seconds.
  importAddress: GUID: e41a6ab3ac7354642a9006c03183e95e - Path: Packages/com.unity.2d.tilemap/Editor/Icons/d_Grid.RotateCW@2x.png - Importer: ScriptedImporter/UnityEditor.QuickSearchModule:UnityEditor.Search:ASIAI0B
Importing 'GUID: e41a6ab3ac7354642a9006c03183e95e - Path: Packages/com.unity.2d.tilemap/Editor/Icons/d_Grid.RotateCW@2x.png - Importer: ScriptedImporter/UnityEditor.QuickSearchModule:UnityEditor.Search:ASIAI0B' with importer (ScriptedImporter : UnityEditor.QuickSearchModule:UnityEditor.Search:ASIAI0B)
Imported 'GUID: e41a6ab3ac7354642a9006c03183e95e' -> (Import Result ID: 'affe9bcd98bacd5332418666e6c332c5') in 0.003 seconds [static and dynamic dependencies]. Details - ImportResultOutputID=45b603d0396109c08cc2e86b1a20df9d DependenciesID=4758d2c3781ed03f86f4ae3c05d7cde0 StaticDependenciesID=a4b0fea67ae88e60602481d991496fa6 
Number of updated asset objects reloaded before import = 0
Number of asset objects unloaded after import = 3
========================================================================
Received Import Request.
  Time of request: 2026-09-17T18:20:31.868009Z
  Time since last request: 0.000124709 seconds.
  importAddress: GUID: 3d7adf78a0bd60848be2470847fbf8ea - Path: Packages/com.unity.2d.animation/Editor/SkinningModule/Lib/x64 - Importer: ScriptedImporter/UnityEditor.QuickSearchModule:UnityEditor.Search:ASIAI0B
Importing 'GUID: 3d7adf78a0bd60848be2470847fbf8ea - Path: Packages/com.unity.2d.animation/Editor/SkinningModule/Lib/x64 - Importer: ScriptedImporter/UnityEditor.QuickSearchModule:UnityEditor.Search:ASIAI0B' with importer (ScriptedImporter : UnityEditor.QuickSearchModule:UnityEditor.Search:ASIAI0B)
Imported 'GUID: 3d7adf78a0bd60848be2470847fbf8ea' -> (Import Result ID: '3d61d4a7c8df2fab49cea55e5ddf28ee') in 0.001 seconds [static and dynamic dependencies]. Details - ImportResultOutputID=5634dd606eea8e47ab30d4699f3b8840 DependenciesID=dfeb8ff16c066139d164ea2f486a4c1e StaticDependenciesID=df34c921e70a27d610a9b44fc7397ae1 
Number of updated asset objects reloaded before import = 0
Number of asset objects unloaded after import = 1
========================================================================
Received Import Request.
  Time of request: 2026-09-17T18:20:31.875504Z
  Time since last request: 0.00012225 seconds.
  importAddress: GUID: f53b0034804e64815a9500a89a65cdb5 - Path: Packages/com.unity.2d.psdimporter/Editor/Assets/Icons - Importer: ScriptedImporter/UnityEditor.QuickSearchModule:UnityEditor.Search:ASIAI0B
Importing 'GUID: f53b0034804e64815a9500a89a65cdb5 - Path: Packages/com.unity.2d.psdimporter/Editor/Assets/Icons - Importer: ScriptedImporter/UnityEditor.QuickSearchModule:UnityEditor.Search:ASIAI0B' with importer (ScriptedImporter : UnityEditor.QuickSearchModule:UnityEditor.Search:ASIAI0B)
Imported 'GUID: f53b0034804e64815a9500a89a65cdb5' -> (Import Result ID: '7d6f069f18afe2341023d7fc2aeb54b7') in 0.001 seconds [static and dynamic dependencies]. Details - ImportResultOutputID=4cfdd3da8e81f3fa59b25acf0ff6e1d5 DependenciesID=0fb937035a3d55a463f93da8bf757260 StaticDependenciesID=7ae60ee5d67436c2c6f9cfd6b82dc4d3 
Number of updated asset objects reloaded before import = 0
Number of asset objects unloaded after import = 1
========================================================================
Received Import Request.
  Time of request: 2026-09-17T18:20:31.88327Z
  Time since last request: 0.000152416 seconds.
  importAddress: GUID: ccc2d535f9cd0b14392f98d74d1104b6 - Path: Packages/com.unity.2d.common/Runtime/UAi2D - Importer: ScriptedImporter/UnityEditor.QuickSearchModule:UnityEditor.Search:ASIAI0B
Importing 'GUID: ccc2d535f9cd0b14392f98d74d1104b6 - Path: Packages/com.unity.2d.common/Runtime/UAi2D - Importer: ScriptedImporter/UnityEditor.QuickSearchModule:UnityEditor.Search:ASIAI0B' with importer (ScriptedImporter : UnityEditor.QuickSearchModule:UnityEditor.Search:ASIAI0B)
Imported 'GUID: ccc2d535f9cd0b14392f98d74d1104b6' -> (Import Result ID: '40ba4d89c5c5bdd627d66311e1b7d537') in 0.001 seconds [static and dynamic dependencies]. Details - ImportResultOutputID=ef2eac5f2ef50f0e50c188d04aa74d4a DependenciesID=beded5195aa92976b086a01db24b7cc6 StaticDependenciesID=d996b73cc4b2400a99184badf99c10dd 
Number of updated asset objects reloaded before import = 0
Number of asset objects unloaded after import = 1
========================================================================
Received Import Request.
  Time of request: 2026-09-17T18:20:31.89139Z
  Time since last request: 0.000146541 seconds.
  importAddress: GUID: e6fe7bda78bd09a46bb7f4a684a91927 - Path: Packages/com.unity.2d.animation/Editor/Assets/EditorIcons/Selected/Paste@3x.png - Importer: ScriptedImporter/UnityEditor.QuickSearchModule:UnityEditor.Search:ASIAI0B
Importing 'GUID: e6fe7bda78bd09a46bb7f4a684a91927 - Path: Packages/com.unity.2d.animation/Editor/Assets/EditorIcons/Selected/Paste@3x.png - Importer: ScriptedImporter/UnityEditor.QuickSearchModule:UnityEditor.Search:ASIAI0B' with importer (ScriptedImporter : UnityEditor.QuickSearchModule:UnityEditor.Search:ASIAI0B)
Imported 'GUID: e6fe7bda78bd09a46bb7f4a684a91927' -> (Import Result ID: '7ed5d30e0c2010492658e9f3622dd829') in 0.002 seconds [static and dynamic dependencies]. Details - ImportResultOutputID=2fd78cc51d7ac43735c7d27bdb75c050 DependenciesID=513e678d019d9eb7aca1f46830c7ee53 StaticDependenciesID=9508a18f88bc2b010750a3e219cbb37b 
Number of updated asset objects reloaded before import = 0
Number of asset objects unloaded after import = 3
========================================================================
Received Import Request.
  Time of request: 2026-09-17T18:20:31.900808Z
  Time since last request: 0.000092417 seconds.
  importAddress: GUID: aeeab8c4e75a1e8419b0eed0716d850a - Path: Packages/com.unity.2d.animation/Editor/SkinningModule/MeshPreviewTool/IMeshPreviewBehaviour.cs - Importer: ScriptedImporter/UnityEditor.QuickSearchModule:UnityEditor.Search:ASIAI0B
Importing 'GUID: aeeab8c4e75a1e8419b0eed0716d850a - Path: Packages/com.unity.2d.animation/Editor/SkinningModule/MeshPreviewTool/IMeshPreviewBehaviour.cs - Importer: ScriptedImporter/UnityEditor.QuickSearchModule:UnityEditor.Search:ASIAI0B' with importer (ScriptedImporter : UnityEditor.QuickSearchModule:UnityEditor.Search:ASIAI0B)
Imported 'GUID: aeeab8c4e75a1e8419b0eed0716d850a' -> (Import Result ID: 'a05ece7dcb1fa94c55cd1cda554558b9') in 0.001 seconds [static and dynamic dependencies]. Details - ImportResultOutputID=41e02f6a95398c914c3c7d4fc5cf5606 DependenciesID=e77c9155141f9d83888ceb39ef1f95af StaticDependenciesID=e1adc998aa20617d3e4dfe96b05b3352 
Number of updated asset objects reloaded before import = 0
Number of asset objects unloaded after import = 0
========================================================================
Received Import Request.
  Time of request: 2026-09-17T18:20:31.908683Z
  Time since last request: 0.000205875 seconds.
  importAddress: GUID: f6dd722ee2cfe46a6bddf89ead1edade - Path: Packages/com.unity.2d.animation/Editor/Assets/ComponentIcons/Animation.SpriteResolver@32.png - Importer: ScriptedImporter/UnityEditor.QuickSearchModule:UnityEditor.Search:ASIAI0B
Importing 'GUID: f6dd722ee2cfe46a6bddf89ead1edade - Path: Packages/com.unity.2d.animation/Editor/Assets/ComponentIcons/Animation.SpriteResolver@32.png - Importer: ScriptedImporter/UnityEditor.QuickSearchModule:UnityEditor.Search:ASIAI0B' with importer (ScriptedImporter : UnityEditor.QuickSearchModule:UnityEditor.Search:ASIAI0B)
Imported 'GUID: f6dd722ee2cfe46a6bddf89ead1edade' -> (Import Result ID: '1389bdbfa168a1f46bc170fbef49a4f2') in 0.003 seconds [static and dynamic dependencies]. Details - ImportResultOutputID=6ef0809dce170b33d59a304d6d16649a DependenciesID=7bfd3467a3710aec3c5f817f38d3f849 StaticDependenciesID=0c7e80ab41323d15baa617e1ace69968 
Number of updated asset objects reloaded before import = 0
Number of asset objects unloaded after import = 3
========================================================================
Received Import Request.
  Time of request: 2026-09-17T18:20:31.918166Z
  Time since last request: 0.000110459 seconds.
  importAddress: GUID: 990b4a891c6849f98e0dd1915ec5eecc - Path: Packages/com.unity.2d.animation/Runtime/SpriteLib/SpriteResolverEditor.cs - Importer: ScriptedImporter/UnityEditor.QuickSearchModule:UnityEditor.Search:ASIAI0B
Importing 'GUID: 990b4a891c6849f98e0dd1915ec5eecc - Path: Packages/com.unity.2d.animation/Runtime/SpriteLib/SpriteResolverEditor.cs - Importer: ScriptedImporter/UnityEditor.QuickSearchModule:UnityEditor.Search:ASIAI0B' with importer (ScriptedImporter : UnityEditor.QuickSearchModule:UnityEditor.Search:ASIAI0B)
Imported 'GUID: 990b4a891c6849f98e0dd1915ec5eecc' -> (Import Result ID: 'd4fdb97ac4de8dcc3e7496e843a44464') in 0.001 seconds [static and dynamic dependencies]. Details - ImportResultOutputID=41f88999f27c479203347e32ab859cc4 DependenciesID=ba1d9beb19da363d2a63c17c24a9ae98 StaticDependenciesID=44ddbc3efbbd6a90f338d25912159948 
Number of updated asset objects reloaded before import = 0
Number of asset objects unloaded after import = 0
========================================================================
Received Import Request.
  Time of request: 2026-09-17T18:20:31.925814Z
  Time since last request: 0.000108458 seconds.
  importAddress: GUID: bf734b7184825b040837040cb93a8dc7 - Path: Packages/com.unity.2d.animation/Editor/Assets/EditorIcons/Selected/Weight_Brush.png - Importer: ScriptedImporter/UnityEditor.QuickSearchModule:UnityEditor.Search:ASIAI0B
Importing 'GUID: bf734b7184825b040837040cb93a8dc7 - Path: Packages/com.unity.2d.animation/Editor/Assets/EditorIcons/Selected/Weight_Brush.png - Importer: ScriptedImporter/UnityEditor.QuickSearchModule:UnityEditor.Search:ASIAI0B' with importer (ScriptedImporter : UnityEditor.QuickSearchModule:UnityEditor.Search:ASIAI0B)
Imported 'GUID: bf734b7184825b040837040cb93a8dc7' -> (Import Result ID: '4136cd2ba094d752bf9a5ed286164b01') in 0.002 seconds [static and dynamic dependencies]. Details - ImportResultOutputID=ce55e23caedc6f269c5cc8e55b1ef13a DependenciesID=fec88d752a93149e974b41ecfe6763f0 StaticDependenciesID=bc4c8b06fb9b1eb0d47adb98afd24c84 
Number of updated asset objects reloaded before import = 0
Number of asset objects unloaded after import = 3
========================================================================
Received Import Request.
  Time of request: 2026-09-17T18:20:31.953289Z
  Time since last request: 0.018570166 seconds.
  importAddress: GUID: 9b92febd89128554b8579633a112c844 - Path: Packages/com.unity.2d.animation/Editor/SkinningModule/IMGUI - Importer: ScriptedImporter/UnityEditor.QuickSearchModule:UnityEditor.Search:ASIAI0B
Importing 'GUID: 9b92febd89128554b8579633a112c844 - Path: Packages/com.unity.2d.animation/Editor/SkinningModule/IMGUI - Importer: ScriptedImporter/UnityEditor.QuickSearchModule:UnityEditor.Search:ASIAI0B' with importer (ScriptedImporter : UnityEditor.QuickSearchModule:UnityEditor.Search:ASIAI0B)
Imported 'GUID: 9b92febd89128554b8579633a112c844' -> (Import Result ID: 'a2a4a2c08d75be185ab87f8301e5bc05') in 0.001 seconds [static and dynamic dependencies]. Details - ImportResultOutputID=bc2c18b144dbf331f1f7f189bdaddaca DependenciesID=c971bd66d9daf4191c52244b58b8e72e StaticDependenciesID=c667349a725440ae0263965975c781c9 
Number of updated asset objects reloaded before import = 0
Number of asset objects unloaded after import = 1
========================================================================
Received Import Request.
  Time of request: 2026-09-17T18:20:31.961696Z
  Time since last request: 0.000222 seconds.
  importAddress: GUID: bc1106d4aa7a8f749b058b7c6a20ff36 - Path: Packages/com.unity.2d.tilemap/Editor/UI/GridPaintingToolbar.cs - Importer: ScriptedImporter/UnityEditor.QuickSearchModule:UnityEditor.Search:ASIAI0B
Importing 'GUID: bc1106d4aa7a8f749b058b7c6a20ff36 - Path: Packages/com.unity.2d.tilemap/Editor/UI/GridPaintingToolbar.cs - Importer: ScriptedImporter/UnityEditor.QuickSearchModule:UnityEditor.Search:ASIAI0B' with importer (ScriptedImporter : UnityEditor.QuickSearchModule:UnityEditor.Search:ASIAI0B)
Imported 'GUID: bc1106d4aa7a8f749b058b7c6a20ff36' -> (Import Result ID: '9e464366d59fa06b69ca7f9bf22d86a5') in 0.001 seconds [static and dynamic dependencies]. Details - ImportResultOutputID=02a86c331ed88d996a1f30b5948686d7 DependenciesID=b51c31a9169423629657008d37579d7e StaticDependenciesID=50922a4280f781500f6b8b032062d6cb 
Number of updated asset objects reloaded before import = 0
Number of asset objects unloaded after import = 0
========================================================================
Received Import Request.
  Time of request: 2026-09-17T18:20:31.969718Z
  Time since last request: 0.000220833 seconds.
  importAddress: GUID: 4c962e26d197d4a78af313c9eba7f136 - Path: Packages/com.unity.2d.animation/Editor/Assets/ComponentIcons/Animation.SpriteLibrary@2x.png - Importer: ScriptedImporter/UnityEditor.QuickSearchModule:UnityEditor.Search:ASIAI0B
Importing 'GUID: 4c962e26d197d4a78af313c9eba7f136 - Path: Packages/com.unity.2d.animation/Editor/Assets/ComponentIcons/Animation.SpriteLibrary@2x.png - Importer: ScriptedImporter/UnityEditor.QuickSearchModule:UnityEditor.Search:ASIAI0B' with importer (ScriptedImporter : UnityEditor.QuickSearchModule:UnityEditor.Search:ASIAI0B)
Imported 'GUID: 4c962e26d197d4a78af313c9eba7f136' -> (Import Result ID: 'd036075a978cb07673ec64fbe5d76720') in 0.003 seconds [static and dynamic dependencies]. Details - ImportResultOutputID=7ae09c266afb274fbf7916de7c5226ac DependenciesID=04ddcb45a07f16a9377713d677ce7012 StaticDependenciesID=b58a4ba24c0b9fbc820428d6ccb5a8c0 
Number of updated asset objects reloaded before import = 0
Number of asset objects unloaded after import = 4
========================================================================
Received Import Request.
  Time of request: 2026-09-17T18:20:31.97943Z
  Time since last request: 0.000086208 seconds.
  importAddress: GUID: dc99af6ad351838409126a573140507a - Path: Packages/com.unity.2d.tilemap/Editor/UI/TilePaletteElement.cs - Importer: ScriptedImporter/UnityEditor.QuickSearchModule:UnityEditor.Search:ASIAI0B
Importing 'GUID: dc99af6ad351838409126a573140507a - Path: Packages/com.unity.2d.tilemap/Editor/UI/TilePaletteElement.cs - Importer: ScriptedImporter/UnityEditor.QuickSearchModule:UnityEditor.Search:ASIAI0B' with importer (ScriptedImporter : UnityEditor.QuickSearchModule:UnityEditor.Search:ASIAI0B)
Imported 'GUID: dc99af6ad351838409126a573140507a' -> (Import Result ID: '4e88482c9c3a99dbfc949d4abdb17f8e') in 0.001 seconds [static and dynamic dependencies]. Details - ImportResultOutputID=e4bc7bcb53dc3b936d6d9443a140cf96 DependenciesID=75973d2898d26953c26c47ea6ff134c4 StaticDependenciesID=f1ccc875ef7001105115812a18f6e032 
Number of updated asset objects reloaded before import = 0
Number of asset objects unloaded after import = 0
========================================================================
Received Import Request.
  Time of request: 2026-09-17T18:20:31.98697Z
  Time since last request: 0.000139333 seconds.
  importAddress: GUID: 9442a5ebd7410a94eba66a0d8ab64f1a - Path: Packages/com.unity.2d.pixel-perfect/Tests/Editor - Importer: ScriptedImporter/UnityEditor.QuickSearchModule:UnityEditor.Search:ASIAI0B
Importing 'GUID: 9442a5ebd7410a94eba66a0d8ab64f1a - Path: Packages/com.unity.2d.pixel-perfect/Tests/Editor - Importer: ScriptedImporter/UnityEditor.QuickSearchModule:UnityEditor.Search:ASIAI0B' with importer (ScriptedImporter : UnityEditor.QuickSearchModule:UnityEditor.Search:ASIAI0B)
Imported 'GUID: 9442a5ebd7410a94eba66a0d8ab64f1a' -> (Import Result ID: 'a75aac01057a5d09d5850b9a328520a5') in 0.001 seconds [static and dynamic dependencies]. Details - ImportResultOutputID=84c89f502e81a0cb80207c5e6a57f7e8 DependenciesID=c010a501994cdf540027470a18418bfe StaticDependenciesID=b2207319aba83cc8a6698c3a08fa6855 
Number of updated asset objects reloaded before import = 0
Number of asset objects unloaded after import = 1
========================================================================
Received Import Request.
  Time of request: 2026-09-17T18:20:31.995201Z
  Time since last request: 0.000259292 seconds.
  importAddress: GUID: a2d8694b191104c8cb1b7e715b3a5e47 - Path: Packages/com.unity.2d.animation/Editor/Assets/ComponentIcons/Animation.IKManager@32.png - Importer: ScriptedImporter/UnityEditor.QuickSearchModule:UnityEditor.Search:ASIAI0B
Importing 'GUID: a2d8694b191104c8cb1b7e715b3a5e47 - Path: Packages/com.unity.2d.animation/Editor/Assets/ComponentIcons/Animation.IKManager@32.png - Importer: ScriptedImporter/UnityEditor.QuickSearchModule:UnityEditor.Search:ASIAI0B' with importer (ScriptedImporter : UnityEditor.QuickSearchModule:UnityEditor.Search:ASIAI0B)
Imported 'GUID: a2d8694b191104c8cb1b7e715b3a5e47' -> (Import Result ID: '1a937091b46f5b006bc2aa8b7dbc78f7') in 0.004 seconds [static and dynamic dependencies]. Details - ImportResultOutputID=3010a5dfba49ec99d2b0758161126134 DependenciesID=e9f6bf39cb2e2a59924f00ba65d8500b StaticDependenciesID=6b608e90c5222aa1bcb6d1aa8157d1fd 
Number of updated asset objects reloaded before import = 0
Number of asset objects unloaded after import = 3
========================================================================
Received Import Request.
  Time of request: 2026-09-17T18:20:32.007382Z
  Time since last request: 0.000187625 seconds.
  importAddress: GUID: 58702b682724446469909705bca1de62 - Path: Packages/com.unity.2d.animation/Editor/Assets/EditorIcons/d_Sprite_Influence@4x.png - Importer: ScriptedImporter/UnityEditor.QuickSearchModule:UnityEditor.Search:ASIAI0B
Importing 'GUID: 58702b682724446469909705bca1de62 - Path: Packages/com.unity.2d.animation/Editor/Assets/EditorIcons/d_Sprite_Influence@4x.png - Importer: ScriptedImporter/UnityEditor.QuickSearchModule:UnityEditor.Search:ASIAI0B' with importer (ScriptedImporter : UnityEditor.QuickSearchModule:UnityEditor.Search:ASIAI0B)
Imported 'GUID: 58702b682724446469909705bca1de62' -> (Import Result ID: '06694b519fd9440381b0e7a69c451f4a') in 0.003 seconds [static and dynamic dependencies]. Details - ImportResultOutputID=447025d4e7e808fd55050ef4e0e9f5ad DependenciesID=e33743308a9de8be9abd683dd44be1b0 StaticDependenciesID=4c463a78ab923acac4ebb038638255b5 
Number of updated asset objects reloaded before import = 0
Number of asset objects unloaded after import = 3
========================================================================
Received Import Request.
  Time of request: 2026-09-17T18:20:32.018114Z
  Time since last request: 0.000308834 seconds.
  importAddress: GUID: a37449cb15b841deab3dda438bc0ecc9 - Path: Packages/com.unity.2d.tilemap/Editor/TilePaletteActiveTargetsProperties.cs - Importer: ScriptedImporter/UnityEditor.QuickSearchModule:UnityEditor.Search:ASIAI0B
Importing 'GUID: a37449cb15b841deab3dda438bc0ecc9 - Path: Packages/com.unity.2d.tilemap/Editor/TilePaletteActiveTargetsProperties.cs - Importer: ScriptedImporter/UnityEditor.QuickSearchModule:UnityEditor.Search:ASIAI0B' with importer (ScriptedImporter : UnityEditor.QuickSearchModule:UnityEditor.Search:ASIAI0B)
Imported 'GUID: a37449cb15b841deab3dda438bc0ecc9' -> (Import Result ID: 'e48f32bc1daa36cf6c8dbfd5b7b0abb2') in 0.001 seconds [static and dynamic dependencies]. Details - ImportResultOutputID=2c76bae5c6aa53372b441bbb887444c4 DependenciesID=dc63e75c6b9c7101930f04b5f504ea0c StaticDependenciesID=38eab38116e4587933d816184fe4fe5a 
Number of updated asset objects reloaded before import = 0
Number of asset objects unloaded after import = 0
========================================================================
Received Import Request.
  Time of request: 2026-09-17T18:20:32.026761Z
  Time since last request: 0.000194292 seconds.
  importAddress: GUID: fefc1346845b43dea174260e066602f6 - Path: Packages/com.unity.2d.common/Editor/InternalBridge/Deprecated - Importer: ScriptedImporter/UnityEditor.QuickSearchModule:UnityEditor.Search:ASIAI0B
Importing 'GUID: fefc1346845b43dea174260e066602f6 - Path: Packages/com.unity.2d.common/Editor/InternalBridge/Deprecated - Importer: ScriptedImporter/UnityEditor.QuickSearchModule:UnityEditor.Search:ASIAI0B' with importer (ScriptedImporter : UnityEditor.QuickSearchModule:UnityEditor.Search:ASIAI0B)
Imported 'GUID: fefc1346845b43dea174260e066602f6' -> (Import Result ID: '5db1fa6c43641d36c9e2633777e2125f') in 0.001 seconds [static and dynamic dependencies]. Details - ImportResultOutputID=4deb96ec653f76687d74f38aa1d42ac5 DependenciesID=b9b1612d4149d81705f31a5fb259322d StaticDependenciesID=c89027726c4ab65304d2e8b2a86730ca 
Number of updated asset objects reloaded before import = 0
Number of asset objects unloaded after import = 1
========================================================================
Received Import Request.
  Time of request: 2026-09-17T18:20:32.035773Z
  Time since last request: 0.000261625 seconds.
  importAddress: GUID: eb81c5f176e01b746be35f0aa3603593 - Path: Packages/com.unity.2d.animation/Editor/Assets/EditorIcons/Selected/Edit_Pose@4x.png - Importer: ScriptedImporter/UnityEditor.QuickSearchModule:UnityEditor.Search:ASIAI0B
Importing 'GUID: eb81c5f176e01b746be35f0aa3603593 - Path: Packages/com.unity.2d.animation/Editor/Assets/EditorIcons/Selected/Edit_Pose@4x.png - Importer: ScriptedImporter/UnityEditor.QuickSearchModule:UnityEditor.Search:ASIAI0B' with importer (ScriptedImporter : UnityEditor.QuickSearchModule:UnityEditor.Search:ASIAI0B)
Imported 'GUID: eb81c5f176e01b746be35f0aa3603593' -> (Import Result ID: 'eb89d7a26db8751856f35bfbd0023986') in 0.003 seconds [static and dynamic dependencies]. Details - ImportResultOutputID=280bed0216ab118a86a16d2e07600a26 DependenciesID=d446eae71426ffaf7e630a0341cd7f73 StaticDependenciesID=dbb588330387b91d323c987ecfad3d70 
Number of updated asset objects reloaded before import = 0
Number of asset objects unloaded after import = 3
========================================================================
Received Import Request.
  Time of request: 2026-09-17T18:20:32.04626Z
  Time since last request: 0.00022825 seconds.
  importAddress: GUID: 7a602206d712e496b8b4f2c9fb6ce07c - Path: Packages/com.unity.2d.psdimporter/Editor/Pipeline.asset - Importer: ScriptedImporter/UnityEditor.QuickSearchModule:UnityEditor.Search:ASIAI0B
Importing 'GUID: 7a602206d712e496b8b4f2c9fb6ce07c - Path: Packages/com.unity.2d.psdimporter/Editor/Pipeline.asset - Importer: ScriptedImporter/UnityEditor.QuickSearchModule:UnityEditor.Search:ASIAI0B' with importer (ScriptedImporter : UnityEditor.QuickSearchModule:UnityEditor.Search:ASIAI0B)
Imported 'GUID: 7a602206d712e496b8b4f2c9fb6ce07c' -> (Import Result ID: 'a86707943feccbe2cb038ab70e802a84') in 0.002 seconds [static and dynamic dependencies]. Details - ImportResultOutputID=356b7639538d8fa394ae7c0a5dfeef0a DependenciesID=087925417c7c4a379348113735c1d9fd StaticDependenciesID=c66e69839c482f40cd24ea35f97a6cda 
Number of updated asset objects reloaded before import = 0
Number of asset objects unloaded after import = 1
========================================================================
Received Import Request.
  Time of request: 2026-09-17T18:20:32.056077Z
  Time since last request: 0.000231708 seconds.
  importAddress: GUID: dc2acaac6c5d45c9b52f770dfd9e6bfb - Path: Packages/com.unity.2d.tilemap.extras/Editor/Tiles/AutoTile/AutoTileTemplate.cs - Importer: ScriptedImporter/UnityEditor.QuickSearchModule:UnityEditor.Search:ASIAI0B
Importing 'GUID: dc2acaac6c5d45c9b52f770dfd9e6bfb - Path: Packages/com.unity.2d.tilemap.extras/Editor/Tiles/AutoTile/AutoTileTemplate.cs - Importer: ScriptedImporter/UnityEditor.QuickSearchModule:UnityEditor.Search:ASIAI0B' with importer (ScriptedImporter : UnityEditor.QuickSearchModule:UnityEditor.Search:ASIAI0B)
Imported 'GUID: dc2acaac6c5d45c9b52f770dfd9e6bfb' -> (Import Result ID: 'c2a0eda6a7437988b76cdd2de42a9f0e') in 0.001 seconds [static and dynamic dependencies]. Details - ImportResultOutputID=16c65ca7c3a693df84784047109b3e9a DependenciesID=980a401663cd2a2f6f3d8bdddfb3593e StaticDependenciesID=d1c7a603af88e14e76de33745df7488c 
Number of updated asset objects reloaded before import = 0
Number of asset objects unloaded after import = 0
========================================================================
Received Import Request.
  Time of request: 2026-09-17T18:20:32.064985Z
  Time since last request: 0.000209083 seconds.
  importAddress: GUID: f24bf92f845348649b7caef593bef4be - Path: Packages/com.unity.2d.common/Runtime/UAi2D/KMeans.cs - Importer: ScriptedImporter/UnityEditor.QuickSearchModule:UnityEditor.Search:ASIAI0B
Importing 'GUID: f24bf92f845348649b7caef593bef4be - Path: Packages/com.unity.2d.common/Runtime/UAi2D/KMeans.cs - Importer: ScriptedImporter/UnityEditor.QuickSearchModule:UnityEditor.Search:ASIAI0B' with importer (ScriptedImporter : UnityEditor.QuickSearchModule:UnityEditor.Search:ASIAI0B)
Imported 'GUID: f24bf92f845348649b7caef593bef4be' -> (Import Result ID: 'a09761eb1bab7ce1fc5f31b5a2be348d') in 0.001 seconds [static and dynamic dependencies]. Details - ImportResultOutputID=ad8b3206ebb72f72112e78fb0f9da54d DependenciesID=81d581077a4139f4ae19b0e6908cf468 StaticDependenciesID=f867bcaa58bb0aea00020c46840f0fc3 
Number of updated asset objects reloaded before import = 0
Number of asset objects unloaded after import = 0
========================================================================
Received Import Request.
  Time of request: 2026-09-17T18:20:32.073993Z
  Time since last request: 0.000293833 seconds.
  importAddress: GUID: 77786fcb91a3fcd41a4b836be1f0276c - Path: Packages/com.unity.2d.tilemap/Editor/EditorTools/MoveTool.cs - Importer: ScriptedImporter/UnityEditor.QuickSearchModule:UnityEditor.Search:ASIAI0B
Importing 'GUID: 77786fcb91a3fcd41a4b836be1f0276c - Path: Packages/com.unity.2d.tilemap/Editor/EditorTools/MoveTool.cs - Importer: ScriptedImporter/UnityEditor.QuickSearchModule:UnityEditor.Search:ASIAI0B' with importer (ScriptedImporter : UnityEditor.QuickSearchModule:UnityEditor.Search:ASIAI0B)
Imported 'GUID: 77786fcb91a3fcd41a4b836be1f0276c' -> (Import Result ID: '6d75bb97726385ffb2022d20a7634b35') in 0.001 seconds [static and dynamic dependencies]. Details - ImportResultOutputID=8edc84b3a23f2bec9e81ae774dbfa34d DependenciesID=cdcd06f3235c6b35c74d014ea39a1e0d StaticDependenciesID=ff3a9288d67fe0c6809b28a2b56b095f 
Number of updated asset objects reloaded before import = 0
Number of asset objects unloaded after import = 0
========================================================================
Received Import Request.
  Time of request: 2026-09-17T18:20:32.083404Z
  Time since last request: 0.000216792 seconds.
  importAddress: GUID: 7413e47d65010fa4386b2cb8e5c3c0c1 - Path: Packages/com.unity.2d.animation/Editor/Assets/EditorIcons/d_Locked@2x.png - Importer: ScriptedImporter/UnityEditor.QuickSearchModule:UnityEditor.Search:ASIAI0B
Importing 'GUID: 7413e47d65010fa4386b2cb8e5c3c0c1 - Path: Packages/com.unity.2d.animation/Editor/Assets/EditorIcons/d_Locked@2x.png - Importer: ScriptedImporter/UnityEditor.QuickSearchModule:UnityEditor.Search:ASIAI0B' with importer (ScriptedImporter : UnityEditor.QuickSearchModule:UnityEditor.Search:ASIAI0B)
Imported 'GUID: 7413e47d65010fa4386b2cb8e5c3c0c1' -> (Import Result ID: 'b23586feb2fe136b6f5d449e273d0db0') in 0.003 seconds [static and dynamic dependencies]. Details - ImportResultOutputID=0b651e0923dfbd291457290d0e8b5301 DependenciesID=f16fb5648ceb7393322853848c442dbc StaticDependenciesID=5509917e2a7e64dd15932119a623d0b7 
Number of updated asset objects reloaded before import = 0
Number of asset objects unloaded after import = 3
========================================================================
Received Import Request.
  Time of request: 2026-09-17T18:20:32.094201Z
  Time since last request: 0.000240834 seconds.
  importAddress: GUID: 28638862ea1084726a3511cd325fc53d - Path: Packages/com.unity.2d.psdimporter/Editor/Assets/root-blue.mat - Importer: ScriptedImporter/UnityEditor.QuickSearchModule:UnityEditor.Search:ASIAI0B
Importing 'GUID: 28638862ea1084726a3511cd325fc53d - Path: Packages/com.unity.2d.psdimporter/Editor/Assets/root-blue.mat - Importer: ScriptedImporter/UnityEditor.QuickSearchModule:UnityEditor.Search:ASIAI0B' with importer (ScriptedImporter : UnityEditor.QuickSearchModule:UnityEditor.Search:ASIAI0B)
Imported 'GUID: 28638862ea1084726a3511cd325fc53d' -> (Import Result ID: '0460105c90b010c52cf05ee9c1d5bab0') in 0.001 seconds [static and dynamic dependencies]. Details - ImportResultOutputID=dfb60165cec3a8bcc7ae57180f14fdd9 DependenciesID=195afe0e7f0700f3af313ada8871b4b7 StaticDependenciesID=400cd3246ec1d498e89e0e122c87bf10 
Number of updated asset objects reloaded before import = 0
Number of asset objects unloaded after import = 1
========================================================================
Received Import Request.
  Time of request: 2026-09-17T18:20:32.102719Z
  Time since last request: 0.000221917 seconds.
  importAddress: GUID: 501233c9f1da3ef44b4ff7115f564d9b - Path: Packages/com.unity.2d.animation/Editor/Assets/EditorIcons/d_Create_Vertex@3x.png - Importer: ScriptedImporter/UnityEditor.QuickSearchModule:UnityEditor.Search:ASIAI0B
Importing 'GUID: 501233c9f1da3ef44b4ff7115f564d9b - Path: Packages/com.unity.2d.animation/Editor/Assets/EditorIcons/d_Create_Vertex@3x.png - Importer: ScriptedImporter/UnityEditor.QuickSearchModule:UnityEditor.Search:ASIAI0B' with importer (ScriptedImporter : UnityEditor.QuickSearchModule:UnityEditor.Search:ASIAI0B)
Imported 'GUID: 501233c9f1da3ef44b4ff7115f564d9b' -> (Import Result ID: '100816d5b1ff3c58570b789252e49a75') in 0.003 seconds [static and dynamic dependencies]. Details - ImportResultOutputID=58a537cb847ebffe89017543a97d0858 DependenciesID=6a6ca4848c1603930654c46cb6ab6829 StaticDependenciesID=de84ee17764aeb3ba6174ab244222753 
Number of updated asset objects reloaded before import = 0
Number of asset objects unloaded after import = 3
========================================================================
Received Import Request.
  Time of request: 2026-09-17T18:20:32.113506Z
  Time since last request: 0.000423208 seconds.
  importAddress: GUID: 51ef52b256a104c0ca3268e10a1b1056 - Path: Packages/com.unity.2d.psdimporter/Editor/Assets/Icons/Dark/Layers Separated@8x.png - Importer: ScriptedImporter/UnityEditor.QuickSearchModule:UnityEditor.Search:ASIAI0B
Importing 'GUID: 51ef52b256a104c0ca3268e10a1b1056 - Path: Packages/com.unity.2d.psdimporter/Editor/Assets/Icons/Dark/Layers Separated@8x.png - Importer: ScriptedImporter/UnityEditor.QuickSearchModule:UnityEditor.Search:ASIAI0B' with importer (ScriptedImporter : UnityEditor.QuickSearchModule:UnityEditor.Search:ASIAI0B)
Imported 'GUID: 51ef52b256a104c0ca3268e10a1b1056' -> (Import Result ID: '3e207f56a8ede3012c96f46bf1532971') in 0.003 seconds [static and dynamic dependencies]. Details - ImportResultOutputID=a5e9d21716b197097cee59574b138e03 DependenciesID=c28b7ecfb48c5c49299f65691b67d43b StaticDependenciesID=531c3039654fa6c490ba359e6650e4b7 
Number of updated asset objects reloaded before import = 0
Number of asset objects unloaded after import = 3
========================================================================
Received Import Request.
  Time of request: 2026-09-17T18:20:32.124265Z
  Time since last request: 0.000101792 seconds.
  importAddress: GUID: 23888dc58bcb0814389c9fd915521b77 - Path: Packages/com.unity.2d.psdimporter/Editor - Importer: ScriptedImporter/UnityEditor.QuickSearchModule:UnityEditor.Search:ASIAI0B
Importing 'GUID: 23888dc58bcb0814389c9fd915521b77 - Path: Packages/com.unity.2d.psdimporter/Editor - Importer: ScriptedImporter/UnityEditor.QuickSearchModule:UnityEditor.Search:ASIAI0B' with importer (ScriptedImporter : UnityEditor.QuickSearchModule:UnityEditor.Search:ASIAI0B)
Imported 'GUID: 23888dc58bcb0814389c9fd915521b77' -> (Import Result ID: 'f929b0b0cff6b2d90c8d6c90efd6c07e') in 0.001 seconds [static and dynamic dependencies]. Details - ImportResultOutputID=13a240ed8b35f0d9b06fa49b7afef4f9 DependenciesID=63ffae150c7c813ec528eeaf1b25fe02 StaticDependenciesID=332802dfef132b1e452160392571e911 
Number of updated asset objects reloaded before import = 0
Number of asset objects unloaded after import = 1
========================================================================
Received Import Request.
  Time of request: 2026-09-17T18:20:32.132493Z
  Time since last request: 0.000138667 seconds.
  importAddress: GUID: d9f2d0aff557fba4cb316f849b0ccdd1 - Path: Packages/com.unity.2d.tilemap/Editor/Icons/d_Tilemap.BrushSettings@4x.png - Importer: ScriptedImporter/UnityEditor.QuickSearchModule:UnityEditor.Search:ASIAI0B
Importing 'GUID: d9f2d0aff557fba4cb316f849b0ccdd1 - Path: Packages/com.unity.2d.tilemap/Editor/Icons/d_Tilemap.BrushSettings@4x.png - Importer: ScriptedImporter/UnityEditor.QuickSearchModule:UnityEditor.Search:ASIAI0B' with importer (ScriptedImporter : UnityEditor.QuickSearchModule:UnityEditor.Search:ASIAI0B)
Imported 'GUID: d9f2d0aff557fba4cb316f849b0ccdd1' -> (Import Result ID: '72240ecc78c2382e3d66365902d5f6a9') in 0.004 seconds [static and dynamic dependencies]. Details - ImportResultOutputID=f8d6d5f7d3125bdbd73bf99aa996d2fd DependenciesID=c2b4a6b2e0f6004ceb6183625f82c1d8 StaticDependenciesID=6b2ea045670fe37282c39459a9b848c2 
Number of updated asset objects reloaded before import = 0
Number of asset objects unloaded after import = 3
========================================================================
Received Import Request.
  Time of request: 2026-09-17T18:20:32.143729Z
  Time since last request: 0.000169291 seconds.
  importAddress: GUID: 34587324d412940a79d530020c957dc0 - Path: Packages/com.unity.2d.sprite/Editor/ObjectMenuCreation/DefaultAssets/Textures/CapsuleWithBorder.png - Importer: ScriptedImporter/UnityEditor.QuickSearchModule:UnityEditor.Search:ASIAI0B
Importing 'GUID: 34587324d412940a79d530020c957dc0 - Path: Packages/com.unity.2d.sprite/Editor/ObjectMenuCreation/DefaultAssets/Textures/CapsuleWithBorder.png - Importer: ScriptedImporter/UnityEditor.QuickSearchModule:UnityEditor.Search:ASIAI0B' with importer (ScriptedImporter : UnityEditor.QuickSearchModule:UnityEditor.Search:ASIAI0B)
Imported 'GUID: 34587324d412940a79d530020c957dc0' -> (Import Result ID: '48949522d4a93d014cbb70b844bac24a') in 0.003 seconds [static and dynamic dependencies]. Details - ImportResultOutputID=b42990a3dfffd305de07cd7c0b108466 DependenciesID=bfd7867eace1d1c2be7f81b282b1f2ac StaticDependenciesID=86eb34f7b6897d69859ae2c819dbb06d 
Number of updated asset objects reloaded before import = 0
Number of asset objects unloaded after import = 3
========================================================================
Received Import Request.
  Time of request: 2026-09-17T18:20:32.153976Z
  Time since last request: 0.000085 seconds.
  importAddress: GUID: fa557b89ecf3d44f2b6cae783ce09806 - Path: Packages/com.unity.2d.animation/Editor/Assets/ComponentIcons/Animation.SpriteResolver On@256.png - Importer: ScriptedImporter/UnityEditor.QuickSearchModule:UnityEditor.Search:ASIAI0B
Importing 'GUID: fa557b89ecf3d44f2b6cae783ce09806 - Path: Packages/com.unity.2d.animation/Editor/Assets/ComponentIcons/Animation.SpriteResolver On@256.png - Importer: ScriptedImporter/UnityEditor.QuickSearchModule:UnityEditor.Search:ASIAI0B' with importer (ScriptedImporter : UnityEditor.QuickSearchModule:UnityEditor.Search:ASIAI0B)
Imported 'GUID: fa557b89ecf3d44f2b6cae783ce09806' -> (Import Result ID: 'd99bdbcdd2568661ac14fb6b88b8ff51') in 0.003 seconds [static and dynamic dependencies]. Details - ImportResultOutputID=de8c7fc8604bb2fe69100ac1caf8d516 DependenciesID=88cadf9ba51084fe423bbf2133689002 StaticDependenciesID=2f0e8f4c8c7279bb9b00d8405647878c 
Number of updated asset objects reloaded before import = 0
Number of asset objects unloaded after import = 3
========================================================================
Received Import Request.
  Time of request: 2026-09-17T18:20:32.163881Z
  Time since last request: 0.000131334 seconds.
  importAddress: GUID: a2b1f28643d1cfc45a70b6790bad94bb - Path: Packages/com.unity.2d.spriteshape/Editor/SpriteShapeEditorAnalytics.cs - Importer: ScriptedImporter/UnityEditor.QuickSearchModule:UnityEditor.Search:ASIAI0B
Importing 'GUID: a2b1f28643d1cfc45a70b6790bad94bb - Path: Packages/com.unity.2d.spriteshape/Editor/SpriteShapeEditorAnalytics.cs - Importer: ScriptedImporter/UnityEditor.QuickSearchModule:UnityEditor.Search:ASIAI0B' with importer (ScriptedImporter : UnityEditor.QuickSearchModule:UnityEditor.Search:ASIAI0B)
Imported 'GUID: a2b1f28643d1cfc45a70b6790bad94bb' -> (Import Result ID: '13508096b8bf73ee1ad2e865fb00476b') in 0.001 seconds [static and dynamic dependencies]. Details - ImportResultOutputID=38e77712dc225c3b5b7e4dcadc160101 DependenciesID=48e5f5765e3703e5347144c0cc6f680d StaticDependenciesID=33b114d8703db11681cd899ccb745c65 
Number of updated asset objects reloaded before import = 0
Number of asset objects unloaded after import = 0
========================================================================
Received Import Request.
  Time of request: 2026-09-17T18:20:32.171987Z
  Time since last request: 0.000153958 seconds.
  importAddress: GUID: 1ae93e85c98624948917679be12e485b - Path: Packages/com.unity.2d.animation/Editor/SkinningModule/Selectors/GenericVertexSelector.cs - Importer: ScriptedImporter/UnityEditor.QuickSearchModule:UnityEditor.Search:ASIAI0B
Importing 'GUID: 1ae93e85c98624948917679be12e485b - Path: Packages/com.unity.2d.animation/Editor/SkinningModule/Selectors/GenericVertexSelector.cs - Importer: ScriptedImporter/UnityEditor.QuickSearchModule:UnityEditor.Search:ASIAI0B' with importer (ScriptedImporter : UnityEditor.QuickSearchModule:UnityEditor.Search:ASIAI0B)
Imported 'GUID: 1ae93e85c98624948917679be12e485b' -> (Import Result ID: 'b85f1ebcf860890f581439796f860cc9') in 0.001 seconds [static and dynamic dependencies]. Details - ImportResultOutputID=034747fefd508e3c41f6b50cc661ebab DependenciesID=e0415fcb2c245786645bff17940a57e5 StaticDependenciesID=6ed700808238c26eb25fcf63b8448698 
Number of updated asset objects reloaded before import = 0
Number of asset objects unloaded after import = 0
========================================================================
Received Import Request.
  Time of request: 2026-09-17T18:20:32.180282Z
  Time since last request: 0.000202291 seconds.
  importAddress: GUID: 824c2f94aa6c451681f33b2f9dda7857 - Path: Packages/com.unity.2d.tooling/Editor/Insider/SpriteAtlas/SpriteAtlasIssueReport/UIElement/SpriteAtlasReportTable/SpriteAtlasReportTable.cs - Importer: ScriptedImporter/UnityEditor.QuickSearchModule:UnityEditor.Search:ASIAI0B
Importing 'GUID: 824c2f94aa6c451681f33b2f9dda7857 - Path: Packages/com.unity.2d.tooling/Editor/Insider/SpriteAtlas/SpriteAtlasIssueReport/UIElement/SpriteAtlasReportTable/SpriteAtlasReportTable.cs - Importer: ScriptedImporter/UnityEditor.QuickSearchModule:UnityEditor.Search:ASIAI0B' with importer (ScriptedImporter : UnityEditor.QuickSearchModule:UnityEditor.Search:ASIAI0B)
Imported 'GUID: 824c2f94aa6c451681f33b2f9dda7857' -> (Import Result ID: '55fbdee44bf766f61326c7264d505a58') in 0.001 seconds [static and dynamic dependencies]. Details - ImportResultOutputID=2dc31272b0d5dde9da707a1411e86da2 DependenciesID=9e6803bc41a2a4e9e944647d8f952a10 StaticDependenciesID=5f4797759482e93f171aed2393c341d3 
Number of updated asset objects reloaded before import = 0
Number of asset objects unloaded after import = 0
========================================================================
Received Import Request.
  Time of request: 2026-09-17T18:20:32.188952Z
  Time since last request: 0.00021675 seconds.
  importAddress: GUID: 1f7c451487aff44e4998dc450e494a2c - Path: Packages/com.unity.2d.animation/IK/Runtime/IKMathUtility.cs - Importer: ScriptedImporter/UnityEditor.QuickSearchModule:UnityEditor.Search:ASIAI0B
Importing 'GUID: 1f7c451487aff44e4998dc450e494a2c - Path: Packages/com.unity.2d.animation/IK/Runtime/IKMathUtility.cs - Importer: ScriptedImporter/UnityEditor.QuickSearchModule:UnityEditor.Search:ASIAI0B' with importer (ScriptedImporter : UnityEditor.QuickSearchModule:UnityEditor.Search:ASIAI0B)
Imported 'GUID: 1f7c451487aff44e4998dc450e494a2c' -> (Import Result ID: '94468e87c8aa15266cf61b9b8ec013e8') in 0.001 seconds [static and dynamic dependencies]. Details - ImportResultOutputID=b9cce2f63b02e0dd2c846dde395011f6 DependenciesID=2fac2bd4289691537f57bd653e60d9a1 StaticDependenciesID=a8fe07437ff841d6895da877134d8f61 
Number of updated asset objects reloaded before import = 0
Number of asset objects unloaded after import = 0
========================================================================
Received Import Request.
  Time of request: 2026-09-17T18:20:32.19757Z
  Time since last request: 0.000298333 seconds.
  importAddress: GUID: b1649c99ea5544738af99076ffd96cd7 - Path: Packages/com.unity.2d.aseprite/Editor/Utilities/Zlib.cs - Importer: ScriptedImporter/UnityEditor.QuickSearchModule:UnityEditor.Search:ASIAI0B
Importing 'GUID: b1649c99ea5544738af99076ffd96cd7 - Path: Packages/com.unity.2d.aseprite/Editor/Utilities/Zlib.cs - Importer: ScriptedImporter/UnityEditor.QuickSearchModule:UnityEditor.Search:ASIAI0B' with importer (ScriptedImporter : UnityEditor.QuickSearchModule:UnityEditor.Search:ASIAI0B)
Imported 'GUID: b1649c99ea5544738af99076ffd96cd7' -> (Import Result ID: '4f01d6bff7432227c294530f572116cc') in 0.001 seconds [static and dynamic dependencies]. Details - ImportResultOutputID=b7ee97e470f2b60bc98cb69d375dbd96 DependenciesID=db7ce69ee864b46141191dd1bf8ff0f0 StaticDependenciesID=408f55c7ec21874987bc864202b926e0 
Number of updated asset objects reloaded before import = 0
Number of asset objects unloaded after import = 0
========================================================================
Received Import Request.
  Time of request: 2026-09-17T18:20:32.206071Z
  Time since last request: 0.00021325 seconds.
  importAddress: GUID: 16fa2ad734f422245b86558310973ad1 - Path: Packages/com.unity.2d.sprite/Editor - Importer: ScriptedImporter/UnityEditor.QuickSearchModule:UnityEditor.Search:ASIAI0B
Importing 'GUID: 16fa2ad734f422245b86558310973ad1 - Path: Packages/com.unity.2d.sprite/Editor - Importer: ScriptedImporter/UnityEditor.QuickSearchModule:UnityEditor.Search:ASIAI0B' with importer (ScriptedImporter : UnityEditor.QuickSearchModule:UnityEditor.Search:ASIAI0B)
Imported 'GUID: 16fa2ad734f422245b86558310973ad1' -> (Import Result ID: '1db864fa8c89be175bc5825107c88ac2') in 0.001 seconds [static and dynamic dependencies]. Details - ImportResultOutputID=8f4607f336cece693d52d564d5df2b5b DependenciesID=7840ab6904efdf404e58b40d9640de3a StaticDependenciesID=19a921eeb270fe0b8d314c81aa874a30 
Number of updated asset objects reloaded before import = 0
Number of asset objects unloaded after import = 1
========================================================================
Received Import Request.
  Time of request: 2026-09-17T18:20:32.214736Z
  Time since last request: 0.0003405 seconds.
  importAddress: GUID: 95300005b236449d806b320297a7a41c - Path: Packages/com.unity.2d.tilemap/Editor/EditorTools/BrushToolsAttribute.cs - Importer: ScriptedImporter/UnityEditor.QuickSearchModule:UnityEditor.Search:ASIAI0B
Importing 'GUID: 95300005b236449d806b320297a7a41c - Path: Packages/com.unity.2d.tilemap/Editor/EditorTools/BrushToolsAttribute.cs - Importer: ScriptedImporter/UnityEditor.QuickSearchModule:UnityEditor.Search:ASIAI0B' with importer (ScriptedImporter : UnityEditor.QuickSearchModule:UnityEditor.Search:ASIAI0B)
Imported 'GUID: 95300005b236449d806b320297a7a41c' -> (Import Result ID: '08261c46724f6c9492b84ba69b9db59e') in 0.001 seconds [static and dynamic dependencies]. Details - ImportResultOutputID=70a00c5ded5747d191839cca61df9b03 DependenciesID=bc174774feafe9658e16150b97a208d1 StaticDependenciesID=28642e99108aabd4375c8ad6b1d5445c 
Number of updated asset objects reloaded before import = 0
Number of asset objects unloaded after import = 0
========================================================================
Received Import Request.
  Time of request: 2026-09-17T18:20:32.22324Z
  Time since last request: 0.000164333 seconds.
  importAddress: GUID: b9102a9258b50f949a55f81945829f85 - Path: Packages/com.unity.2d.spriteshape/Editor/SpriteShapeAssetPostProcessor.cs - Importer: ScriptedImporter/UnityEditor.QuickSearchModule:UnityEditor.Search:ASIAI0B
Importing 'GUID: b9102a9258b50f949a55f81945829f85 - Path: Packages/com.unity.2d.spriteshape/Editor/SpriteShapeAssetPostProcessor.cs - Importer: ScriptedImporter/UnityEditor.QuickSearchModule:UnityEditor.Search:ASIAI0B' with importer (ScriptedImporter : UnityEditor.QuickSearchModule:UnityEditor.Search:ASIAI0B)
Imported 'GUID: b9102a9258b50f949a55f81945829f85' -> (Import Result ID: '767ecd444646722401d3186ab504e3cd') in 0.001 seconds [static and dynamic dependencies]. Details - ImportResultOutputID=4dbb56f1a439d43d2903285f67ab21d8 DependenciesID=eb404763c8f6f4899d5d4198a829dcdd StaticDependenciesID=1f9e75a0a68a660d13b42f5fc55f2c46 
Number of updated asset objects reloaded before import = 0
Number of asset objects unloaded after import = 0
========================================================================
Received Import Request.
  Time of request: 2026-09-17T18:20:32.232086Z
  Time since last request: 0.000160875 seconds.
  importAddress: GUID: 0219184e13f92e94896b4df6846db652 - Path: Packages/com.unity.2d.tilemap/Editor/Icons/d_Grid.FlipY.png - Importer: ScriptedImporter/UnityEditor.QuickSearchModule:UnityEditor.Search:ASIAI0B
Importing 'GUID: 0219184e13f92e94896b4df6846db652 - Path: Packages/com.unity.2d.tilemap/Editor/Icons/d_Grid.FlipY.png - Importer: ScriptedImporter/UnityEditor.QuickSearchModule:UnityEditor.Search:ASIAI0B' with importer (ScriptedImporter : UnityEditor.QuickSearchModule:UnityEditor.Search:ASIAI0B)
Imported 'GUID: 0219184e13f92e94896b4df6846db652' -> (Import Result ID: '1410ac210dffeec75250e5cf64fc02fd') in 0.003 seconds [static and dynamic dependencies]. Details - ImportResultOutputID=c5ddc4e8eac8bf2d521c8e4b1922ef84 DependenciesID=331fd6dc55d30d3d3c00137e94821335 StaticDependenciesID=d0c6ecacbba1c2f4840deeabedc905b3 
Number of updated asset objects reloaded before import = 0
Number of asset objects unloaded after import = 3
========================================================================
Received Import Request.
  Time of request: 2026-09-17T18:20:32.242617Z
  Time since last request: 0.000145166 seconds.
  importAddress: GUID: c648df4b030040b3b82244c710a5279a - Path: Packages/com.unity.2d.animation/Profiler/Editor/UI/SpriteSkinHierarchyView/SpriteSkinHierarchyView.uss - Importer: ScriptedImporter/UnityEditor.QuickSearchModule:UnityEditor.Search:ASIAI0B
Importing 'GUID: c648df4b030040b3b82244c710a5279a - Path: Packages/com.unity.2d.animation/Profiler/Editor/UI/SpriteSkinHierarchyView/SpriteSkinHierarchyView.uss - Importer: ScriptedImporter/UnityEditor.QuickSearchModule:UnityEditor.Search:ASIAI0B' with importer (ScriptedImporter : UnityEditor.QuickSearchModule:UnityEditor.Search:ASIAI0B)
Imported 'GUID: c648df4b030040b3b82244c710a5279a' -> (Import Result ID: '2d7261c8e1f148f3eca98951ceaf71ed') in 0.002 seconds [static and dynamic dependencies]. Details - ImportResultOutputID=88afc236fbf1a5cefc7624c4c6a6ca0c DependenciesID=2a0d7feb8914b52d802bdd853190ef5d StaticDependenciesID=02f71cb96e1ed427cb1199138fa4cc27 
Number of updated asset objects reloaded before import = 0
Number of asset objects unloaded after import = 3
========================================================================
Received Import Request.
  Time of request: 2026-09-17T18:20:32.25998Z
  Time since last request: 0.008558541 seconds.
  importAddress: GUID: 7befde712044bf34d8d765aba01a52c9 - Path: Packages/com.unity.2d.tilemap/Editor/Icons/Tilemap.BrushPicks@2x.png - Importer: ScriptedImporter/UnityEditor.QuickSearchModule:UnityEditor.Search:ASIAI0B
Importing 'GUID: 7befde712044bf34d8d765aba01a52c9 - Path: Packages/com.unity.2d.tilemap/Editor/Icons/Tilemap.BrushPicks@2x.png - Importer: ScriptedImporter/UnityEditor.QuickSearchModule:UnityEditor.Search:ASIAI0B' with importer (ScriptedImporter : UnityEditor.QuickSearchModule:UnityEditor.Search:ASIAI0B)
Imported 'GUID: 7befde712044bf34d8d765aba01a52c9' -> (Import Result ID: 'a5b31797edc998c57e7911d590f46440') in 0.003 seconds [static and dynamic dependencies]. Details - ImportResultOutputID=ff5ddc5f2368ed5bb361b7dc5a9353c4 DependenciesID=6c4cb909551027b945a115621be3eb38 StaticDependenciesID=6c8e4fe6d2733c49154685357290d0de 
Number of updated asset objects reloaded before import = 0
Number of asset objects unloaded after import = 3
========================================================================
Received Import Request.
  Time of request: 2026-09-17T18:20:32.270707Z
  Time since last request: 0.000091833 seconds.
  importAddress: GUID: 3e60cf5de87e1da4a8fa98713709fa00 - Path: Packages/com.unity.2d.common/Editor/ScriptablePacker/SpriteAtlasScriptablePacker.cs - Importer: ScriptedImporter/UnityEditor.QuickSearchModule:UnityEditor.Search:ASIAI0B
Importing 'GUID: 3e60cf5de87e1da4a8fa98713709fa00 - Path: Packages/com.unity.2d.common/Editor/ScriptablePacker/SpriteAtlasScriptablePacker.cs - Importer: ScriptedImporter/UnityEditor.QuickSearchModule:UnityEditor.Search:ASIAI0B' with importer (ScriptedImporter : UnityEditor.QuickSearchModule:UnityEditor.Search:ASIAI0B)
Imported 'GUID: 3e60cf5de87e1da4a8fa98713709fa00' -> (Import Result ID: 'c24f4aff99c26fdcbf1986deafe06b25') in 0.001 seconds [static and dynamic dependencies]. Details - ImportResultOutputID=f0d162bbad7c3f8ce03da068e38ac4cb DependenciesID=74009a4c65484e42cb6e772db230e02f StaticDependenciesID=776ba90fcd3d3fd07190618af4ec96ae 
Number of updated asset objects reloaded before import = 0
Number of asset objects unloaded after import = 0
========================================================================
Received Import Request.
  Time of request: 2026-09-17T18:20:32.278619Z
  Time since last request: 0.000165916 seconds.
  importAddress: GUID: 609d69ce95fbbe148aac9ed99bf92679 - Path: Packages/com.unity.2d.animation/Editor/SkinningModule/Undo/UnityEngineUndo.cs - Importer: ScriptedImporter/UnityEditor.QuickSearchModule:UnityEditor.Search:ASIAI0B
Importing 'GUID: 609d69ce95fbbe148aac9ed99bf92679 - Path: Packages/com.unity.2d.animation/Editor/SkinningModule/Undo/UnityEngineUndo.cs - Importer: ScriptedImporter/UnityEditor.QuickSearchModule:UnityEditor.Search:ASIAI0B' with importer (ScriptedImporter : UnityEditor.QuickSearchModule:UnityEditor.Search:ASIAI0B)
Imported 'GUID: 609d69ce95fbbe148aac9ed99bf92679' -> (Import Result ID: '7c4e3945d711785328278fb3f17039da') in 0.001 seconds [static and dynamic dependencies]. Details - ImportResultOutputID=84eab59b26ba144f511235b066fbc9a2 DependenciesID=172e83fef263167d39acbf3b3d3e5602 StaticDependenciesID=136a2e9b1458efd4513c4e445539aa4b 
Number of updated asset objects reloaded before import = 0
Number of asset objects unloaded after import = 0
========================================================================
Received Import Request.
  Time of request: 2026-09-17T18:20:32.287569Z
  Time since last request: 0.000260542 seconds.
  importAddress: GUID: c66db58fd56e0a14690d99c115527f28 - Path: Packages/com.unity.2d.animation/Editor/SkinningModule/Selection/SkeletonSelection.cs - Importer: ScriptedImporter/UnityEditor.QuickSearchModule:UnityEditor.Search:ASIAI0B
Importing 'GUID: c66db58fd56e0a14690d99c115527f28 - Path: Packages/com.unity.2d.animation/Editor/SkinningModule/Selection/SkeletonSelection.cs - Importer: ScriptedImporter/UnityEditor.QuickSearchModule:UnityEditor.Search:ASIAI0B' with importer (ScriptedImporter : UnityEditor.QuickSearchModule:UnityEditor.Search:ASIAI0B)
Imported 'GUID: c66db58fd56e0a14690d99c115527f28' -> (Import Result ID: '242dfbeff5d50c40f4dae650cf9014de') in 0.001 seconds [static and dynamic dependencies]. Details - ImportResultOutputID=bcbd2c92169aee5abbfafe8c8c4f5cff DependenciesID=70c77cafc69cbc81772cf91baceecf7e StaticDependenciesID=7faaa46e520d20bc90ee95614724b419 
Number of updated asset objects reloaded before import = 0
Number of asset objects unloaded after import = 0
========================================================================
Received Import Request.
  Time of request: 2026-09-17T18:20:32.296162Z
  Time since last request: 0.000195542 seconds.
  importAddress: GUID: b1af9c5cd2784371b5e5eed8f57efccd - Path: Packages/com.unity.2d.aseprite/Editor/Aseprite/Chunks/CellExtra.cs - Importer: ScriptedImporter/UnityEditor.QuickSearchModule:UnityEditor.Search:ASIAI0B
Importing 'GUID: b1af9c5cd2784371b5e5eed8f57efccd - Path: Packages/com.unity.2d.aseprite/Editor/Aseprite/Chunks/CellExtra.cs - Importer: ScriptedImporter/UnityEditor.QuickSearchModule:UnityEditor.Search:ASIAI0B' with importer (ScriptedImporter : UnityEditor.QuickSearchModule:UnityEditor.Search:ASIAI0B)
Imported 'GUID: b1af9c5cd2784371b5e5eed8f57efccd' -> (Import Result ID: 'd798a4885b50c0faa9b2b7588de923a7') in 0.001 seconds [static and dynamic dependencies]. Details - ImportResultOutputID=437b764849be0b7cf9715ce34e3fae9d DependenciesID=545d4795d45f811668d80a75eac4b72f StaticDependenciesID=b897c8c69cc1754239345b2314802197 
Number of updated asset objects reloaded before import = 0
Number of asset objects unloaded after import = 0
========================================================================
Received Import Request.
  Time of request: 2026-09-17T18:20:32.305018Z
  Time since last request: 0.000391 seconds.
  importAddress: GUID: 4958637110c2244a691af18863ead786 - Path: Packages/com.unity.2d.animation/Editor/Assets/EditorIcons/d_False.png - Importer: ScriptedImporter/UnityEditor.QuickSearchModule:UnityEditor.Search:ASIAI0B
Importing 'GUID: 4958637110c2244a691af18863ead786 - Path: Packages/com.unity.2d.animation/Editor/Assets/EditorIcons/d_False.png - Importer: ScriptedImporter/UnityEditor.QuickSearchModule:UnityEditor.Search:ASIAI0B' with importer (ScriptedImporter : UnityEditor.QuickSearchModule:UnityEditor.Search:ASIAI0B)
Imported 'GUID: 4958637110c2244a691af18863ead786' -> (Import Result ID: '82042564fbc0f0083796d9046d62a1e0') in 0.003 seconds [static and dynamic dependencies]. Details - ImportResultOutputID=e6b1cc2f20016f2ee78e0c92900c8f25 DependenciesID=ae453604f9e0907ffdc3e2b091ee47ea StaticDependenciesID=7079b49af92c64f1aa038d4d2031bb35 
Number of updated asset objects reloaded before import = 0
Number of asset objects unloaded after import = 3
========================================================================
Received Import Request.
  Time of request: 2026-09-17T18:20:32.31524Z
  Time since last request: 0.000149375 seconds.
  importAddress: GUID: 69fdfe6d8e206134a83223383472ff48 - Path: Packages/com.unity.2d.animation/Editor/Assets/EditorIcons/d_Copy.png - Importer: ScriptedImporter/UnityEditor.QuickSearchModule:UnityEditor.Search:ASIAI0B
Importing 'GUID: 69fdfe6d8e206134a83223383472ff48 - Path: Packages/com.unity.2d.animation/Editor/Assets/EditorIcons/d_Copy.png - Importer: ScriptedImporter/UnityEditor.QuickSearchModule:UnityEditor.Search:ASIAI0B' with importer (ScriptedImporter : UnityEditor.QuickSearchModule:UnityEditor.Search:ASIAI0B)
Imported 'GUID: 69fdfe6d8e206134a83223383472ff48' -> (Import Result ID: '472cb6eafad1c3bf4ade5723f91cd086') in 0.004 seconds [static and dynamic dependencies]. Details - ImportResultOutputID=ffe2a28b127d3c5183459bdab50fb082 DependenciesID=d4dfea8c5fc95ace3acfde5d914b375c StaticDependenciesID=c2d777222af68cfc3905f2857baa855c 
Number of updated asset objects reloaded before import = 0
Number of asset objects unloaded after import = 3
========================================================================
Received Import Request.
  Time of request: 2026-09-17T18:20:32.326454Z
  Time since last request: 0.000162334 seconds.
  importAddress: GUID: bd2c5ec8522954323aba72f213024f60 - Path: Packages/com.unity.2d.psdimporter/Editor/Assets/Icons/Light/Layers Mixed@2x.png - Importer: ScriptedImporter/UnityEditor.QuickSearchModule:UnityEditor.Search:ASIAI0B
Importing 'GUID: bd2c5ec8522954323aba72f213024f60 - Path: Packages/com.unity.2d.psdimporter/Editor/Assets/Icons/Light/Layers Mixed@2x.png - Importer: ScriptedImporter/UnityEditor.QuickSearchModule:UnityEditor.Search:ASIAI0B' with importer (ScriptedImporter : UnityEditor.QuickSearchModule:UnityEditor.Search:ASIAI0B)
Imported 'GUID: bd2c5ec8522954323aba72f213024f60' -> (Import Result ID: '54e0bbd8dc7716cd8115602fd0642381') in 0.003 seconds [static and dynamic dependencies]. Details - ImportResultOutputID=a05116d6d1edcf45f10bae42adfad156 DependenciesID=fa9e02a527b3b70020d01bdf59e71db3 StaticDependenciesID=bd937498d63dbf16d886b6b6bc0eb130 
Number of updated asset objects reloaded before import = 0
Number of asset objects unloaded after import = 3
========================================================================
Received Import Request.
  Time of request: 2026-09-17T18:20:32.336842Z
  Time since last request: 0.000190833 seconds.
  importAddress: GUID: a605ef4315d43d6438e211f589d2df38 - Path: Packages/com.unity.2d.tilemap/Editor/Icons/Tilemap.TilePalette.png - Importer: ScriptedImporter/UnityEditor.QuickSearchModule:UnityEditor.Search:ASIAI0B
Importing 'GUID: a605ef4315d43d6438e211f589d2df38 - Path: Packages/com.unity.2d.tilemap/Editor/Icons/Tilemap.TilePalette.png - Importer: ScriptedImporter/UnityEditor.QuickSearchModule:UnityEditor.Search:ASIAI0B' with importer (ScriptedImporter : UnityEditor.QuickSearchModule:UnityEditor.Search:ASIAI0B)
Imported 'GUID: a605ef4315d43d6438e211f589d2df38' -> (Import Result ID: '5b47450bb876852cb1e418661862aa88') in 0.003 seconds [static and dynamic dependencies]. Details - ImportResultOutputID=8b7fdee552ef3430a66c029f8c7615ea DependenciesID=b0312bac2669168b4e46cedbfd1c0b6b StaticDependenciesID=8219eac18455517dddd14c34fcd20938 
Number of updated asset objects reloaded before import = 0
Number of asset objects unloaded after import = 3
========================================================================
Received Import Request.
  Time of request: 2026-09-17T18:20:32.347326Z
  Time since last request: 0.00018425 seconds.
  importAddress: GUID: 697cfdfbecf74341b95e4e53e01ebd6a - Path: Packages/com.unity.2d.sprite/Editor/Utilities.cs - Importer: ScriptedImporter/UnityEditor.QuickSearchModule:UnityEditor.Search:ASIAI0B
Importing 'GUID: 697cfdfbecf74341b95e4e53e01ebd6a - Path: Packages/com.unity.2d.sprite/Editor/Utilities.cs - Importer: ScriptedImporter/UnityEditor.QuickSearchModule:UnityEditor.Search:ASIAI0B' with importer (ScriptedImporter : UnityEditor.QuickSearchModule:UnityEditor.Search:ASIAI0B)
Imported 'GUID: 697cfdfbecf74341b95e4e53e01ebd6a' -> (Import Result ID: '7ebaba5f76f7e57313fe001579b891c2') in 0.001 seconds [static and dynamic dependencies]. Details - ImportResultOutputID=8cd51d8ecc3881a2e922f5c7b471d861 DependenciesID=50b16ef70201ba755a1d0cd7cb3f95cc StaticDependenciesID=f89b2434b59e3ad2bc8ef83a34511380 
Number of updated asset objects reloaded before import = 0
Number of asset objects unloaded after import = 0
========================================================================
Received Import Request.
  Time of request: 2026-09-17T18:20:32.356089Z
  Time since last request: 0.000351375 seconds.
  importAddress: GUID: 8cf26b17030744f44b4984670864cede - Path: Packages/com.unity.2d.animation/Editor/SkinningModule/Undo/ICacheUndo.cs - Importer: ScriptedImporter/UnityEditor.QuickSearchModule:UnityEditor.Search:ASIAI0B
Importing 'GUID: 8cf26b17030744f44b4984670864cede - Path: Packages/com.unity.2d.animation/Editor/SkinningModule/Undo/ICacheUndo.cs - Importer: ScriptedImporter/UnityEditor.QuickSearchModule:UnityEditor.Search:ASIAI0B' with importer (ScriptedImporter : UnityEditor.QuickSearchModule:UnityEditor.Search:ASIAI0B)
Imported 'GUID: 8cf26b17030744f44b4984670864cede' -> (Import Result ID: '1850b206c2b4c9b2b0aa182c3b4da3eb') in 0.001 seconds [static and dynamic dependencies]. Details - ImportResultOutputID=69b6ba5773fecf8936ea4e1f71633c6c DependenciesID=85eb00642cdab98592e0ae23a2e42012 StaticDependenciesID=53ad905ede5d9898efc2510e3aa9043c 
Number of updated asset objects reloaded before import = 0
Number of asset objects unloaded after import = 0
========================================================================
Received Import Request.
  Time of request: 2026-09-17T18:20:32.364673Z
  Time since last request: 0.00013125 seconds.
  importAddress: GUID: 59bc7a7ca0683ac439e255a533670885 - Path: Packages/com.unity.2d.animation/Editor/Assets/EditorIcons/Split Bones.png - Importer: ScriptedImporter/UnityEditor.QuickSearchModule:UnityEditor.Search:ASIAI0B
Importing 'GUID: 59bc7a7ca0683ac439e255a533670885 - Path: Packages/com.unity.2d.animation/Editor/Assets/EditorIcons/Split Bones.png - Importer: ScriptedImporter/UnityEditor.QuickSearchModule:UnityEditor.Search:ASIAI0B' with importer (ScriptedImporter : UnityEditor.QuickSearchModule:UnityEditor.Search:ASIAI0B)
Imported 'GUID: 59bc7a7ca0683ac439e255a533670885' -> (Import Result ID: 'b05f1f152097e8dc70be51897e781e41') in 0.002 seconds [static and dynamic dependencies]. Details - ImportResultOutputID=6566cca7efa9894806cbf5fc995909a3 DependenciesID=0421b83a119dbb840507619f50d8d801 StaticDependenciesID=a18285bf1f5681ae25418a83c2082ad7 
Number of updated asset objects reloaded before import = 0
Number of asset objects unloaded after import = 3
========================================================================
Received Import Request.
  Time of request: 2026-09-17T18:20:32.374862Z
  Time since last request: 0.000209125 seconds.
  importAddress: GUID: bb51334c6930f864abac38001f7bdf6e - Path: Packages/com.unity.2d.animation/Editor/Assets/EditorIcons/Selected/Copy@3x.png - Importer: ScriptedImporter/UnityEditor.QuickSearchModule:UnityEditor.Search:ASIAI0B
Importing 'GUID: bb51334c6930f864abac38001f7bdf6e - Path: Packages/com.unity.2d.animation/Editor/Assets/EditorIcons/Selected/Copy@3x.png - Importer: ScriptedImporter/UnityEditor.QuickSearchModule:UnityEditor.Search:ASIAI0B' with importer (ScriptedImporter : UnityEditor.QuickSearchModule:UnityEditor.Search:ASIAI0B)
Imported 'GUID: bb51334c6930f864abac38001f7bdf6e' -> (Import Result ID: '3d0e81495538ac17c9c4490833379bae') in 0.003 seconds [static and dynamic dependencies]. Details - ImportResultOutputID=f3ffa310cd23e677b70a7999809b3867 DependenciesID=c5c7256ab58fbc315eb642434e09a892 StaticDependenciesID=9eab0ae90d51417f6a900d6e50887d2b 
Number of updated asset objects reloaded before import = 0
Number of asset objects unloaded after import = 3
========================================================================
Received Import Request.
  Time of request: 2026-09-17T18:20:32.385399Z
  Time since last request: 0.000147833 seconds.
  importAddress: GUID: f169a69b888768d44906789625031d45 - Path: Packages/com.unity.2d.animation/Editor/Assets/EditorIcons/Edit_Pose@2x.png - Importer: ScriptedImporter/UnityEditor.QuickSearchModule:UnityEditor.Search:ASIAI0B
Importing 'GUID: f169a69b888768d44906789625031d45 - Path: Packages/com.unity.2d.animation/Editor/Assets/EditorIcons/Edit_Pose@2x.png - Importer: ScriptedImporter/UnityEditor.QuickSearchModule:UnityEditor.Search:ASIAI0B' with importer (ScriptedImporter : UnityEditor.QuickSearchModule:UnityEditor.Search:ASIAI0B)
Imported 'GUID: f169a69b888768d44906789625031d45' -> (Import Result ID: '52d16230942a1e90cbc1a794bec5d4be') in 0.002 seconds [static and dynamic dependencies]. Details - ImportResultOutputID=7699295f0ffc7a2a775b79bd0169ab4e DependenciesID=602313a0d535fb6b8811be72211d9c99 StaticDependenciesID=39359d6b5c2c76ddb136e903945bd4c7 
Number of updated asset objects reloaded before import = 0
Number of asset objects unloaded after import = 3
========================================================================
Received Import Request.
  Time of request: 2026-09-17T18:20:32.395086Z
  Time since last request: 0.000180958 seconds.
  importAddress: GUID: 31f371f2dfe50c34081023094aed72c3 - Path: Packages/com.unity.2d.animation/Editor/Assets/EditorIcons/Create_Vertex.png - Importer: ScriptedImporter/UnityEditor.QuickSearchModule:UnityEditor.Search:ASIAI0B
Importing 'GUID: 31f371f2dfe50c34081023094aed72c3 - Path: Packages/com.unity.2d.animation/Editor/Assets/EditorIcons/Create_Vertex.png - Importer: ScriptedImporter/UnityEditor.QuickSearchModule:UnityEditor.Search:ASIAI0B' with importer (ScriptedImporter : UnityEditor.QuickSearchModule:UnityEditor.Search:ASIAI0B)
Imported 'GUID: 31f371f2dfe50c34081023094aed72c3' -> (Import Result ID: 'a4b668e508f0740649520bbe40d59208') in 0.002 seconds [static and dynamic dependencies]. Details - ImportResultOutputID=bd18538038e507e4cc4a33d1bc0529ba DependenciesID=375f8636b4bbf2873d2762abf7930146 StaticDependenciesID=f6e19097b1ef28b1296461655e983260 
Number of updated asset objects reloaded before import = 0
Number of asset objects unloaded after import = 3
========================================================================
Received Import Request.
  Time of request: 2026-09-17T18:20:32.404729Z
  Time since last request: 0.000145083 seconds.
  importAddress: GUID: 31a4799fed00a4c1e8f79606e6418428 - Path: Packages/com.unity.2d.common/Path/Editor/IMGUI/GUIFramework/HoveredControlAction.cs - Importer: ScriptedImporter/UnityEditor.QuickSearchModule:UnityEditor.Search:ASIAI0B
Importing 'GUID: 31a4799fed00a4c1e8f79606e6418428 - Path: Packages/com.unity.2d.common/Path/Editor/IMGUI/GUIFramework/HoveredControlAction.cs - Importer: ScriptedImporter/UnityEditor.QuickSearchModule:UnityEditor.Search:ASIAI0B' with importer (ScriptedImporter : UnityEditor.QuickSearchModule:UnityEditor.Search:ASIAI0B)
Imported 'GUID: 31a4799fed00a4c1e8f79606e6418428' -> (Import Result ID: '725c21440fc4f2c4a0e563d7b959a1f0') in 0.001 seconds [static and dynamic dependencies]. Details - ImportResultOutputID=f55e13916a7d0fb5b297340ec3b7cb9a DependenciesID=9fffde73d305a2e671e31d393d57d6e1 StaticDependenciesID=4f1448ca00fe36152764512d654933b1 
Number of updated asset objects reloaded before import = 0
Number of asset objects unloaded after import = 0
========================================================================
Received Import Request.
  Time of request: 2026-09-17T18:20:32.413134Z
  Time since last request: 0.000172209 seconds.
  importAddress: GUID: 2ce4b92d8aa4ac14c9dd8eda0f422c89 - Path: Packages/com.unity.2d.sprite/Editor/SpriteEditorModule/TextureImporterDataProvider.cs - Importer: ScriptedImporter/UnityEditor.QuickSearchModule:UnityEditor.Search:ASIAI0B
Importing 'GUID: 2ce4b92d8aa4ac14c9dd8eda0f422c89 - Path: Packages/com.unity.2d.sprite/Editor/SpriteEditorModule/TextureImporterDataProvider.cs - Importer: ScriptedImporter/UnityEditor.QuickSearchModule:UnityEditor.Search:ASIAI0B' with importer (ScriptedImporter : UnityEditor.QuickSearchModule:UnityEditor.Search:ASIAI0B)
Imported 'GUID: 2ce4b92d8aa4ac14c9dd8eda0f422c89' -> (Import Result ID: '44be867209aead508e43583212d06ec2') in 0.001 seconds [static and dynamic dependencies]. Details - ImportResultOutputID=4eaeef7c9d0e0cd26244f5742cc1bfc1 DependenciesID=04a1a79e09ce271424c4532a227f2d90 StaticDependenciesID=b65433c80082e8d7f377e37527d37721 
Number of updated asset objects reloaded before import = 0
Number of asset objects unloaded after import = 0
========================================================================
Received Import Request.
  Time of request: 2026-09-17T18:20:32.421628Z
  Time since last request: 0.000167208 seconds.
  importAddress: GUID: 0d15278383d04786998d121cd31e71f4 - Path: Packages/com.unity.2d.sprite/Editor/Undo/UndoObject.cs - Importer: ScriptedImporter/UnityEditor.QuickSearchModule:UnityEditor.Search:ASIAI0B
Importing 'GUID: 0d15278383d04786998d121cd31e71f4 - Path: Packages/com.unity.2d.sprite/Editor/Undo/UndoObject.cs - Importer: ScriptedImporter/UnityEditor.QuickSearchModule:UnityEditor.Search:ASIAI0B' with importer (ScriptedImporter : UnityEditor.QuickSearchModule:UnityEditor.Search:ASIAI0B)
Imported 'GUID: 0d15278383d04786998d121cd31e71f4' -> (Import Result ID: '44b94d49dc79d1bbda6e564d47d989d6') in 0.002 seconds [static and dynamic dependencies]. Details - ImportResultOutputID=fbf828ec9473204cf177353088bd9dab DependenciesID=d367a553fd676362a325410797d99482 StaticDependenciesID=3ac22939c333d199f922e11f786364ce 
Number of updated asset objects reloaded before import = 0
Number of asset objects unloaded after import = 0
========================================================================
Received Import Request.
  Time of request: 2026-09-17T18:20:32.431048Z
  Time since last request: 0.000136042 seconds.
  importAddress: GUID: 76beef9fdae7b48468ddf07d0400a374 - Path: Packages/com.unity.2d.animation/Editor/Assets/EditorIcons/Bone@3x.png - Importer: ScriptedImporter/UnityEditor.QuickSearchModule:UnityEditor.Search:ASIAI0B
Importing 'GUID: 76beef9fdae7b48468ddf07d0400a374 - Path: Packages/com.unity.2d.animation/Editor/Assets/EditorIcons/Bone@3x.png - Importer: ScriptedImporter/UnityEditor.QuickSearchModule:UnityEditor.Search:ASIAI0B' with importer (ScriptedImporter : UnityEditor.QuickSearchModule:UnityEditor.Search:ASIAI0B)
Imported 'GUID: 76beef9fdae7b48468ddf07d0400a374' -> (Import Result ID: '88ff8f29e5edcbe1a9fc5e88b8e737c0') in 0.003 seconds [static and dynamic dependencies]. Details - ImportResultOutputID=4f94c024a1e6890181024f7a9f29616b DependenciesID=f40ded80b2d0611ca1ffdc01202633d8 StaticDependenciesID=1365915e272ca05fb01eb79868795cec 
Number of updated asset objects reloaded before import = 0
Number of asset objects unloaded after import = 3
========================================================================
Received Import Request.
  Time of request: 2026-09-17T18:20:32.441148Z
  Time since last request: 0.000111 seconds.
  importAddress: GUID: d02b5650e6e0b4c45ab18d5a1d1fce97 - Path: Packages/com.unity.2d.sprite/Editor/UI/SpriteEditor/SpriteFrameModuleInspector.uxml - Importer: ScriptedImporter/UnityEditor.QuickSearchModule:UnityEditor.Search:ASIAI0B
Importing 'GUID: d02b5650e6e0b4c45ab18d5a1d1fce97 - Path: Packages/com.unity.2d.sprite/Editor/UI/SpriteEditor/SpriteFrameModuleInspector.uxml - Importer: ScriptedImporter/UnityEditor.QuickSearchModule:UnityEditor.Search:ASIAI0B' with importer (ScriptedImporter : UnityEditor.QuickSearchModule:UnityEditor.Search:ASIAI0B)
Imported 'GUID: d02b5650e6e0b4c45ab18d5a1d1fce97' -> (Import Result ID: '81607b93b7e5779ec1585a768541d633') in 0.003 seconds [static and dynamic dependencies]. Details - ImportResultOutputID=12e3c213bcfb0b924db9c04ae1c42fbb DependenciesID=bedc3f5fafe165c6e8a96fb801c83307 StaticDependenciesID=fe6e3bc2bc63f281530a4cf8f4ce24b5 
Number of updated asset objects reloaded before import = 0
Number of asset objects unloaded after import = 2
========================================================================
Received Import Request.
  Time of request: 2026-09-17T18:20:32.451627Z
  Time since last request: 0.000176417 seconds.
  importAddress: GUID: c7d0fae3d3df9c14ea6be0ae8969062f - Path: Packages/com.unity.2d.common/Runtime/Triangulation - Importer: ScriptedImporter/UnityEditor.QuickSearchModule:UnityEditor.Search:ASIAI0B
Importing 'GUID: c7d0fae3d3df9c14ea6be0ae8969062f - Path: Packages/com.unity.2d.common/Runtime/Triangulation - Importer: ScriptedImporter/UnityEditor.QuickSearchModule:UnityEditor.Search:ASIAI0B' with importer (ScriptedImporter : UnityEditor.QuickSearchModule:UnityEditor.Search:ASIAI0B)
Imported 'GUID: c7d0fae3d3df9c14ea6be0ae8969062f' -> (Import Result ID: 'c7514627a452a77b1becb74849647bdd') in 0.001 seconds [static and dynamic dependencies]. Details - ImportResultOutputID=f18af0c041b9ed2b649d31c4c78efaf3 DependenciesID=320dd1da7888e7b2d0687777dd000c14 StaticDependenciesID=707fc83b9a040576f74a110d6e296e15 
Number of updated asset objects reloaded before import = 0
Number of asset objects unloaded after import = 1
========================================================================
Received Import Request.
  Time of request: 2026-09-17T18:20:32.459924Z
  Time since last request: 0.000173958 seconds.
  importAddress: GUID: 0e3687ec2891348bd9068674698bbf5e - Path: Packages/com.unity.2d.animation/Editor/SpriteSkin/BoneHierarchy - Importer: ScriptedImporter/UnityEditor.QuickSearchModule:UnityEditor.Search:ASIAI0B
Importing 'GUID: 0e3687ec2891348bd9068674698bbf5e - Path: Packages/com.unity.2d.animation/Editor/SpriteSkin/BoneHierarchy - Importer: ScriptedImporter/UnityEditor.QuickSearchModule:UnityEditor.Search:ASIAI0B' with importer (ScriptedImporter : UnityEditor.QuickSearchModule:UnityEditor.Search:ASIAI0B)
Imported 'GUID: 0e3687ec2891348bd9068674698bbf5e' -> (Import Result ID: '0dea817888c46f8de46f4370d0377b4c') in 0.001 seconds [static and dynamic dependencies]. Details - ImportResultOutputID=cbfd147a0dcc50b5046da3ca5713de49 DependenciesID=7eb230b1021f1904a7dfa6d12711ba29 StaticDependenciesID=aa33f5578222f903a573e80a8dc3bde9 
Number of updated asset objects reloaded before import = 0
Number of asset objects unloaded after import = 1
========================================================================
Received Import Request.
  Time of request: 2026-09-17T18:20:32.46827Z
  Time since last request: 0.000167375 seconds.
  importAddress: GUID: 4bed23865b5d4bdb8c2d92698b7192fa - Path: Packages/com.unity.2d.tooling/Editor/AssemblyInfo.cs - Importer: ScriptedImporter/UnityEditor.QuickSearchModule:UnityEditor.Search:ASIAI0B
Importing 'GUID: 4bed23865b5d4bdb8c2d92698b7192fa - Path: Packages/com.unity.2d.tooling/Editor/AssemblyInfo.cs - Importer: ScriptedImporter/UnityEditor.QuickSearchModule:UnityEditor.Search:ASIAI0B' with importer (ScriptedImporter : UnityEditor.QuickSearchModule:UnityEditor.Search:ASIAI0B)
Imported 'GUID: 4bed23865b5d4bdb8c2d92698b7192fa' -> (Import Result ID: '489bd4381ec86332365ab66cfed25e00') in 0.001 seconds [static and dynamic dependencies]. Details - ImportResultOutputID=13aaf4f5ae1ec6980feabe3aeb00c76b DependenciesID=e056337cec558024741b175ab477e256 StaticDependenciesID=8b2fdeceea6d9274ac7510cd59ad5a57 
Number of updated asset objects reloaded before import = 0
Number of asset objects unloaded after import = 0
========================================================================
Received Import Request.
  Time of request: 2026-09-17T18:20:32.476401Z
  Time since last request: 0.0001535 seconds.
  importAddress: GUID: d7b52ee143e0c4bf09d482ec22428db2 - Path: Packages/com.unity.2d.psdimporter/Editor/Assets/Icons/Selected/Layers Mixed@2x.png - Importer: ScriptedImporter/UnityEditor.QuickSearchModule:UnityEditor.Search:ASIAI0B
Importing 'GUID: d7b52ee143e0c4bf09d482ec22428db2 - Path: Packages/com.unity.2d.psdimporter/Editor/Assets/Icons/Selected/Layers Mixed@2x.png - Importer: ScriptedImporter/UnityEditor.QuickSearchModule:UnityEditor.Search:ASIAI0B' with importer (ScriptedImporter : UnityEditor.QuickSearchModule:UnityEditor.Search:ASIAI0B)
Imported 'GUID: d7b52ee143e0c4bf09d482ec22428db2' -> (Import Result ID: 'b72a1874a559aa1409e9fbde26c8ef24') in 0.004 seconds [static and dynamic dependencies]. Details - ImportResultOutputID=1a8e5dbeaf865eb82fc41276401f5303 DependenciesID=ef6e64b921646e48893277debeb1d380 StaticDependenciesID=4f5c17e5352c18c79462a0b750254eb9 
Number of updated asset objects reloaded before import = 0
Number of asset objects unloaded after import = 3
========================================================================
Received Import Request.
  Time of request: 2026-09-17T18:20:32.487558Z
  Time since last request: 0.000155542 seconds.
  importAddress: GUID: b5fde14964733764c8c198a418b2eaaf - Path: Packages/com.unity.2d.animation/IK/Runtime/IKUtility.cs - Importer: ScriptedImporter/UnityEditor.QuickSearchModule:UnityEditor.Search:ASIAI0B
Importing 'GUID: b5fde14964733764c8c198a418b2eaaf - Path: Packages/com.unity.2d.animation/IK/Runtime/IKUtility.cs - Importer: ScriptedImporter/UnityEditor.QuickSearchModule:UnityEditor.Search:ASIAI0B' with importer (ScriptedImporter : UnityEditor.QuickSearchModule:UnityEditor.Search:ASIAI0B)
Imported 'GUID: b5fde14964733764c8c198a418b2eaaf' -> (Import Result ID: '6ee65b3dd83804fd9f639eaf45bbffd4') in 0.001 seconds [static and dynamic dependencies]. Details - ImportResultOutputID=98dc4e398d3341eae73aff2151f4ed66 DependenciesID=f8c7e0cad2307edee42ac406d627f892 StaticDependenciesID=284790f1a8818bbac1e1903daf24330f 
Number of updated asset objects reloaded before import = 0
Number of asset objects unloaded after import = 0
========================================================================
Received Import Request.
  Time of request: 2026-09-17T18:20:32.495763Z
  Time since last request: 0.000201041 seconds.
  importAddress: GUID: 4cdf803ccba4203428cf760a394d701f - Path: Packages/com.unity.2d.animation/Editor/Assets - Importer: ScriptedImporter/UnityEditor.QuickSearchModule:UnityEditor.Search:ASIAI0B
Importing 'GUID: 4cdf803ccba4203428cf760a394d701f - Path: Packages/com.unity.2d.animation/Editor/Assets - Importer: ScriptedImporter/UnityEditor.QuickSearchModule:UnityEditor.Search:ASIAI0B' with importer (ScriptedImporter : UnityEditor.QuickSearchModule:UnityEditor.Search:ASIAI0B)
Imported 'GUID: 4cdf803ccba4203428cf760a394d701f' -> (Import Result ID: '1ab99486ffc604a38a2abeb774366e55') in 0.001 seconds [static and dynamic dependencies]. Details - ImportResultOutputID=3fa303f57bc3c672203c361f325d6596 DependenciesID=765b3df2902c3f6f6b0b8f683a2ec8e9 StaticDependenciesID=ebc2f87264215d33c4e1712707ac7b39 
Number of updated asset objects reloaded before import = 0
Number of asset objects unloaded after import = 1
========================================================================
Received Import Request.
  Time of request: 2026-09-17T18:20:32.503878Z
  Time since last request: 0.000148625 seconds.
  importAddress: GUID: 3e3d41c162ad74767b66168d4d94b99c - Path: Packages/com.unity.2d.animation/Editor/Assets/ComponentIcons/Animation.SpriteLibraryVar@32.png - Importer: ScriptedImporter/UnityEditor.QuickSearchModule:UnityEditor.Search:ASIAI0B
Importing 'GUID: 3e3d41c162ad74767b66168d4d94b99c - Path: Packages/com.unity.2d.animation/Editor/Assets/ComponentIcons/Animation.SpriteLibraryVar@32.png - Importer: ScriptedImporter/UnityEditor.QuickSearchModule:UnityEditor.Search:ASIAI0B' with importer (ScriptedImporter : UnityEditor.QuickSearchModule:UnityEditor.Search:ASIAI0B)
Imported 'GUID: 3e3d41c162ad74767b66168d4d94b99c' -> (Import Result ID: '85377b08d48f6f993630dc8df22af2f6') in 0.003 seconds [static and dynamic dependencies]. Details - ImportResultOutputID=3912bdcd411248d24f54aa4b01ff763d DependenciesID=ddd1dccb80c878a0ba2776c9c0e264d8 StaticDependenciesID=5729dd359c30621b9f533b1c6c982f19 
Number of updated asset objects reloaded before import = 0
Number of asset objects unloaded after import = 3
========================================================================
Received Import Request.
  Time of request: 2026-09-17T18:20:32.513733Z
  Time since last request: 0.000133125 seconds.
  importAddress: GUID: 0d865d2c5503d6342891956184902996 - Path: Packages/com.unity.2d.animation/Runtime/BatchedDeformation/CpuDeformationSystem.cs - Importer: ScriptedImporter/UnityEditor.QuickSearchModule:UnityEditor.Search:ASIAI0B
Importing 'GUID: 0d865d2c5503d6342891956184902996 - Path: Packages/com.unity.2d.animation/Runtime/BatchedDeformation/CpuDeformationSystem.cs - Importer: ScriptedImporter/UnityEditor.QuickSearchModule:UnityEditor.Search:ASIAI0B' with importer (ScriptedImporter : UnityEditor.QuickSearchModule:UnityEditor.Search:ASIAI0B)
Imported 'GUID: 0d865d2c5503d6342891956184902996' -> (Import Result ID: 'd46225807c29d0bbb5ec182a68868602') in 0.001 seconds [static and dynamic dependencies]. Details - ImportResultOutputID=e03d99879594f51003a8adeb15f799b1 DependenciesID=174e09dd196a6b07a83841b1b15034e4 StaticDependenciesID=93a7f67376dbbc99b21462b6dbdd311c 
Number of updated asset objects reloaded before import = 0
Number of asset objects unloaded after import = 0
========================================================================
Received Import Request.
  Time of request: 2026-09-17T18:20:32.521585Z
  Time since last request: 0.000162333 seconds.
  importAddress: GUID: 855a0facf66776c65bb54d2ba2c4f2b1 - Path: Packages/com.unity.2d.common - Importer: ScriptedImporter/UnityEditor.QuickSearchModule:UnityEditor.Search:ASIAI0B
Importing 'GUID: 855a0facf66776c65bb54d2ba2c4f2b1 - Path: Packages/com.unity.2d.common - Importer: ScriptedImporter/UnityEditor.QuickSearchModule:UnityEditor.Search:ASIAI0B' with importer (ScriptedImporter : UnityEditor.QuickSearchModule:UnityEditor.Search:ASIAI0B)
Imported 'GUID: 855a0facf66776c65bb54d2ba2c4f2b1' -> (Import Result ID: '50478b6fac095e2346fc34e84f8142db') in 0.001 seconds [static and dynamic dependencies]. Details - ImportResultOutputID=ea8fff80a8ba9d2460a5156bbee8d4a6 DependenciesID=c320ddcf376fe05f8f0374216bcdacdd StaticDependenciesID=8d0e88da2a6df5c0ce65eb84efcb4629 
Number of updated asset objects reloaded before import = 0
Number of asset objects unloaded after import = 1
========================================================================
Received Import Request.
  Time of request: 2026-09-17T18:20:32.530056Z
  Time since last request: 0.000185167 seconds.
  importAddress: GUID: 6b80cdd1d5ce20c4189553f129f4d175 - Path: Packages/com.unity.2d.tilemap/Editor/Icons/Tilemap.FocusTilemap@2x.png - Importer: ScriptedImporter/UnityEditor.QuickSearchModule:UnityEditor.Search:ASIAI0B
Importing 'GUID: 6b80cdd1d5ce20c4189553f129f4d175 - Path: Packages/com.unity.2d.tilemap/Editor/Icons/Tilemap.FocusTilemap@2x.png - Importer: ScriptedImporter/UnityEditor.QuickSearchModule:UnityEditor.Search:ASIAI0B' with importer (ScriptedImporter : UnityEditor.QuickSearchModule:UnityEditor.Search:ASIAI0B)
Imported 'GUID: 6b80cdd1d5ce20c4189553f129f4d175' -> (Import Result ID: '7aebd4914f799cf3214109cd4b9db70b') in 0.003 seconds [static and dynamic dependencies]. Details - ImportResultOutputID=bd897ee630064a65764cd8c4eef1f7d2 DependenciesID=d19ed3e3226d492c7231ce9d41bf40d1 StaticDependenciesID=15df51d35e2705e8cc93040ef1a3503c 
Number of updated asset objects reloaded before import = 0
Number of asset objects unloaded after import = 3
========================================================================
Received Import Request.
  Time of request: 2026-09-17T18:20:32.54073Z
  Time since last request: 0.0003185 seconds.
  importAddress: GUID: f60779a06bec4f14a957237a7206b786 - Path: Packages/com.unity.2d.tilemap/Editor/GridPaletteAddPopup.cs - Importer: ScriptedImporter/UnityEditor.QuickSearchModule:UnityEditor.Search:ASIAI0B
Importing 'GUID: f60779a06bec4f14a957237a7206b786 - Path: Packages/com.unity.2d.tilemap/Editor/GridPaletteAddPopup.cs - Importer: ScriptedImporter/UnityEditor.QuickSearchModule:UnityEditor.Search:ASIAI0B' with importer (ScriptedImporter : UnityEditor.QuickSearchModule:UnityEditor.Search:ASIAI0B)
Imported 'GUID: f60779a06bec4f14a957237a7206b786' -> (Import Result ID: '491883ccc25848b6f6619410b45b2a24') in 0.001 seconds [static and dynamic dependencies]. Details - ImportResultOutputID=4f4b5bb1506d0750c0d9caf95e52e789 DependenciesID=d6b187c3a0d046ad3e73b9f11196944c StaticDependenciesID=20b1b3d2f455ac99ac0b5635680258c8 
Number of updated asset objects reloaded before import = 0
Number of asset objects unloaded after import = 0
========================================================================
Received Import Request.
  Time of request: 2026-09-17T18:20:32.549413Z
  Time since last request: 0.0002605 seconds.
  importAddress: GUID: 7a5bb676bcccfea429f2138b6fbd005e - Path: Packages/com.unity.2d.animation/Editor/Assets/EditorIcons/d_Create_Edge.png - Importer: ScriptedImporter/UnityEditor.QuickSearchModule:UnityEditor.Search:ASIAI0B
Importing 'GUID: 7a5bb676bcccfea429f2138b6fbd005e - Path: Packages/com.unity.2d.animation/Editor/Assets/EditorIcons/d_Create_Edge.png - Importer: ScriptedImporter/UnityEditor.QuickSearchModule:UnityEditor.Search:ASIAI0B' with importer (ScriptedImporter : UnityEditor.QuickSearchModule:UnityEditor.Search:ASIAI0B)
Imported 'GUID: 7a5bb676bcccfea429f2138b6fbd005e' -> (Import Result ID: 'aab2d637c49684425476eb99c369315f') in 0.002 seconds [static and dynamic dependencies]. Details - ImportResultOutputID=b7dec3c7bb9ebe00ddbbdb0e65f67789 DependenciesID=d3d39db0b86c85a7a136710f3a76b0c1 StaticDependenciesID=d49ac6562fc60716f509edb8b2aa7011 
Number of updated asset objects reloaded before import = 0
Number of asset objects unloaded after import = 3
========================================================================
Received Import Request.
  Time of request: 2026-09-17T18:20:32.577931Z
  Time since last request: 0.018774625 seconds.
  importAddress: GUID: 0d267bc78a0864eb48358689b29ed20a - Path: Packages/com.unity.2d.sprite/Editor/ObjectMenuCreation/DefaultAssets/Textures/IsometricDiamondWithBorder.png - Importer: ScriptedImporter/UnityEditor.QuickSearchModule:UnityEditor.Search:ASIAI0B
Importing 'GUID: 0d267bc78a0864eb48358689b29ed20a - Path: Packages/com.unity.2d.sprite/Editor/ObjectMenuCreation/DefaultAssets/Textures/IsometricDiamondWithBorder.png - Importer: ScriptedImporter/UnityEditor.QuickSearchModule:UnityEditor.Search:ASIAI0B' with importer (ScriptedImporter : UnityEditor.QuickSearchModule:UnityEditor.Search:ASIAI0B)
Imported 'GUID: 0d267bc78a0864eb48358689b29ed20a' -> (Import Result ID: '5e659a7536c23c576ac292e6de719122') in 0.004 seconds [static and dynamic dependencies]. Details - ImportResultOutputID=eb60d93d0a418a7712b94a8e9057a12e DependenciesID=b754aca71b30aaf32792a9f5ef526db9 StaticDependenciesID=e016d61f88078d0656c8323c41039dc1 
Number of updated asset objects reloaded before import = 0
Number of asset objects unloaded after import = 3
========================================================================
Received Import Request.
  Time of request: 2026-09-17T18:20:32.589642Z
  Time since last request: 0.000095459 seconds.
  importAddress: GUID: 84b178f994f5f114889b2ea8d042fcad - Path: Packages/com.unity.2d.animation/Editor/SkinningModule/Selectors/IRectSelector.cs - Importer: ScriptedImporter/UnityEditor.QuickSearchModule:UnityEditor.Search:ASIAI0B
Importing 'GUID: 84b178f994f5f114889b2ea8d042fcad - Path: Packages/com.unity.2d.animation/Editor/SkinningModule/Selectors/IRectSelector.cs - Importer: ScriptedImporter/UnityEditor.QuickSearchModule:UnityEditor.Search:ASIAI0B' with importer (ScriptedImporter : UnityEditor.QuickSearchModule:UnityEditor.Search:ASIAI0B)
Imported 'GUID: 84b178f994f5f114889b2ea8d042fcad' -> (Import Result ID: 'cb4de94dbc6a762efda306335bd0a750') in 0.001 seconds [static and dynamic dependencies]. Details - ImportResultOutputID=aa018540e9def966a40d57624faa85f5 DependenciesID=66c84c29023d0456599f93931932c296 StaticDependenciesID=1b4e5815ae5a3bc7ea11591202355f8a 
Number of updated asset objects reloaded before import = 0
Number of asset objects unloaded after import = 0
========================================================================
Received Import Request.
  Time of request: 2026-09-17T18:20:32.597672Z
  Time since last request: 0.000153083 seconds.
  importAddress: GUID: e6751f2e877154dc285442203ad68bcc - Path: Packages/com.unity.2d.psdimporter/Editor/UTK/ImportColumnHeaderToggle.cs - Importer: ScriptedImporter/UnityEditor.QuickSearchModule:UnityEditor.Search:ASIAI0B
Importing 'GUID: e6751f2e877154dc285442203ad68bcc - Path: Packages/com.unity.2d.psdimporter/Editor/UTK/ImportColumnHeaderToggle.cs - Importer: ScriptedImporter/UnityEditor.QuickSearchModule:UnityEditor.Search:ASIAI0B' with importer (ScriptedImporter : UnityEditor.QuickSearchModule:UnityEditor.Search:ASIAI0B)
Imported 'GUID: e6751f2e877154dc285442203ad68bcc' -> (Import Result ID: '4b93bdc5868db2443c62ad5c12c8a6e8') in 0.001 seconds [static and dynamic dependencies]. Details - ImportResultOutputID=1abcdcfa503e52fe39e53b1b9f5adc34 DependenciesID=de5c39414ca44be6d6191d1db14ab3ce StaticDependenciesID=c19ce79b5f1f7becaa114931462abdd4 
Number of updated asset objects reloaded before import = 0
Number of asset objects unloaded after import = 0
========================================================================
Received Import Request.
  Time of request: 2026-09-17T18:20:32.60541Z
  Time since last request: 0.000146708 seconds.
  importAddress: GUID: 7b86a539750e1a44ca7ec5b7f690babd - Path: Packages/com.unity.2d.animation/Editor/Assets/EditorIcons/Selected/Create Bones.png - Importer: ScriptedImporter/UnityEditor.QuickSearchModule:UnityEditor.Search:ASIAI0B
Importing 'GUID: 7b86a539750e1a44ca7ec5b7f690babd - Path: Packages/com.unity.2d.animation/Editor/Assets/EditorIcons/Selected/Create Bones.png - Importer: ScriptedImporter/UnityEditor.QuickSearchModule:UnityEditor.Search:ASIAI0B' with importer (ScriptedImporter : UnityEditor.QuickSearchModule:UnityEditor.Search:ASIAI0B)
Imported 'GUID: 7b86a539750e1a44ca7ec5b7f690babd' -> (Import Result ID: 'd12432ebee333c3f3288d085fad2e075') in 0.002 seconds [static and dynamic dependencies]. Details - ImportResultOutputID=a7878d8bee331bdaed4ccba7abe50a9c DependenciesID=c154a30402e881a7dde5da0db40b2e29 StaticDependenciesID=731adbcaf03c6bd17840e590332e0b1d 
Number of updated asset objects reloaded before import = 0
Number of asset objects unloaded after import = 3
========================================================================
Received Import Request.
  Time of request: 2026-09-17T18:20:32.614573Z
  Time since last request: 0.000129458 seconds.
  importAddress: GUID: 4b3e1d5f95a1a455c917ca9403d9283d - Path: Packages/com.unity.2d.psdimporter/Editor/Assets/Icons/Light/Layers Mixed@4x.png - Importer: ScriptedImporter/UnityEditor.QuickSearchModule:UnityEditor.Search:ASIAI0B
Importing 'GUID: 4b3e1d5f95a1a455c917ca9403d9283d - Path: Packages/com.unity.2d.psdimporter/Editor/Assets/Icons/Light/Layers Mixed@4x.png - Importer: ScriptedImporter/UnityEditor.QuickSearchModule:UnityEditor.Search:ASIAI0B' with importer (ScriptedImporter : UnityEditor.QuickSearchModule:UnityEditor.Search:ASIAI0B)
Imported 'GUID: 4b3e1d5f95a1a455c917ca9403d9283d' -> (Import Result ID: 'e917428914cef595aff6379edc3847ef') in 0.003 seconds [static and dynamic dependencies]. Details - ImportResultOutputID=759c4c58e5aabb3ec030ab009369c5a2 DependenciesID=6d1f8d5683abcd7f3e4d65edaea419b0 StaticDependenciesID=f843f4afb08d9ccbd5dfbd54a5460925 
Number of updated asset objects reloaded before import = 0
Number of asset objects unloaded after import = 3
========================================================================
Received Import Request.
  Time of request: 2026-09-17T18:20:32.62414Z
  Time since last request: 0.000102375 seconds.
  importAddress: GUID: 3c4c6b04b82bb68428942652e2972a8c - Path: Packages/com.unity.2d.spriteshape/Editor/SpriteShapeHandleUtility.cs - Importer: ScriptedImporter/UnityEditor.QuickSearchModule:UnityEditor.Search:ASIAI0B
Importing 'GUID: 3c4c6b04b82bb68428942652e2972a8c - Path: Packages/com.unity.2d.spriteshape/Editor/SpriteShapeHandleUtility.cs - Importer: ScriptedImporter/UnityEditor.QuickSearchModule:UnityEditor.Search:ASIAI0B' with importer (ScriptedImporter : UnityEditor.QuickSearchModule:UnityEditor.Search:ASIAI0B)
Imported 'GUID: 3c4c6b04b82bb68428942652e2972a8c' -> (Import Result ID: '6b12115329976d7ceeaa591df3d38ca1') in 0.001 seconds [static and dynamic dependencies]. Details - ImportResultOutputID=39ed4ec2610e87f3090ea78db846deae DependenciesID=3fc7d8a64a6d371a01df8e3551e27cb2 StaticDependenciesID=4fcb30708036d61fd5f381aad9115ce3 
Number of updated asset objects reloaded before import = 0
Number of asset objects unloaded after import = 0
========================================================================
Received Import Request.
  Time of request: 2026-09-17T18:20:32.631969Z
  Time since last request: 0.000134875 seconds.
  importAddress: GUID: c4ddec556b20849e284a9159bc58b6dd - Path: Packages/com.unity.2d.animation/Editor/Assets/EditorIcons/Selected/SetPivot@3x.png - Importer: ScriptedImporter/UnityEditor.QuickSearchModule:UnityEditor.Search:ASIAI0B
Importing 'GUID: c4ddec556b20849e284a9159bc58b6dd - Path: Packages/com.unity.2d.animation/Editor/Assets/EditorIcons/Selected/SetPivot@3x.png - Importer: ScriptedImporter/UnityEditor.QuickSearchModule:UnityEditor.Search:ASIAI0B' with importer (ScriptedImporter : UnityEditor.QuickSearchModule:UnityEditor.Search:ASIAI0B)
Imported 'GUID: c4ddec556b20849e284a9159bc58b6dd' -> (Import Result ID: '94e3d3e60ca16d50d1dbf5c1bd70e4d9') in 0.002 seconds [static and dynamic dependencies]. Details - ImportResultOutputID=5b7341ec455a66b6f04586fc6332d8f0 DependenciesID=9733447830a3a26b715b5130de54dea9 StaticDependenciesID=40209d8660094ab9191c474e2471fcc3 
Number of updated asset objects reloaded before import = 0
Number of asset objects unloaded after import = 3
========================================================================
Received Import Request.
  Time of request: 2026-09-17T18:20:32.641673Z
  Time since last request: 0.00013025 seconds.
  importAddress: GUID: 3a37c02e17e67be44b01952ad661991c - Path: Packages/com.unity.2d.psdimporter/Editor/PSDPlugin/PsdFile/Compression/ImageDataFactory.cs - Importer: ScriptedImporter/UnityEditor.QuickSearchModule:UnityEditor.Search:ASIAI0B
Importing 'GUID: 3a37c02e17e67be44b01952ad661991c - Path: Packages/com.unity.2d.psdimporter/Editor/PSDPlugin/PsdFile/Compression/ImageDataFactory.cs - Importer: ScriptedImporter/UnityEditor.QuickSearchModule:UnityEditor.Search:ASIAI0B' with importer (ScriptedImporter : UnityEditor.QuickSearchModule:UnityEditor.Search:ASIAI0B)
Imported 'GUID: 3a37c02e17e67be44b01952ad661991c' -> (Import Result ID: '228b1c4925fdd21e2c0157eaf6359c91') in 0.001 seconds [static and dynamic dependencies]. Details - ImportResultOutputID=8d15a0c89fed3c78672228bdf8cf5131 DependenciesID=96ee845f9d7c0099aa85ce772b602ccf StaticDependenciesID=14e53515c450f3040e7104b4a2f3abde 
Number of updated asset objects reloaded before import = 0
Number of asset objects unloaded after import = 0
========================================================================
Received Import Request.
  Time of request: 2026-09-17T18:20:32.649847Z
  Time since last request: 0.000131958 seconds.
  importAddress: GUID: 9f3e8a7a640b640feac66da51cc078c5 - Path: Packages/com.unity.2d.psdimporter/Editor/Assets/Icons/Selected/Layers Mixed@16x.png - Importer: ScriptedImporter/UnityEditor.QuickSearchModule:UnityEditor.Search:ASIAI0B
Importing 'GUID: 9f3e8a7a640b640feac66da51cc078c5 - Path: Packages/com.unity.2d.psdimporter/Editor/Assets/Icons/Selected/Layers Mixed@16x.png - Importer: ScriptedImporter/UnityEditor.QuickSearchModule:UnityEditor.Search:ASIAI0B' with importer (ScriptedImporter : UnityEditor.QuickSearchModule:UnityEditor.Search:ASIAI0B)
Imported 'GUID: 9f3e8a7a640b640feac66da51cc078c5' -> (Import Result ID: 'd287a3f76cf93be3d6aaf9d30bfa6014') in 0.002 seconds [static and dynamic dependencies]. Details - ImportResultOutputID=4d5d54df43d78d590683381e58c6dd1c DependenciesID=2b57b926c0c4d62dee36b134f6dd09a2 StaticDependenciesID=f6898688e72ac6b8a30c8c13c760e570 
Number of updated asset objects reloaded before import = 0
Number of asset objects unloaded after import = 3
========================================================================
Received Import Request.
  Time of request: 2026-09-17T18:20:32.659481Z
  Time since last request: 0.000129708 seconds.
  importAddress: GUID: bfbb4a459210651499d21f444f9b55fd - Path: Packages/com.unity.2d.spriteshape/Editor/Unity.2D.SpriteShape.Editor.asmdef - Importer: ScriptedImporter/UnityEditor.QuickSearchModule:UnityEditor.Search:ASIAI0B
Importing 'GUID: bfbb4a459210651499d21f444f9b55fd - Path: Packages/com.unity.2d.spriteshape/Editor/Unity.2D.SpriteShape.Editor.asmdef - Importer: ScriptedImporter/UnityEditor.QuickSearchModule:UnityEditor.Search:ASIAI0B' with importer (ScriptedImporter : UnityEditor.QuickSearchModule:UnityEditor.Search:ASIAI0B)
Imported 'GUID: bfbb4a459210651499d21f444f9b55fd' -> (Import Result ID: 'b642a41cf30364126e41bd48771c9a46') in 0.001 seconds [static and dynamic dependencies]. Details - ImportResultOutputID=36c1a15772e1f47081c0897de21d59bf DependenciesID=7f29567163c419a764e08eebe5c1eb29 StaticDependenciesID=4093cd8dfa4d4e9f6533f58cf0c91943 
Number of updated asset objects reloaded before import = 0
Number of asset objects unloaded after import = 1
========================================================================
Received Import Request.
  Time of request: 2026-09-17T18:20:32.667546Z
  Time since last request: 0.000185125 seconds.
  importAddress: GUID: 03cb0f9b9d35a14499ccade97f1b3da1 - Path: Packages/com.unity.2d.animation/Editor/Assets/EditorIcons/d_Split_Edge@3x.png - Importer: ScriptedImporter/UnityEditor.QuickSearchModule:UnityEditor.Search:ASIAI0B
Importing 'GUID: 03cb0f9b9d35a14499ccade97f1b3da1 - Path: Packages/com.unity.2d.animation/Editor/Assets/EditorIcons/d_Split_Edge@3x.png - Importer: ScriptedImporter/UnityEditor.QuickSearchModule:UnityEditor.Search:ASIAI0B' with importer (ScriptedImporter : UnityEditor.QuickSearchModule:UnityEditor.Search:ASIAI0B)
Imported 'GUID: 03cb0f9b9d35a14499ccade97f1b3da1' -> (Import Result ID: '3e8051fd5cdd9cbe7b0467b7bb9c2c24') in 0.003 seconds [static and dynamic dependencies]. Details - ImportResultOutputID=fe5a4ed3fbd112281eb7527c8e06fe18 DependenciesID=1e4f8aad14428c010229e0d2d4519612 StaticDependenciesID=84be9b54adf63ba43fcbbd1a9cfc77f9 
Number of updated asset objects reloaded before import = 0
Number of asset objects unloaded after import = 3
========================================================================
Received Import Request.
  Time of request: 2026-09-17T18:20:32.677924Z
  Time since last request: 0.000157542 seconds.
  importAddress: GUID: 08a04b12dd0d5ec4da08f074806d5bf7 - Path: Packages/com.unity.2d.pixel-perfect/Editor/Icons/PixelPerfectCamera.png - Importer: ScriptedImporter/UnityEditor.QuickSearchModule:UnityEditor.Search:ASIAI0B
Importing 'GUID: 08a04b12dd0d5ec4da08f074806d5bf7 - Path: Packages/com.unity.2d.pixel-perfect/Editor/Icons/PixelPerfectCamera.png - Importer: ScriptedImporter/UnityEditor.QuickSearchModule:UnityEditor.Search:ASIAI0B' with importer (ScriptedImporter : UnityEditor.QuickSearchModule:UnityEditor.Search:ASIAI0B)
Imported 'GUID: 08a04b12dd0d5ec4da08f074806d5bf7' -> (Import Result ID: '8d40c998de0aa432bd3f37fbc1926ea8') in 0.003 seconds [static and dynamic dependencies]. Details - ImportResultOutputID=67c548b0fd149a1491f92f1e33df01bb DependenciesID=348052a672d0ce1469437108bbb22d18 StaticDependenciesID=792ea8003b95ccbf1061d3b2508c9d61 
Number of updated asset objects reloaded before import = 0
Number of asset objects unloaded after import = 1
========================================================================
Received Import Request.
  Time of request: 2026-09-17T18:20:32.688544Z
  Time since last request: 0.000248333 seconds.
  importAddress: GUID: 99c3717808acc0f43b394ab3e10da8bb - Path: Packages/com.unity.2d.tilemap/Editor/Icons/d_Tilemap.ActiveTargetLayers.png - Importer: ScriptedImporter/UnityEditor.QuickSearchModule:UnityEditor.Search:ASIAI0B
Importing 'GUID: 99c3717808acc0f43b394ab3e10da8bb - Path: Packages/com.unity.2d.tilemap/Editor/Icons/d_Tilemap.ActiveTargetLayers.png - Importer: ScriptedImporter/UnityEditor.QuickSearchModule:UnityEditor.Search:ASIAI0B' with importer (ScriptedImporter : UnityEditor.QuickSearchModule:UnityEditor.Search:ASIAI0B)
Imported 'GUID: 99c3717808acc0f43b394ab3e10da8bb' -> (Import Result ID: '0839c58bff69fd3127d07a70a258cc7e') in 0.003 seconds [static and dynamic dependencies]. Details - ImportResultOutputID=03b1988d07de3f465edc0b8713cd1454 DependenciesID=5c46b1d06c0e099dc262708af16a4c8f StaticDependenciesID=2efc9b33af724cc9c51f1cf614573d01 
Number of updated asset objects reloaded before import = 0
Number of asset objects unloaded after import = 3
========================================================================
Received Import Request.
  Time of request: 2026-09-17T18:20:32.698665Z
  Time since last request: 0.000189958 seconds.
  importAddress: GUID: 9a0b4268ba5dc4df2be1d60b2d633c80 - Path: Assets/HelloWorld.cs - Importer: ScriptedImporter/UnityEditor.QuickSearchModule:UnityEditor.Search:ASIAI0B
Importing 'GUID: 9a0b4268ba5dc4df2be1d60b2d633c80 - Path: Assets/HelloWorld.cs - Importer: ScriptedImporter/UnityEditor.QuickSearchModule:UnityEditor.Search:ASIAI0B' with importer (ScriptedImporter : UnityEditor.QuickSearchModule:UnityEditor.Search:ASIAI0B)
Imported 'GUID: 9a0b4268ba5dc4df2be1d60b2d633c80' -> (Import Result ID: '978721c573a76246b3c8572ab602f882') in 0.001 seconds [static and dynamic dependencies]. Details - ImportResultOutputID=343834534926209f1043b2c139a11795 DependenciesID=815ab2543c19ca1cdcee33eec1793d75 StaticDependenciesID=b0d612ef3575a6551fb7069ef4fd2f63 
Number of updated asset objects reloaded before import = 0
Number of asset objects unloaded after import = 0
========================================================================
Received Import Request.
  Time of request: 2026-09-17T18:20:32.7075Z
  Time since last request: 0.00017325 seconds.
  importAddress: GUID: 1727104fdbd44a8493db8c40a5b406b3 - Path: Packages/com.unity.2d.sprite/Editor/SpriteEditorModule/SpriteFrameModule/SpritePivotUtility.cs - Importer: ScriptedImporter/UnityEditor.QuickSearchModule:UnityEditor.Search:ASIAI0B
Importing 'GUID: 1727104fdbd44a8493db8c40a5b406b3 - Path: Packages/com.unity.2d.sprite/Editor/SpriteEditorModule/SpriteFrameModule/SpritePivotUtility.cs - Importer: ScriptedImporter/UnityEditor.QuickSearchModule:UnityEditor.Search:ASIAI0B' with importer (ScriptedImporter : UnityEditor.QuickSearchModule:UnityEditor.Search:ASIAI0B)
Imported 'GUID: 1727104fdbd44a8493db8c40a5b406b3' -> (Import Result ID: 'a6cbfd636bbdd7c26c79debe3b15f339') in 0.001 seconds [static and dynamic dependencies]. Details - ImportResultOutputID=c16f4575f514ed99b28bd211d86e7584 DependenciesID=f67139f8d3c3b782716089873a0bcec1 StaticDependenciesID=5380cd5a740ef406da54f48ad5639098 
Number of updated asset objects reloaded before import = 0
Number of asset objects unloaded after import = 0
========================================================================
Received Import Request.
  Time of request: 2026-09-17T18:20:32.715754Z
  Time since last request: 0.000229666 seconds.
  importAddress: GUID: 4a3eebea80ac54fd3818f6a36c36168d - Path: Packages/com.unity.2d.animation/Editor/Assets/ComponentIcons/Animation.IKLimb@256.png - Importer: ScriptedImporter/UnityEditor.QuickSearchModule:UnityEditor.Search:ASIAI0B
Importing 'GUID: 4a3eebea80ac54fd3818f6a36c36168d - Path: Packages/com.unity.2d.animation/Editor/Assets/ComponentIcons/Animation.IKLimb@256.png - Importer: ScriptedImporter/UnityEditor.QuickSearchModule:UnityEditor.Search:ASIAI0B' with importer (ScriptedImporter : UnityEditor.QuickSearchModule:UnityEditor.Search:ASIAI0B)
Imported 'GUID: 4a3eebea80ac54fd3818f6a36c36168d' -> (Import Result ID: '50837e3623c31c2171ff2ffa3d583c94') in 0.003 seconds [static and dynamic dependencies]. Details - ImportResultOutputID=7825baa064df0a4a4ee717c4b843b92c DependenciesID=0178ddb8381a1f5146e29cbb6a2a6103 StaticDependenciesID=57621c9fadf5c19e377109d0c28094a1 
Number of updated asset objects reloaded before import = 0
Number of asset objects unloaded after import = 3
========================================================================
Received Import Request.
  Time of request: 2026-09-17T18:20:32.726175Z
  Time since last request: 0.000249 seconds.
  importAddress: GUID: 77da60289a17475c8661370e98395a44 - Path: Packages/com.unity.2d.common/Editor/InternalBridge/SpriteEditorWindowBridge.cs - Importer: ScriptedImporter/UnityEditor.QuickSearchModule:UnityEditor.Search:ASIAI0B
Importing 'GUID: 77da60289a17475c8661370e98395a44 - Path: Packages/com.unity.2d.common/Editor/InternalBridge/SpriteEditorWindowBridge.cs - Importer: ScriptedImporter/UnityEditor.QuickSearchModule:UnityEditor.Search:ASIAI0B' with importer (ScriptedImporter : UnityEditor.QuickSearchModule:UnityEditor.Search:ASIAI0B)
Imported 'GUID: 77da60289a17475c8661370e98395a44' -> (Import Result ID: '0290e2ac421b4f49a3fade2e8791480a') in 0.001 seconds [static and dynamic dependencies]. Details - ImportResultOutputID=937ba6bc0b61ff136226fe48706d4a39 DependenciesID=a298b2ffafc16a49b2da1b686e471ad5 StaticDependenciesID=12b67c5e81ec30664692522e7b5f7ba5 
Number of updated asset objects reloaded before import = 0
Number of asset objects unloaded after import = 0
========================================================================
Received Import Request.
  Time of request: 2026-09-17T18:20:32.734766Z
  Time since last request: 0.00018725 seconds.
  importAddress: GUID: ff5bfc64209341d4f9e4517be1634f62 - Path: Packages/com.unity.2d.animation/Editor/SkinningModule/WeightPainterTool.cs - Importer: ScriptedImporter/UnityEditor.QuickSearchModule:UnityEditor.Search:ASIAI0B
Importing 'GUID: ff5bfc64209341d4f9e4517be1634f62 - Path: Packages/com.unity.2d.animation/Editor/SkinningModule/WeightPainterTool.cs - Importer: ScriptedImporter/UnityEditor.QuickSearchModule:UnityEditor.Search:ASIAI0B' with importer (ScriptedImporter : UnityEditor.QuickSearchModule:UnityEditor.Search:ASIAI0B)
Imported 'GUID: ff5bfc64209341d4f9e4517be1634f62' -> (Import Result ID: 'c460da3cb407a8459d811842c3d73f1b') in 0.001 seconds [static and dynamic dependencies]. Details - ImportResultOutputID=12a495c76fb16a5b2a5bc0efa744b685 DependenciesID=b93c673feb4e9997f582e9c1e9fa47f2 StaticDependenciesID=5667f3fdfbd30a2b615abe946352d028 
Number of updated asset objects reloaded before import = 0
Number of asset objects unloaded after import = 0
========================================================================
Received Import Request.
  Time of request: 2026-09-17T18:20:32.74329Z
  Time since last request: 0.000265333 seconds.
  importAddress: GUID: 429b971314d5f44d9ae47e60d89d49c6 - Path: Packages/com.unity.2d.common/Path/Editor/IMGUI/GUIFramework/CommandAction.cs - Importer: ScriptedImporter/UnityEditor.QuickSearchModule:UnityEditor.Search:ASIAI0B
Importing 'GUID: 429b971314d5f44d9ae47e60d89d49c6 - Path: Packages/com.unity.2d.common/Path/Editor/IMGUI/GUIFramework/CommandAction.cs - Importer: ScriptedImporter/UnityEditor.QuickSearchModule:UnityEditor.Search:ASIAI0B' with importer (ScriptedImporter : UnityEditor.QuickSearchModule:UnityEditor.Search:ASIAI0B)
Imported 'GUID: 429b971314d5f44d9ae47e60d89d49c6' -> (Import Result ID: '4fce740db9a87017b181e25f0bb450c8') in 0.001 seconds [static and dynamic dependencies]. Details - ImportResultOutputID=48fc07dcf507c6e55363051471c3cda0 DependenciesID=677c85c141168b37ff484846171a4651 StaticDependenciesID=05845d686e5bb8ecf430c544567393f0 
Number of updated asset objects reloaded before import = 0
Number of asset objects unloaded after import = 0
========================================================================
Received Import Request.
  Time of request: 2026-09-17T18:20:32.751363Z
  Time since last request: 0.000147125 seconds.
  importAddress: GUID: 98cdbe3bc2f5646e8a17cb25f9d93d51 - Path: Packages/com.unity.2d.aseprite/Editor/Common/InternalBridge/InternalEditorBridge.cs - Importer: ScriptedImporter/UnityEditor.QuickSearchModule:UnityEditor.Search:ASIAI0B
Importing 'GUID: 98cdbe3bc2f5646e8a17cb25f9d93d51 - Path: Packages/com.unity.2d.aseprite/Editor/Common/InternalBridge/InternalEditorBridge.cs - Importer: ScriptedImporter/UnityEditor.QuickSearchModule:UnityEditor.Search:ASIAI0B' with importer (ScriptedImporter : UnityEditor.QuickSearchModule:UnityEditor.Search:ASIAI0B)
Imported 'GUID: 98cdbe3bc2f5646e8a17cb25f9d93d51' -> (Import Result ID: '4fa39e7baf106cb72afef64f73a92222') in 0.001 seconds [static and dynamic dependencies]. Details - ImportResultOutputID=64ab57d654697155d486ad3517c5d407 DependenciesID=29d83f47a976ef6376e11edd3787186b StaticDependenciesID=3ca00ecc0f17a16354578ba852d53307 
Number of updated asset objects reloaded before import = 0
Number of asset objects unloaded after import = 0
========================================================================
Received Import Request.
  Time of request: 2026-09-17T18:20:32.759782Z
  Time since last request: 0.000248625 seconds.
  importAddress: GUID: cd39e260c575e3b4785b68fcdfc4c82f - Path: Packages/com.unity.2d.sprite/Editor/Interface/IGL.cs - Importer: ScriptedImporter/UnityEditor.QuickSearchModule:UnityEditor.Search:ASIAI0B
Importing 'GUID: cd39e260c575e3b4785b68fcdfc4c82f - Path: Packages/com.unity.2d.sprite/Editor/Interface/IGL.cs - Importer: ScriptedImporter/UnityEditor.QuickSearchModule:UnityEditor.Search:ASIAI0B' with importer (ScriptedImporter : UnityEditor.QuickSearchModule:UnityEditor.Search:ASIAI0B)
Imported 'GUID: cd39e260c575e3b4785b68fcdfc4c82f' -> (Import Result ID: '5dafd6f5afddf56659ac69b8be121af6') in 0.001 seconds [static and dynamic dependencies]. Details - ImportResultOutputID=8d8ad80a47e74b9ecd1e4546c3371134 DependenciesID=8dc8590a9796f42c99ba0d41303129b3 StaticDependenciesID=6cc5aa4d6aa5db4616ce2fddafe61580 
Number of updated asset objects reloaded before import = 0
Number of asset objects unloaded after import = 0
========================================================================
Received Import Request.
  Time of request: 2026-09-17T18:20:32.767981Z
  Time since last request: 0.000193959 seconds.
  importAddress: GUID: c65e3be88852b4770a869e7659be3821 - Path: Packages/com.unity.2d.tooling/Editor/Insider/SpriteAtlas/SpriteAtlasIssueReport/AllSpriteAtlasReport/AllSpriteAtlasReportCellData.cs - Importer: ScriptedImporter/UnityEditor.QuickSearchModule:UnityEditor.Search:ASIAI0B
Importing 'GUID: c65e3be88852b4770a869e7659be3821 - Path: Packages/com.unity.2d.tooling/Editor/Insider/SpriteAtlas/SpriteAtlasIssueReport/AllSpriteAtlasReport/AllSpriteAtlasReportCellData.cs - Importer: ScriptedImporter/UnityEditor.QuickSearchModule:UnityEditor.Search:ASIAI0B' with importer (ScriptedImporter : UnityEditor.QuickSearchModule:UnityEditor.Search:ASIAI0B)
Imported 'GUID: c65e3be88852b4770a869e7659be3821' -> (Import Result ID: '600a34f7921e9fc544c7864de9c5ac89') in 0.001 seconds [static and dynamic dependencies]. Details - ImportResultOutputID=9802135a6e86d050e12d0351eb483d3a DependenciesID=0d26bc89f1bab15ae5bd688138e1fd06 StaticDependenciesID=8dfc60b4b32c8f78f143b938ec5a2199 
Number of updated asset objects reloaded before import = 0
Number of asset objects unloaded after import = 0
========================================================================
Received Import Request.
  Time of request: 2026-09-17T18:20:32.77654Z
  Time since last request: 0.000316291 seconds.
  importAddress: GUID: 47d4401cb6fd9f54b9c33acc7881703d - Path: Packages/com.unity.2d.animation/Editor/SpriteSkin/TransformExtensions.cs - Importer: ScriptedImporter/UnityEditor.QuickSearchModule:UnityEditor.Search:ASIAI0B
Importing 'GUID: 47d4401cb6fd9f54b9c33acc7881703d - Path: Packages/com.unity.2d.animation/Editor/SpriteSkin/TransformExtensions.cs - Importer: ScriptedImporter/UnityEditor.QuickSearchModule:UnityEditor.Search:ASIAI0B' with importer (ScriptedImporter : UnityEditor.QuickSearchModule:UnityEditor.Search:ASIAI0B)
Imported 'GUID: 47d4401cb6fd9f54b9c33acc7881703d' -> (Import Result ID: '8f3c838f90f91a24d325cd2f56ca1dd3') in 0.001 seconds [static and dynamic dependencies]. Details - ImportResultOutputID=433039368a3362b0ba5a3ebfdf463bc4 DependenciesID=dc5bff80cf86343af1a9a5c5ab4232fd StaticDependenciesID=18d9fc6e62b1faaabfe4cf46a21ade49 
Number of updated asset objects reloaded before import = 0
Number of asset objects unloaded after import = 0
========================================================================
Received Import Request.
  Time of request: 2026-09-17T18:20:32.784829Z
  Time since last request: 0.000223125 seconds.
  importAddress: GUID: 0909c6f06211781439495feaa76bfe3b - Path: Packages/com.unity.2d.tilemap/Editor/UI/TilePaletteBrushesLabel.cs - Importer: ScriptedImporter/UnityEditor.QuickSearchModule:UnityEditor.Search:ASIAI0B
Importing 'GUID: 0909c6f06211781439495feaa76bfe3b - Path: Packages/com.unity.2d.tilemap/Editor/UI/TilePaletteBrushesLabel.cs - Importer: ScriptedImporter/UnityEditor.QuickSearchModule:UnityEditor.Search:ASIAI0B' with importer (ScriptedImporter : UnityEditor.QuickSearchModule:UnityEditor.Search:ASIAI0B)
Imported 'GUID: 0909c6f06211781439495feaa76bfe3b' -> (Import Result ID: 'accc2a0eb5ea222bf693be05bc584d26') in 0.001 seconds [static and dynamic dependencies]. Details - ImportResultOutputID=f6fe6136e79df89e5b3519de3c6f5fbf DependenciesID=f659cc72f59347fa9e88a2dcc3f488eb StaticDependenciesID=a614e1c146b2c975179216eb2bccf6c7 
Number of updated asset objects reloaded before import = 0
Number of asset objects unloaded after import = 0
========================================================================
Received Import Request.
  Time of request: 2026-09-17T18:20:32.793334Z
  Time since last request: 0.000193292 seconds.
  importAddress: GUID: 47c16fe602b307948b795c35fa79eb13 - Path: Packages/com.unity.2d.common/Path/Editor/UserSettings.cs - Importer: ScriptedImporter/UnityEditor.QuickSearchModule:UnityEditor.Search:ASIAI0B
Importing 'GUID: 47c16fe602b307948b795c35fa79eb13 - Path: Packages/com.unity.2d.common/Path/Editor/UserSettings.cs - Importer: ScriptedImporter/UnityEditor.QuickSearchModule:UnityEditor.Search:ASIAI0B' with importer (ScriptedImporter : UnityEditor.QuickSearchModule:UnityEditor.Search:ASIAI0B)
Imported 'GUID: 47c16fe602b307948b795c35fa79eb13' -> (Import Result ID: '47fe71646fcecfe9b05b140494e39757') in 0.001 seconds [static and dynamic dependencies]. Details - ImportResultOutputID=978e8c3d38f1caaa1c36136650769332 DependenciesID=762023a2124a54c67749e962405623c7 StaticDependenciesID=b35643474714f852d307fccb0ffe9197 
Number of updated asset objects reloaded before import = 0
Number of asset objects unloaded after import = 0
========================================================================
Received Import Request.
  Time of request: 2026-09-17T18:20:32.801599Z
  Time since last request: 0.00016675 seconds.
  importAddress: GUID: 1fb0e05a5ca5a42ba8ffafe439520b8e - Path: Packages/com.unity.2d.sprite/Editor/Assets/SpriteEditorOn@2x.png - Importer: ScriptedImporter/UnityEditor.QuickSearchModule:UnityEditor.Search:ASIAI0B
Importing 'GUID: 1fb0e05a5ca5a42ba8ffafe439520b8e - Path: Packages/com.unity.2d.sprite/Editor/Assets/SpriteEditorOn@2x.png - Importer: ScriptedImporter/UnityEditor.QuickSearchModule:UnityEditor.Search:ASIAI0B' with importer (ScriptedImporter : UnityEditor.QuickSearchModule:UnityEditor.Search:ASIAI0B)
Imported 'GUID: 1fb0e05a5ca5a42ba8ffafe439520b8e' -> (Import Result ID: '5af27af2dd4249173665b7a7234be5c7') in 0.003 seconds [static and dynamic dependencies]. Details - ImportResultOutputID=11bab475f8fbe43cd1ce4faf1a787145 DependenciesID=667a5b75387fa0b07dca34ebff437871 StaticDependenciesID=4399ce6ac04cd2a8dd39a8e0c8e002f8 
Number of updated asset objects reloaded before import = 0
Number of asset objects unloaded after import = 1
========================================================================
Received Import Request.
  Time of request: 2026-09-17T18:20:32.811372Z
  Time since last request: 0.000153834 seconds.
  importAddress: GUID: ad7b296d426713b4593ee1a19fcbf9d1 - Path: Packages/com.unity.2d.animation/Editor/Assets/EditorIcons/Selected/Create_Edge.png - Importer: ScriptedImporter/UnityEditor.QuickSearchModule:UnityEditor.Search:ASIAI0B
Importing 'GUID: ad7b296d426713b4593ee1a19fcbf9d1 - Path: Packages/com.unity.2d.animation/Editor/Assets/EditorIcons/Selected/Create_Edge.png - Importer: ScriptedImporter/UnityEditor.QuickSearchModule:UnityEditor.Search:ASIAI0B' with importer (ScriptedImporter : UnityEditor.QuickSearchModule:UnityEditor.Search:ASIAI0B)
Imported 'GUID: ad7b296d426713b4593ee1a19fcbf9d1' -> (Import Result ID: 'bd60def0e3a5eee1df201dcb5aaa0788') in 0.003 seconds [static and dynamic dependencies]. Details - ImportResultOutputID=73c85e06bf229191a2d541dcb7145c22 DependenciesID=d790eebe224e52986206ceb90c9dc30f StaticDependenciesID=64ad03e4a8051373770882f5650dcdd3 
Number of updated asset objects reloaded before import = 0
Number of asset objects unloaded after import = 3
========================================================================
Received Import Request.
  Time of request: 2026-09-17T18:20:32.821588Z
  Time since last request: 0.00024925 seconds.
  importAddress: GUID: 9c68e002c59804ee7973df039508cc37 - Path: Packages/com.unity.2d.psdimporter/Editor/Assets/Icons/Dark/Layers Separated@1x.png - Importer: ScriptedImporter/UnityEditor.QuickSearchModule:UnityEditor.Search:ASIAI0B
Importing 'GUID: 9c68e002c59804ee7973df039508cc37 - Path: Packages/com.unity.2d.psdimporter/Editor/Assets/Icons/Dark/Layers Separated@1x.png - Importer: ScriptedImporter/UnityEditor.QuickSearchModule:UnityEditor.Search:ASIAI0B' with importer (ScriptedImporter : UnityEditor.QuickSearchModule:UnityEditor.Search:ASIAI0B)
Imported 'GUID: 9c68e002c59804ee7973df039508cc37' -> (Import Result ID: '2efcdaedcfbb3bf36505ca005108e223') in 0.003 seconds [static and dynamic dependencies]. Details - ImportResultOutputID=9671c965dacaecd158607edfc8f5c3e5 DependenciesID=3b1397bd3a9acba54480f90523762459 StaticDependenciesID=1b5c01e24c6ce8c07884a699ad050eb8 
Number of updated asset objects reloaded before import = 0
Number of asset objects unloaded after import = 3
========================================================================
Received Prepare
AcceleratorClientConnectionCallback - disconnected - :0
WARNING: Shader Unsupported: 'Universal Render Pipeline/VR/SpatialMapping/Wireframe' - All subshaders removed
WARNING: Shader Did you use #pragma only_renderers and omit this platform?
WARNING: Shader If subshaders removal was intentional, you may have forgotten turning Fallback off?
Shader Hidden/ChartRasterizerHardware is not supported: GPU does not support conservative rasterization
Refreshing native plugins compatible for Editor in 2.02 ms, found 3 plugins.
Unloading 59 Unused Serialized files (Serialized files now loaded: 0)
Unloading 394 unused Assets / (5.8 MB). Loaded Objects now: 8341.
Memory consumption went from 220.0 MB to 214.1 MB.
Total: 7.703625 ms (FindLiveObjects: 0.312709 ms CreateObjectMapping: 0.072375 ms MarkObjects: 6.389292 ms  DeleteObjects: 0.829042 ms)

Prepare: number of updated asset objects reloaded= 0
========================================================================
Received Import Request.
  Time of request: 2026-09-17T18:22:46.524147Z
  Time since last request: 133.692712833 seconds.
  importAddress: GUID: 86ae7de409eb54f619fb1328e4d42480 - Path: Packages/com.unity.2d.spriteshape/Editor/ObjectMenuCreation/DefaultAssets/Sprite Shapes/Open Sprite Shape.prefab - Importer: PreviewImporter
Importing 'GUID: 86ae7de409eb54f619fb1328e4d42480 - Path: Packages/com.unity.2d.spriteshape/Editor/ObjectMenuCreation/DefaultAssets/Sprite Shapes/Open Sprite Shape.prefab - Importer: PreviewImporter' with importer (PreviewImporter)
Imported 'GUID: 86ae7de409eb54f619fb1328e4d42480' -> (Import Result ID: 'b7d4e696681a5bd4922c808c09a21bf0') in 0.194 seconds [static and dynamic dependencies]. Details - ImportResultOutputID=f48bf095bcb011558116ae48fef141ed DependenciesID=54c57b48ce9af9a5204aee8939dff202 StaticDependenciesID=a480553980af34bfc01ff5ba7a9186ce 
Number of updated asset objects reloaded before import = 0
Number of asset objects unloaded after import = 16
========================================================================
Received Import Request.
  Time of request: 2026-09-17T18:24:41.091532Z
  Time since last request: 114.364348791 seconds.
  importAddress: GUID: d1a4629d5a3d147978a3fe8af3b6a935 - Path: Packages/com.unity.2d.sprite/Editor/Assets/d_LockedOptions@2x.png - Importer: PreviewImporter
Importing 'GUID: d1a4629d5a3d147978a3fe8af3b6a935 - Path: Packages/com.unity.2d.sprite/Editor/Assets/d_LockedOptions@2x.png - Importer: PreviewImporter' with importer (PreviewImporter)
Imported 'GUID: d1a4629d5a3d147978a3fe8af3b6a935' -> (Import Result ID: '28dd4852d7c9c1c637c51c7d7bbce77c') in 0.023 seconds [static and dynamic dependencies]. Details - ImportResultOutputID=dffaf22aa278a7cc81bcb333f47d82cb DependenciesID=87561fa5606bb716ced0ebcb5c0629ea StaticDependenciesID=99616ef42b998ed6a7d26566327bcde1 
Number of updated asset objects reloaded before import = 0
Number of asset objects unloaded after import = 2
========================================================================
Received Import Request.
  Time of request: 2026-09-17T18:24:41.122427Z
  Time since last request: 0.000025458 seconds.
  importAddress: GUID: 1fb0e05a5ca5a42ba8ffafe439520b8e - Path: Packages/com.unity.2d.sprite/Editor/Assets/SpriteEditorOn@2x.png - Importer: PreviewImporter
Importing 'GUID: 1fb0e05a5ca5a42ba8ffafe439520b8e - Path: Packages/com.unity.2d.sprite/Editor/Assets/SpriteEditorOn@2x.png - Importer: PreviewImporter' with importer (PreviewImporter)
Imported 'GUID: 1fb0e05a5ca5a42ba8ffafe439520b8e' -> (Import Result ID: '6c8fdede2f559d4555a3d62b87cb2f3e') in 0.002 seconds [static and dynamic dependencies]. Details - ImportResultOutputID=8dac6f445f17acd908eb21fe43416451 DependenciesID=36ac58565a24fb6fb38d2de9d0ddb6fb StaticDependenciesID=af4bf9c5b7dbde44e5cd93598529f852 
Number of updated asset objects reloaded before import = 0
Number of asset objects unloaded after import = 2
========================================================================
Received Import Request.
  Time of request: 2026-09-17T18:24:41.13218Z
  Time since last request: 0.000323 seconds.
  importAddress: GUID: 476369828d55a4032beead7444495b69 - Path: Packages/com.unity.2d.sprite/Editor/Assets/SpriteEditorOn.png - Importer: PreviewImporter
Importing 'GUID: 476369828d55a4032beead7444495b69 - Path: Packages/com.unity.2d.sprite/Editor/Assets/SpriteEditorOn.png - Importer: PreviewImporter' with importer (PreviewImporter)
Imported 'GUID: 476369828d55a4032beead7444495b69' -> (Import Result ID: '674111bcf910d11e8a5a15800b5ee777') in 0.002 seconds [static and dynamic dependencies]. Details - ImportResultOutputID=ea472017e18c296877d7f13c5c3bd0c3 DependenciesID=bf64ff220bdc423eb2ed7bb727cbc2ee StaticDependenciesID=a1e483c673d97cce7da379fef559e32e 
Number of updated asset objects reloaded before import = 0
Number of asset objects unloaded after import = 2
========================================================================
Received Import Request.
  Time of request: 2026-09-17T18:24:41.142138Z
  Time since last request: 0.000232625 seconds.
  importAddress: GUID: 492c70ec0e6ff4af48a6886e4e1608f8 - Path: Packages/com.unity.2d.sprite/Editor/Assets/LockedOptions.png - Importer: PreviewImporter
Importing 'GUID: 492c70ec0e6ff4af48a6886e4e1608f8 - Path: Packages/com.unity.2d.sprite/Editor/Assets/LockedOptions.png - Importer: PreviewImporter' with importer (PreviewImporter)
Imported 'GUID: 492c70ec0e6ff4af48a6886e4e1608f8' -> (Import Result ID: 'c7c135727cc8e2c38b51bf3a10d8df8c') in 0.002 seconds [static and dynamic dependencies]. Details - ImportResultOutputID=3218d6328ea1820c2576c7cf5ec77db8 DependenciesID=9f72764ae173cf32883ba83fca6b3433 StaticDependenciesID=38c48e89e69ba68968e0d947f58805f4 
Number of updated asset objects reloaded before import = 0
Number of asset objects unloaded after import = 2
========================================================================
Received Import Request.
  Time of request: 2026-09-17T18:24:41.152377Z
  Time since last request: 0.000230875 seconds.
  importAddress: GUID: 7013f35dfb10340ecbb956ca7e17de0d - Path: Packages/com.unity.2d.sprite/Editor/Assets/SpriteEditor@2x.png - Importer: PreviewImporter
Importing 'GUID: 7013f35dfb10340ecbb956ca7e17de0d - Path: Packages/com.unity.2d.sprite/Editor/Assets/SpriteEditor@2x.png - Importer: PreviewImporter' with importer (PreviewImporter)
Imported 'GUID: 7013f35dfb10340ecbb956ca7e17de0d' -> (Import Result ID: '452ece0bf6d8d3d5669e427d541db1f9') in 0.002 seconds [static and dynamic dependencies]. Details - ImportResultOutputID=e0bca168515a2a6aece37da1b097929b DependenciesID=13d7ffd24ad9e447145d5dbd416bdbc7 StaticDependenciesID=1607869a3cd6bbdef4d14140bbee9ce8 
Number of updated asset objects reloaded before import = 0
Number of asset objects unloaded after import = 2
========================================================================
Received Import Request.
  Time of request: 2026-09-17T18:24:41.162344Z
  Time since last request: 0.000256583 seconds.
  importAddress: GUID: b7784190913354d4fb9b7f77888f915f - Path: Packages/com.unity.2d.sprite/Editor/Assets/d_SpriteEditor.png - Importer: PreviewImporter
Importing 'GUID: b7784190913354d4fb9b7f77888f915f - Path: Packages/com.unity.2d.sprite/Editor/Assets/d_SpriteEditor.png - Importer: PreviewImporter' with importer (PreviewImporter)
Imported 'GUID: b7784190913354d4fb9b7f77888f915f' -> (Import Result ID: '45edb738430e8d5abc437e5b25807459') in 0.002 seconds [static and dynamic dependencies]. Details - ImportResultOutputID=3dd49071f66ffbcb75806565ae72ea17 DependenciesID=b112895ca36a627684e48df3438e50a5 StaticDependenciesID=4b72591a3e9ef72c897075b513289084 
Number of updated asset objects reloaded before import = 0
Number of asset objects unloaded after import = 2
========================================================================
Received Prepare
AcceleratorClientConnectionCallback - disconnected - :0
WARNING: Shader Unsupported: 'Universal Render Pipeline/VR/SpatialMapping/Wireframe' - All subshaders removed
WARNING: Shader Did you use #pragma only_renderers and omit this platform?
WARNING: Shader If subshaders removal was intentional, you may have forgotten turning Fallback off?
Shader Hidden/ChartRasterizerHardware is not supported: GPU does not support conservative rasterization
Unloading 59 Unused Serialized files (Serialized files now loaded: 0)
Unloading 59 unused Assets / (5.1 MB). Loaded Objects now: 8466.
Memory consumption went from 228.6 MB to 223.6 MB.
Total: 11.980792 ms (FindLiveObjects: 0.370250 ms CreateObjectMapping: 0.091917 ms MarkObjects: 10.332958 ms  DeleteObjects: 1.064000 ms)

Prepare: number of updated asset objects reloaded= 0
========================================================================
Received Import Request.
  Time of request: 2026-09-17T18:33:14.075778Z
  Time since last request: 512.91443920899997 seconds.
  importAddress: GUID: c49798170dd554a12b2a765a7da4037f - Path: Assets/Script - Importer: PreviewImporter
Importing 'GUID: c49798170dd554a12b2a765a7da4037f - Path: Assets/Script - Importer: PreviewImporter' with importer (PreviewImporter)
Imported 'GUID: c49798170dd554a12b2a765a7da4037f' -> (Import Result ID: 'db445b90f0762a6e39c037aa03d0b00b') in 0.000 seconds [static and dynamic dependencies]. Details - ImportResultOutputID=72d5d2993ff76576d39bbcc399eab296 DependenciesID=01558e4201b1926b775b916723002e71 StaticDependenciesID=c6c17fda39897e8d30814d7270444c92 
Number of updated asset objects reloaded before import = 0
Number of asset objects unloaded after import = 0
========================================================================
Received Prepare
AcceleratorClientConnectionCallback - disconnected - :0
'Packages/com.unity.render-pipelines.core/Editor/Deprecated.cs' contains partial class of Unity.Object, exactly 1 of the partial classes needs to be in a file with the same filename. This is to know the one that can be referenced from ie. GameObjects
'Packages/com.unity.render-pipelines.core/Editor/Deprecated.cs' contains partial class of Unity.Object, exactly 1 of the partial classes needs to be in a file with the same filename. This is to know the one that can be referenced from ie. GameObjects
WARNING: Shader Unsupported: 'Universal Render Pipeline/VR/SpatialMapping/Wireframe' - All subshaders removed
WARNING: Shader Did you use #pragma only_renderers and omit this platform?
WARNING: Shader If subshaders removal was intentional, you may have forgotten turning Fallback off?
Shader Hidden/ChartRasterizerHardware is not supported: GPU does not support conservative rasterization
Unloading 59 Unused Serialized files (Serialized files now loaded: 0)
Unloading 7400 unused Assets / (7.6 MB). Loaded Objects now: 8466.
Memory consumption went from 231.8 MB to 224.2 MB.
Total: 9.756458 ms (FindLiveObjects: 0.530583 ms CreateObjectMapping: 0.305625 ms MarkObjects: 7.136125 ms  DeleteObjects: 1.688333 ms)

Prepare: number of updated asset objects reloaded= 0
========================================================================
Received Prepare
AcceleratorClientConnectionCallback - disconnected - :0
[Licensing::Client] Successfully resolved entitlement details
Begin MonoManager ReloadAssembly
Thread 0xc727f3000 may have been prematurely finalized
<CFData 0xc728d7dd0 [0x204146240]>{length = 6, capacity = 6, bytes = 0xac07751c5e34}
'Packages/com.unity.render-pipelines.core/Editor/Deprecated.cs' contains partial class of Unity.Object, exactly 1 of the partial classes needs to be in a file with the same filename. This is to know the one that can be referenced from ie. GameObjects
'Packages/com.unity.render-pipelines.core/Editor/Deprecated.cs' contains partial class of Unity.Object, exactly 1 of the partial classes needs to be in a file with the same filename. This is to know the one that can be referenced from ie. GameObjects
Native extension for OSXStandalone target not found
[Package Manager] Failed to launch server process. Reason: Unity was launched with the -noUpm command-line argument
[Package Manager] Unable to send message (not connected to server process).
[Package Manager] Cannot connect to Unity Package Manager local server
[Package Manager] Failed to launch server process. Reason: Unity was launched with the -noUpm command-line argument
[Package Manager] Unable to send message (not connected to server process).
[Package Manager] Cannot connect to Unity Package Manager local server
ScheduleIndexationOnStartup MainProcess:False IndexOnStartup:True
Scripting: successfully reloaded assembly
- Finished resetting the current domain, in  0.386 seconds
Domain Reload Profiling: 894ms
	BeginReloadAssembly (149ms)
		DisableScriptedObjects (18ms)
		CreateAndSetChildDomain (58ms)
	RebuildCommonClasses (5ms)
	RebuildNativeTypeToScriptingClass (10ms)
	initialDomainReloadingComplete (32ms)
	LoadAllAssembliesAndSetupDomain (312ms)
		LoadAssemblies (147ms)
		TypeCache.Refresh (13ms)
		AnalyzeDomain (103ms)
			BuildScriptInfoCaches (99ms)
			ResolveRequiredComponents (3ms)
	FinalizeReload (387ms)
		SetupLoadedEditorAssemblies (0ms)
			BeforeProcessingInitializeOnLoad (61ms)
			ProcessInitializeOnLoadAttributes (151ms)
			ProcessInitializeOnLoadMethodAttributes (37ms)
		AwakeInstancesAfterBackupRestoration (12ms)
WARNING: Shader Unsupported: 'Universal Render Pipeline/VR/SpatialMapping/Wireframe' - All subshaders removed
WARNING: Shader Did you use #pragma only_renderers and omit this platform?
WARNING: Shader If subshaders removal was intentional, you may have forgotten turning Fallback off?
Shader Hidden/ChartRasterizerHardware is not supported: GPU does not support conservative rasterization
Unloading 59 Unused Serialized files (Serialized files now loaded: 0)
Unloading 7415 unused Assets / (8.3 MB). Loaded Objects now: 8378.
Memory consumption went from 239.9 MB to 231.6 MB.
Total: 6.213041 ms (FindLiveObjects: 0.476667 ms CreateObjectMapping: 0.163625 ms MarkObjects: 4.054209 ms  DeleteObjects: 1.422166 ms)

Prepare: number of updated asset objects reloaded= 0
========================================================================
Received Prepare
AcceleratorClientConnectionCallback - disconnected - :0
WARNING: Shader Unsupported: 'Universal Render Pipeline/VR/SpatialMapping/Wireframe' - All subshaders removed
WARNING: Shader Did you use #pragma only_renderers and omit this platform?
WARNING: Shader If subshaders removal was intentional, you may have forgotten turning Fallback off?
Shader Hidden/ChartRasterizerHardware is not supported: GPU does not support conservative rasterization
Unloading 59 Unused Serialized files (Serialized files now loaded: 0)
Unloading 59 unused Assets / (5.1 MB). Loaded Objects now: 8378.
Memory consumption went from 231.4 MB to 226.3 MB.
Total: 5.586500 ms (FindLiveObjects: 0.301208 ms CreateObjectMapping: 0.070458 ms MarkObjects: 4.304000 ms  DeleteObjects: 0.815958 ms)

Prepare: number of updated asset objects reloaded= 0
========================================================================
Received Prepare
AcceleratorClientConnectionCallback - disconnected - :0
'Packages/com.unity.render-pipelines.core/Editor/Deprecated.cs' contains partial class of Unity.Object, exactly 1 of the partial classes needs to be in a file with the same filename. This is to know the one that can be referenced from ie. GameObjects
'Packages/com.unity.render-pipelines.core/Editor/Deprecated.cs' contains partial class of Unity.Object, exactly 1 of the partial classes needs to be in a file with the same filename. This is to know the one that can be referenced from ie. GameObjects
WARNING: Shader Unsupported: 'Universal Render Pipeline/VR/SpatialMapping/Wireframe' - All subshaders removed
WARNING: Shader Did you use #pragma only_renderers and omit this platform?
WARNING: Shader If subshaders removal was intentional, you may have forgotten turning Fallback off?
Shader Hidden/ChartRasterizerHardware is not supported: GPU does not support conservative rasterization
Refreshing native plugins compatible for Editor in 2.01 ms, found 3 plugins.
Unloading 59 Unused Serialized files (Serialized files now loaded: 0)
Unloading 7401 unused Assets / (8.5 MB). Loaded Objects now: 8379.
Memory consumption went from 234.6 MB to 226.1 MB.
Total: 6.353000 ms (FindLiveObjects: 0.488750 ms CreateObjectMapping: 0.150125 ms MarkObjects: 4.018583 ms  DeleteObjects: 1.600667 ms)

Prepare: number of updated asset objects reloaded= 0
========================================================================
Received Prepare
AcceleratorClientConnectionCallback - disconnected - :0
Begin MonoManager ReloadAssembly
Thread 0x16e887000 may have been prematurely finalized
'Packages/com.unity.render-pipelines.core/Editor/Deprecated.cs' contains partial class of Unity.Object, exactly 1 of the partial classes needs to be in a file with the same filename. This is to know the one that can be referenced from ie. GameObjects
'Packages/com.unity.render-pipelines.core/Editor/Deprecated.cs' contains partial class of Unity.Object, exactly 1 of the partial classes needs to be in a file with the same filename. This is to know the one that can be referenced from ie. GameObjects
Native extension for OSXStandalone target not found
[Package Manager] Failed to launch server process. Reason: Unity was launched with the -noUpm command-line argument
[Package Manager] Unable to send message (not connected to server process).
[Package Manager] Cannot connect to Unity Package Manager local server
[Package Manager] Failed to launch server process. Reason: Unity was launched with the -noUpm command-line argument
[Package Manager] Unable to send message (not connected to server process).
[Package Manager] Cannot connect to Unity Package Manager local server
ScheduleIndexationOnStartup MainProcess:False IndexOnStartup:True
Scripting: successfully reloaded assembly
- Finished resetting the current domain, in  0.357 seconds
Domain Reload Profiling: 832ms
	BeginReloadAssembly (138ms)
		DisableScriptedObjects (7ms)
		CreateAndSetChildDomain (51ms)
	RebuildCommonClasses (5ms)
	RebuildNativeTypeToScriptingClass (10ms)
	initialDomainReloadingComplete (22ms)
	LoadAllAssembliesAndSetupDomain (300ms)
		LoadAssemblies (143ms)
		TypeCache.Refresh (9ms)
		AnalyzeDomain (100ms)
			BuildScriptInfoCaches (97ms)
	FinalizeReload (357ms)
		SetupLoadedEditorAssemblies (0ms)
			BeforeProcessingInitializeOnLoad (58ms)
			ProcessInitializeOnLoadAttributes (134ms)
			ProcessInitializeOnLoadMethodAttributes (34ms)
		AwakeInstancesAfterBackupRestoration (11ms)
WARNING: Shader Unsupported: 'Universal Render Pipeline/VR/SpatialMapping/Wireframe' - All subshaders removed
WARNING: Shader Did you use #pragma only_renderers and omit this platform?
WARNING: Shader If subshaders removal was intentional, you may have forgotten turning Fallback off?
Shader Hidden/ChartRasterizerHardware is not supported: GPU does not support conservative rasterization
Unloading 59 Unused Serialized files (Serialized files now loaded: 0)
Unloading 7416 unused Assets / (8.3 MB). Loaded Objects now: 8382.
Memory consumption went from 245.6 MB to 237.3 MB.
Total: 6.127542 ms (FindLiveObjects: 0.463750 ms CreateObjectMapping: 0.139875 ms MarkObjects: 3.914625 ms  DeleteObjects: 1.504333 ms)

Prepare: number of updated asset objects reloaded= 0
========================================================================
Received Prepare
AcceleratorClientConnectionCallback - disconnected - :0
WARNING: Shader Unsupported: 'Universal Render Pipeline/VR/SpatialMapping/Wireframe' - All subshaders removed
WARNING: Shader Did you use #pragma only_renderers and omit this platform?
WARNING: Shader If subshaders removal was intentional, you may have forgotten turning Fallback off?
Shader Hidden/ChartRasterizerHardware is not supported: GPU does not support conservative rasterization
Unloading 59 Unused Serialized files (Serialized files now loaded: 0)
Unloading 59 unused Assets / (5.1 MB). Loaded Objects now: 8382.
Memory consumption went from 237.0 MB to 232.0 MB.
Total: 8.941500 ms (FindLiveObjects: 0.558875 ms CreateObjectMapping: 0.139292 ms MarkObjects: 7.156458 ms  DeleteObjects: 0.925208 ms)

Prepare: number of updated asset objects reloaded= 0
========================================================================
Received Prepare
AcceleratorClientConnectionCallback - disconnected - :0
WARNING: Shader Unsupported: 'Universal Render Pipeline/VR/SpatialMapping/Wireframe' - All subshaders removed
WARNING: Shader Did you use #pragma only_renderers and omit this platform?
WARNING: Shader If subshaders removal was intentional, you may have forgotten turning Fallback off?
Shader Hidden/ChartRasterizerHardware is not supported: GPU does not support conservative rasterization
Unloading 59 Unused Serialized files (Serialized files now loaded: 0)
Unloading 59 unused Assets / (5.0 MB). Loaded Objects now: 8382.
Memory consumption went from 236.0 MB to 231.0 MB.
Total: 7.562541 ms (FindLiveObjects: 0.284000 ms CreateObjectMapping: 0.077791 ms MarkObjects: 5.410625 ms  DeleteObjects: 1.605500 ms)

Prepare: number of updated asset objects reloaded= 0
========================================================================
Received Prepare
AcceleratorClientConnectionCallback - disconnected - :0
WARNING: Shader Unsupported: 'Universal Render Pipeline/VR/SpatialMapping/Wireframe' - All subshaders removed
WARNING: Shader Did you use #pragma only_renderers and omit this platform?
WARNING: Shader If subshaders removal was intentional, you may have forgotten turning Fallback off?
Shader Hidden/ChartRasterizerHardware is not supported: GPU does not support conservative rasterization
Unloading 59 Unused Serialized files (Serialized files now loaded: 0)
Unloading 59 unused Assets / (5.1 MB). Loaded Objects now: 8382.
Memory consumption went from 235.0 MB to 229.9 MB.
Total: 5.487083 ms (FindLiveObjects: 0.303500 ms CreateObjectMapping: 0.074792 ms MarkObjects: 4.183291 ms  DeleteObjects: 0.823042 ms)

Prepare: number of updated asset objects reloaded= 0
========================================================================
Received Prepare
AcceleratorClientConnectionCallback - disconnected - :0
'Packages/com.unity.render-pipelines.core/Editor/Deprecated.cs' contains partial class of Unity.Object, exactly 1 of the partial classes needs to be in a file with the same filename. This is to know the one that can be referenced from ie. GameObjects
'Packages/com.unity.render-pipelines.core/Editor/Deprecated.cs' contains partial class of Unity.Object, exactly 1 of the partial classes needs to be in a file with the same filename. This is to know the one that can be referenced from ie. GameObjects
WARNING: Shader Unsupported: 'Universal Render Pipeline/VR/SpatialMapping/Wireframe' - All subshaders removed
WARNING: Shader Did you use #pragma only_renderers and omit this platform?
WARNING: Shader If subshaders removal was intentional, you may have forgotten turning Fallback off?
Shader Hidden/ChartRasterizerHardware is not supported: GPU does not support conservative rasterization
Unloading 59 Unused Serialized files (Serialized files now loaded: 0)
Unloading 7401 unused Assets / (6.9 MB). Loaded Objects now: 8382.
Memory consumption went from 238.2 MB to 231.2 MB.
Total: 6.795458 ms (FindLiveObjects: 0.553584 ms CreateObjectMapping: 0.303541 ms MarkObjects: 4.324375 ms  DeleteObjects: 1.493292 ms)

Prepare: number of updated asset objects reloaded= 0
========================================================================
Received Prepare
AcceleratorClientConnectionCallback - disconnected - :0
[Licensing::Client] Successfully resolved entitlement details
Begin MonoManager ReloadAssembly
Thread 0x16e787000 may have been prematurely finalized
'Packages/com.unity.render-pipelines.core/Editor/Deprecated.cs' contains partial class of Unity.Object, exactly 1 of the partial classes needs to be in a file with the same filename. This is to know the one that can be referenced from ie. GameObjects
'Packages/com.unity.render-pipelines.core/Editor/Deprecated.cs' contains partial class of Unity.Object, exactly 1 of the partial classes needs to be in a file with the same filename. This is to know the one that can be referenced from ie. GameObjects
Native extension for OSXStandalone target not found
[Package Manager] Failed to launch server process. Reason: Unity was launched with the -noUpm command-line argument
[Package Manager] Unable to send message (not connected to server process).
[Package Manager] Cannot connect to Unity Package Manager local server
[Package Manager] Failed to launch server process. Reason: Unity was launched with the -noUpm command-line argument
[Package Manager] Unable to send message (not connected to server process).
[Package Manager] Cannot connect to Unity Package Manager local server
ScheduleIndexationOnStartup MainProcess:False IndexOnStartup:True
Scripting: successfully reloaded assembly
- Finished resetting the current domain, in  0.383 seconds
Domain Reload Profiling: 853ms
	BeginReloadAssembly (144ms)
		DisableScriptedObjects (10ms)
		CreateAndSetChildDomain (49ms)
	RebuildCommonClasses (5ms)
	RebuildNativeTypeToScriptingClass (10ms)
	initialDomainReloadingComplete (23ms)
	LoadAllAssembliesAndSetupDomain (287ms)
		LoadAssemblies (135ms)
		TypeCache.Refresh (9ms)
		AnalyzeDomain (100ms)
			BuildScriptInfoCaches (96ms)
			ResolveRequiredComponents (3ms)
	FinalizeReload (384ms)
		SetupLoadedEditorAssemblies (0ms)
			BeforeProcessingInitializeOnLoad (59ms)
			ProcessInitializeOnLoadAttributes (150ms)
			ProcessInitializeOnLoadMethodAttributes (35ms)
		AwakeInstancesAfterBackupRestoration (13ms)
WARNING: Shader Unsupported: 'Universal Render Pipeline/VR/SpatialMapping/Wireframe' - All subshaders removed
WARNING: Shader Did you use #pragma only_renderers and omit this platform?
WARNING: Shader If subshaders removal was intentional, you may have forgotten turning Fallback off?
Shader Hidden/ChartRasterizerHardware is not supported: GPU does not support conservative rasterization
Unloading 59 Unused Serialized files (Serialized files now loaded: 0)
Unloading 7416 unused Assets / (7.9 MB). Loaded Objects now: 8385.
Memory consumption went from 249.2 MB to 241.2 MB.
Total: 6.134875 ms (FindLiveObjects: 0.498084 ms CreateObjectMapping: 0.140708 ms MarkObjects: 4.127708 ms  DeleteObjects: 1.275125 ms)

Prepare: number of updated asset objects reloaded= 0
========================================================================
Received Prepare
AcceleratorClientConnectionCallback - disconnected - :0
WARNING: Shader Unsupported: 'Universal Render Pipeline/VR/SpatialMapping/Wireframe' - All subshaders removed
WARNING: Shader Did you use #pragma only_renderers and omit this platform?
WARNING: Shader If subshaders removal was intentional, you may have forgotten turning Fallback off?
Shader Hidden/ChartRasterizerHardware is not supported: GPU does not support conservative rasterization
Unloading 59 Unused Serialized files (Serialized files now loaded: 0)
Unloading 59 unused Assets / (5.1 MB). Loaded Objects now: 8385.
Memory consumption went from 240.6 MB to 235.6 MB.
Total: 5.552208 ms (FindLiveObjects: 0.300750 ms CreateObjectMapping: 0.073083 ms MarkObjects: 4.308625 ms  DeleteObjects: 0.771542 ms)

Prepare: number of updated asset objects reloaded= 0
========================================================================
Received Prepare
AcceleratorClientConnectionCallback - disconnected - :0
'Packages/com.unity.render-pipelines.core/Editor/Deprecated.cs' contains partial class of Unity.Object, exactly 1 of the partial classes needs to be in a file with the same filename. This is to know the one that can be referenced from ie. GameObjects
'Packages/com.unity.render-pipelines.core/Editor/Deprecated.cs' contains partial class of Unity.Object, exactly 1 of the partial classes needs to be in a file with the same filename. This is to know the one that can be referenced from ie. GameObjects
WARNING: Shader Unsupported: 'Universal Render Pipeline/VR/SpatialMapping/Wireframe' - All subshaders removed
WARNING: Shader Did you use #pragma only_renderers and omit this platform?
WARNING: Shader If subshaders removal was intentional, you may have forgotten turning Fallback off?
Shader Hidden/ChartRasterizerHardware is not supported: GPU does not support conservative rasterization
Unloading 59 Unused Serialized files (Serialized files now loaded: 0)
Unloading 7401 unused Assets / (8.3 MB). Loaded Objects now: 8385.
Memory consumption went from 243.7 MB to 235.5 MB.
Total: 6.287792 ms (FindLiveObjects: 0.469416 ms CreateObjectMapping: 0.141584 ms MarkObjects: 3.965333 ms  DeleteObjects: 1.616375 ms)

Prepare: number of updated asset objects reloaded= 0
========================================================================
Received Prepare
AcceleratorClientConnectionCallback - disconnected - :0
'Packages/com.unity.render-pipelines.core/Editor/Deprecated.cs' contains partial class of Unity.Object, exactly 1 of the partial classes needs to be in a file with the same filename. This is to know the one that can be referenced from ie. GameObjects
'Packages/com.unity.render-pipelines.core/Editor/Deprecated.cs' contains partial class of Unity.Object, exactly 1 of the partial classes needs to be in a file with the same filename. This is to know the one that can be referenced from ie. GameObjects
WARNING: Shader Unsupported: 'Universal Render Pipeline/VR/SpatialMapping/Wireframe' - All subshaders removed
WARNING: Shader Did you use #pragma only_renderers and omit this platform?
WARNING: Shader If subshaders removal was intentional, you may have forgotten turning Fallback off?
Shader Hidden/ChartRasterizerHardware is not supported: GPU does not support conservative rasterization
Unloading 59 Unused Serialized files (Serialized files now loaded: 0)
Unloading 7401 unused Assets / (8.0 MB). Loaded Objects now: 8385.
Memory consumption went from 242.8 MB to 234.8 MB.
Total: 6.509083 ms (FindLiveObjects: 0.528792 ms CreateObjectMapping: 0.231708 ms MarkObjects: 4.074625 ms  DeleteObjects: 1.578833 ms)

Prepare: number of updated asset objects reloaded= 0
========================================================================
Received Prepare
AcceleratorClientConnectionCallback - disconnected - :0
'Packages/com.unity.render-pipelines.core/Editor/Deprecated.cs' contains partial class of Unity.Object, exactly 1 of the partial classes needs to be in a file with the same filename. This is to know the one that can be referenced from ie. GameObjects
'Packages/com.unity.render-pipelines.core/Editor/Deprecated.cs' contains partial class of Unity.Object, exactly 1 of the partial classes needs to be in a file with the same filename. This is to know the one that can be referenced from ie. GameObjects
WARNING: Shader Unsupported: 'Universal Render Pipeline/VR/SpatialMapping/Wireframe' - All subshaders removed
WARNING: Shader Did you use #pragma only_renderers and omit this platform?
WARNING: Shader If subshaders removal was intentional, you may have forgotten turning Fallback off?
Shader Hidden/ChartRasterizerHardware is not supported: GPU does not support conservative rasterization
Unloading 59 Unused Serialized files (Serialized files now loaded: 0)
Unloading 7401 unused Assets / (6.3 MB). Loaded Objects now: 8385.
Memory consumption went from 241.8 MB to 235.4 MB.
Total: 6.560084 ms (FindLiveObjects: 0.499292 ms CreateObjectMapping: 0.230166 ms MarkObjects: 4.145375 ms  DeleteObjects: 1.588708 ms)

Prepare: number of updated asset objects reloaded= 0
========================================================================
Received Prepare
AcceleratorClientConnectionCallback - disconnected - :0
[Licensing::Client] Successfully resolved entitlement details
Begin MonoManager ReloadAssembly
Thread 0x16e787000 may have been prematurely finalized
'Packages/com.unity.render-pipelines.core/Editor/Deprecated.cs' contains partial class of Unity.Object, exactly 1 of the partial classes needs to be in a file with the same filename. This is to know the one that can be referenced from ie. GameObjects
'Packages/com.unity.render-pipelines.core/Editor/Deprecated.cs' contains partial class of Unity.Object, exactly 1 of the partial classes needs to be in a file with the same filename. This is to know the one that can be referenced from ie. GameObjects
Native extension for OSXStandalone target not found
[Package Manager] Failed to launch server process. Reason: Unity was launched with the -noUpm command-line argument
[Package Manager] Unable to send message (not connected to server process).
[Package Manager] Cannot connect to Unity Package Manager local server
[Package Manager] Failed to launch server process. Reason: Unity was launched with the -noUpm command-line argument
[Package Manager] Unable to send message (not connected to server process).
[Package Manager] Cannot connect to Unity Package Manager local server
ScheduleIndexationOnStartup MainProcess:False IndexOnStartup:True
Scripting: successfully reloaded assembly
- Finished resetting the current domain, in  0.381 seconds
Domain Reload Profiling: 847ms
	BeginReloadAssembly (129ms)
		DisableScriptedObjects (8ms)
		CreateAndSetChildDomain (44ms)
	RebuildCommonClasses (5ms)
	RebuildNativeTypeToScriptingClass (10ms)
	initialDomainReloadingComplete (23ms)
	LoadAllAssembliesAndSetupDomain (299ms)
		LoadAssemblies (146ms)
		TypeCache.Refresh (9ms)
		AnalyzeDomain (99ms)
			BuildScriptInfoCaches (95ms)
			ResolveRequiredComponents (3ms)
	FinalizeReload (382ms)
		SetupLoadedEditorAssemblies (0ms)
			BeforeProcessingInitializeOnLoad (59ms)
			ProcessInitializeOnLoadAttributes (148ms)
			ProcessInitializeOnLoadMethodAttributes (35ms)
		AwakeInstancesAfterBackupRestoration (12ms)
WARNING: Shader Unsupported: 'Universal Render Pipeline/VR/SpatialMapping/Wireframe' - All subshaders removed
WARNING: Shader Did you use #pragma only_renderers and omit this platform?
WARNING: Shader If subshaders removal was intentional, you may have forgotten turning Fallback off?
Shader Hidden/ChartRasterizerHardware is not supported: GPU does not support conservative rasterization
Unloading 59 Unused Serialized files (Serialized files now loaded: 0)
Unloading 7416 unused Assets / (7.4 MB). Loaded Objects now: 8388.
Memory consumption went from 252.8 MB to 245.3 MB.
Total: 6.031792 ms (FindLiveObjects: 0.454084 ms CreateObjectMapping: 0.137041 ms MarkObjects: 4.054375 ms  DeleteObjects: 1.289000 ms)

Prepare: number of updated asset objects reloaded= 0
