Unity Editor version:    6000.6.0f1 (f7f8ed4d1e24)
Branch:                  6000.6/respin/6000.6.0f1-fa21a270ab12
Build type:              Release
Batch mode:              NO
macOS version:           Version 15.3.1 (Build 24D70)
Darwin version:          24.3.0
Architecture:            arm64
Running under Rosetta:   NO
Available memory:        16384 MB
Date:                    2026-09-17T18:20:12Z
VBCSCompilerPreWarmer: pre-warm launched (dotnet PID 1295)
VBCSCompiler prewarm took 15.83 ms
[Licensing::Module] Trying to connect to existing licensing client channel...
[Licensing::IpcConnector] Successfully connected to: "LicenseClient-bindubk" at "2026-09-17T18:20:12.906193Z"

COMMAND LINE ARGUMENTS:
/Applications/Unity/Hub/Editor/6000.6.0f1/Unity.app/Contents/MacOS/Unity
-projectpath
/Users/bindubk/First class
-acceptSoftwareTermsForThisRunOnly
-useHub
-hubIPC
-cloudEnvironment
production
-licensingIpc
LicenseClient-bindubk
-hubSessionId
368ab0bb-e98e-4cec-992f-1d4f197bade3
-accessToken
niL8wnCJwovnLRyWQLX-b9zuZ4YqtBNbO0AVTStolKM002f
Successfully changed project path to: /Users/bindubk/First class
/Users/bindubk/First class
[UnityMemory] Configuration Parameters - Can be set up in boot.config
    "memorysetup-temp-allocator-size-gi-baking-worker=262144"
    "memorysetup-temp-allocator-size-gi-baking-worker=262144"
    "memorysetup-temp-allocator-size-gi-baking-worker=262144"
    "memorysetup-temp-allocator-size-gi-baking-worker=262144"
    "memorysetup-temp-allocator-size-gi-baking-worker=262144"
    "memorysetup-temp-allocator-size-nav-mesh-worker=65536"
    "memorysetup-temp-allocator-size-audio-worker=65536"
    "memorysetup-temp-allocator-size-cloud-worker=32768"
    "memorysetup-temp-allocator-size-preload-manager=33554432"
    "memorysetup-remapper-allocator-initial-capacity=32768"
    "memorysetup-temp-allocator-size-gfx=262144"
    "memorysetup-allocator-temp-initial-block-size-main=262144"
    "memorysetup-allocator-temp-initial-block-size-worker=262144"
    "memorysetup-temp-allocator-size-background-worker=32768"
    "memorysetup-temp-allocator-size-job-worker=262144"
    "memorysetup-bucket-allocator-granularity=16"
    "memorysetup-bucket-allocator-bucket-count=8"
    "memorysetup-bucket-allocator-block-size=33554432"
    "memorysetup-bucket-allocator-block-count=8"
    "memorysetup-main-allocator-block-size=16777216"
    "memorysetup-thread-allocator-block-size=16777216"
    "memorysetup-main-allocator-mimalloc-enabled=1"
    "memorysetup-gfx-main-allocator-block-size=16777216"
    "memorysetup-gfx-thread-allocator-block-size=16777216"
    "memorysetup-cache-allocator-block-size=4194304"
    "memorysetup-typetree-allocator-block-size=2097152"
    "memorysetup-profiler-bucket-allocator-granularity=16"
    "memorysetup-profiler-bucket-allocator-bucket-count=8"
    "memorysetup-profiler-bucket-allocator-block-size=33554432"
    "memorysetup-profiler-bucket-allocator-block-count=8"
    "memorysetup-profiler-allocator-block-size=16777216"
    "memorysetup-profiler-editor-allocator-block-size=1048576"
    "memorysetup-temp-allocator-size-main=16777216"
    "memorysetup-job-temp-allocator-block-size=2097152"
    "memorysetup-job-temp-allocator-block-size-background=1048576"
    "memorysetup-job-temp-allocator-reduction-small-platforms=262144"
[Licensing::Client] Handshaking with LicensingClient:
  Version:                 1.18.3+d7ffd15
  Session Id:              2e1f6b8da3c447918112124c48b22561
  Correlation Id:          769ada1390fcfc3ea012e0a1a4477502
  External correlation Id: 8825696046241383533
  Machine Id:              BSkf0hx3iS8km8Oz33HVBO8Lhl8=
[Licensing::Module] Successfully connected to LicensingClient on channel: "LicenseClient-bindubk" (connect: 0.00s, validation: 0.00s, handshake: 0.21s)
[Licensing::IpcConnector] Successfully connected to: "LicenseClient-bindubk-notifications" at "2026-09-17T18:20:13.115204Z"
[Licensing::Client] Successfully updated the access token
[Licensing::Module] Successfully updated the access token niL8wnCJwo...
[Licensing::Client] Successfully resolved entitlement details
[Licensing::Module] License group:
  Id: 2476039697077-UnityPersXXXX
  Product: Unity Personal
  Type: Assigned
  Expiration: Unlimited
Player connection [8639563840]  Target information:

Player connection [8639563840]  * "[IP] 10.2.227.131 [Port] 55504 [Flags] 2 [Guid] 2542562368 [EditorId] 2542562368 [Version] 1048832 [Id] OSXEditor(0,Bindus-MacBook-Pro.local) [Debug] 1 [PackageName] OSXEditor [ProjectName] Editor" 

Player connection [8639563840] Host joined multi-casting on [225.0.0.222:54997]...
Player connection [8639563840] Host joined alternative multi-casting on [225.0.0.222:34997]...
[Licensing::Client] Successfully updated license, isAsync: True, time: 0.00
[Licensing::Client] Successfully resolved entitlement details
[Licensing::Module] Licensing Background thread has ended after 0.22s
Input System module state changed to: Initialized.
[Physics::Module] Initialized fallback backend.
[Physics::Module] Id: 0xdecafbad
2026-09-17 14:20:13.369 Unity[1293:18799] +[IMKClient subclass]: chose IMKClient_Modern
2026-09-17 14:20:13.369 Unity[1293:18799] +[IMKInputSession subclass]: chose IMKInputSession_Modern
Initialising UDS system complete:
  - System type: Client
  - Resource namespace: 190470d0556946ccbed2f8507aca70fd
  - Shared memory size: 1073741824
  - Command buffer id: 1052672
  - Command buffer size: 8192
  - Hashmap size: 4194304
  - Service connected: false
[Package Manager] Connected to IPC stream "Upm-1293" after 0.2 seconds.
[Licensing::Client] Successfully resolved entitlement details
Library Redirect Path: Library/
Launching Unity Data Store - /Applications/Unity/Hub/Editor/6000.6.0f1/Unity.app/Contents/Helpers/Unity.DataStore 
Unity Data Store artifact dir = Library/DataStore, working dir = /Users/bindubk/First class[Physics::Module] Selected backend.
[Physics::Module] Name: PhysX
[Physics::Module] Id: 0xf2b8ea05
[Physics::Module] SDK Version: 4.1.2
[Physics::Module] Integration Version: 1.0.0
[Physics::Module] Threading Mode: Multi-Threaded
Unity Data Store running and initialised
Initialize engine version: 6000.6.0f1 (f7f8ed4d1e24)
[EntityIdStore] init: VM path (explicit commit), pageSize=16384, blockCount=262144, entitiesPerBlock=1024, slots reserved=4294967296 bytes
[Subsystems] Discovering subsystems at path /Applications/Unity/Hub/Editor/6000.6.0f1/Unity.app/Contents/Resources/UnitySubsystems
[Subsystems] Discovering subsystems at path /Users/bindubk/First class/Assets
GfxDevice: creating device client; kGfxThreadingModeThreaded
 preferred device: Apple M4 (high power)
Metal devices available: 1
0: Apple M4 (high power)
Using device Apple M4 (high power)
Initializing Metal device caps: Apple M4
Mac GPU Family: 2
Apple GPU Family: 9
MSL Version: 3.0
Has Float MSAA: 1
Has Float Filtering: 1
ReadWrite Texture Tier: 2
Initialize mono
Mono path[0] = '/Applications/Unity/Hub/Editor/6000.6.0f1/Unity.app/Contents/Resources/Scripting/Managed'
Mono path[1] = '/Applications/Unity/Hub/Editor/6000.6.0f1/Unity.app/Contents/Resources/Scripting/BCLExtensions/runtime/netstandard2.1'
Mono path[2] = '/Applications/Unity/Hub/Editor/6000.6.0f1/Unity.app/Contents/Resources/Scripting/MonoBleedingEdge/lib/mono/unityjit-macos'
Mono config path = '/Applications/Unity/Hub/Editor/6000.6.0f1/Unity.app/Contents/Resources/Scripting/MonoBleedingEdge/etc'
Using monoOptions --debugger-agent=transport=dt_socket,embedding=1,server=y,suspend=n,address=127.0.0.1:56293
CodeReloadManager initialized
ImportWorker Server TCP listen port: 0
AcceleratorClientConnectionCallback - disconnected - :0
Begin MonoManager ReloadAssembly
Registering precompiled unity dll's ...
Register platform support module: /Applications/Unity/Hub/Editor/6000.6.0f1/PlaybackEngines/MacStandaloneSupport/UnityEditor.OSXStandalone.Extensions.dll
Registered in 0.000726 seconds.
Native extension for OSXStandalone target not found
Package Manager log level set to [2]
ScheduleIndexationOnStartup MainProcess:False IndexOnStartup:True
Scripting: successfully reloaded assembly
- Finished resetting the current domain, in  0.642 seconds
Domain Reload Profiling: 964ms
	BeginReloadAssembly (85ms)
		CreateAndSetChildDomain (9ms)
	RebuildCommonClasses (3ms)
	RebuildNativeTypeToScriptingClass (14ms)
	initialDomainReloadingComplete (33ms)
	LoadAllAssembliesAndSetupDomain (186ms)
		LoadAssemblies (77ms)
		TypeCache.Refresh (136ms)
			TypeCache.ScanAssembly (125ms)
		AnalyzeDomain (0ms)
	FinalizeReload (643ms)
		SetupLoadedEditorAssemblies (0ms)
			BeforeProcessingInitializeOnLoad (52ms)
			ProcessInitializeOnLoadAttributes (48ms)
			ProcessInitializeOnLoadMethodAttributes (424ms)
[Licensing::Client] Successfully resolved entitlement details
Application.AssetDatabase Initial Refresh Start
[Package Manager] Restoring resolved packages state from cache
[Licensing::Client] Successfully resolved entitlement details
[Package Manager] Registered 71 packages:
  Packages from [https://packages.unity.com]:
    com.unity.ai.navigation@2.0.14 (location: /Users/bindubk/First class/Library/PackageCache/com.unity.ai.navigation@134dd6a3b97b)
    com.unity.collab-proxy@2.13.6 (location: /Users/bindubk/First class/Library/PackageCache/com.unity.collab-proxy@4628d2ba6ea4)
    com.unity.ide.rider@3.0.38 (location: /Users/bindubk/First class/Library/PackageCache/com.unity.ide.rider@1f60b3138684)
    com.unity.ide.visualstudio@2.0.26 (location: /Users/bindubk/First class/Library/PackageCache/com.unity.ide.visualstudio@a99d56dec63f)
    com.unity.inputsystem@1.20.0 (location: /Users/bindubk/First class/Library/PackageCache/com.unity.inputsystem@7a4e1a2a8194)
    com.unity.visualscripting@1.9.12 (location: /Users/bindubk/First class/Library/PackageCache/com.unity.visualscripting@4edfcc09512f)
    com.unity.2d.animation@16.0.1 (location: /Users/bindubk/First class/Library/PackageCache/com.unity.2d.animation@899988b542b9)
    com.unity.2d.pixel-perfect@6.0.0 (location: /Users/bindubk/First class/Library/PackageCache/com.unity.2d.pixel-perfect@a860cb24a0cc)
    com.unity.2d.psdimporter@15.0.1 (location: /Users/bindubk/First class/Library/PackageCache/com.unity.2d.psdimporter@e02a9153d8d9)
    com.unity.2d.spriteshape@16.0.0 (location: /Users/bindubk/First class/Library/PackageCache/com.unity.2d.spriteshape@42798c9d35d3)
    com.unity.2d.tilemap.extras@9.0.1 (location: /Users/bindubk/First class/Library/PackageCache/com.unity.2d.tilemap.extras@9446f3c60919)
    com.unity.2d.aseprite@6.0.0 (location: /Users/bindubk/First class/Library/PackageCache/com.unity.2d.aseprite@ab909e3e9b5f)
    com.unity.2d.tooling@4.0.1 (location: /Users/bindubk/First class/Library/PackageCache/com.unity.2d.tooling@4e93af4036ee)
    com.unity.searcher@4.9.5 (location: /Users/bindubk/First class/Library/PackageCache/com.unity.searcher@a463122f2c00)
    com.unity.profiling.core@1.0.3 (location: /Users/bindubk/First class/Library/PackageCache/com.unity.profiling.core@8a49f7027d06)
    com.unity.2d.common@15.0.0 (location: /Users/bindubk/First class/Library/PackageCache/com.unity.2d.common@b779c433ed47)
    com.unity.nuget.mono-cecil@1.11.6 (location: /Users/bindubk/First class/Library/PackageCache/com.unity.nuget.mono-cecil@ecb9724e46ff)
  Built-in packages:
    com.unity.feature.2d@2.0.2 (location: /Users/bindubk/First class/Library/PackageCache/com.unity.feature.2d@11724ae7e5b5)
    com.unity.render-pipelines.universal@17.6.0 (location: /Users/bindubk/First class/Library/PackageCache/com.unity.render-pipelines.universal@8457e85b8184)
    com.unity.test-framework@1.8.0 (location: /Users/bindubk/First class/Library/PackageCache/com.unity.test-framework@7a3849e09bd0)
    com.unity.timeline@6.6.0 (location: /Users/bindubk/First class/Library/PackageCache/com.unity.timeline@281d5f7e7d7d)
    com.unity.ugui@2.6.0 (location: /Users/bindubk/First class/Library/PackageCache/com.unity.ugui@23caec89ae27)
    com.unity.modules.accessibility@1.0.0 (location: /Users/bindubk/First class/Library/PackageCache/com.unity.modules.accessibility)
    com.unity.modules.adaptiveperformance@1.0.0 (location: /Users/bindubk/First class/Library/PackageCache/com.unity.modules.adaptiveperformance)
    com.unity.modules.ai@1.0.0 (location: /Users/bindubk/First class/Library/PackageCache/com.unity.modules.ai)
    com.unity.modules.androidjni@1.0.0 (location: /Users/bindubk/First class/Library/PackageCache/com.unity.modules.androidjni)
    com.unity.modules.animation@1.0.0 (location: /Users/bindubk/First class/Library/PackageCache/com.unity.modules.animation)
    com.unity.modules.assetbundle@1.0.0 (location: /Users/bindubk/First class/Library/PackageCache/com.unity.modules.assetbundle)
    com.unity.modules.audio@1.0.0 (location: /Users/bindubk/First class/Library/PackageCache/com.unity.modules.audio)
    com.unity.modules.cloth@1.0.0 (location: /Users/bindubk/First class/Library/PackageCache/com.unity.modules.cloth)
    com.unity.modules.director@1.0.0 (location: /Users/bindubk/First class/Library/PackageCache/com.unity.modules.director)
    com.unity.modules.imageconversion@1.0.0 (location: /Users/bindubk/First class/Library/PackageCache/com.unity.modules.imageconversion)
    com.unity.modules.imgui@1.0.0 (location: /Users/bindubk/First class/Library/PackageCache/com.unity.modules.imgui)
    com.unity.modules.jsonserialize@1.0.0 (location: /Users/bindubk/First class/Library/PackageCache/com.unity.modules.jsonserialize)
    com.unity.modules.particlesystem@1.0.0 (location: /Users/bindubk/First class/Library/PackageCache/com.unity.modules.particlesystem)
    com.unity.modules.physics@1.0.0 (location: /Users/bindubk/First class/Library/PackageCache/com.unity.modules.physics)
    com.unity.modules.physics2d@1.0.0 (location: /Users/bindubk/First class/Library/PackageCache/com.unity.modules.physics2d)
    com.unity.modules.physicscore2d@1.0.0 (location: /Users/bindubk/First class/Library/PackageCache/com.unity.modules.physicscore2d)
    com.unity.modules.screencapture@1.0.0 (location: /Users/bindubk/First class/Library/PackageCache/com.unity.modules.screencapture)
    com.unity.modules.terrain@1.0.0 (location: /Users/bindubk/First class/Library/PackageCache/com.unity.modules.terrain)
    com.unity.modules.terrainphysics@1.0.0 (location: /Users/bindubk/First class/Library/PackageCache/com.unity.modules.terrainphysics)
    com.unity.modules.tetgen@1.0.0 (location: /Users/bindubk/First class/Library/PackageCache/com.unity.modules.tetgen)
    com.unity.modules.tilemap@1.0.0 (location: /Users/bindubk/First class/Library/PackageCache/com.unity.modules.tilemap)
    com.unity.modules.timelinefoundation@1.0.0 (location: /Users/bindubk/First class/Library/PackageCache/com.unity.modules.timelinefoundation)
    com.unity.modules.ui@1.0.0 (location: /Users/bindubk/First class/Library/PackageCache/com.unity.modules.ui)
    com.unity.modules.uielements@1.0.0 (location: /Users/bindubk/First class/Library/PackageCache/com.unity.modules.uielements)
    com.unity.modules.umbra@1.0.0 (location: /Users/bindubk/First class/Library/PackageCache/com.unity.modules.umbra)
    com.unity.modules.unityanalytics@1.0.0 (location: /Users/bindubk/First class/Library/PackageCache/com.unity.modules.unityanalytics)
    com.unity.modules.unitywebrequest@1.0.0 (location: /Users/bindubk/First class/Library/PackageCache/com.unity.modules.unitywebrequest)
    com.unity.modules.unitywebrequestassetbundle@1.0.0 (location: /Users/bindubk/First class/Library/PackageCache/com.unity.modules.unitywebrequestassetbundle)
    com.unity.modules.unitywebrequestaudio@1.0.0 (location: /Users/bindubk/First class/Library/PackageCache/com.unity.modules.unitywebrequestaudio)
    com.unity.modules.unitywebrequesttexture@1.0.0 (location: /Users/bindubk/First class/Library/PackageCache/com.unity.modules.unitywebrequesttexture)
    com.unity.modules.unitywebrequestwww@1.0.0 (location: /Users/bindubk/First class/Library/PackageCache/com.unity.modules.unitywebrequestwww)
    com.unity.modules.vectorgraphics@1.0.0 (location: /Users/bindubk/First class/Library/PackageCache/com.unity.modules.vectorgraphics)
    com.unity.modules.vehicles@1.0.0 (location: /Users/bindubk/First class/Library/PackageCache/com.unity.modules.vehicles)
    com.unity.modules.video@1.0.0 (location: /Users/bindubk/First class/Library/PackageCache/com.unity.modules.video)
    com.unity.modules.wind@1.0.0 (location: /Users/bindubk/First class/Library/PackageCache/com.unity.modules.wind)
    com.unity.modules.xr@1.0.0 (location: /Users/bindubk/First class/Library/PackageCache/com.unity.modules.xr)
    com.unity.modules.subsystems@1.0.0 (location: /Users/bindubk/First class/Library/PackageCache/com.unity.modules.subsystems)
    com.unity.modules.hierarchycore@1.0.0 (location: /Users/bindubk/First class/Library/PackageCache/com.unity.modules.hierarchycore)
    com.unity.ext.nunit@2.1.0 (location: /Users/bindubk/First class/Library/PackageCache/com.unity.ext.nunit@0198eae3b53e)
    com.unity.render-pipelines.core@17.6.0 (location: /Users/bindubk/First class/Library/PackageCache/com.unity.render-pipelines.core@2d66c71e606e)
    com.unity.shadergraph@17.6.0 (location: /Users/bindubk/First class/Library/PackageCache/com.unity.shadergraph@ef6135652377)
    com.unity.render-pipelines.universal-config@17.6.0 (location: /Users/bindubk/First class/Library/PackageCache/com.unity.render-pipelines.universal-config@561422b74439)
    com.unity.2d.sprite@1.0.0 (location: /Users/bindubk/First class/Library/PackageCache/com.unity.2d.sprite@947350d67f82)
    com.unity.2d.tilemap@1.0.0 (location: /Users/bindubk/First class/Library/PackageCache/com.unity.2d.tilemap@639ca1d99254)
    com.unity.graph-authoring@1.0.0 (location: /Users/bindubk/First class/Library/PackageCache/com.unity.graph-authoring@cfd2588851ee)
    com.unity.burst@2.0.0 (location: /Users/bindubk/First class/Library/PackageCache/com.unity.burst@626e66ab421b)
    com.unity.collections@6.6.0 (location: /Users/bindubk/First class/Library/PackageCache/com.unity.collections@10fff0607388)
    com.unity.mathematics@1.4.0 (location: /Users/bindubk/First class/Library/PackageCache/com.unity.mathematics@8306a64d0cd6)
    com.unity.test-framework.performance@6.6.0 (location: /Users/bindubk/First class/Library/PackageCache/com.unity.test-framework.performance@0a60b857a52e)
[Subsystems] No new subsystems found in resolved package list.
[Package Manager] Done registering packages in 0.00 seconds
[ScriptCompilation] Requested script compilation because: AssetDatabase observed changes in script compilation related files
Starting: /Applications/Unity/Hub/Editor/6000.6.0f1/Unity.app/Contents/Resources/BuildPipeline/bee_backend --ipc --defer-dag-verification --dagfile="Library/Bee/200b0aE.dag" --continue-on-failure --profile="Library/Bee/backend1.traceevents" ScriptAssemblies
WorkingDir: /Users/bindubk/First class
warn: Unity.ILPP.Runner.PostProcessingAssemblyLoadContext[0]
      Assembly system.runtime.interopservices.windowsruntime has duplicate hint path. Ignoring "/Applications/Unity/Hub/Editor/6000.6.0f1/Unity.app/Contents/Resources/Scripting/UnityReferenceAssemblies/unity-4.8-api/Facades/System.Runtime.InteropServices.WindowsRuntime.dll" in favor of "/Applications/Unity/Hub/Editor/6000.6.0f1/Unity.app/Contents/Resources/Scripting/NetStandard/Extensions/2.0.0/System.Runtime.InteropServices.WindowsRuntime.dll"
warn: Unity.ILPP.Runner.PostProcessingAssemblyLoadContext[0]
      Assembly system.componentmodel.composition has duplicate hint path. Ignoring "/Applications/Unity/Hub/Editor/6000.6.0f1/Unity.app/Contents/Resources/Scripting/UnityReferenceAssemblies/unity-4.8-api/System.ComponentModel.Composition.dll" in favor of "/Applications/Unity/Hub/Editor/6000.6.0f1/Unity.app/Contents/Resources/Scripting/NetStandard/compat/2.1.0/shims/netfx/System.ComponentModel.Composition.dll"
ExitCode: 0 Duration: 0s543ms
[ 869/1166  0s] ILPP-Configuration Library/ilpp-configuration.nevergeneratedoutput
[1158/1166  0s] Csc Library/Bee/artifacts/200b0aE.dag/Assembly-CSharp.dll (+2 others)
[1160/1166  0s] ILPostProcess Library/Bee/artifacts/200b0aE.dag/post-processed/Assembly-CSharp.dll (+pdb)
Processing assembly Library/Bee/artifacts/200b0aE.dag/Assembly-CSharp.dll, with 143 defines and 377 references
processors: Unity.Jobs.CodeGen.JobsILPostProcessor, zzzUnity.Burst.CodeGen.BurstILPostProcessor
1 processor(s) skipped this assembly
running Unity.Jobs.CodeGen.JobsILPostProcessor
[1161/1166  0s] ILPostProcess Library/Bee/artifacts/200b0aE.dag/post-processed/Assembly-CSharp-Editor.dll (+pdb)
Processing assembly Library/Bee/artifacts/200b0aE.dag/Assembly-CSharp-Editor.dll, with 141 defines and 399 references
processors: Unity.Jobs.CodeGen.JobsILPostProcessor, zzzUnity.Burst.CodeGen.BurstILPostProcessor
1 processor(s) skipped this assembly
running Unity.Jobs.CodeGen.JobsILPostProcessor
[1162/1166  0s] CopyFiles Library/ScriptAssemblies/Assembly-CSharp.dll
[1165/1166  0s] CopyFiles Library/ScriptAssemblies/Assembly-CSharp.pdb
*** Tundra build success (0.53 seconds), 6 items updated, 1166 evaluated
AssetDatabase: script compilation time: 1.041447s
Total cache size 100776008
Total cache size after purge 100776008, took 00:00:00.0628982
Begin MonoManager ReloadAssembly
'Packages/com.unity.render-pipelines.core/Editor/Deprecated.cs' contains partial class of Unity.Object, exactly 1 of the partial classes needs to be in a file with the same filename. This is to know the one that can be referenced from ie. GameObjects
'Packages/com.unity.render-pipelines.core/Editor/Deprecated.cs' contains partial class of Unity.Object, exactly 1 of the partial classes needs to be in a file with the same filename. This is to know the one that can be referenced from ie. GameObjects
Refreshing native plugins compatible for Editor in 2.48 ms, found 3 plugins.
Native extension for OSXStandalone target not found
ScheduleIndexationOnStartup MainProcess:True IndexOnStartup:True
Scripting: successfully reloaded assembly
- Finished resetting the current domain, in  0.513 seconds
Domain Reload Profiling: 1043ms
	BeginReloadAssembly (125ms)
		DisableScriptedObjects (10ms)
		CreateAndSetChildDomain (48ms)
	RebuildCommonClasses (6ms)
	RebuildNativeTypeToScriptingClass (10ms)
	initialDomainReloadingComplete (24ms)
	LoadAllAssembliesAndSetupDomain (365ms)
		LoadAssemblies (164ms)
		TypeCache.Refresh (121ms)
			TypeCache.ScanAssembly (110ms)
		AnalyzeDomain (38ms)
			BuildScriptInfoCaches (33ms)
			ResolveRequiredComponents (4ms)
	FinalizeReload (513ms)
		SetupLoadedEditorAssemblies (0ms)
			BeforeProcessingInitializeOnLoad (58ms)
			ProcessInitializeOnLoadAttributes (182ms)
			ProcessInitializeOnLoadMethodAttributes (37ms)
		AwakeInstancesAfterBackupRestoration (12ms)
Starting new worker id: 0 with log in /Users/bindubk/First class/Logs/AssetImportWorkerHW0.log

Asset Pipeline Refresh (id=c3ecbb961be234304bd94985249853b1): Total: 3.049 seconds - Initiated by InitialRefreshV2(ForceSynchronousImport)
	(Values over 0.05ms)
	Summary:
		Imports: total=0 (actual=0, local cache=0, cache server=0)
		Asset DB Process Time: managed=0 ms, native=1261 ms
		Asset DB Callback time: managed=154 ms, native=9 ms
		Scripting: domain reloads=1, domain reload time=549 ms, compile time=1042 ms, other=31 ms
		Project Asset Count: scripts=1647, non-scripts=3207
		Asset File Changes: new=0, changed=1, moved=0, deleted=0
		Scan Filter Count: 1
	InvokePackagesCallback: 5.747ms
	ApplyChangesToAssetFolders: 0.206ms
	Scan: 500.494ms
	Collect global state as custom dependencies: 10.765ms
	OnSourceAssetsModified: 0.273ms
	CategorizeScriptCompilationAssets: 40.821ms
	ProcessAssetsWithTransientArtifactChanges: 44.529ms
	CategorizeAssets: 42.122ms
	CompileScripts: 1042.362ms
	ImportOutOfDateAssets: 521.033ms (518.694ms without children)
		UnloadImportedAssets: 0.737ms
		EnsureUptoDateAssetsAreRegisteredWithGuidPM: 0.496ms
		ImportSchedulerStart: 1.075ms
	PostProcessAllAssets: 154.975ms
		VCAutoAddAssetPostprocess 0.654ms
		XRBuildSystem.XRAssetImported 0.094ms
		MonoPostProcessAllAssets: 154.007ms
			AssetPostprocessor.OnPostprocessAllAssets 103.913ms
			UniversalRenderPipelineGlobalSettingsPostprocessor.OnPostprocessAllAssets 11.505ms
			StyleCatalogPostProcessor.OnPostprocessAllAssets 11.020ms
			SyncVS.PostprocessSyncProject 5.232ms
			BuilderAssetPostprocessor.OnPostprocessAllAssets 3.499ms
			AssetChangedListener.OnPostprocessAllAssets 2.749ms
			SpriteSlicePostprocessor.OnPostprocessAllAssets 1.104ms
			SpeedTree9Postprocessor.OnPostprocessAllAssets 1.101ms
			WindowAssetPostprocessingWatcher.OnPostprocessAllAssets 0.908ms
			ShaderGraphAssetPostProcessor.OnPostprocessAllAssets 0.882ms
			RetainedModeAssetPostprocessor.OnPostprocessAllAssets 0.715ms
			EditModeScopePostprocessor.OnPostprocessAllAssets 0.434ms
			MaterialPostprocessor.OnPostprocessAllAssets 0.371ms
			RenderPipelineGlobalSettingsPostprocessor.OnPostprocessAllAssets 0.342ms
			ArtifactBrowserPostProcessor.OnPostprocessAllAssets 0.290ms
			ShaderReflectionAssetPostProcessor.OnPostprocessAllAssets 0.254ms
			SpriteEditorTexturePostprocessor.OnPostprocessAllAssets 0.246ms
			TextAssetPostProcessor.OnPostprocessAllAssets 0.212ms
			PostProcessor.OnPostprocessAllAssets 0.203ms
			ReferencedClipsPostProcessor.OnPostprocessAllAssets 0.171ms
			InputActionAssetPostprocessor.OnPostprocessAllAssets 0.170ms
			UVCSAssetPostprocessor.OnPostprocessAllAssets 0.163ms
			AudioMixerPostprocessor.OnPostprocessAllAssets 0.159ms
			SpriteShapeAssetPostProcessor.OnPostprocessAllAssets 0.159ms
			AssetEvents.OnPostprocessAllAssets 0.140ms
			TMPro_TexturePostProcessor.OnPostprocessAllAssets 0.133ms
			TerrainToolbarOverlayPostProcessor.OnPostprocessAllAssets 0.126ms
			InputActionJsonNameModifierAssetProcessor.OnPostprocessAllAssets 0.118ms
			ProjectSettingsPostprocessor.OnPostprocessAllAssets 0.117ms
			AssetProcessor.OnPostprocessAllAssets 0.105ms
			SpriteLibraryAssetPostprocessor.OnPostprocessAllAssets 0.094ms
			SpeedTreePostProcessor.OnPostprocessAllAssets 0.089ms
			AssetDatabaseCallbacks.OnPostprocessAllAssets 0.065ms
			PSDImportPostProcessor.OnPostprocessAllAssets 0.064ms
			ThemePostprocessor.OnPostprocessAllAssets 0.061ms
			ConfigAssetsTracker.OnPostprocessAllAssets 0.059ms
			SamplePostprocessor.OnPostprocessAllAssets 0.058ms
			AssetReloadNotifier.OnPostprocessAllAssets 0.052ms
	PostAssetChangesProfiler: 2.945ms
	UnloadStreamsBegin: 1.370ms
	PersistCurrentRevisions: 0.097ms
	GenerateScriptTypeHashes: 0.840ms
	GenerateScriptTypeSerializationHashes: 1.573ms
	Untracked: 679.821ms

Application.AssetDatabase Initial Refresh End
Shader Hidden/ChartRasterizerHardware is not supported: GPU does not support conservative rasterization
Launching external process: /Applications/Unity/Hub/Editor/6000.6.0f1/Unity.app/Contents/Helpers/UnityShaderCompiler
Launched and connected shader compiler UnityShaderCompiler after 0.03 seconds
Shader Hidden/ChartRasterizerHardware is not supported: GPU does not support conservative rasterization
Scanning for USB devices : 0.024ms
Initializing Unity extensions:
2026-09-17 14:20:18.607 Unity[1293:18799] NSEventModifierFlagFunction specified to -setKeyEquivalentModifierMask: for item <NSMenuItem: 0xc84a8c020 SDF, ke='Command-F12'>, but is only supported for system-provided menu items; will not be used
2026-09-17 14:20:18.662 Unity[1293:18799] CAMetalLayer ignoring invalid setDrawableSize width=0.000000 height=0.000000
2026-09-17 14:20:18.662 Unity[1293:18799] CAMetalLayer ignoring invalid setDrawableSize width=0.000000 height=0.000000
2026-09-17 14:20:18.663 Unity[1293:18799] CAMetalLayer ignoring invalid setDrawableSize width=0.000000 height=0.000000
2026-09-17 14:20:18.663 Unity[1293:18799] CAMetalLayer ignoring invalid setDrawableSize width=0.000000 height=0.000000
2026-09-17 14:20:18.663 Unity[1293:18799] CAMetalLayer ignoring invalid setDrawableSize width=0.000000 height=0.000000
2026-09-17 14:20:18.663 Unity[1293:18799] CAMetalLayer ignoring invalid setDrawableSize width=0.000000 height=0.000000
2026-09-17 14:20:18.663 Unity[1293:18799] CAMetalLayer ignoring invalid setDrawableSize width=0.000000 height=0.000000
[MODES] ModeService[none].Initialize
[MODES] ModeService[none].LoadModes
[MODES] Loading mode Default (0) for mode-current-id-First class
Unloading 61 Unused Serialized files (Serialized files now loaded: 0)
Loaded scene 'Assets/Scenes/SampleScene.unity'
	Deserialize:            2.659 ms
	Integration:            12.407 ms
	Integration of assets:  0.001 ms
	Thread Wait Time:       0.014 ms
	Total Operation Time:   15.081 ms
Unloading 7430 unused Assets / (9.5 MB). Loaded Objects now: 8413.
Memory consumption went from 286.6 MB to 277.2 MB.
Total: 7.138958 ms (FindLiveObjects: 0.449250 ms CreateObjectMapping: 0.126416 ms MarkObjects: 4.908709 ms  DeleteObjects: 1.563625 ms)

[LAYOUT] About to load UserSettings/Layouts/default-6000.dwlt, keepMainWindow=False
Worker ready: AssetImportWorkerHW0 0
2026-09-17 14:20:19.216 Unity[1293:18799] CAMetalLayer ignoring invalid setDrawableSize width=0.000000 height=0.000000
2026-09-17 14:20:19.217 Unity[1293:18799] CAMetalLayer ignoring invalid setDrawableSize width=0.000000 height=0.000000
2026-09-17 14:20:19.227 Unity[1293:18799] CAMetalLayer ignoring invalid setDrawableSize width=0.000000 height=0.000000
2026-09-17 14:20:19.227 Unity[1293:18799] CAMetalLayer ignoring invalid setDrawableSize width=0.000000 height=0.000000
2026-09-17 14:20:19.227 Unity[1293:18799] CAMetalLayer ignoring invalid setDrawableSize width=0.000000 height=0.000000
2026-09-17 14:20:19.227 Unity[1293:18799] CAMetalLayer ignoring invalid setDrawableSize width=0.000000 height=0.000000
2026-09-17 14:20:19.234 Unity[1293:18799] CAMetalLayer ignoring invalid setDrawableSize width=0.000000 height=0.000000
2026-09-17 14:20:19.305 Unity[1293:18799] NSEventModifierFlagFunction specified to -setKeyEquivalentModifierMask: for item <NSMenuItem: 0x145819070 SDF, ke='Command-F12'>, but is only supported for system-provided menu items; will not be used
[LAYOUT] About to save layout /Users/bindubk/First class/UserSettings/Layouts/default-6000.dwlt
[LAYOUT] About to save layout /Users/bindubk/Library/Preferences/Unity/Editor-5.x/Layouts/current/default-6000.dwlt
[MODES] ModeService[default].InitializeCurrentMode
[MODES] ModeService[default].RaiseModeChanged(default, default)
[Project] Loading completed in 6.473 seconds
	Project init time: 				0.000 seconds
		Template init time: 		0.000 seconds
		Package Manager init time: 		0.000 seconds
		Asset Database init time: 		0.000 seconds
		Global illumination init time: 	0.000 seconds
		Assemblies load time: 			0.000 seconds
		Unity extensions init time: 	0.000 seconds
		Asset Database refresh time: 	0.000 seconds
	Scene opening time: 			0.000 seconds
##utp:{"type":"ProjectInfo","version":2,"phase":"Immediate","time":1789669219336,"processId":1293,"projectLoad":6.473207959000001,"projectInit":0.0,"templateInit":0.0,"packageManagerInit":0.0,"assetDatabaseInit":0.0,"globalIlluminationInit":0.0,"assembliesLoad":0.0,"unityExtensionsInit":0.0,"assetDatabaseRefresh":0.0,"sceneOpening":0.0}
##utp:{"type":"EditorInfo","version":2,"phase":"Immediate","time":1789669219336,"processId":1293,"editorVersion":"6000.6.0f1 (f7f8ed4d1e24)","branch":"6000.6/respin/6000.6.0f1-fa21a270ab12","buildType":"Release","platform":"OSX"}
Subscribe to USB device events
Start Indexing on Editor startup
[Indexing] Starting Initial Indexing for Assets
GPU Resident Drawer created.
Created GICache directory at /Users/bindubk/Library/Caches/com.unity3d.UnityEditor/GiCache. Took: 0.006s, timestamps: [6.486 - 6.492]
[Licensing::Client] Successfully resolved entitlement details
[Licensing::Client] Successfully resolved entitlement details
[Licensing::Client] Successfully updated the access token
[Licensing::Module] Successfully updated access token: "niL8wnCJ"... (expires: 2026-09-17T20:19:54Z)
[Licensing::Client] Successfully resolved entitlement details
Starting new worker id: 1 with log in /Users/bindubk/First class/Logs/AssetImportWorkerHW1.log
[Worker0] Imported GUID: d34d0af25c21141a98c0cf3c0066444f - Path: Packages/com.unity.mathematics/package.json - Importer: ScriptedImporter/UnityEditor.QuickSearchModule:UnityEditor.Search:ASIAI0B -> (ImportResultId: 'd0cf7b618ee3f281782696075e50b959') in 0.049867125 seconds
[Worker0] Imported GUID: 57c008f954fe54a8bb972de1018a2cb8 - Path: Packages/com.unity.2d.animation/Runtime/SpriteSkin.cs - Importer: ScriptedImporter/UnityEditor.QuickSearchModule:UnityEditor.Search:ASIAI0B -> (ImportResultId: '5eefa279cd93191a63cca66cce613b88') in 0.022415666 seconds
[Worker0] Imported GUID: 2af7a09b750644968bf66758786d99d9 - Path: Packages/com.unity.2d.tilemap/Editor/UI/GridPaintPaletteWindowDark.uss - Importer: ScriptedImporter/UnityEditor.QuickSearchModule:UnityEditor.Search:ASIAI0B -> (ImportResultId: 'eca29e0a6134d5f1e29cb40afbfd0782') in 0.028555375 seconds
[Worker0] Imported GUID: c759b46e19574f558cedb72dff2e9530 - Path: Packages/com.unity.2d.animation/Editor/Assets/SkinningModule/RigToolbar.uxml - Importer: ScriptedImporter/UnityEditor.QuickSearchModule:UnityEditor.Search:ASIAI0B -> (ImportResultId: 'c14c6ac99ae9775c430c725e91b1df88') in 0.022930708 seconds
[Worker0] Imported GUID: d7e20c8f03944404a87c428f52d6d3e0 - Path: Packages/com.unity.2d.aseprite/Editor - Importer: ScriptedImporter/UnityEditor.QuickSearchModule:UnityEditor.Search:ASIAI0B -> (ImportResultId: '774217c6c5dd244fd0b5662636038417') in 0.0107465 seconds
[Worker0] Imported GUID: 4c40067c9a690e44ca098f5e4ed763e7 - Path: Packages/com.unity.2d.psdimporter/Editor/PSDPlugin/PsdFile/Layers/LayerInfo/LayerId.cs - Importer: ScriptedImporter/UnityEditor.QuickSearchModule:UnityEditor.Search:ASIAI0B -> (ImportResultId: '8d98a95a01370d01e07c4eb2548aab0a') in 0.011501792 seconds
[Worker0] Imported GUID: 42fb19d14e266e4409770bbcdbc6a1e5 - Path: Packages/com.unity.2d.tilemap/Editor/Icons/Tilemap.GridPaint@2x.png - Importer: ScriptedImporter/UnityEditor.QuickSearchModule:UnityEditor.Search:ASIAI0B -> (ImportResultId: '70d660b9d9cd49e69aa80df652dcf043') in 0.055070917 seconds
[Worker0] Imported GUID: 857187d2d610c234587c8a50803e4307 - Path: Packages/com.unity.2d.tilemap/Editor/Icons/d_EditorUI.TargetHover@2x.png - Importer: ScriptedImporter/UnityEditor.QuickSearchModule:UnityEditor.Search:ASIAI0B -> (ImportResultId: 'bf082aa5e08714e32080ba515395bc47') in 0.012891541 seconds
[Worker0] Imported GUID: da02470271ab86841bf9d88cc0bed2ec - Path: Packages/com.unity.2d.psdimporter/Editor/PSDPlugin/PhotoShopFileType/PsdLoad.cs - Importer: ScriptedImporter/UnityEditor.QuickSearchModule:UnityEditor.Search:ASIAI0B -> (ImportResultId: '92d65ce20e257ded2c778a97ef84037d') in 0.011922583 seconds
[Worker0] Imported GUID: f16835d163a9a46e8ac50130e8bdca41 - Path: Assets/New Material 1.mat - Importer: ScriptedImporter/UnityEditor.QuickSearchModule:UnityEditor.Search:ASIAI0B -> (ImportResultId: '80194020f5f5ddee37b59654340c6a98') in 0.026495917 seconds
[Worker0] Imported GUID: b46d3a07716bc8b4296166d5ac10e492 - Path: Packages/com.unity.2d.tilemap/Editor/Icons/d_Tilemap.FocusGrid.png - Importer: ScriptedImporter/UnityEditor.QuickSearchModule:UnityEditor.Search:ASIAI0B -> (ImportResultId: 'b231840f613721f20c956af60daebcc3') in 0.01259225 seconds
[Worker0] Imported GUID: a792bfbb974f44951af3ff94d6a4465f - Path: Assets/New Material.mat - Importer: ScriptedImporter/UnityEditor.QuickSearchModule:UnityEditor.Search:ASIAI0B -> (ImportResultId: '52f73a5cdd7c1ae482396be95ce3b75c') in 0.014814416 seconds
[Worker0] Imported GUID: 2a8a39f0e276884449c4610fee697330 - Path: Packages/com.unity.2d.animation/Editor/SkinningModule/OutlineGenerator - Importer: ScriptedImporter/UnityEditor.QuickSearchModule:UnityEditor.Search:ASIAI0B -> (ImportResultId: '2d06fefc5fea8eb205643107708886bd') in 0.014150416 seconds
[Worker0] Imported GUID: 3073eb37881ce394f83060fd73c2d98d - Path: Packages/com.unity.2d.psdimporter/Editor/AssemblyInfo.cs - Importer: ScriptedImporter/UnityEditor.QuickSearchModule:UnityEditor.Search:ASIAI0B -> (ImportResultId: '06246984c2e1b9baa15e3b7c01c2ee7a') in 0.008485084 seconds
[Worker0] Imported GUID: 56b5f4e1cb3304201b11247e0fb1eec7 - Path: Packages/com.unity.2d.spriteshape/Editor/AngleRangeView.cs - Importer: ScriptedImporter/UnityEditor.QuickSearchModule:UnityEditor.Search:ASIAI0B -> (ImportResultId: '855e398240ea01c2606e4638f64c64ea') in 0.0132565 seconds
[Worker0] Imported GUID: 84cd96391d8e912479adff56b3500191 - Path: Packages/com.unity.2d.tilemap/Editor/Icons/d_Tilemap.EditPalette.png - Importer: ScriptedImporter/UnityEditor.QuickSearchModule:UnityEditor.Search:ASIAI0B -> (ImportResultId: 'd6451079e13f7625639a24ea801a44a8') in 0.018884333 seconds
[Worker0] Imported GUID: 762ff33dd08a32e4f906e75a31743b79 - Path: Packages/com.unity.2d.common/Runtime/Triangulation/AssemblyInfo.cs - Importer: ScriptedImporter/UnityEditor.QuickSearchModule:UnityEditor.Search:ASIAI0B -> (ImportResultId: '93c78799a4c924489866223c8267d313') in 0.014838833 seconds
[Worker0] Imported GUID: 026439db814c4cfbbca28e1c74e746cc - Path: Packages/com.unity.2d.aseprite/Editor/Aseprite/Chunks/IPaletteProvider.cs - Importer: ScriptedImporter/UnityEditor.QuickSearchModule:UnityEditor.Search:ASIAI0B -> (ImportResultId: '6751bd9979c2423c298f360e99254811') in 0.014247625 seconds
[Worker0] Imported GUID: 21d43e7114c758c49886cb9fc604dd66 - Path: Packages/com.unity.2d.animation/Editor/Assets/EditorIcons/Split_Edge@4x.png - Importer: ScriptedImporter/UnityEditor.QuickSearchModule:UnityEditor.Search:ASIAI0B -> (ImportResultId: '9cddea754c4e94e38fd9fd37ad1371a1') in 0.019631416 seconds
[Worker0] Imported GUID: 2ad84ec7182471b4d8c44de568e22df4 - Path: Packages/com.unity.2d.animation/Editor/Assets/EditorIcons/Sprite_Mode.png - Importer: ScriptedImporter/UnityEditor.QuickSearchModule:UnityEditor.Search:ASIAI0B -> (ImportResultId: '7b9e0f87d2a976b35cc44a216d0a9d86') in 0.016100917 seconds
[Worker0] Imported GUID: 7cd599d881e8417a81d93954c14102a5 - Path: Packages/com.unity.2d.aseprite/Editor/ImporterStructures.cs - Importer: ScriptedImporter/UnityEditor.QuickSearchModule:UnityEditor.Search:ASIAI0B -> (ImportResultId: '259a43aa7efd70040dfd5bfc7b4582f4') in 0.015460584 seconds
[Worker0] Imported GUID: e1661cdb5ab34d939a7f54a047890ba6 - Path: Packages/com.unity.2d.aseprite/Editor/Inspector/ImporterEditorUtils.cs - Importer: ScriptedImporter/UnityEditor.QuickSearchModule:UnityEditor.Search:ASIAI0B -> (ImportResultId: 'c4472c59abb98b7873d33f18bf2791a3') in 0.016551375 seconds
[Worker0] Imported GUID: 2fc7298673dedaa4a9f850a8ca46e299 - Path: Packages/com.unity.2d.animation/Editor/Assets/EditorIcons/Edit_Joints@2x.png - Importer: ScriptedImporter/UnityEditor.QuickSearchModule:UnityEditor.Search:ASIAI0B -> (ImportResultId: 'f0bd9b3a5a572c4b9b305a0d7fdd7825') in 0.018209625 seconds
[Worker0] Imported GUID: 99a16529bede740b6816c895741a9fb7 - Path: Packages/com.unity.2d.animation/Editor/Assets/ComponentIcons/Animation.SpriteLibraryManager.png - Importer: ScriptedImporter/UnityEditor.QuickSearchModule:UnityEditor.Search:ASIAI0B -> (ImportResultId: '27d218a810437fa84262627b481c7b6c') in 0.01447075 seconds
[Worker0] Imported GUID: 9ede9ea0212487346a6005ee7f37db0d - Path: Packages/com.unity.2d.psdimporter/LICENSE.md - Importer: ScriptedImporter/UnityEditor.QuickSearchModule:UnityEditor.Search:ASIAI0B -> (ImportResultId: '0d33b28b7f065da39020d2707e24e560') in 0.011179583 seconds
[Worker0] Imported GUID: b88a78d35a73e4a33bf6788d22e3cb67 - Path: Packages/com.unity.2d.animation/Editor/Assets/ComponentIcons/Animation.IKLimb On@64.png - Importer: ScriptedImporter/UnityEditor.QuickSearchModule:UnityEditor.Search:ASIAI0B -> (ImportResultId: 'd5b933125fb25f6b6720ce84c36dd60b') in 0.017149292 seconds
[Worker0] Imported GUID: 5d036cb10363b5f4b94b39c7afb3e2d0 - Path: Packages/com.unity.2d.psdimporter/Editor/PSDPlugin/PDNWrapper/Document.cs - Importer: ScriptedImporter/UnityEditor.QuickSearchModule:UnityEditor.Search:ASIAI0B -> (ImportResultId: '4755a4b9d1a06ef2d3e273394cc948bd') in 0.013104708 seconds
[Worker0] Imported GUID: ae40df8c9f7d34e72ac6a5232cb18366 - Path: Packages/com.unity.2d.animation/Editor/Assets/ComponentIcons/d_Animation.IKManager@256.png - Importer: ScriptedImporter/UnityEditor.QuickSearchModule:UnityEditor.Search:ASIAI0B -> (ImportResultId: '46f28780d865addde5e965f52f6112f8') in 0.016786375 seconds
[Worker0] Imported GUID: 3a255b868cdf39a4494f59819f0ff29e - Path: Packages/com.unity.2d.animation/Editor/Assets/SkinningModule/GenerateGeometryPanelStyle.uss - Importer: ScriptedImporter/UnityEditor.QuickSearchModule:UnityEditor.Search:ASIAI0B -> (ImportResultId: '162ddb378c36847e1a0a3b2c0a9d9151') in 0.0120775 seconds
[Worker0] Imported GUID: 57f8befb92b364ca1bcae0f34c27e2d3 - Path: Packages/com.unity.2d.animation/Editor/Assets/ComponentIcons/Animation.SpriteLibraryManager On@128.png - Importer: ScriptedImporter/UnityEditor.QuickSearchModule:UnityEditor.Search:ASIAI0B -> (ImportResultId: '57a825912a24e3082dfa5155c9af1530') in 0.018118542 seconds
[Worker0] Imported GUID: db750325989564987a34393247d883b4 - Path: Packages/com.unity.2d.sprite/Editor/ObjectMenuCreation/DefaultAssets/Textures/SquareWithBorder.png - Importer: ScriptedImporter/UnityEditor.QuickSearchModule:UnityEditor.Search:ASIAI0B -> (ImportResultId: '34adc16355a9c208e42045e9ba1e8ac7') in 0.016512083 seconds
[Worker0] Imported GUID: 36a1cbeb5badf2a4abdcb1dcefa0efb6 - Path: Packages/com.unity.2d.psdimporter/Editor/PSDPlugin/PhotoShopFileType - Importer: ScriptedImporter/UnityEditor.QuickSearchModule:UnityEditor.Search:ASIAI0B -> (ImportResultId: 'c273889ac4567749378c5e27028c8a48') in 0.008598583 seconds
[Worker0] Imported GUID: c8d32ea64ebd42859bf7585e5d244db6 - Path: Packages/com.unity.2d.aseprite/Editor/AsepriteSpriteEditorDataProvider.cs - Importer: ScriptedImporter/UnityEditor.QuickSearchModule:UnityEditor.Search:ASIAI0B -> (ImportResultId: 'ff302bb7c7dbdd33cc70db150a446b56') in 0.014156084 seconds
[Worker0] Imported GUID: da6b55611e420f443a65d0be7a8f8719 - Path: Packages/com.unity.2d.animation/Editor/Assets/EditorIcons/Edit_Joints@3x.png - Importer: ScriptedImporter/UnityEditor.QuickSearchModule:UnityEditor.Search:ASIAI0B -> (ImportResultId: '89f877500b7456865b5483176d5b5ff0') in 0.014102709 seconds
[Worker0] Imported GUID: f321d58a3ae74a3d93a1671b48cadbc1 - Path: Packages/com.unity.2d.sprite/Editor/SpriteEditorModule/SpriteFrameModule/IsometricSlicingUtility.cs - Importer: ScriptedImporter/UnityEditor.QuickSearchModule:UnityEditor.Search:ASIAI0B -> (ImportResultId: 'cbb3bb7d8ca0d356bc478d57c7c37825') in 0.011364417 seconds
[Worker0] Imported GUID: 4237adb6ac177124b8f4a94835b7b4d0 - Path: Packages/com.unity.2d.animation/IK/Editor/Unity.2D.IK.Editor.asmdef - Importer: ScriptedImporter/UnityEditor.QuickSearchModule:UnityEditor.Search:ASIAI0B -> (ImportResultId: '6c35d0d6e6d824bba2d19ded52b02313') in 0.012417292 seconds
[Worker0] Imported GUID: 4580d1590ac54bc8823eee4f0a626b72 - Path: Packages/com.unity.2d.tooling/Editor/Insider/SpriteAtlas/SpriteAtlasReportUtility.cs - Importer: ScriptedImporter/UnityEditor.QuickSearchModule:UnityEditor.Search:ASIAI0B -> (ImportResultId: 'd3360d568a447acd968f845b09363d17') in 0.014431083 seconds
[Worker0] Imported GUID: 51db6c2c7c9647859194e75ff2ec085e - Path: Packages/com.unity.2d.aseprite/Editor/Utilities/PlatformSettingsUtilities.cs - Importer: ScriptedImporter/UnityEditor.QuickSearchModule:UnityEditor.Search:ASIAI0B -> (ImportResultId: 'f3823c455d541e50a4a7d8189df03ba7') in 0.009531083 seconds
[Worker0] Imported GUID: 12e04f72413abf04fb4a5f79e70822ff - Path: Packages/com.unity.2d.tilemap/Editor/Icons/d_Tilemap.DefaultBrush.png - Importer: ScriptedImporter/UnityEditor.QuickSearchModule:UnityEditor.Search:ASIAI0B -> (ImportResultId: 'f15810519b1f58f94a8d5e90e0e4e25f') in 0.014849125 seconds
[Worker0] Imported GUID: 4243996d9393248859e73ff6df05d8b3 - Path: Packages/com.unity.2d.animation/Editor/Assets/ComponentIcons/Animation.SpriteSkin On.png - Importer: ScriptedImporter/UnityEditor.QuickSearchModule:UnityEditor.Search:ASIAI0B -> (ImportResultId: 'd02ff6b000ff41571336c572c474d347') in 0.012333459 seconds
[Worker0] Imported GUID: efa188b2889b4eef843e0f2bd8e80dfe - Path: Packages/com.unity.2d.tooling/Editor/Insider/SpriteAtlas/SpriteAtlasIssueReport/UIElement/CommonSpriteAtlasIssueView/CommonSpriteAtlasIssueView.uxml - Importer: ScriptedImporter/UnityEditor.QuickSearchModule:UnityEditor.Search:ASIAI0B -> (ImportResultId: '9af5a26c821d1001232c727e95553b61') in 0.012450125 seconds
[Worker0] Imported GUID: dc4f326c25da1c048a6365f4f5c7198e - Path: Packages/com.unity.2d.animation/Editor/SkinningModule/VisibilityTool/BoneTreeViewModel.cs - Importer: ScriptedImporter/UnityEditor.QuickSearchModule:UnityEditor.Search:ASIAI0B -> (ImportResultId: '873da395e4a65d0600179b1ed5dbaffe') in 0.00856975 seconds
[Worker0] Imported GUID: 8008767850e870a4e8baaf5a6fc8b35c - Path: Packages/com.unity.2d.animation/Editor/Assets/EditorIcons/Selected/d_Visibility_Hidded@4x.png - Importer: ScriptedImporter/UnityEditor.QuickSearchModule:UnityEditor.Search:ASIAI0B -> (ImportResultId: 'aa23210e4505e299f33ae5e23492b470') in 0.011548958 seconds
[Worker0] Imported GUID: bee8f4b5ba5b4ee46a3b10bad91b8c97 - Path: Packages/com.unity.2d.animation/Editor/SkinningModule/DefaultPoseScope.cs - Importer: ScriptedImporter/UnityEditor.QuickSearchModule:UnityEditor.Search:ASIAI0B -> (ImportResultId: '0882e9319400b696f77e838fe7a42779') in 0.009317125 seconds
[Worker0] Imported GUID: b245eff55d115544b9cc52444a1b8ca5 - Path: Packages/com.unity.2d.animation/Editor/LayoutOverlay/DropdownMenu.cs - Importer: ScriptedImporter/UnityEditor.QuickSearchModule:UnityEditor.Search:ASIAI0B -> (ImportResultId: '2ff356229afa8927b4d5dc124ca841d1') in 0.0099455 seconds
[Worker0] Imported GUID: 9369d4108c727134a8f5a9618cfbbf18 - Path: Packages/com.unity.2d.animation/Editor/Assets/EditorIcons/Edit_Pose.png - Importer: ScriptedImporter/UnityEditor.QuickSearchModule:UnityEditor.Search:ASIAI0B -> (ImportResultId: '952427c9d95275c8698822e537567b3a') in 0.010433542 seconds
[Worker0] Imported GUID: 08dd6aaafc7b42c99ecb6b641e9aa5a6 - Path: Packages/com.unity.2d.sprite/Editor/SpriteEditor/SpriteNameFileIdPair.cs - Importer: ScriptedImporter/UnityEditor.QuickSearchModule:UnityEditor.Search:ASIAI0B -> (ImportResultId: '42e18386d7eea70b4fec390e5f9fe527') in 0.012631875 seconds
[Worker0] Imported GUID: 70769958773904c02bc91efe3db06047 - Path: Packages/com.unity.2d.common/Path/Editor/Handles/TangentLinear.png - Importer: ScriptedImporter/UnityEditor.QuickSearchModule:UnityEditor.Search:ASIAI0B -> (ImportResultId: 'a10de920710b6998c1f72c998cafc667') in 0.013575792 seconds
[Worker0] Imported GUID: db14f501917d4d5084510f472f505a7e - Path: Packages/com.unity.2d.tilemap/Editor/EditorTools/FlipTool.cs - Importer: ScriptedImporter/UnityEditor.QuickSearchModule:UnityEditor.Search:ASIAI0B -> (ImportResultId: '2dd6af7f3756b1981dfda14e75f3ae76') in 0.008774791 seconds
[Worker0] Imported GUID: 927455eb53d4a46a4b1aa3ed556f0de8 - Path: Packages/com.unity.2d.animation/Editor/Assets/ComponentIcons/d_Animation.IKCCD@32.png - Importer: ScriptedImporter/UnityEditor.QuickSearchModule:UnityEditor.Search:ASIAI0B -> (ImportResultId: '2f6e9b60db494d89648138c7258e36d0') in 0.011825041 seconds
[Worker0] Imported GUID: 593105009190643a2a3408a3cfdd0a14 - Path: Packages/com.unity.2d.psdimporter/Editor/PSDLayerMappingStrategy.cs - Importer: ScriptedImporter/UnityEditor.QuickSearchModule:UnityEditor.Search:ASIAI0B -> (ImportResultId: '5ddfe61bcbcf4b5db6a36c9d8dcf4588') in 0.0090925 seconds
[Worker0] Imported GUID: 179ad99a9938c40dc984df75d6c14f3b - Path: Packages/com.unity.2d.animation/Editor/Assets/SpriteLibraryEditor/EditorTopToolbar.uxml - Importer: ScriptedImporter/UnityEditor.QuickSearchModule:UnityEditor.Search:ASIAI0B -> (ImportResultId: '34c0379a7094d609ea2dca7b5b089f20') in 0.012705334 seconds
[Worker0] Imported GUID: 87aaca0a643d54397ba969dab4fc8875 - Path: Packages/com.unity.2d.sprite/Editor/ObjectMenuCreation/DefaultAssets/Textures/CircleMask.png - Importer: ScriptedImporter/UnityEditor.QuickSearchModule:UnityEditor.Search:ASIAI0B -> (ImportResultId: '83ada16f75426a797fc5ff563aef9921') in 0.011708166 seconds
[Licensing::Client] Successfully resolved entitlement details
[Worker0] Imported GUID: 63a9bd0d002bb4d598c276d9f5aabc30 - Path: Packages/com.unity.2d.animation/Editor/Assets/ComponentIcons/Animation.IKManager@256.png - Importer: ScriptedImporter/UnityEditor.QuickSearchModule:UnityEditor.Search:ASIAI0B -> (ImportResultId: '2e7b8cde86be10d319c7d4c46f1a0d48') in 0.013516792 seconds
[Worker0] Imported GUID: 0c10d1eefabef044aa513fa1cff210a8 - Path: Packages/com.unity.2d.tilemap/Editor/UI/TilePaletteBrushInspector.cs - Importer: ScriptedImporter/UnityEditor.QuickSearchModule:UnityEditor.Search:ASIAI0B -> (ImportResultId: 'b357d95a86842c26eb1884a9ca0a85ab') in 0.00891875 seconds
[Worker0] Imported GUID: dd74e4fa4aa2947d6a14ab33d32d7c63 - Path: Packages/com.unity.2d.animation/Editor/Assets/EditorIcons/d_Sprite_Influence@3x.png - Importer: ScriptedImporter/UnityEditor.QuickSearchModule:UnityEditor.Search:ASIAI0B -> (ImportResultId: '70a01314eb034f3e76e406fc96a2c5f5') in 0.01016975 seconds
[Worker0] Imported GUID: 1915f55bbb9484044b7829d1df0b4abf - Path: Packages/com.unity.2d.tilemap/Editor/Icons/Tilemap.GridPaint.png - Importer: ScriptedImporter/UnityEditor.QuickSearchModule:UnityEditor.Search:ASIAI0B -> (ImportResultId: '527c630d5e72912e9924967943897da5') in 0.010036334 seconds
[Worker0] Imported GUID: e28e411d271b90e45894708257ca80fa - Path: Packages/com.unity.2d.animation/Editor/SkinningModule/VisibilityTool/VisibilityToolResizer.cs - Importer: ScriptedImporter/UnityEditor.QuickSearchModule:UnityEditor.Search:ASIAI0B -> (ImportResultId: 'f3127ea5c0f30f234ab128328da0422d') in 0.009206166 seconds
[Worker0] Imported GUID: 976d01c510fb7407580d39aaa0294cb0 - Path: Packages/com.unity.2d.animation/Editor/SkinningModule/SpriteMeshData/EditableBoneWeight.cs - Importer: ScriptedImporter/UnityEditor.QuickSearchModule:UnityEditor.Search:ASIAI0B -> (ImportResultId: '3973fdb3d70c6323ca61894b9d7ec206') in 0.008163375 seconds
[Worker0] Imported GUID: e6eaf65e87b042ddaf5a91ef8b512fb7 - Path: Packages/com.unity.2d.tooling/Editor/Insider/SpriteAtlas/SpriteAtlasIssueReport/UIElement/CommonSpriteAtlasIssueView - Importer: ScriptedImporter/UnityEditor.QuickSearchModule:UnityEditor.Search:ASIAI0B -> (ImportResultId: '90f4fc7e5bd8f42ac37f4eeec78d8f3f') in 0.007797166 seconds
[Worker0] Imported GUID: a11d1252397454e6d90d7a5514e76ce5 - Path: Packages/com.unity.2d.sprite/Editor/Assets/SpriteFrameToggle@32.png - Importer: ScriptedImporter/UnityEditor.QuickSearchModule:UnityEditor.Search:ASIAI0B -> (ImportResultId: 'c082bb1dd50c373462b3c8fb8c5da7a5') in 0.009605833 seconds
[Worker0] Imported GUID: 449ceb998ff49400da801fc4d707b896 - Path: Packages/com.unity.2d.animation/Editor/Assets/EditorIcons/d_SetPivot@2x.png - Importer: ScriptedImporter/UnityEditor.QuickSearchModule:UnityEditor.Search:ASIAI0B -> (ImportResultId: 'e67cee828e2b0823d3cb2afcc7827576') in 0.009993334 seconds
[Worker0] Imported GUID: 6fdcfff56bbd49c4bb9843e21b6b386a - Path: Packages/com.unity.2d.tilemap/Editor/UI/TilePaletteClipboardButton.cs - Importer: ScriptedImporter/UnityEditor.QuickSearchModule:UnityEditor.Search:ASIAI0B -> (ImportResultId: 'd9e4a73fdc5a648f826e553bafa3fb5d') in 0.007941792 seconds
[Worker0] Imported GUID: 4ca8a77eee0d4b8abd1c507d375a3dbe - Path: Packages/com.unity.2d.sprite/Editor/ProjectSettings - Importer: ScriptedImporter/UnityEditor.QuickSearchModule:UnityEditor.Search:ASIAI0B -> (ImportResultId: '65895b2db31db1f0c5a55f2b4bc762bc') in 0.00790025 seconds
[Licensing::Client] Successfully resolved entitlement details
UPID Received 'f4b88a0d-c475-4b16-977d-332eee8888cf'.
[Licensing::Client] Successfully resolved entitlement details
[Licensing::Client] Successfully resolved entitlement details
[Worker0] Imported GUID: 694abd7b442533d4d906a9f452776a2e - Path: Packages/com.unity.2d.tilemap/Editor/UI/SceneViewOpenTilePaletteOverlay.cs - Importer: ScriptedImporter/UnityEditor.QuickSearchModule:UnityEditor.Search:ASIAI0B -> (ImportResultId: '712eecc3b798b367452b0757b228e3a5') in 0.009802583 seconds
[Licensing::Client] Successfully resolved entitlement details
[Licensing::Client] Successfully resolved entitlement details
[Worker0] Imported GUID: 4c5821413d0c4c62903d630738763046 - Path: Packages/com.unity.2d.animation/Profiler/Editor/SpriteSkinProfilerViewController.cs - Importer: ScriptedImporter/UnityEditor.QuickSearchModule:UnityEditor.Search:ASIAI0B -> (ImportResultId: 'c1337d59ea1b11618c9605baa346660e') in 0.010723167 seconds
[Licensing::Client] Successfully resolved entitlement details
[Licensing::Client] Successfully resolved entitlement details
[Licensing::Client] Successfully resolved entitlement details
[Worker0] Imported GUID: 4701020ad5a254186b3082d1f2f37ba0 - Path: Packages/com.unity.2d.animation/Editor/Assets/EditorIcons/d_Warning@2x.png - Importer: ScriptedImporter/UnityEditor.QuickSearchModule:UnityEditor.Search:ASIAI0B -> (ImportResultId: '826e267bf6f9d3ee13eace99f5c8652e') in 0.013770833 seconds
[Worker0] Imported GUID: 1438d7ab37ed4dc5a2dbb5735182107f - Path: Packages/com.unity.2d.tooling/Editor/Insider/SpriteAtlas/SpriteAtlasIssueReport/UIElement/CellLabelWithIcon/CellLabelWithIcon.uxml - Importer: ScriptedImporter/UnityEditor.QuickSearchModule:UnityEditor.Search:ASIAI0B -> (ImportResultId: 'd8369a35dbcf471d7cca5e640870ea72') in 0.010648667 seconds
[Worker0] Imported GUID: 03d0123afb5451345b88c605c86db28b - Path: Packages/com.unity.2d.animation/Editor/Assets/EditorIcons/d_Visibility_Hidded@2x.png - Importer: ScriptedImporter/UnityEditor.QuickSearchModule:UnityEditor.Search:ASIAI0B -> (ImportResultId: '8c8abb16f124f709789f88c99b46bd1b') in 0.010144208 seconds
[Worker0] Imported GUID: 727af22e923264f0ca2530a410e2d7ab - Path: Packages/com.unity.2d.animation/Editor/Assets/ComponentIcons/d_Animation.SpriteLibraryManager@64.png - Importer: ScriptedImporter/UnityEditor.QuickSearchModule:UnityEditor.Search:ASIAI0B -> (ImportResultId: '0621b0101f4044b7556c61648d72ad3d') in 0.010463708 seconds
[Worker0] Imported GUID: 79531da4240f84a7a9187cfde72e9612 - Path: Packages/com.unity.2d.spriteshape/README.md - Importer: ScriptedImporter/UnityEditor.QuickSearchModule:UnityEditor.Search:ASIAI0B -> (ImportResultId: '3e60b312430aa5aed97031f9a6b08b30') in 0.008825166 seconds
[Worker0] Imported GUID: 26ec4641af523f44f8f62994a423b3b4 - Path: Packages/com.unity.2d.animation/Editor/SkinningModule/SkeletonTool/SkeletonToolView.cs - Importer: ScriptedImporter/UnityEditor.QuickSearchModule:UnityEditor.Search:ASIAI0B -> (ImportResultId: '2b8ae5a2eb84c9725daa3f96809fbd05') in 0.008966584 seconds
[Worker0] Imported GUID: ecff197e49b7c4a8c8431746d97f9b2d - Path: Packages/com.unity.2d.animation/Editor/Assets/EditorIcons/Warning.png - Importer: ScriptedImporter/UnityEditor.QuickSearchModule:UnityEditor.Search:ASIAI0B -> (ImportResultId: 'b6552689c43d9c4d817fb56b1f6da9d0') in 0.010249958 seconds
[Worker0] Imported GUID: a0c33b3a6e0728343b29883d739f1322 - Path: Packages/com.unity.2d.animation/Editor/Assets/EditorIcons/Create_Vertex@2x.png - Importer: ScriptedImporter/UnityEditor.QuickSearchModule:UnityEditor.Search:ASIAI0B -> (ImportResultId: 'de45721e527d91d8604d5d7f506828cf') in 0.012486917 seconds
[Worker0] Imported GUID: 1bb64055b5d894141b91d275f422e5dc - Path: Packages/com.unity.2d.animation/Editor/SkinningModule/UI/GenerateWeightsPanel.cs - Importer: ScriptedImporter/UnityEditor.QuickSearchModule:UnityEditor.Search:ASIAI0B -> (ImportResultId: 'f75c9cb2a7ade592e1866757f7a9f2ac') in 0.009544083 seconds
[Worker0] Imported GUID: 32e9ec565719246d0a4a348303163c28 - Path: Packages/com.unity.2d.common/Path/Editor/Shapes/IShape.cs - Importer: ScriptedImporter/UnityEditor.QuickSearchModule:UnityEditor.Search:ASIAI0B -> (ImportResultId: 'd8462a8dcda398cc5f5085006e93adc5') in 0.009809417 seconds
[Worker0] Imported GUID: 676867f8653a3ec40a598ba3ccea79c6 - Path: Packages/com.unity.2d.animation/Editor/Assets/SkinningModule/GenerateWeightsPanel.uxml - Importer: ScriptedImporter/UnityEditor.QuickSearchModule:UnityEditor.Search:ASIAI0B -> (ImportResultId: '1139b4957ab42f94d2c4268a63c9c4b4') in 0.012240917 seconds
[Worker0] Imported GUID: 52648b72c7bef2040bf0cfa8dd0f74da - Path: Packages/com.unity.2d.sprite/Tests/Editor/Unity.2D.Sprite.Package.EditorTests.asmdef - Importer: ScriptedImporter/UnityEditor.QuickSearchModule:UnityEditor.Search:ASIAI0B -> (ImportResultId: '3f7740733c4b5356b03f80cbac3dabd0') in 0.0128735 seconds
[Worker0] Imported GUID: 5f299983c913b724da97b312e5f58120 - Path: Packages/com.unity.2d.animation/Editor/SkinningModule/WeightsGenerator/BoundedBiharmonicWeightsGenerator.cs - Importer: ScriptedImporter/UnityEditor.QuickSearchModule:UnityEditor.Search:ASIAI0B -> (ImportResultId: 'f7caab149085d5631a2085cd5b7c0292') in 0.011702833 seconds
[Worker0] Imported GUID: 6dbf9c13eb9f4c14806bf9a6ec61140f - Path: Packages/com.unity.2d.aseprite/Editor/Aseprite/Chunks/CellChunk.cs - Importer: ScriptedImporter/UnityEditor.QuickSearchModule:UnityEditor.Search:ASIAI0B -> (ImportResultId: '705af6a93b0357dcaa237a8c1515e5a8') in 0.011833959 seconds
[Worker0] Imported GUID: ef93bb9fe9d240e418a7fb8b476f3d34 - Path: Packages/com.unity.2d.animation/IK/Runtime/CCDSolver2D.cs - Importer: ScriptedImporter/UnityEditor.QuickSearchModule:UnityEditor.Search:ASIAI0B -> (ImportResultId: 'facebc1752b720d7a1addfab7b2af88b') in 0.011607333 seconds
[Worker0] Imported GUID: 0ff8fd73a1ad1284eb30ab319560b4c7 - Path: Packages/com.unity.2d.animation/Editor/Assets/EditorIcons/d_Edit_Geometry@3x.png - Importer: ScriptedImporter/UnityEditor.QuickSearchModule:UnityEditor.Search:ASIAI0B -> (ImportResultId: 'c74a0091cbd29de688411d0ce9b959bb') in 0.015767375 seconds
[Worker0] Imported GUID: dd8ea16f74da4134a300805c33773d3e - Path: Packages/com.unity.2d.tilemap.extras/Editor/Tiles/AutoTile/UI - Importer: ScriptedImporter/UnityEditor.QuickSearchModule:UnityEditor.Search:ASIAI0B -> (ImportResultId: '33471e49b3d2d03b832daaa1d62c86dd') in 0.010204583 seconds
[Worker0] Imported GUID: 8b73fc997c117d641a1673cd96fc8a07 - Path: Packages/com.unity.2d.psdimporter/Editor/PSDPlugin/PsdFile/Layers/LayerInfo/RawLayerInfo.cs - Importer: ScriptedImporter/UnityEditor.QuickSearchModule:UnityEditor.Search:ASIAI0B -> (ImportResultId: '27cf8b9bcaa43411a5c8237c25a7dd19') in 0.013084917 seconds
[Worker0] Imported GUID: ebda3a880d7c2f14999e6ef07ebbd37d - Path: Packages/com.unity.2d.animation/Editor/Assets/EditorIcons/d_Parent_Bone@3x.png - Importer: ScriptedImporter/UnityEditor.QuickSearchModule:UnityEditor.Search:ASIAI0B -> (ImportResultId: 'fdeff5c9441874cab1deb512c3d2d8e9') in 0.013137875 seconds
[Worker0] Imported GUID: 5370dc6919bc441a9e079e659b067930 - Path: Packages/com.unity.2d.sprite/Editor/UI/SpriteEditor/SpriteEditorHelpBox.uss - Importer: ScriptedImporter/UnityEditor.QuickSearchModule:UnityEditor.Search:ASIAI0B -> (ImportResultId: 'cf1e99e6aaeaaafd66d72431f7b956e0') in 0.012643833 seconds
[Worker0] Imported GUID: 43a7a92da0ad89c40b5a39ed87329536 - Path: Packages/com.unity.2d.psdimporter/Editor/PSDPlugin/PDNWrapper/BitmapLayer.cs - Importer: ScriptedImporter/UnityEditor.QuickSearchModule:UnityEditor.Search:ASIAI0B -> (ImportResultId: '2656e975efa0cada3612966fba0a52df') in 0.015122292 seconds
[Worker0] Imported GUID: f8e27d22a910edd4e9b6791a887aa9e1 - Path: Packages/com.unity.2d.tilemap/Editor/Icons/Tilemap.FocusNone@2x.png - Importer: ScriptedImporter/UnityEditor.QuickSearchModule:UnityEditor.Search:ASIAI0B -> (ImportResultId: 'bfeaf5b009e6e50dd489fca0130a6c1e') in 0.012157333 seconds
[Worker0] Imported GUID: e7bb9acb2cffc5f45abddc238a0ad9b0 - Path: Packages/com.unity.2d.tilemap.extras/Runtime/GridInformation/GridInformation.cs - Importer: ScriptedImporter/UnityEditor.QuickSearchModule:UnityEditor.Search:ASIAI0B -> (ImportResultId: '7102c00ed2dd198d2415328fcd852fa2') in 0.012324125 seconds
[Worker0] Imported GUID: edb13435316a441ca9fe49fb8808e9b5 - Path: Packages/com.unity.2d.common/Path/Editor/Selection/IndexedSelection.cs - Importer: ScriptedImporter/UnityEditor.QuickSearchModule:UnityEditor.Search:ASIAI0B -> (ImportResultId: '8e9aa7a9f750d5815329dc9ee922849d') in 0.012114667 seconds
[Worker0] Imported GUID: c3352a8bbbe14fb4ab52ae7bfff927ea - Path: Packages/com.unity.2d.common/Runtime/Unity.2D.Common.Runtime.asmdef - Importer: ScriptedImporter/UnityEditor.QuickSearchModule:UnityEditor.Search:ASIAI0B -> (ImportResultId: '391cfe86eb9f5268f61bb3445ceb982b') in 0.011290917 seconds
[Worker0] Imported GUID: cbef2434b36ff174a98995b13ef80390 - Path: Packages/com.unity.2d.animation/Editor/Assets/EditorIcons/Generate_Geometry.png - Importer: ScriptedImporter/UnityEditor.QuickSearchModule:UnityEditor.Search:ASIAI0B -> (ImportResultId: '123d416edd1e3edc902264e9f10fe51a') in 0.015521083 seconds
[Worker0] Imported GUID: 7d6f3490c59314e8f91123fe30ea8b98 - Path: Packages/com.unity.2d.animation/Editor/Assets/EditorIcons/False@2x.png - Importer: ScriptedImporter/UnityEditor.QuickSearchModule:UnityEditor.Search:ASIAI0B -> (ImportResultId: 'ea33348651fb12e05a652487ec6caa4d') in 0.012688 seconds
[Worker0] Imported GUID: 986937e46e4d473abaaef82ccc37b0a7 - Path: Packages/com.unity.2d.animation/Runtime/SpriteLib/ISpriteLibraryCategory.cs - Importer: ScriptedImporter/UnityEditor.QuickSearchModule:UnityEditor.Search:ASIAI0B -> (ImportResultId: '6321163f86e747a09c047db97a884be6') in 0.012515792 seconds
[Worker0] Imported GUID: b7aa27c5c7dc45a9a3548f2f160a2798 - Path: Packages/com.unity.2d.sprite/Editor/SpriteEditorModule/SpriteFrameModule/SpriteSlicePostprocessor.cs - Importer: ScriptedImporter/UnityEditor.QuickSearchModule:UnityEditor.Search:ASIAI0B -> (ImportResultId: '70c52f41addf21d71eb28ae8feb6810a') in 0.0086365 seconds
[Worker0] Imported GUID: d935a3b184c44476fbc746854f6cb69b - Path: Packages/com.unity.2d.aseprite/Editor/Assets/UI - Importer: ScriptedImporter/UnityEditor.QuickSearchModule:UnityEditor.Search:ASIAI0B -> (ImportResultId: 'ecbf50d0dc608c9d176e10bee8d3f2e9') in 0.00848325 seconds
[Worker0] Imported GUID: 75b928454d106411f99eb3c22a2c2eff - Path: Packages/com.unity.2d.tilemap.extras/Editor/Brushes/GroupBrush/GroupBrush@2x.png - Importer: ScriptedImporter/UnityEditor.QuickSearchModule:UnityEditor.Search:ASIAI0B -> (ImportResultId: '3403ca9404b180f751a921d46a57bed5') in 0.009827959 seconds
[Worker0] Imported GUID: 2383e22400d14d4ba5996366cac987ca - Path: Packages/com.unity.2d.tilemap/Editor/GridBrushPickStore.cs - Importer: ScriptedImporter/UnityEditor.QuickSearchModule:UnityEditor.Search:ASIAI0B -> (ImportResultId: 'da5bcfddaadf935f693f74dae67494a6') in 0.008559584 seconds
[Worker0] Imported GUID: ca98e2335e48a4619be9fef24dbb4fd1 - Path: Packages/com.unity.2d.animation/Editor/Assets/SkinningModule/PivotInspectorPanelStyle.uss - Importer: ScriptedImporter/UnityEditor.QuickSearchModule:UnityEditor.Search:ASIAI0B -> (ImportResultId: '4bf4d1fd9ee107ae9ac6a5269fa1d0b1') in 0.015740041 seconds
[Worker0] Imported GUID: dcea51d6065d64246aeec467afeff684 - Path: Packages/com.unity.2d.animation/Editor/Assets/EditorIcons/Selected/character_Mode@3x.png - Importer: ScriptedImporter/UnityEditor.QuickSearchModule:UnityEditor.Search:ASIAI0B -> (ImportResultId: '29f03fce125720d6ef909545fa15db90') in 0.011243084 seconds
[Worker0] Imported GUID: ff2aa9ebc8aee604caa5f8459ac4ae43 - Path: Packages/com.unity.2d.animation/Editor/Assets/EditorIcons/Selected/Sprite_Mode@2x.png - Importer: ScriptedImporter/UnityEditor.QuickSearchModule:UnityEditor.Search:ASIAI0B -> (ImportResultId: '9dcac65ef6c50bc5ad8aebbffab4ee91') in 0.016316625 seconds
[Worker0] Imported GUID: 71d8b2e508f1d9947ba51013600a5eac - Path: Packages/com.unity.2d.animation/Editor/Assets/EditorIcons/Sprite_Mode@3x.png - Importer: ScriptedImporter/UnityEditor.QuickSearchModule:UnityEditor.Search:ASIAI0B -> (ImportResultId: '50fa7b46d5a2be0f3e54c78f7430efa3') in 0.011126041 seconds
[Worker0] Imported GUID: 7a1e809ce41f84f10bfe590179cd59b5 - Path: Packages/com.unity.2d.animation/Editor/Assets/ComponentIcons/Animation.SpriteSkin@256.png - Importer: ScriptedImporter/UnityEditor.QuickSearchModule:UnityEditor.Search:ASIAI0B -> (ImportResultId: 'ae43cc55d537586412b1d66a94adf5df') in 0.010671292 seconds
[Worker0] Imported GUID: fa52298efb877496ab068b8298f7f6aa - Path: Packages/com.unity.2d.tilemap.extras/Editor/Brushes/LineBrush/d_LineBrush@2x.png - Importer: ScriptedImporter/UnityEditor.QuickSearchModule:UnityEditor.Search:ASIAI0B -> (ImportResultId: '191cc9057f32d857e1be3d7a706811bf') in 0.010335334 seconds
[Worker0] Imported GUID: eba9e4c0a1c41eb42b5443a6d65b829b - Path: Packages/com.unity.2d.common/Editor/ScriptablePacker/Unity.2D.ScriptablePacker.Editor.asmdef - Importer: ScriptedImporter/UnityEditor.QuickSearchModule:UnityEditor.Search:ASIAI0B -> (ImportResultId: 'b7d51957716f5c2e82c6096d1a98f82e') in 0.010531083 seconds
[Worker0] Imported GUID: 6e9568834ba2b2c44af4e3876cee0d2d - Path: Packages/com.unity.2d.animation/Editor/Assets/SkinningModule/WeightPainterPanel.uxml - Importer: ScriptedImporter/UnityEditor.QuickSearchModule:UnityEditor.Search:ASIAI0B -> (ImportResultId: 'c61a2600d13d2e71927ef732fc5cab93') in 0.018027084 seconds
[Worker0] Imported GUID: 5fb3ada6b424478f868d114ce6117c0a - Path: Packages/com.unity.2d.tilemap/Editor/TilemapFocusModeUtility.cs - Importer: ScriptedImporter/UnityEditor.QuickSearchModule:UnityEditor.Search:ASIAI0B -> (ImportResultId: '3e2dc33cc2c5335a0938a70dfe74a97e') in 0.011660625 seconds
[Worker0] Imported GUID: bba2f5e225fa49144a222787bfb6bcdf - Path: Packages/com.unity.2d.animation/Editor/Assets/SkinningModule/BoneReparentStyle.uss - Importer: ScriptedImporter/UnityEditor.QuickSearchModule:UnityEditor.Search:ASIAI0B -> (ImportResultId: 'db7cbc7ee8d5f428721074d0f782737e') in 0.01653475 seconds
[Worker0] Imported GUID: 4b4fa89433ae80a4eb9e0230cddc80dd - Path: Packages/com.unity.2d.tilemap/Editor/UI/TilePaletteActiveTargetsPopup.cs - Importer: ScriptedImporter/UnityEditor.QuickSearchModule:UnityEditor.Search:ASIAI0B -> (ImportResultId: '9d9a11da71f442c737f010db2b97643c') in 0.016427292 seconds
[Worker0] Imported GUID: 28310f24dad9e47eab113c1d68e8a734 - Path: Packages/com.unity.2d.animation/Editor/SpriteLib/SpriteLibrarySourceAsset - Importer: ScriptedImporter/UnityEditor.QuickSearchModule:UnityEditor.Search:ASIAI0B -> (ImportResultId: '5aeb9e4546abc68a5a186923e362001f') in 0.013182958 seconds
[Worker0] Imported GUID: 2d134494242a4f00b1120920dc958032 - Path: Packages/com.unity.2d.tooling/Editor/Insider/SpriteAtlas/SpriteAtlasIssueReport/AllSpriteAtlasReport - Importer: ScriptedImporter/UnityEditor.QuickSearchModule:UnityEditor.Search:ASIAI0B -> (ImportResultId: '2c5dc5ff0dadb2a82fb860da731441fb') in 0.013242333 seconds
[Worker0] Imported GUID: c1808a8a0e94621468b171839da19a41 - Path: Packages/com.unity.2d.animation/Editor/Assets/SkinningModule/BoneToolbar.uxml - Importer: ScriptedImporter/UnityEditor.QuickSearchModule:UnityEditor.Search:ASIAI0B -> (ImportResultId: 'ad7583aaa2b3d63e647cf62ae10d6975') in 0.022898417 seconds
[Worker0] Imported GUID: 18115dbbb843441ac95e0b3a372d9807 - Path: Packages/com.unity.2d.animation/Editor/Assets/ComponentIcons/Animation.SpriteLibraryVar On.png - Importer: ScriptedImporter/UnityEditor.QuickSearchModule:UnityEditor.Search:ASIAI0B -> (ImportResultId: 'bd0e385d40e17be55c03bd897a7cfdab') in 0.020528584 seconds
Worker ready: AssetImportWorkerHW1 1
[Worker0] Imported GUID: 52baf58d22ca04620afe4b570e726a22 - Path: Packages/com.unity.2d.animation/Editor/UpgradeTools/Utilities/UtilityStructures.cs - Importer: ScriptedImporter/UnityEditor.QuickSearchModule:UnityEditor.Search:ASIAI0B -> (ImportResultId: '7200d77533a21886e9d3ade4c13fc255') in 0.012352583 seconds
[Worker0] Imported GUID: 528a130a47a1d4af28e1ef4c8b3c5386 - Path: Packages/com.unity.2d.animation/Editor/Assets/ComponentIcons/d_WarningIcon_Small.png - Importer: ScriptedImporter/UnityEditor.QuickSearchModule:UnityEditor.Search:ASIAI0B -> (ImportResultId: '14365e82955ffdbcacf0f6f36cd9cfa2') in 0.014719833 seconds
[Worker0] Imported GUID: 36f26ce0a1fc4b478b5f2aeb63e8c36f - Path: Packages/com.unity.2d.tooling/Editor/Insider/SpriteAtlas/SpriteAtlasIssueReport/SpriteAtlasTextureSpaceUsedIssue/SpriteAtlasTextureSpaceUsedIssue.cs - Importer: ScriptedImporter/UnityEditor.QuickSearchModule:UnityEditor.Search:ASIAI0B -> (ImportResultId: 'dab501dab6836e0009fd7b911dc29b58') in 0.011427375 seconds
[Worker0] Imported GUID: 1a16f886b3d85c640ad6350d0db615f1 - Path: Packages/com.unity.2d.animation/Editor/SkinningModule/Selection/IndexedSelection.cs - Importer: ScriptedImporter/UnityEditor.QuickSearchModule:UnityEditor.Search:ASIAI0B -> (ImportResultId: '86fab24740b4eb22c7c728dedf8baf29') in 0.01225975 seconds
[Worker0] Imported GUID: 30a89e6ba963248cf85628ef0bbdab27 - Path: Packages/com.unity.mathematics/Tests/Editor/BasicTestSuite.cs - Importer: ScriptedImporter/UnityEditor.QuickSearchModule:UnityEditor.Search:ASIAI0B -> (ImportResultId: '71fd5ed8698845f7d503afdd05c0c69e') in 0.0129875 seconds
[Worker0] Imported GUID: b37297243655c064a8cd48d76a074ca0 - Path: Packages/com.unity.2d.animation/Editor/Assets/EditorIcons/Edit_Geometry@3x.png - Importer: ScriptedImporter/UnityEditor.QuickSearchModule:UnityEditor.Search:ASIAI0B -> (ImportResultId: '5bb8c6ba3d1466a0d257688a3c452e85') in 0.016976708 seconds
[Worker0] Imported GUID: 2dd058f9ad61a46e7b6534bd165077bc - Path: Packages/com.unity.2d.animation/Profiler/Editor/SpriteSkinProfilerModule.cs - Importer: ScriptedImporter/UnityEditor.QuickSearchModule:UnityEditor.Search:ASIAI0B -> (ImportResultId: 'e88a0a4c2e49819482c0488af62ea5e9') in 0.015474375 seconds
[Worker0] Imported GUID: c702050f74f4747b786f1568be01d615 - Path: Packages/com.unity.2d.animation/Runtime/BatchedDeformation/BaseDeformationSystem.cs - Importer: ScriptedImporter/UnityEditor.QuickSearchModule:UnityEditor.Search:ASIAI0B -> (ImportResultId: '67e78f9d55275e1265d66eaa4f8f49df') in 0.013191667 seconds
[Worker0] Imported GUID: dd62c99bd1ab0984da092d3ea327b733 - Path: Packages/com.unity.2d.tilemap/Editor/Icons/d_Tilemap.FocusTilemap@4x.png - Importer: ScriptedImporter/UnityEditor.QuickSearchModule:UnityEditor.Search:ASIAI0B -> (ImportResultId: 'd3412b231fd23b8810c5be12b45db0f5') in 0.014972375 seconds
[Worker0] Imported GUID: 32854586e42553846b24646ce18cf625 - Path: Packages/com.unity.2d.animation/Editor/Assets/EditorIcons/Edit_Pose@3x.png - Importer: ScriptedImporter/UnityEditor.QuickSearchModule:UnityEditor.Search:ASIAI0B -> (ImportResultId: 'ff8ee6b730174f5dec2be88cea9d0695') in 0.018827458 seconds
[Worker0] Imported GUID: 1bbd61a4999d4fbd81f3e5bdc6c71fbd - Path: Packages/com.unity.2d.tilemap/Editor/TilePaletteSaveUtility.cs - Importer: ScriptedImporter/UnityEditor.QuickSearchModule:UnityEditor.Search:ASIAI0B -> (ImportResultId: '3703b37b7673d991d5cafc02213901c0') in 0.011034666 seconds
[Worker0] Imported GUID: 6f96e4b9bbe444c8f88d51ae10a2b75e - Path: Packages/com.unity.mathematics/Tests/Editor/Unity.Mathematics.Editor.Tests.asmdef - Importer: ScriptedImporter/UnityEditor.QuickSearchModule:UnityEditor.Search:ASIAI0B -> (ImportResultId: '118a86a27a9829187d9c8738ee35d8be') in 0.012660625 seconds
[Worker0] Imported GUID: ba757fb3d4cc7e641ab2b91814856b68 - Path: Packages/com.unity.2d.tilemap.extras/Runtime/Tiles/RuleTile - Importer: ScriptedImporter/UnityEditor.QuickSearchModule:UnityEditor.Search:ASIAI0B -> (ImportResultId: 'c207b54127153b9fbe6c08fff885f4e7') in 0.008537833 seconds
[Worker0] Imported GUID: d6e0849d343ff4627a6a18d766d8a3f5 - Path: Packages/com.unity.2d.animation/Editor/SpriteLib/SpriteLibraryEditor/UI/LabelsTab.cs - Importer: ScriptedImporter/UnityEditor.QuickSearchModule:UnityEditor.Search:ASIAI0B -> (ImportResultId: '5d27c96df8dee50fa7b20eff5046a98e') in 0.008370708 seconds
[Worker0] Imported GUID: 5c6d7a5595d5b4713980d6a92eb6fced - Path: Packages/com.unity.2d.animation/Editor/Assets/ComponentIcons/Animation.SpriteLibrary@32.png - Importer: ScriptedImporter/UnityEditor.QuickSearchModule:UnityEditor.Search:ASIAI0B -> (ImportResultId: 'b92c861f301f81662273d4837a6a86bd') in 0.010820208 seconds
[Worker0] Imported GUID: 71ebafeef3c03457483266a33ab2b270 - Path: Packages/com.unity.2d.sprite/Editor/ObjectMenuCreation/DefaultAssets/Textures/9-Sliced.png - Importer: ScriptedImporter/UnityEditor.QuickSearchModule:UnityEditor.Search:ASIAI0B -> (ImportResultId: 'd36fc9511723d163c1bf09ce52343d68') in 0.012199041 seconds
[Worker0] Imported GUID: 413065d60d6d54fc6b33747ccf2da497 - Path: Packages/com.unity.2d.common/Path/Editor/IMGUI/GUIFramework/GUIAction.cs - Importer: ScriptedImporter/UnityEditor.QuickSearchModule:UnityEditor.Search:ASIAI0B -> (ImportResultId: 'f68bee5f703e51c4ff11b47a2dde5205') in 0.008916792 seconds
[Worker0] Imported GUID: c38f3750be35041e49ae9b5125209bb1 - Path: Packages/com.unity.2d.animation/Editor/Assets/EditorIcons/ViewToolZoom@2x.png - Importer: ScriptedImporter/UnityEditor.QuickSearchModule:UnityEditor.Search:ASIAI0B -> (ImportResultId: '08883eb9668605bda97cca67d69f5901') in 0.011600834 seconds
[Worker0] Imported GUID: c0e71825dc37444988e41740332ff1bf - Path: Packages/com.unity.2d.spriteshape/Editor/ObjectMenuCreation/GameObjectCreation.cs - Importer: ScriptedImporter/UnityEditor.QuickSearchModule:UnityEditor.Search:ASIAI0B -> (ImportResultId: '62810a0602270d844a69216b54cfa2dd') in 0.010892875 seconds
[Worker0] Imported GUID: 0838dba95105e7148a96012c2778a2d5 - Path: Packages/com.unity.2d.tilemap/Editor/Icons/Tilemap.FocusGrid.png - Importer: ScriptedImporter/UnityEditor.QuickSearchModule:UnityEditor.Search:ASIAI0B -> (ImportResultId: 'f2b9561ec1459fa96a21d6e3c9eba0a1') in 0.012941542 seconds
[Worker0] Imported GUID: 12ce7a28dfc7465fa6ef94d40b586de7 - Path: Packages/com.unity.2d.tooling/Editor/Insider/SpriteAtlas/SpriteAtlasIssueReport/SpriteAtlasPageIssue/AtlasPageReportSettings.uss - Importer: ScriptedImporter/UnityEditor.QuickSearchModule:UnityEditor.Search:ASIAI0B -> (ImportResultId: '14418020e1c474856ce92198b20e6ebb') in 0.011018958 seconds
[Worker0] Imported GUID: 243ecdc0c5064e768e32444725addc24 - Path: Packages/com.unity.2d.animation/Runtime/SpriteSkinHelpers.cs - Importer: ScriptedImporter/UnityEditor.QuickSearchModule:UnityEditor.Search:ASIAI0B -> (ImportResultId: 'fe6e1b207f82d883b64daf12d5b50125') in 0.008713125 seconds
[Worker0] Imported GUID: 90e762d3b06944889a5d95fc12a8db68 - Path: Packages/com.unity.2d.animation/Editor/SkinningModule/MeshPreviewTool/MeshPreviewTool.cs - Importer: ScriptedImporter/UnityEditor.QuickSearchModule:UnityEditor.Search:ASIAI0B -> (ImportResultId: 'a289a9c6b0d5d69d4162b98b131465e2') in 0.009923875 seconds
[Worker0] Imported GUID: 96b029a4248c85a4e8de2aa81fc0b60a - Path: Packages/com.unity.2d.animation/Editor/Assets/EditorIcons/Selected/Weight_Slider.png - Importer: ScriptedImporter/UnityEditor.QuickSearchModule:UnityEditor.Search:ASIAI0B -> (ImportResultId: '503532c00e14a4cb49cec89dfa37bccb') in 0.015027875 seconds
[Worker0] Imported GUID: a2e0c70949436438eb2f97e6849191b8 - Path: Packages/com.unity.2d.animation/Editor/Assets/EditorIcons/Selected/SetPivot.png - Importer: ScriptedImporter/UnityEditor.QuickSearchModule:UnityEditor.Search:ASIAI0B -> (ImportResultId: '2621abf0d348812ff97181f254ad53cc') in 0.011583958 seconds
[Worker0] Imported GUID: 1c04b7203b8c62948b2649d0584acdf3 - Path: Packages/com.unity.2d.animation/Runtime/NativeArrayHelper.cs - Importer: ScriptedImporter/UnityEditor.QuickSearchModule:UnityEditor.Search:ASIAI0B -> (ImportResultId: 'fd7b2054b32f8857e58211a2208c50bb') in 0.008729208 seconds
[Worker0] Imported GUID: 7ffc8f310c89c47679285e29d8583529 - Path: Packages/com.unity.2d.psdimporter/Editor/Assets/Icons/Selected/Layers Collapsed@16x.png - Importer: ScriptedImporter/UnityEditor.QuickSearchModule:UnityEditor.Search:ASIAI0B -> (ImportResultId: 'cb8647a169366486054cc2d52fb0b917') in 0.011023458 seconds
[Worker0] Imported GUID: 9d7fb23bc1b946c7bf5d3e685875717d - Path: Packages/com.unity.2d.animation/Editor/SkinningModule/SpriteBoneInfluence/InfluenceWindow.cs - Importer: ScriptedImporter/UnityEditor.QuickSearchModule:UnityEditor.Search:ASIAI0B -> (ImportResultId: '158a8e4b84a7ee94a89d7ee75ca9d99a') in 0.008191875 seconds
[Worker0] Imported GUID: bcb706ca0f6dd48449aa27a93faa899c - Path: Packages/com.unity.2d.psdimporter/Editor/Unity.2D.Psdimporter.Editor.asmdef - Importer: ScriptedImporter/UnityEditor.QuickSearchModule:UnityEditor.Search:ASIAI0B -> (ImportResultId: 'd58f564944ce25a5dd8153293a063e4a') in 0.008501708 seconds
[Worker0] Imported GUID: 6f7eca7d22ec4c948af0f5bb5da7844c - Path: Packages/com.unity.2d.tilemap/Editor/UI/TileSetImporterDragAndDropManipulator.cs - Importer: ScriptedImporter/UnityEditor.QuickSearchModule:UnityEditor.Search:ASIAI0B -> (ImportResultId: '60e7af6424ee1cf412cfaa3131c81669') in 0.008806583 seconds
[Worker0] Imported GUID: 54e0c48589e594d96a00db47801df58b - Path: Packages/com.unity.2d.animation/Editor/Assets/ComponentIcons/d_Animation.SpriteLibraryVar@64.png - Importer: ScriptedImporter/UnityEditor.QuickSearchModule:UnityEditor.Search:ASIAI0B -> (ImportResultId: 'acecf7b85368ed389ec306eebf28c6b7') in 0.01047125 seconds
[Worker0] Imported GUID: 9bc7b5069eb56064a965af1f5d392959 - Path: Packages/com.unity.2d.animation/Editor/LayoutOverlay/LayoutOverlayUtility.cs - Importer: ScriptedImporter/UnityEditor.QuickSearchModule:UnityEditor.Search:ASIAI0B -> (ImportResultId: '8b1e9927fea56911b7ffb996b30de4dc') in 0.009768292 seconds
[Worker0] Imported GUID: bb25d1497abf4a148fda776ffb528cf4 - Path: Packages/com.unity.2d.tilemap/Editor/UI/TilePaletteCreateTargetsDropdownMenu.cs - Importer: ScriptedImporter/UnityEditor.QuickSearchModule:UnityEditor.Search:ASIAI0B -> (ImportResultId: 'fc88a4dc827c411e5e0bb1e3ee3af59b') in 0.008865542 seconds
[Worker0] Imported GUID: 534fa0647f988416eafbba143e1ff174 - Path: Packages/com.unity.2d.common/Editor/ImagePacker - Importer: ScriptedImporter/UnityEditor.QuickSearchModule:UnityEditor.Search:ASIAI0B -> (ImportResultId: 'abe4d477198c52be9df06cf2a1a5ac36') in 0.011594375 seconds
[Worker0] Imported GUID: f180c07cee9924980a0af50a95afe6b2 - Path: Packages/com.unity.2d.common/Path/Editor/Handles/TangentContinuous.png - Importer: ScriptedImporter/UnityEditor.QuickSearchModule:UnityEditor.Search:ASIAI0B -> (ImportResultId: '1666022d6ceddb7b9d3eaebb025b7243') in 0.015488917 seconds
[Worker0] Imported GUID: 9c7af1d0200fc4bbc8276e459fa2d906 - Path: Packages/com.unity.2d.animation/Editor/Assets/ComponentIcons/Animation.SpriteLibrary@64.png - Importer: ScriptedImporter/UnityEditor.QuickSearchModule:UnityEditor.Search:ASIAI0B -> (ImportResultId: '8a9969bc5f73997ae4986880a2b4590a') in 0.015315958 seconds
[Worker0] Imported GUID: 04094496a840e4b66a9207270b8d6e42 - Path: Packages/com.unity.2d.animation/Tests - Importer: ScriptedImporter/UnityEditor.QuickSearchModule:UnityEditor.Search:ASIAI0B -> (ImportResultId: '380f9812f2d0cf58714c44f94dd1355f') in 0.011047 seconds
[Worker0] Imported GUID: 67ffa6242c6ee9246a64038878f96adc - Path: Packages/com.unity.2d.tilemap/Editor/GridSelection.cs - Importer: ScriptedImporter/UnityEditor.QuickSearchModule:UnityEditor.Search:ASIAI0B -> (ImportResultId: 'b9a9d8b4a00ecf1f45ffd19fdc3d1039') in 0.011181 seconds
[Worker0] Imported GUID: ea7e55ba5de304f4496c0a6f9114405c - Path: Packages/com.unity.2d.tilemap/CHANGELOG.md - Importer: ScriptedImporter/UnityEditor.QuickSearchModule:UnityEditor.Search:ASIAI0B -> (ImportResultId: '98641ec18d46aa16f5803a1ed8cd54ca') in 0.011487333 seconds
[Worker0] Imported GUID: 8613fb0cd26f3406b94c9190be7a9cfe - Path: Packages/com.unity.2d.animation/Editor/SkinningModule/Lib/ARM64/BoundedBiharmonicWeightsModule.dll - Importer: ScriptedImporter/UnityEditor.QuickSearchModule:UnityEditor.Search:ASIAI0B -> (ImportResultId: '9dd0245bc61a1244aa962a2ae37c2ed6') in 0.013925084 seconds
[Worker0] Imported GUID: 7547253d5e9da40a6a81c6436d293494 - Path: Packages/com.unity.2d.common/Path/Editor/EditablePath - Importer: ScriptedImporter/UnityEditor.QuickSearchModule:UnityEditor.Search:ASIAI0B -> (ImportResultId: 'ada8579f849802963dcb7d2a38d47d28') in 0.010460334 seconds
[Worker0] Imported GUID: 25096ce515c063c48a2bd6b108c95912 - Path: Packages/com.unity.2d.animation/Editor/Assets/EditorIcons/character_Mode@2x.png - Importer: ScriptedImporter/UnityEditor.QuickSearchModule:UnityEditor.Search:ASIAI0B -> (ImportResultId: 'bf73c476610f0de662e689f4cbdd5782') in 0.014150792 seconds
[Worker0] Imported GUID: 277ac9726bb060c48860d92018fc06cf - Path: Packages/com.unity.2d.psdimporter/Editor/PSDPlugin/PsdFile/Layers/LayerInfo/LayerUnicodeName.cs - Importer: ScriptedImporter/UnityEditor.QuickSearchModule:UnityEditor.Search:ASIAI0B -> (ImportResultId: 'd239f56d2902f27f098cefe74e7c4d7f') in 0.012939709 seconds
[Worker0] Imported GUID: 17a1fcc79c9564c8481ae2568e1d4d9f - Path: Packages/com.unity.2d.aseprite/LICENSE.md - Importer: ScriptedImporter/UnityEditor.QuickSearchModule:UnityEditor.Search:ASIAI0B -> (ImportResultId: '202754a40765f2dd6288286dafa49561') in 0.013143666 seconds
[Worker0] Imported GUID: 8146dbbd8d7184f43bb0049a7ce3ade8 - Path: Packages/com.unity.2d.psdimporter/Editor/Assets/Icons/Light/Layers Mixed@16x.png - Importer: ScriptedImporter/UnityEditor.QuickSearchModule:UnityEditor.Search:ASIAI0B -> (ImportResultId: '184d3faed202e5f3895d336fe74dc279') in 0.011338292 seconds
[Worker0] Imported GUID: 70e158e07ffb4ab49b7e25e90550e1cc - Path: Packages/com.unity.2d.aseprite/Editor/AssemblyInfo.cs - Importer: ScriptedImporter/UnityEditor.QuickSearchModule:UnityEditor.Search:ASIAI0B -> (ImportResultId: 'e88046f1fbec2ecaada89f5594e7cbbe') in 0.015279167 seconds
[Worker0] Imported GUID: b3cfa46cb726ab64f94c35306c0d9508 - Path: Packages/com.unity.2d.tilemap/Editor/GridPalettes.cs - Importer: ScriptedImporter/UnityEditor.QuickSearchModule:UnityEditor.Search:ASIAI0B -> (ImportResultId: '92d5667effa5cac0328ee665b9c18873') in 0.011877417 seconds
[Worker0] Imported GUID: a60e09d7c2452be4c824d4eb480c91c7 - Path: Packages/com.unity.2d.tilemap/Editor/Icons/GridSelection.png - Importer: ScriptedImporter/UnityEditor.QuickSearchModule:UnityEditor.Search:ASIAI0B -> (ImportResultId: '963ba0361d93c27ac21a3fc9b2cd74cd') in 0.016027208 seconds
[Worker0] Imported GUID: dcc63292bf8cfd543b11bfdebe99cd02 - Path: Packages/com.unity.2d.sprite/Tests/Editor - Importer: ScriptedImporter/UnityEditor.QuickSearchModule:UnityEditor.Search:ASIAI0B -> (ImportResultId: '61a95fde7d2e80f11eee8b2427dfd1ac') in 0.008684333 seconds
[Worker0] Imported GUID: df9fb46cbe214b6bac0ee329a2498a7d - Path: Packages/com.unity.2d.aseprite/Editor/UserSettings.cs - Importer: ScriptedImporter/UnityEditor.QuickSearchModule:UnityEditor.Search:ASIAI0B -> (ImportResultId: 'd851538a757bf43f0379b14200751a06') in 0.008118291 seconds
[Worker0] Imported GUID: 8f526fff3bebe4808b05f8ae127482f0 - Path: Packages/com.unity.2d.animation/Editor/Assets/ComponentIcons/Animation.SpriteResolver@256.png - Importer: ScriptedImporter/UnityEditor.QuickSearchModule:UnityEditor.Search:ASIAI0B -> (ImportResultId: '7aec8019aa74dc90debfa794be2cde6d') in 0.014429625 seconds
[Worker0] Imported GUID: e36885ee33061da4a8a74190c4d36486 - Path: Packages/com.unity.2d.animation/Runtime/BatchedDeformation/TransformAccessJob.cs - Importer: ScriptedImporter/UnityEditor.QuickSearchModule:UnityEditor.Search:ASIAI0B -> (ImportResultId: '3f9335558532bac1c3773706371fde58') in 0.0115005 seconds
[Worker0] Imported GUID: 1beab167850ca46a1bd9c199729da371 - Path: Packages/com.unity.2d.animation/Editor/Assets/ComponentIcons/d_Animation.SpriteResolver.asset - Importer: ScriptedImporter/UnityEditor.QuickSearchModule:UnityEditor.Search:ASIAI0B -> (ImportResultId: '79d6b592b96f5220d65c457979e28faf') in 0.016920666 seconds
[Worker0] Imported GUID: 5d7bcc2a88de4de0857df0af4a704e19 - Path: Packages/com.unity.2d.tilemap/Editor/UI/TilePaletteBrushPickElement.cs - Importer: ScriptedImporter/UnityEditor.QuickSearchModule:UnityEditor.Search:ASIAI0B -> (ImportResultId: '552e7ff3b48c99d261f2f0f4d319a72c') in 0.009741083 seconds
[Worker0] Imported GUID: 3a9781db4804a9945b9883f3a7c46d45 - Path: Packages/com.unity.2d.tilemap/Editor/Unity.2D.Tilemap.Editor.asmdef - Importer: ScriptedImporter/UnityEditor.QuickSearchModule:UnityEditor.Search:ASIAI0B -> (ImportResultId: 'a75a9bf06d4d975a83c6f1e5513c17af') in 0.012991667 seconds
[Worker0] Imported GUID: de9233595819db54faa3b4122efb128c - Path: Packages/com.unity.2d.common/Runtime/InternalBridge - Importer: ScriptedImporter/UnityEditor.QuickSearchModule:UnityEditor.Search:ASIAI0B -> (ImportResultId: '333bc9e372cab7270c3d35868022daf4') in 0.009934292 seconds
[Worker0] Imported GUID: 829c254d9e402e64183afa0e99951e04 - Path: Packages/com.unity.2d.spriteshape/Runtime/External/LibTessDotNet/Tess.cs - Importer: ScriptedImporter/UnityEditor.QuickSearchModule:UnityEditor.Search:ASIAI0B -> (ImportResultId: 'd5d93dea4ddc826867df0a225fd9fdfb') in 0.00989925 seconds
[Worker0] Imported GUID: 9cedbe3e5072c1f449a54018d80be6f0 - Path: Packages/com.unity.2d.animation/IK/Editor/IKEditorManager.cs - Importer: ScriptedImporter/UnityEditor.QuickSearchModule:UnityEditor.Search:ASIAI0B -> (ImportResultId: '9dbb77b4cfdaf732bde63fa675aa687f') in 0.009159917 seconds
[Worker0] Imported GUID: 25c4e987877a046bd994284ffeabc78b - Path: Packages/com.unity.2d.common/Path/Editor/Handles/TangentContinuousPro.png - Importer: ScriptedImporter/UnityEditor.QuickSearchModule:UnityEditor.Search:ASIAI0B -> (ImportResultId: 'af7aa7ae56a7f0a614971aaa1432a029') in 0.0111255 seconds
[Worker0] Imported GUID: ce71c4f9a16784c6db4ac87b1e19c74a - Path: Packages/com.unity.2d.common/Path/Editor/EditablePath/ControlPoint.cs - Importer: ScriptedImporter/UnityEditor.QuickSearchModule:UnityEditor.Search:ASIAI0B -> (ImportResultId: '54f25431f431588302b2fc098d730d73') in 0.00819025 seconds
[Worker0] Imported GUID: 7e1aff9652c0dac418d9aa42f5f24dc2 - Path: Packages/com.unity.2d.animation/Editor/Assets/EditorIcons/d_Create Bones@4x.png - Importer: ScriptedImporter/UnityEditor.QuickSearchModule:UnityEditor.Search:ASIAI0B -> (ImportResultId: '3b63a9716829d77df24359dfe561b6b3') in 0.013015292 seconds
[Worker0] Imported GUID: 1102d00ccb3a943ccb7fb03cbf96e4c9 - Path: Packages/com.unity.2d.tilemap.extras/Editor/Brushes/GroupBrush/d_GroupBrush@4x.png - Importer: ScriptedImporter/UnityEditor.QuickSearchModule:UnityEditor.Search:ASIAI0B -> (ImportResultId: 'abd44d80740e6315f7735f0f49ee84ba') in 0.011699083 seconds
[Worker0] Imported GUID: 9844a6aa871b23547892e819f4dd55c3 - Path: Packages/com.unity.2d.animation/Editor/Assets/EditorIcons/Selected/Edit_Pose.png - Importer: ScriptedImporter/UnityEditor.QuickSearchModule:UnityEditor.Search:ASIAI0B -> (ImportResultId: '35203299f2fd92dc8fe35556ce06a5a0') in 0.0106 seconds
[Worker0] Imported GUID: 725dea07ef1724145806dfddfe9dee03 - Path: Packages/com.unity.2d.psdimporter/Editor/Assets/Icons/Dark/Layers Collapsed@16x.png - Importer: ScriptedImporter/UnityEditor.QuickSearchModule:UnityEditor.Search:ASIAI0B -> (ImportResultId: '413895332d3c8706eac607724284934f') in 0.010070333 seconds
[Worker0] Imported GUID: 72a3c6132d5e2ae48a1df56cfebbc7c2 - Path: Packages/com.unity.2d.tilemap/Editor/Icons/Tilemap.EditPalette@4x.png - Importer: ScriptedImporter/UnityEditor.QuickSearchModule:UnityEditor.Search:ASIAI0B -> (ImportResultId: '41db02d1a7b728539873216b7424c433') in 0.01131575 seconds
[Worker0] Imported GUID: 9aa2ec30f29a4d378d7124329768c22d - Path: Packages/com.unity.2d.tooling/Editor/Insider/SpriteAtlas/SpriteAtlasIssueReport/UIElement/StyleSheet - Importer: ScriptedImporter/UnityEditor.QuickSearchModule:UnityEditor.Search:ASIAI0B -> (ImportResultId: '624660fb996c45fb82d24f0a65e23ac6') in 0.012966042 seconds
[Worker0] Imported GUID: c6601234a3b63ef4a9386f8182db5849 - Path: Packages/com.unity.2d.animation/Editor/Assets/EditorIcons/d_Parent_Bone@4x.png - Importer: ScriptedImporter/UnityEditor.QuickSearchModule:UnityEditor.Search:ASIAI0B -> (ImportResultId: '95847241f52316476643b1490cc2f01f') in 0.015910958 seconds
[Worker0] Imported GUID: 5a8fa255c72c8434990dc8bf9b262d59 - Path: Packages/com.unity.2d.sprite/Editor/Interface/IEvent.cs - Importer: ScriptedImporter/UnityEditor.QuickSearchModule:UnityEditor.Search:ASIAI0B -> (ImportResultId: '7bbde2a6377f171ce8bed57cc081384f') in 0.011500875 seconds
[Worker0] Imported GUID: 2bab0d96ebe77084d97602af7f3fd124 - Path: Packages/com.unity.2d.psdimporter/Editor/PSDPlugin/PsdFile/Util.cs - Importer: ScriptedImporter/UnityEditor.QuickSearchModule:UnityEditor.Search:ASIAI0B -> (ImportResultId: '8af52c299a3ca1f7f6dd709ee969b69c') in 0.010691583 seconds
[Worker0] Imported GUID: d78f51d0608541dba330970c23ad8c2f - Path: Packages/com.unity.2d.tooling/Editor/Insider/Interface/IReportDataSource.cs - Importer: ScriptedImporter/UnityEditor.QuickSearchModule:UnityEditor.Search:ASIAI0B -> (ImportResultId: '43c1fbe7f155ac357a77c04ba37ab237') in 0.008474625 seconds
[Worker0] Imported GUID: 009774248359949e3b9317677c6678da - Path: Packages/com.unity.2d.animation/Editor/Assets/ComponentIcons/Animation.IKFabrik On@64.png - Importer: ScriptedImporter/UnityEditor.QuickSearchModule:UnityEditor.Search:ASIAI0B -> (ImportResultId: '712213eb0f031f07df1a3979c6960cef') in 0.013560958 seconds
[Worker0] Imported GUID: 03bfc083748b8452197dde3b8ea7fbba - Path: Packages/com.unity.2d.common/Tests/Editor/Unity.2D.Common.EditorTests.asmdef - Importer: ScriptedImporter/UnityEditor.QuickSearchModule:UnityEditor.Search:ASIAI0B -> (ImportResultId: '5c027dfa0aa0abe87e2ce291374259da') in 0.011909917 seconds
[Worker0] Imported GUID: 5ae1953898c2e4565a0a2b0af0a10575 - Path: Packages/com.unity.2d.spriteshape/Tests/Editor/PlaceholderTests.cs - Importer: ScriptedImporter/UnityEditor.QuickSearchModule:UnityEditor.Search:ASIAI0B -> (ImportResultId: '24a1152f91fb1db47db800de7de2dfae') in 0.01159825 seconds
[Worker0] Imported GUID: 1d8efe8a75b351d4d9aa8b28ddf93196 - Path: Packages/com.unity.2d.tilemap/Editor/Icons/d_Tilemap.FocusTilemap@2x.png - Importer: ScriptedImporter/UnityEditor.QuickSearchModule:UnityEditor.Search:ASIAI0B -> (ImportResultId: '0afe581f4c10c01e4c2d81313a26720e') in 0.014337792 seconds
[Worker0] Imported GUID: 7ca045f021c1238b9435d451f5934301 - Path: Packages/com.unity.2d.psdimporter - Importer: ScriptedImporter/UnityEditor.QuickSearchModule:UnityEditor.Search:ASIAI0B -> (ImportResultId: 'ebe7cc733ffee46e05335a6b97ad7eba') in 0.014847833 seconds
[Worker0] Imported GUID: 1a641ca7aea56f8428c8c6efc8e618cb - Path: Packages/com.unity.2d.tilemap.extras/Editor/Menu/CustomRuleTileMenu.cs - Importer: ScriptedImporter/UnityEditor.QuickSearchModule:UnityEditor.Search:ASIAI0B -> (ImportResultId: 'b4a99c15936db6c08b266eb841e53571') in 0.013688875 seconds
[Worker0] Imported GUID: 9c040a2d750842ee93a623ef2e3743b8 - Path: Packages/com.unity.2d.sprite/Editor/ProjectSettings/SpriteFrameModuleSettings - Importer: ScriptedImporter/UnityEditor.QuickSearchModule:UnityEditor.Search:ASIAI0B -> (ImportResultId: '14606edb7d69afef9a4af9e30dd25d8d') in 0.01454725 seconds
[Worker0] Imported GUID: ffc58b5d1d8a6ed489be30f7a1291b1e - Path: Packages/com.unity.2d.tilemap/Editor/Icons/d_Tilemap.FocusGrid@4x.png - Importer: ScriptedImporter/UnityEditor.QuickSearchModule:UnityEditor.Search:ASIAI0B -> (ImportResultId: '9ca0f39f2437b3f2703a92d554c364db') in 0.013628667 seconds
[Worker0] Imported GUID: e1b9d7367fd994e26a0a18b0461837b3 - Path: Packages/com.unity.2d.common/Tests - Importer: ScriptedImporter/UnityEditor.QuickSearchModule:UnityEditor.Search:ASIAI0B -> (ImportResultId: 'ba10b497df3454e6f7d9fd70813111b5') in 0.012899709 seconds
[Worker0] Imported GUID: 0237a0d9a9c873e45abc9f7f9918f744 - Path: Packages/com.unity.2d.tilemap/Editor/UI/TilePaletteActivePaletteDropdownMenu.cs - Importer: ScriptedImporter/UnityEditor.QuickSearchModule:UnityEditor.Search:ASIAI0B -> (ImportResultId: 'f15057e71b280e9e48cae1122733bbd8') in 0.008826875 seconds
[Worker0] Imported GUID: 238833eb2176e7d429d5020dc9232155 - Path: Packages/com.unity.2d.tilemap/Editor/Icons/d_Grid.FlipX.png - Importer: ScriptedImporter/UnityEditor.QuickSearchModule:UnityEditor.Search:ASIAI0B -> (ImportResultId: '05f19a37ce9f34fb47522786ba2e5a0a') in 0.012540417 seconds
[Worker0] Imported GUID: d0bd0aa54cffc442b82bc92946537e05 - Path: Packages/com.unity.2d.animation/Editor/SpriteSkin/BoneGizmo.cs - Importer: ScriptedImporter/UnityEditor.QuickSearchModule:UnityEditor.Search:ASIAI0B -> (ImportResultId: '25abc9b606d67728b0d3977f7696b41c') in 0.009440542 seconds
[Licensing::Client] Successfully resolved entitlement details
[Worker0] Imported GUID: fda4344db9f9d794698ed7487ca53957 - Path: Packages/com.unity.2d.animation/Editor/Assets/EditorIcons/d_Weight_Brush@2x.png - Importer: ScriptedImporter/UnityEditor.QuickSearchModule:UnityEditor.Search:ASIAI0B -> (ImportResultId: 'c841c75bec348e667fda906abc9e4f93') in 0.013474916 seconds
[Worker0] Imported GUID: eeb8e4f485e051753b1c6a339d264485 - Path: Packages/com.unity.2d.animation - Importer: ScriptedImporter/UnityEditor.QuickSearchModule:UnityEditor.Search:ASIAI0B -> (ImportResultId: '899128b8d7a84e3e4e200ca54857f35e') in 0.012044625 seconds
[Worker0] Imported GUID: c75a5bdd31ba494d9b2f8ea4b8587b1b - Path: Packages/com.unity.2d.tooling/Editor/Insider/SpriteAtlas/SpriteAtlasIssueReport/UIElement/CellLabelWithIcon/CellLabelWithIcon.cs - Importer: ScriptedImporter/UnityEditor.QuickSearchModule:UnityEditor.Search:ASIAI0B -> (ImportResultId: '6c42547c9eefae67e4dc9486fef983fa') in 0.009603333 seconds
[Worker0] Imported GUID: 7a52ed59aa46c7047a68558357752bb5 - Path: Packages/com.unity.2d.tilemap/Editor/UI/TilePaletteDragHandler.cs - Importer: ScriptedImporter/UnityEditor.QuickSearchModule:UnityEditor.Search:ASIAI0B -> (ImportResultId: '31131f0220216ab82f65a7f66f98db28') in 0.008635959 seconds
[Worker0] Imported GUID: 81ae3f5514839c240805bd6aaf5073dc - Path: Packages/com.unity.2d.common/Runtime/UTess2D/PlanarGraph.cs - Importer: ScriptedImporter/UnityEditor.QuickSearchModule:UnityEditor.Search:ASIAI0B -> (ImportResultId: '858a9e8889886260bb695793dadd81c8') in 0.009644708 seconds
[Worker0] Imported GUID: ac5fa7432f2b4bc5a061715b337cb0d5 - Path: Packages/com.unity.2d.tooling/Editor/Insider/SpriteAtlas/SpriteAtlasIssueReport/SourceTextureWithCompressionIssue/SourceTextureWithCompressionIssue.cs - Importer: ScriptedImporter/UnityEditor.QuickSearchModule:UnityEditor.Search:ASIAI0B -> (ImportResultId: '255e701712f7660306e1154cdf369735') in 0.009569583 seconds
[Worker0] Imported GUID: 129b7bc2cdf9e43208a605c0d8379e12 - Path: Packages/com.unity.2d.tooling/Editor/Insider/AnalyzerWindow/AnalyzerWindow.uxml - Importer: ScriptedImporter/UnityEditor.QuickSearchModule:UnityEditor.Search:ASIAI0B -> (ImportResultId: 'e96b1011d0c05b1a65797e7cbc5606c9') in 0.012182667 seconds
[Worker0] Imported GUID: e2b8acf174765f141a47de79f2db4b26 - Path: Packages/com.unity.2d.tilemap.extras/CHANGELOG.md - Importer: ScriptedImporter/UnityEditor.QuickSearchModule:UnityEditor.Search:ASIAI0B -> (ImportResultId: '131b6b0d6f53982fc1eff52dd9d9c081') in 0.012168667 seconds
[Worker0] Imported GUID: 4859e783d20eb44809fc8cee06abcd7d - Path: Packages/com.unity.2d.animation/Editor/SpriteLib/SpriteLibraryAssetDragAndDrop.cs - Importer: ScriptedImporter/UnityEditor.QuickSearchModule:UnityEditor.Search:ASIAI0B -> (ImportResultId: 'd223de050ba814fb3d8f1bcdd25c3999') in 0.009058334 seconds
[Worker0] Imported GUID: 089ed0d19d5c8124da97c7dc15838b97 - Path: Packages/com.unity.2d.animation/IK/Editor/Inspectors/CCDSolver2DEditor.cs - Importer: ScriptedImporter/UnityEditor.QuickSearchModule:UnityEditor.Search:ASIAI0B -> (ImportResultId: 'bb7289984876b1e873174e1bd885c3de') in 0.010914542 seconds
[Worker0] Imported GUID: 7a1f894e90722094897d3a667f726e37 - Path: Packages/com.unity.2d.pixel-perfect/Tests/Editor/PlaceholderTests.cs - Importer: ScriptedImporter/UnityEditor.QuickSearchModule:UnityEditor.Search:ASIAI0B -> (ImportResultId: '3b53b86c5d32bae64007ac9db6d6dfda') in 0.012814375 seconds
[Worker0] Imported GUID: 1748e795fc2216743b74f9f19e87888e - Path: Packages/com.unity.2d.animation/Editor/Assets/EditorIcons/d_Visibility_Tool@4x 1.png - Importer: ScriptedImporter/UnityEditor.QuickSearchModule:UnityEditor.Search:ASIAI0B -> (ImportResultId: '4feef1b7136234434783d9b3aaeaf56f') in 0.012067125 seconds
[Worker0] Imported GUID: 82334c6f99cda4e8299eb26b0666ca0d - Path: Packages/com.unity.2d.tooling/Editor/Insider/SpriteAtlas/SpriteAtlasIssueReport/SpriteAtlasTextureSpaceUsedIssue/SpriteAtlasTextureSpaceUsedIssueSettings.uss - Importer: ScriptedImporter/UnityEditor.QuickSearchModule:UnityEditor.Search:ASIAI0B -> (ImportResultId: 'cc3dd39dc96809547f4dc52d1cac9b2d') in 0.011032875 seconds
[Worker0] Imported GUID: 812e6d50069f481418d0b7aa82a45408 - Path: Packages/com.unity.2d.animation/Editor/SpriteLib - Importer: ScriptedImporter/UnityEditor.QuickSearchModule:UnityEditor.Search:ASIAI0B -> (ImportResultId: 'f33a98d9e3592108fbf680293fc1e7f7') in 0.009040708 seconds
[Worker0] Imported GUID: ffc051df01eb64128a79b31b97748c4c - Path: Packages/com.unity.2d.sprite/Editor/ObjectMenuCreation - Importer: ScriptedImporter/UnityEditor.QuickSearchModule:UnityEditor.Search:ASIAI0B -> (ImportResultId: '53c2fefd77b4ef1256111902bdccd0b1') in 0.008510667 seconds
[Worker0] Imported GUID: f3a7eea6e0f5acb479ae4e70f8f25d95 - Path: Packages/com.unity.2d.animation/Editor/Assets/LayoutOverlay/ScrollableToolbar.uss - Importer: ScriptedImporter/UnityEditor.QuickSearchModule:UnityEditor.Search:ASIAI0B -> (ImportResultId: 'bfc0fc9117c24345ffbe7cb142d303c9') in 0.009521166 seconds
[Worker0] Imported GUID: 5b7f664b515582d458717c354f6be292 - Path: Packages/com.unity.2d.animation/Editor/Assets/EditorIcons/Selected/Create Bones@2x.png - Importer: ScriptedImporter/UnityEditor.QuickSearchModule:UnityEditor.Search:ASIAI0B -> (ImportResultId: '60b10ea410f6a6d377dab8a8a60179b2') in 0.014687166 seconds
[Worker0] Imported GUID: 687d960e2731e4f379851b2bb0b12167 - Path: Packages/com.unity.2d.animation/Editor/Assets/ComponentIcons/d_Animation.IKLimb@256.png - Importer: ScriptedImporter/UnityEditor.QuickSearchModule:UnityEditor.Search:ASIAI0B -> (ImportResultId: '02ef2686c6de53a3c34be346c3f5ab50') in 0.0124545 seconds
[Worker0] Imported GUID: 5cebb8a885d4e4a6992c4fcd598b67c8 - Path: Packages/com.unity.2d.sprite/Editor/ObjectMenuCreation/DefaultAssets - Importer: ScriptedImporter/UnityEditor.QuickSearchModule:UnityEditor.Search:ASIAI0B -> (ImportResultId: 'aaa50f79a122a83878a31fc555816a1c') in 0.009268417 seconds
[Worker0] Imported GUID: 0e577987ff8d4408fa6864f7533a6997 - Path: Packages/com.unity.2d.animation/Editor/SpriteLib/SpriteLibraryEditor/UI/CustomElements/GridView.cs - Importer: ScriptedImporter/UnityEditor.QuickSearchModule:UnityEditor.Search:ASIAI0B -> (ImportResultId: 'a959fa13beb22453c9c3cf10a2196ff0') in 0.011765875 seconds
[Worker0] Imported GUID: 9fa9bae87905c44afb14ac13c8e481d1 - Path: Packages/com.unity.2d.animation/Editor/Assets/ComponentIcons/d_Animation.IKCCD.png - Importer: ScriptedImporter/UnityEditor.QuickSearchModule:UnityEditor.Search:ASIAI0B -> (ImportResultId: 'a201b8503988bb29544d86e94a75ee64') in 0.010311959 seconds
[Worker0] Imported GUID: 8c3b52e1fbc36584d802ee0099c48682 - Path: Packages/com.unity.2d.animation/Editor/Assets/EditorIcons/d_Visibility_Tool@3x.png - Importer: ScriptedImporter/UnityEditor.QuickSearchModule:UnityEditor.Search:ASIAI0B -> (ImportResultId: 'c58755622c0ea1153dbfe86b7ac6cd8a') in 0.011698541 seconds
[Worker0] Imported GUID: 453425700aaf74b7fb785bb1246a7c5d - Path: Packages/com.unity.2d.animation/Runtime/BatchedDeformation - Importer: ScriptedImporter/UnityEditor.QuickSearchModule:UnityEditor.Search:ASIAI0B -> (ImportResultId: '44c1ff8a50b73a3f2fabde3ce6e3d942') in 0.008712291 seconds
[Worker0] Imported GUID: 97cd8ab4fa1413646be1291760a3bddd - Path: Packages/com.unity.2d.spriteshape/Runtime/SplineUtility.cs - Importer: ScriptedImporter/UnityEditor.QuickSearchModule:UnityEditor.Search:ASIAI0B -> (ImportResultId: '38ee753e22ffa9f2c39928fae139640c') in 0.0099365 seconds
[Worker0] Imported GUID: 121aed0acdd821748aac18e3bf80fc35 - Path: Packages/com.unity.2d.animation/Editor/SkinningModule/WeightsGenerator - Importer: ScriptedImporter/UnityEditor.QuickSearchModule:UnityEditor.Search:ASIAI0B -> (ImportResultId: '2bfb2345133eb3267383408800e74ef6') in 0.009207584 seconds
[Worker0] Imported GUID: 9e21d017b229942ea8b2aca6102a272a - Path: Packages/com.unity.2d.animation/Editor/SpriteLib/SpriteLibraryEditor/SpriteLibraryEditorWindow.cs - Importer: ScriptedImporter/UnityEditor.QuickSearchModule:UnityEditor.Search:ASIAI0B -> (ImportResultId: 'f611124a7a7459816a4a32b4dd92a29b') in 0.008626667 seconds
[Worker0] Imported GUID: 498df720f0ae4254699297d8a529a729 - Path: Packages/com.unity.2d.sprite/Editor/SpriteEditor/SpriteEditorHandles.cs - Importer: ScriptedImporter/UnityEditor.QuickSearchModule:UnityEditor.Search:ASIAI0B -> (ImportResultId: '49cf3497207f7695c3a59ad4e0e29f0f') in 0.00813375 seconds
[Worker0] Imported GUID: c9697ca08d26c2848a5c5de0be739d1b - Path: Packages/com.unity.2d.spriteshape/Runtime/SpriteShapeGenerator.cs - Importer: ScriptedImporter/UnityEditor.QuickSearchModule:UnityEditor.Search:ASIAI0B -> (ImportResultId: 'c5645df3bbe8a7e12ddb4b0dc357604d') in 0.008149166 seconds
[Worker0] Imported GUID: 99e2d423491be485bafdee152310057a - Path: Packages/com.unity.2d.animation/Editor/Assets/ComponentIcons/Animation.IKCCD@32.png - Importer: ScriptedImporter/UnityEditor.QuickSearchModule:UnityEditor.Search:ASIAI0B -> (ImportResultId: '05fe42350c898788a5b46980b45ffc2e') in 0.011001625 seconds
[Worker0] Imported GUID: 099fdfcf904bb544cbac5d0f920940c0 - Path: Packages/com.unity.2d.animation/Runtime/BatchedDeformation/UpdateBoundsJob.cs - Importer: ScriptedImporter/UnityEditor.QuickSearchModule:UnityEditor.Search:ASIAI0B -> (ImportResultId: '7e9db6262ba31e8514a53a592e0c97a9') in 0.008388625 seconds
[Worker0] Imported GUID: 66bb00887f3170c4a95b989d392049ec - Path: Packages/com.unity.2d.tilemap/Editor/Icons/d_Grid.RotateCW.png - Importer: ScriptedImporter/UnityEditor.QuickSearchModule:UnityEditor.Search:ASIAI0B -> (ImportResultId: '7ccce788282ece87e87238c1c4a7132e') in 0.010121125 seconds
[Worker0] Imported GUID: 7e3251474ee614d5bba6dfa1affe3e86 - Path: Packages/com.unity.2d.animation/Editor/Assets/ComponentIcons/d_Animation.SpriteLibraryManager@2x.png - Importer: ScriptedImporter/UnityEditor.QuickSearchModule:UnityEditor.Search:ASIAI0B -> (ImportResultId: '9ab239d6a569d88250974dc6c5c28564') in 0.011229458 seconds
[Worker0] Imported GUID: 45831abf313417241b91683b30dedf45 - Path: Packages/com.unity.2d.psdimporter/Editor/PSDPlugin/PsdFile/Layers/LayerInfo - Importer: ScriptedImporter/UnityEditor.QuickSearchModule:UnityEditor.Search:ASIAI0B -> (ImportResultId: '001eabf327b1868059326ae29d9a400a') in 0.009622833 seconds
[Worker0] Imported GUID: b0d2f6baf710dbe49ab4cc9c63a02bdb - Path: Packages/com.unity.2d.sprite/Editor/SpriteEditorModule/SpriteFrameModule/SpritePolygonModeModuleView.cs - Importer: ScriptedImporter/UnityEditor.QuickSearchModule:UnityEditor.Search:ASIAI0B -> (ImportResultId: '0b3e2803c6f2938c63adba3fff9dc4ce') in 0.009086125 seconds
[Worker0] Imported GUID: 587cb59b5e311496da879dbc16a199c6 - Path: Packages/com.unity.2d.common/Path/Editor/EditablePath/IEditablePath.cs - Importer: ScriptedImporter/UnityEditor.QuickSearchModule:UnityEditor.Search:ASIAI0B -> (ImportResultId: 'f566331504fdfa352df25539a8106911') in 0.008923791 seconds
[Worker0] Imported GUID: 181aae7e64f90f940a2588cc2b4cbaf7 - Path: Packages/com.unity.2d.animation/Editor/SkinningModule/SkinningCache - Importer: ScriptedImporter/UnityEditor.QuickSearchModule:UnityEditor.Search:ASIAI0B -> (ImportResultId: '101dcb5077c4535b49138494ca5bbaba') in 0.0089965 seconds
[Worker0] Imported GUID: 015d7144666ec57449ae83559d3e26c6 - Path: Packages/com.unity.2d.animation/Editor/SkinningModule/IMGUI/ISpriteMeshView.cs - Importer: ScriptedImporter/UnityEditor.QuickSearchModule:UnityEditor.Search:ASIAI0B -> (ImportResultId: '27ccb35274e1518b8e48137be29bfde3') in 0.00920575 seconds
[Worker0] Imported GUID: 6bd185401d1a755408d5a59cec274444 - Path: Packages/com.unity.feature.2d/package.json - Importer: ScriptedImporter/UnityEditor.QuickSearchModule:UnityEditor.Search:ASIAI0B -> (ImportResultId: '00b3f9ec0dc66c1dae30864a3e702bcf') in 0.00982 seconds
[Worker0] Imported GUID: 50d5fa07241aa4ebe803eae9e42c64e1 - Path: Packages/com.unity.2d.common/Path/Editor/EditablePath/EditablePath.cs - Importer: ScriptedImporter/UnityEditor.QuickSearchModule:UnityEditor.Search:ASIAI0B -> (ImportResultId: '30bc4d918596dee545b08fbb5f2462aa') in 0.008496542 seconds
[Worker0] Imported GUID: 311925a002f4447b3a28927169b83ea6 - Path: Packages/com.unity.2d.sprite/Editor/ObjectMenuCreation/DefaultAssets/Textures/v2/Square.png - Importer: ScriptedImporter/UnityEditor.QuickSearchModule:UnityEditor.Search:ASIAI0B -> (ImportResultId: 'b250c3402dbacfb394be0b2d9ba68bd0') in 0.010190875 seconds
[Worker0] Imported GUID: 4d7d16e2d9869a84190616f30b11be2d - Path: Packages/com.unity.2d.animation/Editor/SkinningModule/SkeletonTool/SkeletonToolWrapper.cs - Importer: ScriptedImporter/UnityEditor.QuickSearchModule:UnityEditor.Search:ASIAI0B -> (ImportResultId: '888fdeafc4f180ecfdbf2efe972c460e') in 0.008609625 seconds
[Worker0] Imported GUID: c57be2643fe50bb45ab693202cf50154 - Path: Packages/com.unity.2d.pixel-perfect/Editor/AssemblyInfo.cs - Importer: ScriptedImporter/UnityEditor.QuickSearchModule:UnityEditor.Search:ASIAI0B -> (ImportResultId: '3a34a8dc9768a384dad3eba5815727b5') in 0.008864917 seconds
[Worker0] Imported GUID: daf76ca58c01545899ee8ec12cb269cd - Path: Packages/com.unity.2d.animation/Editor/Assets/EditorIcons/d_ViewToolZoom.png - Importer: ScriptedImporter/UnityEditor.QuickSearchModule:UnityEditor.Search:ASIAI0B -> (ImportResultId: '6ce0adeb537de245bba4a55a745c2b8b') in 0.010968875 seconds
[Worker0] Imported GUID: a2193a248f9d4d56b2953f9235b6d3a3 - Path: Packages/com.unity.2d.psdimporter/Editor/TextureImporterUtilities.cs - Importer: ScriptedImporter/UnityEditor.QuickSearchModule:UnityEditor.Search:ASIAI0B -> (ImportResultId: '67f7bbb9b6b495cbd82b16ffa82c436f') in 0.008788875 seconds
[Worker0] Imported GUID: 69b48763ca197da4a8d03a79bade3f04 - Path: Packages/com.unity.2d.pixel-perfect/Editor/PixelPerfectCameraEditor.cs - Importer: ScriptedImporter/UnityEditor.QuickSearchModule:UnityEditor.Search:ASIAI0B -> (ImportResultId: 'abb6c8854431e22ee2216f20eadd18f3') in 0.00947275 seconds
[Licensing::Client] Successfully resolved entitlement details
[Licensing::Client] Successfully resolved entitlement details
[Worker0] Imported GUID: 5d0eac40fb3389c409c92e6e08188528 - Path: Packages/com.unity.2d.animation/IK/Runtime - Importer: ScriptedImporter/UnityEditor.QuickSearchModule:UnityEditor.Search:ASIAI0B -> (ImportResultId: 'bacac65b17f62cf2c605746a51f98106') in 0.010281834 seconds
[Licensing::Client] Successfully resolved entitlement details
[Worker0] Imported GUID: 54114b7cd6ae355489325fd90132f551 - Path: Packages/com.unity.2d.animation/Editor/SkinningModule/Lib - Importer: ScriptedImporter/UnityEditor.QuickSearchModule:UnityEditor.Search:ASIAI0B -> (ImportResultId: 'b9af6a0583db75ecdcea190d8cff4044') in 0.011234917 seconds
[Worker0] Imported GUID: 920ecfdb532776b4cb32b37e5bd9e6ff - Path: Packages/com.unity.2d.tilemap/Editor/Icons/Tilemap.TilePalette@4x.png - Importer: ScriptedImporter/UnityEditor.QuickSearchModule:UnityEditor.Search:ASIAI0B -> (ImportResultId: 'fbc7f79b8d9150076336809b45101fa9') in 0.013073166 seconds
[Worker0] Imported GUID: 1f26945e970839e41ba35badd04237ef - Path: Packages/com.unity.2d.tilemap/Editor/Icons/d_Grid.FlipX@2x.png - Importer: ScriptedImporter/UnityEditor.QuickSearchModule:UnityEditor.Search:ASIAI0B -> (ImportResultId: '8d0dcaab9816570fdbf07ec179b772bf') in 0.010503792 seconds
[Worker0] Imported GUID: 7a17912541de348408b722a40b972ea3 - Path: Packages/com.unity.2d.tilemap/Editor/Icons/Tilemap.BrushSettings.png - Importer: ScriptedImporter/UnityEditor.QuickSearchModule:UnityEditor.Search:ASIAI0B -> (ImportResultId: 'bd73538e7ead55f025e93b6ef04fbfad') in 0.011793666 seconds
[Worker0] Imported GUID: dd736f22fa93fe9468b8b8b405413957 - Path: Packages/com.unity.2d.animation/Editor/Assets/EditorIcons/Selected/Edit_Geometry@3x.png - Importer: ScriptedImporter/UnityEditor.QuickSearchModule:UnityEditor.Search:ASIAI0B -> (ImportResultId: 'f84db6b3c3cd587365c49fbb943d2ddd') in 0.011035 seconds
[Worker0] Imported GUID: 3cb521b5cc4956f4a9018b9e357aa680 - Path: Packages/com.unity.2d.animation/Editor/Assets/SkinningModule/VisibilityTool.uss - Importer: ScriptedImporter/UnityEditor.QuickSearchModule:UnityEditor.Search:ASIAI0B -> (ImportResultId: '00ad0ac9b9a72da2da0f86189c270dbd') in 0.011428959 seconds
[Worker0] Imported GUID: 4d3519975d99540eba1637a8a3e58f11 - Path: Packages/com.unity.2d.animation/Editor/Assets/ComponentIcons/d_Animation.SpriteLibrary.png - Importer: ScriptedImporter/UnityEditor.QuickSearchModule:UnityEditor.Search:ASIAI0B -> (ImportResultId: 'd583ac5b5afa93042b6d31a823f15eb7') in 0.010061667 seconds
[Worker0] Imported GUID: 139f9377103555b49b8dcd62686df3bf - Path: Packages/com.unity.2d.tilemap.extras/Editor/Tiles/RuleTile/RuleTileEditor.cs - Importer: ScriptedImporter/UnityEditor.QuickSearchModule:UnityEditor.Search:ASIAI0B -> (ImportResultId: 'b9b26e030dcbf3abfb410bfa7385854e') in 0.00884875 seconds
[Worker0] Imported GUID: 35f4ee23cc5e408190298151beab219a - Path: Packages/com.unity.2d.sprite/Editor/UI/SpriteEditor/SpriteEditorToolbar.uss - Importer: ScriptedImporter/UnityEditor.QuickSearchModule:UnityEditor.Search:ASIAI0B -> (ImportResultId: 'aee0bf7a0f3347b15b44f1318e8b7735') in 0.009651417 seconds
[Worker0] Imported GUID: 669cbd6dca22ed946bd5862232343456 - Path: Packages/com.unity.2d.tooling/README.md - Importer: ScriptedImporter/UnityEditor.QuickSearchModule:UnityEditor.Search:ASIAI0B -> (ImportResultId: 'a88b27fdb2eb966d4e7c3a3a6c5700d4') in 0.009873833 seconds
[Worker0] Imported GUID: 5c4ca39dfae364d0cabfa9898d2acfa1 - Path: Packages/com.unity.2d.animation/Editor/SpriteSkin/SpriteSkinEditor.cs - Importer: ScriptedImporter/UnityEditor.QuickSearchModule:UnityEditor.Search:ASIAI0B -> (ImportResultId: 'd89627b4102402e94a6aed36a5a38c28') in 0.00833625 seconds
[Worker0] Imported GUID: a8de6966b2124773bf111fc22f4bb715 - Path: Packages/com.unity.2d.aseprite/Editor/SpriteData.cs - Importer: ScriptedImporter/UnityEditor.QuickSearchModule:UnityEditor.Search:ASIAI0B -> (ImportResultId: 'd9e673c197ec378a7a109532a1f850d7') in 0.007826 seconds
[Worker0] Imported GUID: a0206750d2cf84513b1d43c3c6e20fc7 - Path: Packages/com.unity.2d.aseprite/Editor/Common/AssemblyInfo.cs - Importer: ScriptedImporter/UnityEditor.QuickSearchModule:UnityEditor.Search:ASIAI0B -> (ImportResultId: 'e1bf2df3c108ae99a3037a50d7cf6448') in 0.007657167 seconds
[Worker0] Imported GUID: 88f14d179e7c91c4eac28302d69f32e1 - Path: Packages/com.unity.2d.animation/IK/Runtime/Unity.2D.IK.Runtime.asmdef - Importer: ScriptedImporter/UnityEditor.QuickSearchModule:UnityEditor.Search:ASIAI0B -> (ImportResultId: 'dff551e76c7b4c52253e899445ceefdb') in 0.008302 seconds
[Worker0] Imported GUID: 5a4735bbb3b744ff685450556aa24b28 - Path: Packages/com.unity.2d.tooling/Editor/Insider/SpriteAtlas/SpriteAtlasIssueReport/SpriteCountInAtlasIssue/SpriteCountIssueSettings.uxml - Importer: ScriptedImporter/UnityEditor.QuickSearchModule:UnityEditor.Search:ASIAI0B -> (ImportResultId: 'e2612450676dc1e5cd740a32dc030b19') in 0.009941125 seconds
[Worker0] Imported GUID: 822efcfdd5f5a45e99513239c9c1859f - Path: Packages/com.unity.2d.sprite/Editor/UI/SpriteEditor/SpriteOutlineToolOverlayPanel.uxml - Importer: ScriptedImporter/UnityEditor.QuickSearchModule:UnityEditor.Search:ASIAI0B -> (ImportResultId: '34a37f9070a477d95f8acdafb25f19c4') in 0.012278416 seconds
[Worker0] Imported GUID: 594c7a7a7a9e4eae9e1a36856ab03a56 - Path: Packages/com.unity.2d.tilemap.extras/Editor/Tiles/AutoTile - Importer: ScriptedImporter/UnityEditor.QuickSearchModule:UnityEditor.Search:ASIAI0B -> (ImportResultId: '57aa2aa89466d880c689d47419ca98e8') in 0.008103833 seconds
[Worker0] Imported GUID: 7a102b8a65a8437b961da9f48269e876 - Path: Packages/com.unity.2d.sprite/Editor/Undo - Importer: ScriptedImporter/UnityEditor.QuickSearchModule:UnityEditor.Search:ASIAI0B -> (ImportResultId: '036513dd117f24cd03b4689979baa827') in 0.007741375 seconds
[Worker0] Imported GUID: 22a51b65d8f6d4807b7336582ec038a9 - Path: Packages/com.unity.2d.common/Path/Editor/IMGUI/GUIFramework/GUIState.cs - Importer: ScriptedImporter/UnityEditor.QuickSearchModule:UnityEditor.Search:ASIAI0B -> (ImportResultId: 'eb4cdccb3692a0253e5b19e058068b0d') in 0.008430084 seconds
[Worker0] Imported GUID: 579a0b120b7d2401b87c032fa708f3db - Path: Packages/com.unity.2d.tilemap/Editor/Icons/Tilemap.CustomBrush.png - Importer: ScriptedImporter/UnityEditor.QuickSearchModule:UnityEditor.Search:ASIAI0B -> (ImportResultId: 'ed71fd978515e4dbdd0edc893cd10134') in 0.010225708 seconds
[Worker0] Imported GUID: aa2a7a8ee6a464dd9ae636e73111beb6 - Path: Packages/com.unity.2d.animation/Editor/SkinningModule/ModuleUtility.cs - Importer: ScriptedImporter/UnityEditor.QuickSearchModule:UnityEditor.Search:ASIAI0B -> (ImportResultId: '1c6a402e920e3e91e4d4348315177241') in 0.008205583 seconds
[Worker0] Imported GUID: c22340e383b54c44196cb7765328e79d - Path: Packages/com.unity.2d.animation/Editor/Assets/EditorIcons/d_character_Mode@3x.png - Importer: ScriptedImporter/UnityEditor.QuickSearchModule:UnityEditor.Search:ASIAI0B -> (ImportResultId: '6dbe06e56aebf5905f1527038c850282') in 0.010343291 seconds
[Worker0] Imported GUID: 5d4fa2fdecdadcb468baaedc792cc439 - Path: Packages/com.unity.2d.animation/Editor/Assets/EditorIcons/Selected/Paste@4x.png - Importer: ScriptedImporter/UnityEditor.QuickSearchModule:UnityEditor.Search:ASIAI0B -> (ImportResultId: 'a8b0f1e139faf5d9429aa071c2656bb6') in 0.011054334 seconds
[Worker0] Imported GUID: 97de1f11b5a5dbf41baa1b0bc8ab989e - Path: Packages/com.unity.2d.tilemap/Editor/GridBrushEditorBase.cs - Importer: ScriptedImporter/UnityEditor.QuickSearchModule:UnityEditor.Search:ASIAI0B -> (ImportResultId: '62f6536cb7c2e6cac582b1f4b084f080') in 0.008168792 seconds
[Worker0] Imported GUID: 22143b1295b3a684d8118f7fa6c0403d - Path: Packages/com.unity.2d.animation/Editor/SkinningModule/SkinningCache/MeshPreviewCache.cs - Importer: ScriptedImporter/UnityEditor.QuickSearchModule:UnityEditor.Search:ASIAI0B -> (ImportResultId: 'fcc192944ba33aba3c31de99d93032f5') in 0.007799625 seconds
[Worker0] Imported GUID: cc4d24c10deda874e9f3470976b7d396 - Path: Packages/com.unity.2d.animation/Editor/Assets/EditorIcons/Selected/d_Visibility_Tool.png - Importer: ScriptedImporter/UnityEditor.QuickSearchModule:UnityEditor.Search:ASIAI0B -> (ImportResultId: 'fe8baaa91a986d477fdcbf41e3baeb86') in 0.009723166 seconds
[Worker0] Imported GUID: ad27c05e1cd134511a1636ea68b7f2a2 - Path: Packages/com.unity.2d.spriteshape/Editor/AssemblyInfo.cs - Importer: ScriptedImporter/UnityEditor.QuickSearchModule:UnityEditor.Search:ASIAI0B -> (ImportResultId: '95e7f2cd06f09e5210f7a41f3f40006d') in 0.008164958 seconds
[Worker0] Imported GUID: 9614f1c9b6a2eb5499429bfab13a0c09 - Path: Packages/com.unity.2d.psdimporter/Editor/PSDPlugin/PsdFile/PsdBinaryReader.cs - Importer: ScriptedImporter/UnityEditor.QuickSearchModule:UnityEditor.Search:ASIAI0B -> (ImportResultId: '7816b2f40e1d8302d6c6213e38592ec0') in 0.008108708 seconds
[Worker0] Imported GUID: 0a9a0f36a52ce7f4d813fbf5d8f76a1c - Path: Packages/com.unity.2d.spriteshape/Editor/Icons/SpriteShape@64.png - Importer: ScriptedImporter/UnityEditor.QuickSearchModule:UnityEditor.Search:ASIAI0B -> (ImportResultId: '685f2226fffd7690b4500d84d2356890') in 0.009495375 seconds
[Worker0] Imported GUID: ec23e33668eecff4aaec16f735dcc204 - Path: Packages/com.unity.2d.animation/Editor/Assets/EditorIcons/Visibility_Tool@3x.png - Importer: ScriptedImporter/UnityEditor.QuickSearchModule:UnityEditor.Search:ASIAI0B -> (ImportResultId: 'b21cd545121b51a0ff207b0b6c83538a') in 0.009666041 seconds
[Worker0] Imported GUID: 80cc812df3da1428d90980914d8cae76 - Path: Packages/com.unity.2d.animation/Editor/SpriteSkin/BoneHierarchy/BoneHierarchyDataBridge.cs - Importer: ScriptedImporter/UnityEditor.QuickSearchModule:UnityEditor.Search:ASIAI0B -> (ImportResultId: 'efed8d5efcdc8a83d85025c070f5cf28') in 0.007786708 seconds
[Worker0] Imported GUID: dfe2a4f79c965244c8f5deebb228bbbe - Path: Packages/com.unity.2d.pixel-perfect/Editor/Icons - Importer: ScriptedImporter/UnityEditor.QuickSearchModule:UnityEditor.Search:ASIAI0B -> (ImportResultId: 'dfd89ba294b27b8c28627f32d5ae4381') in 0.007996625 seconds
[Worker0] Imported GUID: 37848a25a68e0924ea2814f224e4d44a - Path: Packages/com.unity.2d.animation/Editor/SpriteLib/SpriteLibraryDataProvider.cs - Importer: ScriptedImporter/UnityEditor.QuickSearchModule:UnityEditor.Search:ASIAI0B -> (ImportResultId: '4021d840c2b4d7f2d02bafcb8fa5d516') in 0.008064625 seconds
[Worker0] Imported GUID: 86408806ba4819c4494d51cb88d34da4 - Path: Packages/com.unity.2d.tilemap/Editor/Icons/d_Tilemap.TilePalette@4x.png - Importer: ScriptedImporter/UnityEditor.QuickSearchModule:UnityEditor.Search:ASIAI0B -> (ImportResultId: 'bf388be5eb34dae65516027532a8cb30') in 0.010050959 seconds
[Worker0] Imported GUID: 7974be9b5f0db0f41a7acc758375c6a8 - Path: Packages/com.unity.2d.animation/Runtime/AssemblyInfo.cs - Importer: ScriptedImporter/UnityEditor.QuickSearchModule:UnityEditor.Search:ASIAI0B -> (ImportResultId: '3160647d6ddf2a1eb022d21f84c79d54') in 0.007963708 seconds
[Worker0] Imported GUID: 4858e04232af5e340922812cd3697086 - Path: Packages/com.unity.2d.tilemap/Editor/Icons/Tilemap.EditPalette.png - Importer: ScriptedImporter/UnityEditor.QuickSearchModule:UnityEditor.Search:ASIAI0B -> (ImportResultId: '7d97647871bd8678d9b61b56c65ee470') in 0.01028 seconds
[Worker0] Imported GUID: e085ef9f44efb404ca5462391539bf32 - Path: Packages/com.unity.2d.animation/Editor/Assets/SkinningModule/MeshToolbar.uxml - Importer: ScriptedImporter/UnityEditor.QuickSearchModule:UnityEditor.Search:ASIAI0B -> (ImportResultId: 'b86c7cbb3fb32a7bcf5e9294c40b2eda') in 0.010255416 seconds
[Worker0] Imported GUID: 53da314bfe3845741ad14976e09ee6cf - Path: Packages/com.unity.2d.tilemap/Editor/Icons/d_Grid.RotateACW.png - Importer: ScriptedImporter/UnityEditor.QuickSearchModule:UnityEditor.Search:ASIAI0B -> (ImportResultId: 'a5d6957d1c9e894e2510fb77942da497') in 0.0097365 seconds
[Worker0] Imported GUID: cd915eb47e2e4e1fab61313c044a1be5 - Path: Packages/com.unity.2d.tooling/Editor/Insider/SpriteAtlas/SpriteAtlasIssueReport/SpriteAtlasTextureSpaceUsedIssue - Importer: ScriptedImporter/UnityEditor.QuickSearchModule:UnityEditor.Search:ASIAI0B -> (ImportResultId: 'ff89c2d2d14fb619d3eec133a5804fbb') in 0.008029417 seconds
[Worker0] Imported GUID: fc45d656a7aa9449d82222e70afe5737 - Path: Packages/com.unity.2d.animation/Editor/Assets/SpriteLibraryEditor - Importer: ScriptedImporter/UnityEditor.QuickSearchModule:UnityEditor.Search:ASIAI0B -> (ImportResultId: '6c0071ec9e9e5b5b6731f4916c47995b') in 0.007702834 seconds
[Worker0] Imported GUID: ad9baf3ac3e35c948bf6a50e91e91473 - Path: Packages/com.unity.2d.sprite/Editor/UI/SpriteEditor/PolygonChangeShapeWindow.uxml - Importer: ScriptedImporter/UnityEditor.QuickSearchModule:UnityEditor.Search:ASIAI0B -> (ImportResultId: '1a47bb40d30bb0d806e25605e9a26ad8') in 0.009659416 seconds
[Worker0] Imported GUID: 7f77f51970704961b70275d21c760418 - Path: Packages/com.unity.2d.tilemap/Editor/TilePaletteWhiteboxSamplesUtility.cs - Importer: ScriptedImporter/UnityEditor.QuickSearchModule:UnityEditor.Search:ASIAI0B -> (ImportResultId: '46850e24cb98166d426edf231e8d9a38') in 0.008033625 seconds
[Worker0] Imported GUID: efb08993e46994800a736d1f88e89019 - Path: Packages/com.unity.2d.animation/Editor/Assets/ComponentIcons/Animation.SpriteLibrary@128.png - Importer: ScriptedImporter/UnityEditor.QuickSearchModule:UnityEditor.Search:ASIAI0B -> (ImportResultId: 'f6ed3c1ad0ae3e3ec8ac7d7ea28ddfac') in 0.010072291 seconds
[Worker0] Imported GUID: ea229648e7184fcc945b56a498942f05 - Path: Packages/com.unity.2d.animation/Editor/SpriteLib/SpriteLibraryEditor/UI/CustomElements/Dragger.cs - Importer: ScriptedImporter/UnityEditor.QuickSearchModule:UnityEditor.Search:ASIAI0B -> (ImportResultId: '39be5eb6532eb5d6e9d72969e71f8b76') in 0.00821325 seconds
[Worker0] Imported GUID: c12f761461a76f44eab4f22f85e988b1 - Path: Packages/com.unity.2d.psdimporter/Editor/PSDPlugin/PsdFile/Layers/Channel.cs - Importer: ScriptedImporter/UnityEditor.QuickSearchModule:UnityEditor.Search:ASIAI0B -> (ImportResultId: '5bb1e336745082198396ae49e72999fd') in 0.008820791 seconds
[Worker0] Imported GUID: 1a779e981994743649bb8e7b3ae9fdce - Path: Packages/com.unity.2d.aseprite/Editor/Common/InternalBridge/TexturePlatformSettings.cs - Importer: ScriptedImporter/UnityEditor.QuickSearchModule:UnityEditor.Search:ASIAI0B -> (ImportResultId: '37179307d32921cc6919b23a626ff907') in 0.008605167 seconds
[Worker0] Imported GUID: 93eee1e8c4cc94786afecdff009f013c - Path: Packages/com.unity.2d.tooling/Editor/Insider/SpriteAtlas/SpriteAtlasIssueReport/AllSpriteAtlasReport/AllSpriteAtlasReport.cs - Importer: ScriptedImporter/UnityEditor.QuickSearchModule:UnityEditor.Search:ASIAI0B -> (ImportResultId: '4feff20f9b42a0900409f1f7fe6fb687') in 0.008440583 seconds
[Worker0] Imported GUID: 54bff8a6a24f44b491524a7e19b45fc6 - Path: Packages/com.unity.2d.aseprite/Editor/TextContent.cs - Importer: ScriptedImporter/UnityEditor.QuickSearchModule:UnityEditor.Search:ASIAI0B -> (ImportResultId: '950f1463846b6ff3a49fbfe8234cbb7e') in 0.008304375 seconds
[Worker0] Imported GUID: 9f4a47927e764174fa3984b07f9d4b58 - Path: Packages/com.unity.2d.psdimporter/Editor/PSDPlugin/PsdFile/Layers/BlendingRanges.cs - Importer: ScriptedImporter/UnityEditor.QuickSearchModule:UnityEditor.Search:ASIAI0B -> (ImportResultId: 'b8f4070ab050856b5ec8e93b9a641257') in 0.008512916 seconds
[Worker0] Imported GUID: 0eadb29f63f3caa4d991699df42f251f - Path: Packages/com.unity.2d.animation/Editor/SkinningModule/Triangulation/ITriangulator.cs - Importer: ScriptedImporter/UnityEditor.QuickSearchModule:UnityEditor.Search:ASIAI0B -> (ImportResultId: 'bf49d7c5cb4877b4195f753a8d6ce5b6') in 0.00842325 seconds
[Worker0] Imported GUID: 172f9a5627fbd495e9b469d54bed367a - Path: Packages/com.unity.2d.sprite/Editor/ObjectMenuCreation/DefaultAssets/Textures/v2 - Importer: ScriptedImporter/UnityEditor.QuickSearchModule:UnityEditor.Search:ASIAI0B -> (ImportResultId: '913adf2747c86708e79be49af9424c7c') in 0.009253334 seconds
[Worker0] Imported GUID: 85f3a978696fd26438b3df20ad1eb853 - Path: Packages/com.unity.2d.tilemap/Editor/EditorTools/PaintTool.cs - Importer: ScriptedImporter/UnityEditor.QuickSearchModule:UnityEditor.Search:ASIAI0B -> (ImportResultId: '2e273d7300b8ceae0c32d282b78a3d8c') in 0.008204875 seconds
[Worker0] Imported GUID: 87da90d1a63b1174cb56810e4d9f769e - Path: Packages/com.unity.2d.psdimporter/Editor/PSDPlugin/PsdFile/Compression/ZipImage.cs - Importer: ScriptedImporter/UnityEditor.QuickSearchModule:UnityEditor.Search:ASIAI0B -> (ImportResultId: 'c7d5c04d0844714a595a5830a552113e') in 0.008416459 seconds
[Worker0] Imported GUID: 8b1590d433ba4dfc8c131bca204aaa6f - Path: Packages/com.unity.2d.tooling/Editor/Insider/Interface/ISaveData.cs - Importer: ScriptedImporter/UnityEditor.QuickSearchModule:UnityEditor.Search:ASIAI0B -> (ImportResultId: 'f23cd74755bfafe3786ec12292849838') in 0.008364 seconds
[Worker0] Imported GUID: db1e8fc8f15be484bb9f866640b84c04 - Path: Packages/com.unity.2d.tilemap/Editor/Icons/Tilemap.ShowGrid@2x.png - Importer: ScriptedImporter/UnityEditor.QuickSearchModule:UnityEditor.Search:ASIAI0B -> (ImportResultId: '8c53f57944cdb06001e7f78a9c87d8ef') in 0.010433666 seconds
[Worker0] Imported GUID: c899067ddf12498abd0cafa97b560107 - Path: Packages/com.unity.2d.tilemap/Editor/UI/TilePaletteBrushPickOverlay.cs - Importer: ScriptedImporter/UnityEditor.QuickSearchModule:UnityEditor.Search:ASIAI0B -> (ImportResultId: 'e3ee9431b76fd26edb5207b39506f2f5') in 0.008519166 seconds
[Worker0] Imported GUID: f24350129d71841b688a3c8de8944912 - Path: Packages/com.unity.2d.common/Path/Editor/Handles - Importer: ScriptedImporter/UnityEditor.QuickSearchModule:UnityEditor.Search:ASIAI0B -> (ImportResultId: '79e0e1a39789244ebaeafcdad38194d8') in 0.0087035 seconds
[Worker0] Imported GUID: 6ff589f8277c4d61bb54c6a1a0923c9b - Path: Packages/com.unity.2d.tilemap/Editor/UI/TilePaletteOverlayToolbarElementAttribute.cs - Importer: ScriptedImporter/UnityEditor.QuickSearchModule:UnityEditor.Search:ASIAI0B -> (ImportResultId: '548fc6194f40c6d5d77e74c4b465f03c') in 0.008513833 seconds
[Licensing::Client] Successfully resolved entitlement details
[Worker0] Imported GUID: 30cc8dc04de434864a26b5fc25a7a5a4 - Path: Packages/com.unity.2d.animation/Editor/Assets/ComponentIcons/d_Animation.SpriteSkin@128.png - Importer: ScriptedImporter/UnityEditor.QuickSearchModule:UnityEditor.Search:ASIAI0B -> (ImportResultId: 'a37ec2971b643d50e31daa4cf7b5d1af') in 0.011075625 seconds
[Worker0] Imported GUID: bb6e0fae761c98e4babad8a6c2188e8d - Path: Packages/com.unity.2d.tilemap.extras/Runtime - Importer: ScriptedImporter/UnityEditor.QuickSearchModule:UnityEditor.Search:ASIAI0B -> (ImportResultId: '52d0ea3e2b4a9a77ba5bddeb7e9a85a2') in 0.008530291 seconds
[Worker0] Imported GUID: 0c5c95ab5cf49784c86dc247663d026e - Path: Packages/com.unity.2d.animation/Editor/SkinningModule - Importer: ScriptedImporter/UnityEditor.QuickSearchModule:UnityEditor.Search:ASIAI0B -> (ImportResultId: 'c01e52a5889f1f21a8f344b0a4583eb1') in 0.008229959 seconds
[Worker0] Imported GUID: 369732f07c14c2346a9fb3f989cd9630 - Path: Packages/com.unity.2d.common/Runtime/UTess2D/Smoothen.cs - Importer: ScriptedImporter/UnityEditor.QuickSearchModule:UnityEditor.Search:ASIAI0B -> (ImportResultId: 'a5de5d60de279ab777145310f7be3e24') in 0.008260834 seconds
[Worker0] Imported GUID: a1585a67bdb5741a6bc69877b78cdcd3 - Path: Packages/com.unity.2d.animation/Editor/Assets/ComponentIcons/d_Animation.SpriteResolver.png - Importer: ScriptedImporter/UnityEditor.QuickSearchModule:UnityEditor.Search:ASIAI0B -> (ImportResultId: 'fb49d5ea7871f49f99ebe77da4076cf4') in 0.009739625 seconds
[Worker0] Imported GUID: a581ff3810b2e0a4690cddcf7634ed22 - Path: Packages/com.unity.2d.animation/Editor/Assets/EditorIcons/Selected/Generate_Geometry@3x.png - Importer: ScriptedImporter/UnityEditor.QuickSearchModule:UnityEditor.Search:ASIAI0B -> (ImportResultId: 'cbc932d9755628d61b934965e1e6c416') in 0.010038 seconds
[Worker0] Imported GUID: ea09cf179b192498284b7d89afdbff8a - Path: Packages/com.unity.2d.animation/Editor/SkinningModule/IMGUI/RectSlider.cs - Importer: ScriptedImporter/UnityEditor.QuickSearchModule:UnityEditor.Search:ASIAI0B -> (ImportResultId: 'c68e95cd17e27b2a2dd74c00254edb06') in 0.008941041 seconds
[Worker0] Imported GUID: ad7233a4a9bae914696f0c4fe3c9c8c1 - Path: Packages/com.unity.2d.animation/Editor/SkinningModule/VisibilityTool/VisibilityTool.cs - Importer: ScriptedImporter/UnityEditor.QuickSearchModule:UnityEditor.Search:ASIAI0B -> (ImportResultId: '7137a94d6474f3de86311181b93fd923') in 0.008342375 seconds
[Worker0] Imported GUID: 8169b95b76b504e3b8dc9ccf0bdbe226 - Path: Packages/com.unity.2d.animation/Editor/Assets/EditorIcons/Sprite_Influence@2x.png - Importer: ScriptedImporter/UnityEditor.QuickSearchModule:UnityEditor.Search:ASIAI0B -> (ImportResultId: '95c1a8878eba71cdaa7fe3088dab6016') in 0.011111 seconds
[Worker0] Imported GUID: a8da56a2d332845258195016e4f58611 - Path: Packages/com.unity.2d.animation/Editor/Assets/EditorIcons/d_EditorUI.Filter.png - Importer: ScriptedImporter/UnityEditor.QuickSearchModule:UnityEditor.Search:ASIAI0B -> (ImportResultId: 'c1377fefb4cd9199f873d52b56012ca8') in 0.010773667 seconds
[Worker0] Imported GUID: 35eff9f2e237542638ac4daeeef3a80e - Path: Packages/com.unity.2d.animation/Editor/SpriteLib/SpriteLibraryEditor/SpriteLibraryEditorModel.cs - Importer: ScriptedImporter/UnityEditor.QuickSearchModule:UnityEditor.Search:ASIAI0B -> (ImportResultId: '845d776809161e1421dccab33ef239da') in 0.008357458 seconds
[Worker0] Imported GUID: bda7ebfc26d032447b9bd9311dd6ee39 - Path: Packages/com.unity.2d.animation/Runtime/BatchedDeformation/DeformationManagerUpdater.cs - Importer: ScriptedImporter/UnityEditor.QuickSearchModule:UnityEditor.Search:ASIAI0B -> (ImportResultId: '7bdc74e8e12a654e0c62c730e95ce508') in 0.008874667 seconds
[Worker0] Imported GUID: 1098fc68a178ced428eb7fe625f54179 - Path: Packages/com.unity.2d.tilemap/Editor/EditorTools/TilemapEditorTool.cs - Importer: ScriptedImporter/UnityEditor.QuickSearchModule:UnityEditor.Search:ASIAI0B -> (ImportResultId: 'c0fe13e9e622833a858dda44e6bff1b4') in 0.008202083 seconds
[Worker0] Imported GUID: 803b0b9bfc1fd824aae8423bfbab83b4 - Path: Packages/com.unity.2d.animation/Editor/Assets/EditorIcons/Create Bones@3x.png - Importer: ScriptedImporter/UnityEditor.QuickSearchModule:UnityEditor.Search:ASIAI0B -> (ImportResultId: 'ebd1ac38232c6d00a63cf3f306272654') in 0.009788125 seconds
[Worker0] Imported GUID: 36c1c6da648bfa14fb09e548b0f27446 - Path: Packages/com.unity.2d.animation/IK/Runtime/Solver2DMenuAttribute.cs - Importer: ScriptedImporter/UnityEditor.QuickSearchModule:UnityEditor.Search:ASIAI0B -> (ImportResultId: '0c428ecbd528dda6d2633c7148fd7c70') in 0.008116375 seconds
[Worker0] Imported GUID: b7784190913354d4fb9b7f77888f915f - Path: Packages/com.unity.2d.sprite/Editor/Assets/d_SpriteEditor.png - Importer: ScriptedImporter/UnityEditor.QuickSearchModule:UnityEditor.Search:ASIAI0B -> (ImportResultId: 'f497ee8f959609b570eb5659a842de46') in 0.010117542 seconds
[Worker0] Imported GUID: 67c59659677c64521a754356d551b44f - Path: Packages/com.unity.2d.animation/Editor/Assets/ComponentIcons/d_Animation.SpriteLibrary.asset - Importer: ScriptedImporter/UnityEditor.QuickSearchModule:UnityEditor.Search:ASIAI0B -> (ImportResultId: 'efafea4a73e366c5e27350d0c69379b8') in 0.012615584 seconds
[Worker0] Imported GUID: af77273b34edb4bacbace0efd118bf1a - Path: Packages/com.unity.2d.animation/Editor/Assets/ComponentIcons/d_Animation.IKFabrik@128.png - Importer: ScriptedImporter/UnityEditor.QuickSearchModule:UnityEditor.Search:ASIAI0B -> (ImportResultId: '75677a29eadfa92985538e781180b86e') in 0.01036775 seconds
[Worker0] Imported GUID: 4f15e4da25f5407188ceb3ad49176db9 - Path: Packages/com.unity.2d.tilemap/Editor/UI/External/RenameableLabel.cs - Importer: ScriptedImporter/UnityEditor.QuickSearchModule:UnityEditor.Search:ASIAI0B -> (ImportResultId: 'b827f84d0053c75a45793a3d68c9647c') in 0.008909916 seconds
[Worker0] Imported GUID: 495418ee53486f643b24accccc9269f1 - Path: Packages/com.unity.2d.tilemap/Editor/EditorTools - Importer: ScriptedImporter/UnityEditor.QuickSearchModule:UnityEditor.Search:ASIAI0B -> (ImportResultId: 'd9ad6078ad546e27b52590400c9933cb') in 0.00806525 seconds
[Worker0] Imported GUID: bd3cb4af8406d4436a2ae8c2aafe1f8d - Path: Packages/com.unity.2d.sprite/Editor/ObjectMenuCreation/DefaultAssets/Textures/Capsule.png - Importer: ScriptedImporter/UnityEditor.QuickSearchModule:UnityEditor.Search:ASIAI0B -> (ImportResultId: 'c4ef20a3990e04df7e978a0cfe550ab2') in 0.011501 seconds
[Worker0] Imported GUID: 6fd5a08a269c8544095b5c02ab57696b - Path: Packages/com.unity.2d.animation/Editor/Assets/EditorIcons/Selected/Edit_Joints.png - Importer: ScriptedImporter/UnityEditor.QuickSearchModule:UnityEditor.Search:ASIAI0B -> (ImportResultId: 'cb55ee3c5d837fe2108d9e333697194c') in 0.010378292 seconds
[Worker0] Imported GUID: a48b87fa919cc4fc1aa9c3d6b8ec5831 - Path: Packages/com.unity.2d.animation/Editor/Assets/SpriteLibraryEditor/EditorTabHeader.uxml - Importer: ScriptedImporter/UnityEditor.QuickSearchModule:UnityEditor.Search:ASIAI0B -> (ImportResultId: '19bcd02ac8555f0280355ef8a917ce5f') in 0.009652542 seconds
[Worker0] Imported GUID: 7ce16c63ba627427cab935593c090e34 - Path: Packages/com.unity.2d.animation/Editor/Assets/EditorIcons/Selected/Sprite_Influence@3x.png - Importer: ScriptedImporter/UnityEditor.QuickSearchModule:UnityEditor.Search:ASIAI0B -> (ImportResultId: '9170971e21adae9f48b4fbc22fe122b7') in 0.009722875 seconds
[Worker0] Imported GUID: 4cbbf7337aa794bf299ec0044983eef2 - Path: Packages/com.unity.2d.animation/Editor/Assets/EditorIcons/False.png - Importer: ScriptedImporter/UnityEditor.QuickSearchModule:UnityEditor.Search:ASIAI0B -> (ImportResultId: '29c4a01bd64a8e3f8ad77336a4d2684b') in 0.010728333 seconds
[Worker0] Imported GUID: 565f21321301c8241bd11a79cf345e5a - Path: Packages/com.unity.2d.spriteshape/Runtime/SpriteShapeDefaultCreator.cs - Importer: ScriptedImporter/UnityEditor.QuickSearchModule:UnityEditor.Search:ASIAI0B -> (ImportResultId: '32612ea01f4a9a90ecdee525f2985dcc') in 0.008650167 seconds
[Worker0] Imported GUID: 6ad0a0cb781e419690c8bfb5662edcb2 - Path: Packages/com.unity.2d.tilemap/Editor/UI/TilePaletteBrushPickItemElement.cs - Importer: ScriptedImporter/UnityEditor.QuickSearchModule:UnityEditor.Search:ASIAI0B -> (ImportResultId: '38156c4ab7b8f166ec1c85de1947f98c') in 0.0085125 seconds
[Worker0] Imported GUID: 03d93c388f90a6248983677a29c72b38 - Path: Packages/com.unity.2d.tilemap/Editor/Icons/d_Tilemap.BrushSettings@2x.png - Importer: ScriptedImporter/UnityEditor.QuickSearchModule:UnityEditor.Search:ASIAI0B -> (ImportResultId: 'b05f758dd0c65e8f200492b31628a712') in 0.010253375 seconds
[Worker0] Imported GUID: 68f9e990182e8491b9c0f3dc88cd0158 - Path: Packages/com.unity.2d.psdimporter/Editor/Assets/Icons/Selected/Layers Collapsed@2x.png - Importer: ScriptedImporter/UnityEditor.QuickSearchModule:UnityEditor.Search:ASIAI0B -> (ImportResultId: '16a4b773239de78fefa85a83c17077cb') in 0.011176958 seconds
[Worker0] Imported GUID: 3279d541bf75c624cbdd7179eb5559a8 - Path: Packages/com.unity.2d.animation/Editor/Assets/EditorIcons/Weight_Brush@3x.png - Importer: ScriptedImporter/UnityEditor.QuickSearchModule:UnityEditor.Search:ASIAI0B -> (ImportResultId: '4bce26afe5874f7b2c1b130a0bfdb77e') in 0.01030825 seconds
[Worker0] Imported GUID: 2ee807d25a754c00a9978861b03e5171 - Path: Packages/com.unity.2d.tilemap/Editor/GridBrushEditorPreferences.cs - Importer: ScriptedImporter/UnityEditor.QuickSearchModule:UnityEditor.Search:ASIAI0B -> (ImportResultId: 'fb6dcf65c3c704da957cc69a42a74af8') in 0.008221667 seconds
[Worker0] Imported GUID: 1798f66d9f8a40a9bce3f200517613c0 - Path: Packages/com.unity.2d.tilemap/Editor/UI - Importer: ScriptedImporter/UnityEditor.QuickSearchModule:UnityEditor.Search:ASIAI0B -> (ImportResultId: '0586bd9059869c46fc1e0a70880805a6') in 0.008179334 seconds
[Worker0] Imported GUID: 8ce57331a725cc74d84af900f8f3c641 - Path: Packages/com.unity.2d.animation/Editor/Assets/EditorIcons/d_Visibility_Tool 1.png - Importer: ScriptedImporter/UnityEditor.QuickSearchModule:UnityEditor.Search:ASIAI0B -> (ImportResultId: '34d44998222270cb946a865215ff79df') in 0.010156875 seconds
[Worker0] Imported GUID: e530623cd53f3ea46ac09b786f0c49ef - Path: Packages/com.unity.2d.animation/Editor/Assets/EditorIcons/Split Bones@4x.png - Importer: ScriptedImporter/UnityEditor.QuickSearchModule:UnityEditor.Search:ASIAI0B -> (ImportResultId: 'be7add7ea7a75ed549c809b53ba69181') in 0.010097125 seconds
[Worker0] Imported GUID: d0604e80537a4ff4881a6182ae5afe7c - Path: Packages/com.unity.2d.animation/Editor/Assets/EditorIcons/Parent_Bone@4x.png - Importer: ScriptedImporter/UnityEditor.QuickSearchModule:UnityEditor.Search:ASIAI0B -> (ImportResultId: 'f7cb3a3e7909b20b991f21d783aae461') in 0.010675042 seconds
[Worker0] Imported GUID: 0c926fd9d26434ad0a8b29ee9f787d7d - Path: Packages/com.unity.2d.psdimporter/Editor/PSDGameObjectPreviewData.cs - Importer: ScriptedImporter/UnityEditor.QuickSearchModule:UnityEditor.Search:ASIAI0B -> (ImportResultId: '3d73561e4a389bcff76675b36ed30dc0') in 0.008860792 seconds
[Worker0] Imported GUID: e49f082c717ea884dae7404b70a08c56 - Path: Packages/com.unity.2d.spriteshape/Runtime/BezierUtility.cs - Importer: ScriptedImporter/UnityEditor.QuickSearchModule:UnityEditor.Search:ASIAI0B -> (ImportResultId: '553bb4737bde5120b7005264aed3cabc') in 0.0083925 seconds
[Worker0] Imported GUID: 46b9a1f80f56fdd4d93e4e24e4826cc8 - Path: Packages/com.unity.2d.tilemap/Editor/UI/TilemapEditorToolbarStrip.cs - Importer: ScriptedImporter/UnityEditor.QuickSearchModule:UnityEditor.Search:ASIAI0B -> (ImportResultId: '456cccf3d16e6caa51e2b4b563b8f55f') in 0.008119583 seconds
[Worker0] Imported GUID: 35869f4d0e1d03e4ebffcc461c55773f - Path: Packages/com.unity.2d.animation/Editor/SkinningModule/Lib/x64/BoundedBiharmonicWeightsModule.so - Importer: ScriptedImporter/UnityEditor.QuickSearchModule:UnityEditor.Search:ASIAI0B -> (ImportResultId: 'acc4f241d3ace904afbddcba82646308') in 0.008301375 seconds
[Worker0] Imported GUID: c6d716fa0b248974ba279fc9660ff779 - Path: Packages/com.unity.2d.sprite/Editor/SpriteEditorModule/TextureImporterDataProviderImplementation.cs - Importer: ScriptedImporter/UnityEditor.QuickSearchModule:UnityEditor.Search:ASIAI0B -> (ImportResultId: 'a29de72ae9f710157ec95196956e8e69') in 0.008014834 seconds
[Worker0] Imported GUID: fc0f7df10f714e0458bbe6f652412bda - Path: Packages/com.unity.2d.animation/Editor/SkinningModule/VisibilityTool/BoneVisibilityToolInterface.cs - Importer: ScriptedImporter/UnityEditor.QuickSearchModule:UnityEditor.Search:ASIAI0B -> (ImportResultId: 'c5384e882140de982a0033bcb1248f20') in 0.008148584 seconds
[Worker0] Imported GUID: 004c70e5832534d4798a9e1c2b525aee - Path: Packages/com.unity.2d.animation/Third Party Notices.md - Importer: ScriptedImporter/UnityEditor.QuickSearchModule:UnityEditor.Search:ASIAI0B -> (ImportResultId: '27d3357166ef2a86928f60a0f0a88e9d') in 0.008278291 seconds
[Worker0] Imported GUID: b9e07fa015d343f9b78fc0781eac439f - Path: Packages/com.unity.2d.aseprite/Editor/Aseprite/AsepriteReader.cs - Importer: ScriptedImporter/UnityEditor.QuickSearchModule:UnityEditor.Search:ASIAI0B -> (ImportResultId: '6427e9a34bbc21b68c867a926b31734d') in 0.008042708 seconds
[Worker0] Imported GUID: 1e5643f1bcfd748dbb9155663dddd82b - Path: Packages/com.unity.2d.spriteshape/Editor/SpriteShapeEditor.cs - Importer: ScriptedImporter/UnityEditor.QuickSearchModule:UnityEditor.Search:ASIAI0B -> (ImportResultId: 'e31d79507fd57e8939391aa2c0da1967') in 0.008048208 seconds
[Worker0] Imported GUID: cea9a02ce8d970946b9534af754bfda1 - Path: Packages/com.unity.2d.psdimporter/Editor/PSDPlugin/PsdFile/Compression - Importer: ScriptedImporter/UnityEditor.QuickSearchModule:UnityEditor.Search:ASIAI0B -> (ImportResultId: 'aecdece71cd8a8441a29e2994007e71c') in 0.008791792 seconds
[Worker0] Imported GUID: f723a6284838af1429bbb544ecf4015d - Path: Packages/com.unity.2d.animation/Editor/Assets/EditorIcons/Selected/Split Bones.png - Importer: ScriptedImporter/UnityEditor.QuickSearchModule:UnityEditor.Search:ASIAI0B -> (ImportResultId: '99f7158fc055be4cd0f481f1f4cf2eec') in 0.010045958 seconds
[Worker0] Imported GUID: f07558e3f18214421b184e32d188624c - Path: Packages/com.unity.2d.common/Editor - Importer: ScriptedImporter/UnityEditor.QuickSearchModule:UnityEditor.Search:ASIAI0B -> (ImportResultId: '4097e327b15c3cefd67d1c183bf07e23') in 0.009191417 seconds
[Worker0] Imported GUID: 62ce01ddca719d34ea9648c586a7cc94 - Path: Packages/com.unity.2d.animation/Editor/Assets/EditorIcons/Bone.png - Importer: ScriptedImporter/UnityEditor.QuickSearchModule:UnityEditor.Search:ASIAI0B -> (ImportResultId: '69273a978a8e4e0233b61166600a3a60') in 0.010309166 seconds
[Worker0] Imported GUID: 5df5eccb22181f040836da1ea19743e8 - Path: Packages/com.unity.2d.animation/Editor/Assets/EditorIcons/d_Edit_Pose@2x.png - Importer: ScriptedImporter/UnityEditor.QuickSearchModule:UnityEditor.Search:ASIAI0B -> (ImportResultId: '07196ee2423a60bfb00a1c4f26e29afe') in 0.009542625 seconds
[Worker0] Imported GUID: b8f785378d0cc4a10b222c53610ec14b - Path: Packages/com.unity.2d.tooling/Editor/Insider/SpriteAtlas - Importer: ScriptedImporter/UnityEditor.QuickSearchModule:UnityEditor.Search:ASIAI0B -> (ImportResultId: '8097c3d01b17bc43b61f000a9045e011') in 0.008420375 seconds
[Worker0] Imported GUID: 3e98b5bf8fbc84d4bafe25706ebcde8a - Path: Packages/com.unity.2d.animation/Editor/Assets/EditorIcons/d_Split Bones.png - Importer: ScriptedImporter/UnityEditor.QuickSearchModule:UnityEditor.Search:ASIAI0B -> (ImportResultId: 'ab7bf01134c156dc8d7498401be09ea5') in 0.010331083 seconds
[Worker1] Imported GUID: 4a6ed47ab3732e642a9f8b492ed24194 - Path: Packages/com.unity.2d.common/Third Party Notices.md - Importer: ScriptedImporter/UnityEditor.QuickSearchModule:UnityEditor.Search:ASIAI0B -> (ImportResultId: '999e3b0811104378c4f8e924ff5a8300') in 0.039938417 seconds
[Worker0] Imported GUID: 6f9cfa61f09d4dd28bf756b82079a9b4 - Path: Packages/com.unity.2d.tilemap.extras/Editor/Tiles/AutoTile/UI/AutoTileEditor.uss - Importer: ScriptedImporter/UnityEditor.QuickSearchModule:UnityEditor.Search:ASIAI0B -> (ImportResultId: '16bc348ba8dffac3fa2b1421c0e1b261') in 0.009795541 seconds
[Worker0] Imported GUID: 81b5d3841f5c60d4998eaa5628c6f899 - Path: Packages/com.unity.2d.sprite/Editor/SpriteEditorModule/SpriteFrameModule/SpriteFrameModuleView.cs - Importer: ScriptedImporter/UnityEditor.QuickSearchModule:UnityEditor.Search:ASIAI0B -> (ImportResultId: '39a8d712358c54f9888015d96407dde5') in 0.008508333 seconds
[Worker0] Imported GUID: 246d7c7c8e9e6cf43893ae13c5a81bdf - Path: Packages/com.unity.2d.animation/Editor/Assets/EditorIcons/d_Bone@4x.png - Importer: ScriptedImporter/UnityEditor.QuickSearchModule:UnityEditor.Search:ASIAI0B -> (ImportResultId: '523bd59915c7ec9e49b1c1791dfa7b4b') in 0.011579667 seconds
[Worker0] Imported GUID: 03bd69c1b56e1114794712e23f86f554 - Path: Packages/com.unity.2d.animation/IK/Editor/Inspectors/LimbSolver2DEditor.cs - Importer: ScriptedImporter/UnityEditor.QuickSearchModule:UnityEditor.Search:ASIAI0B -> (ImportResultId: '5e335c572ad40a6c673e3cf4d26ccd4d') in 0.008770583 seconds
[Worker0] Imported GUID: 8f6f9c259863a8bd0303c0f5bc6d8a58 - Path: Packages/com.unity.feature.2d - Importer: ScriptedImporter/UnityEditor.QuickSearchModule:UnityEditor.Search:ASIAI0B -> (ImportResultId: '4ab65c8a0c427619c84b294ef6560c85') in 0.009254333 seconds
[Worker1] Imported GUID: 346d40e23f03e4f48bdda501fffa178a - Path: Packages/com.unity.2d.psdimporter/Editor/Assets/Icons/Selected/Layers Separated@1x.png - Importer: ScriptedImporter/UnityEditor.QuickSearchModule:UnityEditor.Search:ASIAI0B -> (ImportResultId: '74d4db5039e7af980be4f81e4c9a748e') in 0.049428583 seconds
[Worker0] Imported GUID: cce85e132a43842a09301fd497983f25 - Path: Packages/com.unity.2d.psdimporter/Editor/Assets/Icons/Dark/Layers Mixed@16x.png - Importer: ScriptedImporter/UnityEditor.QuickSearchModule:UnityEditor.Search:ASIAI0B -> (ImportResultId: 'e1b607f1530c580e3d7830a872c10b60') in 0.013407625 seconds
[Worker1] Imported GUID: 9e83c20a8293f44ec8a375d3805f477d - Path: Packages/com.unity.2d.animation/package.json - Importer: ScriptedImporter/UnityEditor.QuickSearchModule:UnityEditor.Search:ASIAI0B -> (ImportResultId: 'b8bb9fef1ed0ed23e5138ea762162fc7') in 0.009748958 seconds
[Worker0] Imported GUID: d1f51a5b71c3ce943b689d3664e4d5fd - Path: Packages/com.unity.2d.spriteshape/Runtime/External/LibTessDotNet/Dict.cs - Importer: ScriptedImporter/UnityEditor.QuickSearchModule:UnityEditor.Search:ASIAI0B -> (ImportResultId: '2e1519c22c4489c4508e6fb9196ea4a2') in 0.009367959 seconds
[Worker1] Imported GUID: e4fb0444010e8434990669a1a40671df - Path: Packages/com.unity.2d.common/Path/Editor/EditablePath/EditablePathUtility.cs - Importer: ScriptedImporter/UnityEditor.QuickSearchModule:UnityEditor.Search:ASIAI0B -> (ImportResultId: '2786b18766546e33cba89f0e758ca165') in 0.011186333 seconds
[Worker0] Imported GUID: 4d951193f45a4d82985f6bdfdb569b44 - Path: Packages/com.unity.2d.common/Editor/InspectorUtils.cs - Importer: ScriptedImporter/UnityEditor.QuickSearchModule:UnityEditor.Search:ASIAI0B -> (ImportResultId: '3d76c826483734a514f47c2a5a883e27') in 0.00968525 seconds
[Worker1] Imported GUID: 73b40baae33683644bc747233705b62a - Path: Packages/com.unity.feature.2d/CHANGELOG.md - Importer: ScriptedImporter/UnityEditor.QuickSearchModule:UnityEditor.Search:ASIAI0B -> (ImportResultId: '5b38470daae6722a5c31263daf1781a1') in 0.009280083 seconds
[Worker0] Imported GUID: 3e7d23639bb969a4281b83c40743b6f5 - Path: Packages/com.unity.2d.pixel-perfect/Runtime/CinemachinePixelPerfect.cs - Importer: ScriptedImporter/UnityEditor.QuickSearchModule:UnityEditor.Search:ASIAI0B -> (ImportResultId: 'd997440d5bb80c56e12f89c84eef2ac5') in 0.010757834 seconds
[Worker1] Imported GUID: 774c00e683b6094459a1ed557b35694b - Path: Packages/com.unity.2d.animation/IK/Editor/Inspectors/IKManager2DEditor.cs - Importer: ScriptedImporter/UnityEditor.QuickSearchModule:UnityEditor.Search:ASIAI0B -> (ImportResultId: '981c5bea5599c557560915d48328ddc9') in 0.009736875 seconds
[Worker0] Imported GUID: 32ae70dfad34e4a56a3f40eaf723f739 - Path: Packages/com.unity.2d.psdimporter/Editor/Assets/Icons/Selected/Layers Mixed@4x.png - Importer: ScriptedImporter/UnityEditor.QuickSearchModule:UnityEditor.Search:ASIAI0B -> (ImportResultId: '0403245a85b25356cc032e0afc083898') in 0.011959417 seconds
[Worker1] Imported GUID: 86336a55e7547dc488e6f36257a6f183 - Path: Packages/com.unity.2d.pixel-perfect/Runtime - Importer: ScriptedImporter/UnityEditor.QuickSearchModule:UnityEditor.Search:ASIAI0B -> (ImportResultId: 'b10ceb771ed8c8b2917f30db040d85c3') in 0.008851042 seconds
[Worker0] Imported GUID: 599f7dd3d2f02c04093072e31f7f7069 - Path: Packages/com.unity.2d.animation/Editor/SpriteLib/SpriteLibraryAssetInspector.cs - Importer: ScriptedImporter/UnityEditor.QuickSearchModule:UnityEditor.Search:ASIAI0B -> (ImportResultId: '2c2ad3f8461a7d95a566f5c2adba8bc2') in 0.008645042 seconds
[Worker1] Imported GUID: 7dff351efa9c4548b5ccca9af78c43cc - Path: Packages/com.unity.2d.common/Runtime/InternalBridge/IAnimationPreviewable.cs - Importer: ScriptedImporter/UnityEditor.QuickSearchModule:UnityEditor.Search:ASIAI0B -> (ImportResultId: '966c430cc82bc4a1f00e8fbeaa3f60cf') in 0.00954375 seconds
[Worker0] Imported GUID: 24a4dd7831e4a46f593e94273994b42c - Path: Packages/com.unity.2d.tilemap/Editor/Icons/d_EditorUI.Filter@2x.png - Importer: ScriptedImporter/UnityEditor.QuickSearchModule:UnityEditor.Search:ASIAI0B -> (ImportResultId: '62341060b0d77547485a31e08f9ea5b3') in 0.011519125 seconds
[Worker1] Imported GUID: 3f03c59d42c144a89743fbad7c07fbd3 - Path: Packages/com.unity.2d.sprite/Editor/SpriteEditorModule/SpriteFrameModule/UndoObject/EditCapabilityUndoObject.cs - Importer: ScriptedImporter/UnityEditor.QuickSearchModule:UnityEditor.Search:ASIAI0B -> (ImportResultId: 'c71623e7d218f69ddb37ae7b48b7cd26') in 0.00873925 seconds
[Worker1] Imported GUID: 305b8effee6b040328c293f518335b37 - Path: Packages/com.unity.2d.animation/Editor/Assets/ComponentIcons/d_Animation.IKManager@32.png - Importer: ScriptedImporter/UnityEditor.QuickSearchModule:UnityEditor.Search:ASIAI0B -> (ImportResultId: '4a74273fd7c30b856a05a70bc621f2d4') in 0.01024925 seconds
[Worker0] Imported GUID: 17d3bf7425a0748489ce3633e38652db - Path: Packages/com.unity.2d.animation/Editor/Assets/EditorIcons/Weight_Brush@2x.png - Importer: ScriptedImporter/UnityEditor.QuickSearchModule:UnityEditor.Search:ASIAI0B -> (ImportResultId: 'cc1b75ca76e8756b9edaa74832bf7df2') in 0.014477875 seconds
[Worker1] Imported GUID: 4bdfc57c0f4c65947a6971d815bd7ea7 - Path: Packages/com.unity.2d.psdimporter/Editor/PSDPlugin/PsdFile/ImageResource.cs - Importer: ScriptedImporter/UnityEditor.QuickSearchModule:UnityEditor.Search:ASIAI0B -> (ImportResultId: 'aa4576877e4484217184bd2d45f3a2c0') in 0.008984625 seconds
[Worker0] Imported GUID: 3610f44c4cf884dad93f89fe4f19b8db - Path: Packages/com.unity.2d.animation/Editor/SkinningModule/IMGUI/WeightInspector.cs - Importer: ScriptedImporter/UnityEditor.QuickSearchModule:UnityEditor.Search:ASIAI0B -> (ImportResultId: '745ffd728ebce025f37bea6c2d385627') in 0.00893125 seconds
[Worker1] Imported GUID: 6e2c347c12b3fe04b94007ad25ace23a - Path: Packages/com.unity.2d.animation/Editor/Assets/EditorIcons/d_Create Bones@3x.png - Importer: ScriptedImporter/UnityEditor.QuickSearchModule:UnityEditor.Search:ASIAI0B -> (ImportResultId: '5ab39b6cbc7226e69f81c3d5bdaae7e7') in 0.01130825 seconds
[Worker0] Imported GUID: 9b3eb1ded0fb747809431ebbd42aa4f3 - Path: Packages/com.unity.2d.common/Editor/ImagePacker/Jobs/FindTightRectJob.cs - Importer: ScriptedImporter/UnityEditor.QuickSearchModule:UnityEditor.Search:ASIAI0B -> (ImportResultId: 'fd6478dba26caa0885ad9864621836e4') in 0.008977333 seconds
[Worker0] Imported GUID: d096e666129ea0247bb05049143ba33a - Path: Packages/com.unity.2d.tilemap.extras/LICENSE.md - Importer: ScriptedImporter/UnityEditor.QuickSearchModule:UnityEditor.Search:ASIAI0B -> (ImportResultId: '8434bf6b61c43149e2dcb57503119503') in 0.008047292 seconds
[Worker1] Imported GUID: e31c136ab48c1194184380e435f3936d - Path: Packages/com.unity.2d.sprite/README.md - Importer: ScriptedImporter/UnityEditor.QuickSearchModule:UnityEditor.Search:ASIAI0B -> (ImportResultId: '8bcf1d7dac6719e6bba53713afe47a88') in 0.009052708 seconds
[Worker0] Imported GUID: b6fc4f71b00f42947b2ff5102dd5609e - Path: Packages/com.unity.2d.tilemap/Editor/GridPalettesDropdown.cs - Importer: ScriptedImporter/UnityEditor.QuickSearchModule:UnityEditor.Search:ASIAI0B -> (ImportResultId: '42d9b24ba75c1f3d55b9fc667ea84bf2') in 0.008910375 seconds
[Worker1] Imported GUID: e79658349ea684b40a48780d33ff6024 - Path: Packages/com.unity.2d.sprite/Editor/SpriteEditorModule/SpriteFrameModule/SpritePolygonModeModule.cs - Importer: ScriptedImporter/UnityEditor.QuickSearchModule:UnityEditor.Search:ASIAI0B -> (ImportResultId: 'ac0029e5a2e4cc09842e481e71ca1622') in 0.008859542 seconds
[Worker1] Imported GUID: 123abb5d8f7434106bb182008cbd5f07 - Path: Packages/com.unity.2d.tilemap.extras/Editor/Menu - Importer: ScriptedImporter/UnityEditor.QuickSearchModule:UnityEditor.Search:ASIAI0B -> (ImportResultId: '5fba10cc37b5ab5087aa81f5816c8be0') in 0.00919675 seconds
[Worker0] Imported GUID: 2a208840b98c7aa46a99ed3517e86d98 - Path: Packages/com.unity.2d.tilemap/Editor/UI/TilePaletteOverlayLight.uss - Importer: ScriptedImporter/UnityEditor.QuickSearchModule:UnityEditor.Search:ASIAI0B -> (ImportResultId: '32fd0601c60a19e81b3905d125c06785') in 0.0102105 seconds
[Worker1] Imported GUID: 6b2a04ba0c02e4442bbf785060fc2c01 - Path: Packages/com.unity.2d.animation/Editor/SkinningModule/Undo - Importer: ScriptedImporter/UnityEditor.QuickSearchModule:UnityEditor.Search:ASIAI0B -> (ImportResultId: 'e0f232f23ee2749b95404e45352e9830') in 0.009028833 seconds
[Worker0] Imported GUID: 3024cb66f112f47f599953fe508d632f - Path: Packages/com.unity.2d.animation/Editor/Assets/ComponentIcons/Animation.SpriteLibrary.png - Importer: ScriptedImporter/UnityEditor.QuickSearchModule:UnityEditor.Search:ASIAI0B -> (ImportResultId: 'ebedbd7f9d44bd36b3de250437659ace') in 0.011065916 seconds
[Worker1] Imported GUID: 1088bf24503634e7dbadf455fdcf78b6 - Path: Packages/com.unity.2d.psdimporter/Editor/Assets/Icons/Dark/Layers Mixed@8x.png - Importer: ScriptedImporter/UnityEditor.QuickSearchModule:UnityEditor.Search:ASIAI0B -> (ImportResultId: '149e0ef85b451cd9c26dc81eb1439dbc') in 0.011071875 seconds
[Worker0] Imported GUID: b375422385f769844a35ff7743e8f1bb - Path: Packages/com.unity.2d.tilemap/Editor/Icons/Tilemap.ShowGrid@4x.png - Importer: ScriptedImporter/UnityEditor.QuickSearchModule:UnityEditor.Search:ASIAI0B -> (ImportResultId: 'c42e5fb0a77a19129d8db3751614d684') in 0.010929459 seconds
[Worker1] Imported GUID: 5c35aefb0965746fc8ade2cd405f2ac7 - Path: Packages/com.unity.2d.psdimporter/Editor/Assets/Icons/Light/Layers Collapsed@8x.png - Importer: ScriptedImporter/UnityEditor.QuickSearchModule:UnityEditor.Search:ASIAI0B -> (ImportResultId: '1149333e9c83e49213d0182f463fa8cf') in 0.011604583 seconds
[Worker0] Imported GUID: 9daf05f2d28af48a8b868323c9fd4c35 - Path: Packages/com.unity.2d.common/Path/Editor/IMGUI/GUIFramework/LayoutData.cs - Importer: ScriptedImporter/UnityEditor.QuickSearchModule:UnityEditor.Search:ASIAI0B -> (ImportResultId: 'a1c8721413463cb7056f19c4dc936051') in 0.009911917 seconds
[Worker1] Imported GUID: fef9ee9b48f7a45aaa6991afe5f95a2b - Path: Packages/com.unity.2d.common/README.md - Importer: ScriptedImporter/UnityEditor.QuickSearchModule:UnityEditor.Search:ASIAI0B -> (ImportResultId: '64841642cafec00b7c04cf19abf41f13') in 0.009165125 seconds
[Worker0] Imported GUID: 782c623a3cbd6d940be3a3bcf0d4604b - Path: Packages/com.unity.2d.psdimporter/Tests/EditorTests/Unity.2D.Psdimporter.EditorTests.asmdef - Importer: ScriptedImporter/UnityEditor.QuickSearchModule:UnityEditor.Search:ASIAI0B -> (ImportResultId: '48db6efbf3b41b5a0b6d8a39a6c95db3') in 0.009155125 seconds
[Worker1] Imported GUID: 46e8f61d13f8b49c7b2ac6beb5788f2c - Path: Packages/com.unity.2d.animation/Editor/Assets/ComponentIcons/Animation.SpriteLibrary On@128.png - Importer: ScriptedImporter/UnityEditor.QuickSearchModule:UnityEditor.Search:ASIAI0B -> (ImportResultId: 'c99ef5691efe0a9244657c96622a8215') in 0.010649291 seconds
[Worker0] Imported GUID: 89930da27dfbbc64ba1f3baf0ae416bb - Path: Packages/com.unity.2d.animation/Editor/Assets/EditorIcons/Visibility_Hidded@3x.png - Importer: ScriptedImporter/UnityEditor.QuickSearchModule:UnityEditor.Search:ASIAI0B -> (ImportResultId: 'd17fb19ef45794f008e645968d32fbae') in 0.010949958 seconds
[Worker1] Imported GUID: 82f78c36add1c2c4795c911a7abfb93e - Path: Packages/com.unity.2d.tilemap/Editor/Icons/d_Tilemap.ActiveTargetLayers@4x.png - Importer: ScriptedImporter/UnityEditor.QuickSearchModule:UnityEditor.Search:ASIAI0B -> (ImportResultId: '0d9f45e4ecb7249c535dd64e34d9b94d') in 0.010296209 seconds
[Worker1] Imported GUID: 68e86a17b9682ee4a81c0bd5627704a1 - Path: Packages/com.unity.2d.animation/Editor/SkinningModule/UI/BoneInspectorPanel.cs - Importer: ScriptedImporter/UnityEditor.QuickSearchModule:UnityEditor.Search:ASIAI0B -> (ImportResultId: 'ae05b358f10e936a78e690f4e0ebeb7b') in 0.00825275 seconds
[Worker0] Imported GUID: aa97306f968594504818c53dbe8778c7 - Path: Packages/com.unity.2d.animation/Editor/Assets/EditorIcons/ViewToolZoom.png - Importer: ScriptedImporter/UnityEditor.QuickSearchModule:UnityEditor.Search:ASIAI0B -> (ImportResultId: '1758a47e4746836afa75ef32cb189ebd') in 0.011282166 seconds
[Worker1] Imported GUID: e6d2ec79afb9d4070a44e00c7d9ac3a4 - Path: Packages/com.unity.2d.animation/Editor/SpriteLib/SpriteLibraryEditor/UI/CategoriesTab.cs - Importer: ScriptedImporter/UnityEditor.QuickSearchModule:UnityEditor.Search:ASIAI0B -> (ImportResultId: '2e24cad210a6adb359a264246b3616a0') in 0.009385334 seconds
[Worker0] Imported GUID: 70da7ad3ab314734aa8f83d71bf115e7 - Path: Packages/com.unity.2d.common/Editor/InternalBridge/TexturePlatformSettings - Importer: ScriptedImporter/UnityEditor.QuickSearchModule:UnityEditor.Search:ASIAI0B -> (ImportResultId: 'f8e0a0a456a209449fbbff8a402944b6') in 0.0100265 seconds
[Worker1] Imported GUID: 9ca415e19264343fda4eee42c9a3452c - Path: Packages/com.unity.2d.animation/Editor/Assets/ComponentIcons/d_Animation.SpriteLibraryManager.png - Importer: ScriptedImporter/UnityEditor.QuickSearchModule:UnityEditor.Search:ASIAI0B -> (ImportResultId: '277c0c561956c3abee68827bbafafe97') in 0.011604875 seconds
[Worker0] Imported GUID: be51d0bbfd1694f4ea19424f19455189 - Path: Packages/com.unity.2d.common/Runtime/UTess2D/UTess.cs - Importer: ScriptedImporter/UnityEditor.QuickSearchModule:UnityEditor.Search:ASIAI0B -> (ImportResultId: 'dc3ee9b59995d2ee72bc2413dc52d4b5') in 0.009564542 seconds
[Worker0] Imported GUID: 9a6d607dcb9d84146b288a3ae0d22f39 - Path: Packages/com.unity.2d.animation/Runtime/BatchedDeformation/DeformationJobs.cs - Importer: ScriptedImporter/UnityEditor.QuickSearchModule:UnityEditor.Search:ASIAI0B -> (ImportResultId: '0d05dfce58feccc1c2fcde04439b607a') in 0.008807333 seconds
[Worker1] Imported GUID: b458108a28e54e58a7851918548d3965 - Path: Packages/com.unity.2d.animation/IK/Runtime/IconUtility.cs - Importer: ScriptedImporter/UnityEditor.QuickSearchModule:UnityEditor.Search:ASIAI0B -> (ImportResultId: 'dbb871b32b17eb75fa9b9dc332198b81') in 0.009714959 seconds
[Worker0] Imported GUID: 7bb752778f2a4a6d9dbb50a63e8d4cf0 - Path: Packages/com.unity.2d.tooling/Editor/Insider/SpriteAtlas/DataSource/EditorTextureInfo.cs - Importer: ScriptedImporter/UnityEditor.QuickSearchModule:UnityEditor.Search:ASIAI0B -> (ImportResultId: '1c9945c65ab821736e3cb6a74df6167a') in 0.008403458 seconds
[Worker1] Imported GUID: f718650777d1c4054b67f17a9e60cfaa - Path: Packages/com.unity.2d.sprite/Editor/SpriteEditorModule/SpriteOutlineOverlay.cs - Importer: ScriptedImporter/UnityEditor.QuickSearchModule:UnityEditor.Search:ASIAI0B -> (ImportResultId: '7cfce94bddd3bb2a5ccf92af7496cb17') in 0.008593542 seconds
[Worker0] Imported GUID: ab05c3c3115344159b0092fc15154cbb - Path: Packages/com.unity.2d.tooling/Editor/Insider/Interface - Importer: ScriptedImporter/UnityEditor.QuickSearchModule:UnityEditor.Search:ASIAI0B -> (ImportResultId: 'b308ea28b61dda263802499c792b4235') in 0.008908375 seconds
[Worker1] Imported GUID: 38d7d4ae5ba301c48a9c37d530dff736 - Path: Packages/com.unity.2d.tilemap/Editor/PaintableGrid.cs - Importer: ScriptedImporter/UnityEditor.QuickSearchModule:UnityEditor.Search:ASIAI0B -> (ImportResultId: '7092a789394d2a59303b9bb92a22abca') in 0.008678125 seconds
[Worker1] Imported GUID: 7c2b901e4f6a40ec9b8d1a2e3f4c5b6a - Path: Packages/com.unity.2d.animation/Editor/SpriteSkin/BoneHierarchy/BoneHierarchyUtilities.cs - Importer: ScriptedImporter/UnityEditor.QuickSearchModule:UnityEditor.Search:ASIAI0B -> (ImportResultId: '748113924f28b8872e463261945b984c') in 0.008904833 seconds
[Worker0] Imported GUID: d9f2fab9e420f684dbbaeab1107debb6 - Path: Packages/com.unity.2d.tilemap/Editor/EditorTools/TilemapEditorToolPreferences.cs - Importer: ScriptedImporter/UnityEditor.QuickSearchModule:UnityEditor.Search:ASIAI0B -> (ImportResultId: '671759ddf10e0eaf69237bb66159b6ce') in 0.009006875 seconds
[Worker0] Imported GUID: efabf946c69d212429c75db0d9aa9d1a - Path: Packages/com.unity.2d.animation/Editor/SkinningModule/SkinningCopyUtility.cs - Importer: ScriptedImporter/UnityEditor.QuickSearchModule:UnityEditor.Search:ASIAI0B -> (ImportResultId: 'cea1051fb4ad607df060f2d637e59da6') in 0.008792541 seconds
[Worker1] Imported GUID: f618c5fe13b18994aa5aee8b97d8dca1 - Path: Packages/com.unity.2d.animation/Editor/Assets/EditorIcons/Create Bones@4x.png - Importer: ScriptedImporter/UnityEditor.QuickSearchModule:UnityEditor.Search:ASIAI0B -> (ImportResultId: 'ef2f04b5145074bb168560504ee083b8') in 0.011296333 seconds
[Worker0] Imported GUID: bf31f4c7bc69141c89dfb06e81fcb14b - Path: Packages/com.unity.2d.tooling/Editor/Insider/SpriteAtlas/SpriteAtlasIssueReport/SpriteAtlasIssuesContainer/SpriteAtlasIssuesContainer.uss - Importer: ScriptedImporter/UnityEditor.QuickSearchModule:UnityEditor.Search:ASIAI0B -> (ImportResultId: '9b6324adf9cbaa84a213762fd23f1159') in 0.009833375 seconds
[Worker1] Imported GUID: b584d4fe7220e4f45a0c39b9af9b42ba - Path: Packages/com.unity.2d.pixel-perfect/Editor/CinemachinePixelPerfectEditor.cs - Importer: ScriptedImporter/UnityEditor.QuickSearchModule:UnityEditor.Search:ASIAI0B -> (ImportResultId: 'd101e251ab9451c43a519a610b05b5c2') in 0.00862575 seconds
[Worker0] Imported GUID: 180eeff5b9e615349907ea53344202fa - Path: Packages/com.unity.2d.animation/Editor/Assets/EditorIcons/Split Bones@2x.png - Importer: ScriptedImporter/UnityEditor.QuickSearchModule:UnityEditor.Search:ASIAI0B -> (ImportResultId: '1f82c8e776080bdc2820bf050e9b6838') in 0.012053917 seconds
[Worker1] Imported GUID: 0c6027d31d0b44acbb45af1bcf05e0db - Path: Packages/com.unity.2d.psdimporter/Editor/Assets/Icons/Light/Layers Separated@16x.png - Importer: ScriptedImporter/UnityEditor.QuickSearchModule:UnityEditor.Search:ASIAI0B -> (ImportResultId: 'b9971fa204bd8b3e90d369e870ab1285') in 0.010886916 seconds
[Worker0] Imported GUID: 0e6407347fc834e6a8b46f9528bcf7b3 - Path: Packages/com.unity.2d.psdimporter/Editor/Assets/Icons/Light/Layers Mixed@8x.png - Importer: ScriptedImporter/UnityEditor.QuickSearchModule:UnityEditor.Search:ASIAI0B -> (ImportResultId: '73817202844ca371e1b688ccd6224cbb') in 0.010901333 seconds
[Worker1] Imported GUID: 80cc8d218dc9bee4091ecde845959866 - Path: Packages/com.unity.2d.animation/Editor/Assets/EditorIcons/d_Generate_Geometry@2x.png - Importer: ScriptedImporter/UnityEditor.QuickSearchModule:UnityEditor.Search:ASIAI0B -> (ImportResultId: '514451cf2be73fa56e6f050d16577bd3') in 0.010832125 seconds
[Worker1] Imported GUID: 26b0ec3fec60ce84eac8ead5fd651199 - Path: Packages/com.unity.2d.animation/Editor/SkinningModule/UI/Toolbar.cs - Importer: ScriptedImporter/UnityEditor.QuickSearchModule:UnityEditor.Search:ASIAI0B -> (ImportResultId: '2fab0dd81ee5ec8c105db5fb07e17dee') in 0.008563209 seconds
[Worker0] Imported GUID: f97ea77f2e96442398feb5e356a58ce4 - Path: Packages/com.unity.2d.aseprite/Editor/Assets/UI/AsepriteImporterStyleSheet.uss - Importer: ScriptedImporter/UnityEditor.QuickSearchModule:UnityEditor.Search:ASIAI0B -> (ImportResultId: 'e2d10863f3293fb429492b31e8f63a00') in 0.009048625 seconds
[Worker1] Imported GUID: 979425d925f745e4a93aff5f4bfa9236 - Path: Packages/com.unity.2d.tilemap/Editor/UI/TilePaletteWhiteboxPaletteDropdownMenu.cs - Importer: ScriptedImporter/UnityEditor.QuickSearchModule:UnityEditor.Search:ASIAI0B -> (ImportResultId: 'a0b424e0cf8165871e554e1397bb62af') in 0.009111542 seconds
[Worker0] Imported GUID: 5315c047999aa4d869298f6988dfeb30 - Path: Packages/com.unity.2d.common/Path/Editor/Handles/TangentLinearPro.png - Importer: ScriptedImporter/UnityEditor.QuickSearchModule:UnityEditor.Search:ASIAI0B -> (ImportResultId: '46e15ee21f35ed04523f9e01dc9097dd') in 0.011109417 seconds
[Worker0] Imported GUID: a069762eea60d4e26b7ec2518369623c - Path: Packages/com.unity.2d.animation/Editor/Assets/ComponentIcons/d_Animation.SpriteResolver@32.png - Importer: ScriptedImporter/UnityEditor.QuickSearchModule:UnityEditor.Search:ASIAI0B -> (ImportResultId: '3e748dec4a43494cc992449a9a5a0fa4') in 0.010124583 seconds
[Worker1] Imported GUID: 5d0f1086030a4bc4a6d184421673afdf - Path: Packages/com.unity.2d.animation/Editor/Assets/SpriteSwap/SpriteSwapOverlay.uss - Importer: ScriptedImporter/UnityEditor.QuickSearchModule:UnityEditor.Search:ASIAI0B -> (ImportResultId: 'd0fbc3481bc7b066ad75687a841856eb') in 0.0233945 seconds
[Worker0] Imported GUID: 77be2b195bdd3a849b554d6dd09badb0 - Path: Packages/com.unity.2d.tilemap/Editor/Icons/d_Tilemap.DefaultBrush@4x.png - Importer: ScriptedImporter/UnityEditor.QuickSearchModule:UnityEditor.Search:ASIAI0B -> (ImportResultId: '66f0a3ed8a47afac26153258c474e9dc') in 0.012861917 seconds
[Worker0] Imported GUID: c9557b2cb0f84f98a0489510cf8d8ec8 - Path: Packages/com.unity.2d.tooling/Editor/Insider/AnalyzerWindow/SaveData.cs - Importer: ScriptedImporter/UnityEditor.QuickSearchModule:UnityEditor.Search:ASIAI0B -> (ImportResultId: '5472216f34f188f197940dd868177815') in 0.009256917 seconds
[Worker1] Imported GUID: 3120ec2beffde56499fe86f755fc25b9 - Path: Packages/com.unity.2d.animation/Editor/Assets/EditorIcons/d_Weight_Slider@3x.png - Importer: ScriptedImporter/UnityEditor.QuickSearchModule:UnityEditor.Search:ASIAI0B -> (ImportResultId: 'cc8c5e12c9cfb339cb4c5cca904d27d0') in 0.014136208 seconds
[Worker0] Imported GUID: aee4d1ab3c8e8444aaeb344c96f2dc3a - Path: Packages/com.unity.2d.animation/Editor/Assets/ComponentIcons/d_Animation.IKCCD@128.png - Importer: ScriptedImporter/UnityEditor.QuickSearchModule:UnityEditor.Search:ASIAI0B -> (ImportResultId: '754fbe684261b768ea83a450ada1e7ab') in 0.011895209 seconds
[Worker1] Imported GUID: 55c552c82618a429ebc328c8ba27b416 - Path: Packages/com.unity.2d.common/Editor/ImagePacker/Jobs - Importer: ScriptedImporter/UnityEditor.QuickSearchModule:UnityEditor.Search:ASIAI0B -> (ImportResultId: 'e336b7c25333e9239ebb681b772fc965') in 0.009395667 seconds
[Worker1] Imported GUID: 114d4aa7bb14433489b942bb28ff6183 - Path: Packages/com.unity.2d.animation/Editor/Assets/EditorIcons/Selected/Generate_Geometry@2x.png - Importer: ScriptedImporter/UnityEditor.QuickSearchModule:UnityEditor.Search:ASIAI0B -> (ImportResultId: '26f2f60cdf89e99c49773c8204b4d74c') in 0.010970708 seconds
[Worker0] Imported GUID: 1fa6ee9de92b645ecbf1f64c60b79880 - Path: Packages/com.unity.2d.animation/Editor/Assets/EditorIcons/d_False@2x.png - Importer: ScriptedImporter/UnityEditor.QuickSearchModule:UnityEditor.Search:ASIAI0B -> (ImportResultId: 'd6abeba84d856b217e1fe1b35e0bfa63') in 0.011112208 seconds
[Worker0] Imported GUID: e1ff2b6ab9d441b784e77c9864e4ed9f - Path: Packages/com.unity.2d.tooling/Editor/Insider/SpriteAtlas/SpriteAtlasIssueReport/UIElement/CellLabelWithIcon - Importer: ScriptedImporter/UnityEditor.QuickSearchModule:UnityEditor.Search:ASIAI0B -> (ImportResultId: '75f877857c53f4725fb6354f50b16034') in 0.008611458 seconds
[Worker1] Imported GUID: 4bbae1155d5b2384d81c76c1973fa104 - Path: Packages/com.unity.2d.pixel-perfect/Editor - Importer: ScriptedImporter/UnityEditor.QuickSearchModule:UnityEditor.Search:ASIAI0B -> (ImportResultId: '3622e28b9170d1b848364730760f5bcc') in 0.008774417 seconds
[Worker0] Imported GUID: f54c422b437d4338a94a524565cae6cc - Path: Packages/com.unity.2d.aseprite/Editor/Tasks/CellTasks.cs - Importer: ScriptedImporter/UnityEditor.QuickSearchModule:UnityEditor.Search:ASIAI0B -> (ImportResultId: '7dff34f2968b8d2c2647666eb0f2d767') in 0.008329666 seconds
[Worker1] Imported GUID: 9ea72647c24be493ba6f15a9cd2a24ae - Path: Packages/com.unity.2d.spriteshape/Editor/Handles/ss_playhead.png - Importer: ScriptedImporter/UnityEditor.QuickSearchModule:UnityEditor.Search:ASIAI0B -> (ImportResultId: 'f55782fbc80c39a918fcb62aadd179e8') in 0.010263208 seconds
[Worker0] Imported GUID: efe4b927ec825b242bf70d64c4258c1e - Path: Packages/com.unity.2d.animation/Editor/Assets/EditorIcons/d_Create_Vertex.png - Importer: ScriptedImporter/UnityEditor.QuickSearchModule:UnityEditor.Search:ASIAI0B -> (ImportResultId: 'cb9d6db09b92973c7bd0be7bb3fa0b62') in 0.010301625 seconds
[Worker1] Imported GUID: 30fd2fefe692f4f9db682596d88c3039 - Path: Packages/com.unity.2d.animation/Editor/Assets/EditorIcons/d_SetPivot.png - Importer: ScriptedImporter/UnityEditor.QuickSearchModule:UnityEditor.Search:ASIAI0B -> (ImportResultId: '32aeb3ca6d6392cf348e4b4a23a6c7ea') in 0.009450625 seconds
[Worker1] Imported GUID: 301b54467351d474796896b209c59cc3 - Path: Packages/com.unity.2d.spriteshape/Editor/SpriteShapeEditorTool.cs - Importer: ScriptedImporter/UnityEditor.QuickSearchModule:UnityEditor.Search:ASIAI0B -> (ImportResultId: '673d81ad63cc2697b04bf91536ecdf33') in 0.007710417 seconds
[Worker0] Imported GUID: efeca829116274f24afa8abe4a45620d - Path: Packages/com.unity.2d.tooling/Editor/Insider/SpriteAtlas/SpriteAtlasIssueReport/UIElement/SpriteAtlasReportTable/SpriteAtlasReportTable.uss - Importer: ScriptedImporter/UnityEditor.QuickSearchModule:UnityEditor.Search:ASIAI0B -> (ImportResultId: '67cffbf780be16c480c412e2d4ecf044') in 0.009178958 seconds
[Worker0] Imported GUID: a65c3e3270104e4d8ca7e6b3198478be - Path: Packages/com.unity.2d.tooling/Editor/Insider/SpriteAtlas/DataSource - Importer: ScriptedImporter/UnityEditor.QuickSearchModule:UnityEditor.Search:ASIAI0B -> (ImportResultId: '5b60a28bacf9782625f6d4bc89dc9edf') in 0.007844 seconds
[Worker1] Imported GUID: 15b1d39ac42ce4674bd63f86f9a0c5df - Path: Packages/com.unity.2d.psdimporter/Editor/Assets/Icons/Selected/Layers Separated@8x.png - Importer: ScriptedImporter/UnityEditor.QuickSearchModule:UnityEditor.Search:ASIAI0B -> (ImportResultId: '872ff86a6a66eb79639405e41df74a89') in 0.010040875 seconds
[Worker0] Imported GUID: 0ba4af382ef34da4fa3017497b72befb - Path: Packages/com.unity.2d.sprite/Editor/Interface/ITexture.cs - Importer: ScriptedImporter/UnityEditor.QuickSearchModule:UnityEditor.Search:ASIAI0B -> (ImportResultId: '956eb43493b6864b2d43d09792f3adf8') in 0.008181084 seconds
[Worker1] Imported GUID: edca8f45c1127f147b3fa62aad3ed9c1 - Path: Packages/com.unity.2d.tilemap/Editor/UI/TilePaletteOverlayDark.uss - Importer: ScriptedImporter/UnityEditor.QuickSearchModule:UnityEditor.Search:ASIAI0B -> (ImportResultId: 'f0ac326c4f6db939026eca738e995cf9') in 0.00904 seconds
[Worker0] Imported GUID: 097b551f2844b054290f18a39bf892e9 - Path: Packages/com.unity.2d.animation/IK/Runtime/IKManager2D.cs - Importer: ScriptedImporter/UnityEditor.QuickSearchModule:UnityEditor.Search:ASIAI0B -> (ImportResultId: '24f094f130f82b8f3068958046f5a0ef') in 0.007731291 seconds
[Worker1] Imported GUID: 202df544ad1a74ecaa0968d42c391430 - Path: Packages/com.unity.2d.animation/Editor/SpriteLib/SpriteLibraryEditor/UI - Importer: ScriptedImporter/UnityEditor.QuickSearchModule:UnityEditor.Search:ASIAI0B -> (ImportResultId: '1b5045463e07c24539b6c3c6bf9422d6') in 0.007583792 seconds
[Worker0] Imported GUID: 007e8b9701e00aa4b934ca58ee397b03 - Path: Packages/com.unity.2d.tilemap/Editor/GridSelectionEditor.cs - Importer: ScriptedImporter/UnityEditor.QuickSearchModule:UnityEditor.Search:ASIAI0B -> (ImportResultId: 'ab9a473352e846e771f7ebbb5ecbb461') in 0.007980084 seconds
[Worker1] Imported GUID: 0a8f4dcd626bcd14bbbfa5a5e116b16e - Path: Packages/com.unity.2d.animation/Editor/Assets/SkinningModule/SpriteOutline.shader - Importer: ScriptedImporter/UnityEditor.QuickSearchModule:UnityEditor.Search:ASIAI0B -> (ImportResultId: '74e17be65005d54917c0b65a93c2b62a') in 0.011033167 seconds
[Worker0] Imported GUID: eed45a33cd08446c8b88325cf82fc52f - Path: Packages/com.unity.2d.sprite/Editor/ObjectMenuCreation/DefaultAssets/Textures/HexagonPointTop.png - Importer: ScriptedImporter/UnityEditor.QuickSearchModule:UnityEditor.Search:ASIAI0B -> (ImportResultId: 'fdf5c15f3003cb925fba72bc9f1ddc5c') in 0.010405625 seconds
[Worker1] Imported GUID: 16da4b0d2c0de485e88531827b28f7d8 - Path: Packages/com.unity.2d.common/Editor/InternalBridge/SpriteDataProviders/SpriteCustomMetadataProvider.cs - Importer: ScriptedImporter/UnityEditor.QuickSearchModule:UnityEditor.Search:ASIAI0B -> (ImportResultId: 'e3fe96e0d3064ca1aff67d53494cf954') in 0.008133 seconds
[Worker0] Imported GUID: c52df42a7d854027806a5010403ca5b1 - Path: Packages/com.unity.2d.animation/Profiler/Editor/UI/SpriteSkinStatisticView/SpriteSkinStatisticView.uss - Importer: ScriptedImporter/UnityEditor.QuickSearchModule:UnityEditor.Search:ASIAI0B -> (ImportResultId: '314834cb9e12b498ac3d382ec5e4c47b') in 0.009180459 seconds
[Worker0] Imported GUID: dd488b980da89f643bac3ae9479c12c1 - Path: Packages/com.unity.2d.spriteshape/Tests/Editor - Importer: ScriptedImporter/UnityEditor.QuickSearchModule:UnityEditor.Search:ASIAI0B -> (ImportResultId: '36f35566da04648bfa0f44083d0ee47d') in 0.009051292 seconds
[Worker1] Imported GUID: 554a30a45860f494ca38586c54b7e5d9 - Path: Packages/com.unity.2d.animation/Editor/Assets/EditorIcons/Sprite_Mode@4x.png - Importer: ScriptedImporter/UnityEditor.QuickSearchModule:UnityEditor.Search:ASIAI0B -> (ImportResultId: '5695490c3fbf819c34219a02391a2a6b') in 0.010954708 seconds
[Worker1] Imported GUID: ce7c098d3ea5489fa6ab87ebfef6bbd4 - Path: Packages/com.unity.2d.tilemap/Editor/UI/External/GridView.cs - Importer: ScriptedImporter/UnityEditor.QuickSearchModule:UnityEditor.Search:ASIAI0B -> (ImportResultId: 'a5d3a82a458f7ab5401f439691b987cf') in 0.008561916 seconds
[Worker0] Imported GUID: 1038032ed9d668e438d3f97dd8014cbb - Path: Packages/com.unity.2d.animation/Editor/Assets/EditorIcons/d_Parent_Bone@2x.png - Importer: ScriptedImporter/UnityEditor.QuickSearchModule:UnityEditor.Search:ASIAI0B -> (ImportResultId: '2b83f5552c82506fe3c6e4ca4517c8c4') in 0.010853542 seconds
[Worker1] Imported GUID: d0ba7992e08412649839c5b94f950c79 - Path: Packages/com.unity.2d.tilemap/Editor/EditorTools/GridSelection/GridSelectionScaleTool.cs - Importer: ScriptedImporter/UnityEditor.QuickSearchModule:UnityEditor.Search:ASIAI0B -> (ImportResultId: '9126c2d1a50f05abf3dabe25389a4f3d') in 0.008848208 seconds
[Worker0] Imported GUID: 8dafc8bde78edde44bf6e6aab96eb100 - Path: Packages/com.unity.2d.pixel-perfect/Editor/Icons/Cinemachine.png - Importer: ScriptedImporter/UnityEditor.QuickSearchModule:UnityEditor.Search:ASIAI0B -> (ImportResultId: '068c148b7b068d5d4de819cec95055af') in 0.01003225 seconds
[Worker1] Imported GUID: 138d3cdf8c274dd4c995e7ec72539d1b - Path: Packages/com.unity.2d.psdimporter/Editor/PSDPlugin/PhotoShopFileType/DocumentLoadContext.cs - Importer: ScriptedImporter/UnityEditor.QuickSearchModule:UnityEditor.Search:ASIAI0B -> (ImportResultId: 'dbb5ad4ae96f22ff4bee8e694c910d53') in 0.009031125 seconds
[Worker0] Imported GUID: bf06445e471002b42ad1039aee488229 - Path: Packages/com.unity.2d.animation/Editor/SkinningModule/Undo/DisableUndoScope.cs - Importer: ScriptedImporter/UnityEditor.QuickSearchModule:UnityEditor.Search:ASIAI0B -> (ImportResultId: 'a71fdeb86689f97d12a205d0310a1cfd') in 0.008095875 seconds
[Worker0] Imported GUID: e8fe32ddfd1506f47955dad6247df316 - Path: Packages/com.unity.2d.psdimporter/Editor/PSDPlugin/PDNWrapper/Rectangle.cs - Importer: ScriptedImporter/UnityEditor.QuickSearchModule:UnityEditor.Search:ASIAI0B -> (ImportResultId: '7f5481440adbec647890f3787787a5d1') in 0.00845425 seconds
[Worker1] Imported GUID: 8272ea7c59da847458432e7c88bf7766 - Path: Packages/com.unity.2d.animation/Editor/Assets/EditorIcons/Selected/Split_Edge@4x.png - Importer: ScriptedImporter/UnityEditor.QuickSearchModule:UnityEditor.Search:ASIAI0B -> (ImportResultId: 'bf6c65bd9ef373890538c6a9fd1fb553') in 0.011624417 seconds
[Worker0] Imported GUID: fdc8bace2b7ef504d91d22cca2a5d905 - Path: Packages/com.unity.2d.tilemap/Editor/Icons/EditorUI.TargetHover.png - Importer: ScriptedImporter/UnityEditor.QuickSearchModule:UnityEditor.Search:ASIAI0B -> (ImportResultId: '63a7295aae232744691906e65653b610') in 0.011041041 seconds
[Worker1] Imported GUID: 575e67e67fc4b3349bef2112e32f0be3 - Path: Packages/com.unity.2d.animation/Editor/Assets/EditorIcons/d_Visibility_Tool@4x.png - Importer: ScriptedImporter/UnityEditor.QuickSearchModule:UnityEditor.Search:ASIAI0B -> (ImportResultId: 'f230bb48b039ab2a7e3e091fae78a872') in 0.010337833 seconds
[Worker0] Imported GUID: a8b614fd350b24084a29a98df678d35c - Path: Packages/com.unity.2d.animation/Editor/SpriteLib/SpriteLibrarySourceAsset/SpriteLibrarySourceAssetPropertyString.cs - Importer: ScriptedImporter/UnityEditor.QuickSearchModule:UnityEditor.Search:ASIAI0B -> (ImportResultId: '3c1d2a2ad4926127e2b4a4ea430b44a3') in 0.009012708 seconds
[Worker1] Imported GUID: fc34e0d1bbd8e4a1da30c0d435cdb6a6 - Path: Packages/com.unity.2d.common/Path/Editor/EditablePath/IUndoObject.cs - Importer: ScriptedImporter/UnityEditor.QuickSearchModule:UnityEditor.Search:ASIAI0B -> (ImportResultId: '45f1759c537775bd0ab16f61c311872a') in 0.008485292 seconds
[Worker0] Imported GUID: 4fccdb4aa9dd0db43becdec2eea211af - Path: Packages/com.unity.2d.animation/Editor/Assets/SkinningModule - Importer: ScriptedImporter/UnityEditor.QuickSearchModule:UnityEditor.Search:ASIAI0B -> (ImportResultId: 'd6638d35629d3d06efe4e24151fc27de') in 0.009031417 seconds
[Worker1] Imported GUID: 4f5e03422df3a442089f65a1856ece1b - Path: Packages/com.unity.2d.common/Runtime - Importer: ScriptedImporter/UnityEditor.QuickSearchModule:UnityEditor.Search:ASIAI0B -> (ImportResultId: '88899a08f95d2913f23e8de4329dbc1e') in 0.008047 seconds
[Worker1] Imported GUID: 2543b18169f9e4044a266a0bf35fe4cf - Path: Packages/com.unity.2d.pixel-perfect/Editor/Unity.2D.PixelPerfect.Editor.asmdef - Importer: ScriptedImporter/UnityEditor.QuickSearchModule:UnityEditor.Search:ASIAI0B -> (ImportResultId: '263d529abf29c73f81896fdb281e1dc0') in 0.009187083 seconds
[Worker0] Imported GUID: 40ca859210cd04b62bbfe0e0d5696d3b - Path: Packages/com.unity.2d.animation/Editor/Assets/ComponentIcons/Animation.IKCCD On.png - Importer: ScriptedImporter/UnityEditor.QuickSearchModule:UnityEditor.Search:ASIAI0B -> (ImportResultId: 'a89aa449ce7f03ba033a2ed35b8d3301') in 0.011055458 seconds
[Worker1] Imported GUID: ec8da9418a6bf493e93ef4c7b7575847 - Path: Packages/com.unity.2d.animation/Runtime/SkeletonAsset.cs - Importer: ScriptedImporter/UnityEditor.QuickSearchModule:UnityEditor.Search:ASIAI0B -> (ImportResultId: '50ef7796716a17feb3cd3dcb067cb0bb') in 0.008610458 seconds
[Worker0] Imported GUID: 0da63bf69e254aa4a83c345c3de497c8 - Path: Packages/com.unity.2d.animation/Editor/Assets/EditorIcons/Create_Edge@3x.png - Importer: ScriptedImporter/UnityEditor.QuickSearchModule:UnityEditor.Search:ASIAI0B -> (ImportResultId: '608e6df9233c2c17c49f2d2978477fa7') in 0.010900333 seconds
[Worker1] Imported GUID: 8e2a754470eca3549bf5b80afcf34aa7 - Path: Packages/com.unity.2d.tilemap/README.md - Importer: ScriptedImporter/UnityEditor.QuickSearchModule:UnityEditor.Search:ASIAI0B -> (ImportResultId: '354fe77ad9094e564404febfd3e84db7') in 0.008806791 seconds
[Worker0] Imported GUID: 5854cc46296a4dd78889f8e9dc6df612 - Path: Packages/com.unity.2d.aseprite/Editor/Utilities - Importer: ScriptedImporter/UnityEditor.QuickSearchModule:UnityEditor.Search:ASIAI0B -> (ImportResultId: '2ba9f0a58edc4e2ea9b8e12589aa7712') in 0.00912125 seconds
[Worker1] Imported GUID: 7c5cb5d0bb89666419fa44a3e64ed366 - Path: Packages/com.unity.2d.animation/Editor/Assets/SkinningModule/VisibilityToolWindow.uxml - Importer: ScriptedImporter/UnityEditor.QuickSearchModule:UnityEditor.Search:ASIAI0B -> (ImportResultId: 'b0891c9dbcd11fd55b6c03f2e5a88c3f') in 0.014161625 seconds
[Worker0] Imported GUID: 48e93eef0688c4a259cb0eddcd8661f7 - Path: Packages/com.unity.2d.sprite/Editor/ObjectMenuCreation/DefaultAssets/Textures/Square.png - Importer: ScriptedImporter/UnityEditor.QuickSearchModule:UnityEditor.Search:ASIAI0B -> (ImportResultId: 'e5a25986ed93d0183f8e8b9d0a11dcf5') in 0.010818666 seconds
[Worker0] Imported GUID: e7c9025e8b1fd7f4ba7de0f72eb6f773 - Path: Packages/com.unity.2d.tilemap/Editor/EditorTools/GridSelection/GridSelectionMoveTool.cs - Importer: ScriptedImporter/UnityEditor.QuickSearchModule:UnityEditor.Search:ASIAI0B -> (ImportResultId: '157742d02e072d553853baf054d03a70') in 0.008478667 seconds
[Worker1] Imported GUID: 748ae8b33df036b46a86e0387f1602cf - Path: Packages/com.unity.2d.animation/Editor/Assets/EditorIcons/character_Mode@4x.png - Importer: ScriptedImporter/UnityEditor.QuickSearchModule:UnityEditor.Search:ASIAI0B -> (ImportResultId: '7fda8dafcee7123f51605c8d0bc1759e') in 0.01135525 seconds
[Worker0] Imported GUID: c25bbe6bfe25b46b5a73801fe153a449 - Path: Packages/com.unity.2d.spriteshape/Editor/ObjectMenuCreation/DefaultAssets - Importer: ScriptedImporter/UnityEditor.QuickSearchModule:UnityEditor.Search:ASIAI0B -> (ImportResultId: 'fb5d275e0d441c020a89f794c25fdf4f') in 0.008708334 seconds
[Worker1] Imported GUID: a20f7223e2252fc4d813fc92d0f3a614 - Path: Packages/com.unity.2d.animation/Editor/Assets/EditorIcons/Visibility_Hidded.png - Importer: ScriptedImporter/UnityEditor.QuickSearchModule:UnityEditor.Search:ASIAI0B -> (ImportResultId: '587e947fc561085940fe6f2230231ed2') in 0.010332291 seconds
[Worker0] Imported GUID: ef286a7cdaafc8141b7eaa37314b76cf - Path: Packages/com.unity.2d.psdimporter/Tests - Importer: ScriptedImporter/UnityEditor.QuickSearchModule:UnityEditor.Search:ASIAI0B -> (ImportResultId: '2f230ecb603b51cac4f9169af9e50f9d') in 0.008406375 seconds
[Worker1] Imported GUID: 03dd6911110407b418a3e5d3f0c473af - Path: Packages/com.unity.2d.sprite/Editor/AssemblyInfo.cs - Importer: ScriptedImporter/UnityEditor.QuickSearchModule:UnityEditor.Search:ASIAI0B -> (ImportResultId: '7d232b7510a7462d6a993030db50d667') in 0.008098042 seconds
[Worker0] Imported GUID: 1916c46d7aadf04b92e824c21b36a70f - Path: Packages/com.unity.2d.pixel-perfect - Importer: ScriptedImporter/UnityEditor.QuickSearchModule:UnityEditor.Search:ASIAI0B -> (ImportResultId: '3deb4105e6558b40a75ba99305e6f270') in 0.007810625 seconds
[Worker1] Imported GUID: f6feb2f28f8c42deb866964fcd39ab9d - Path: Packages/com.unity.2d.aseprite/Editor/AsepriteImporterDataProvider.cs - Importer: ScriptedImporter/UnityEditor.QuickSearchModule:UnityEditor.Search:ASIAI0B -> (ImportResultId: 'e087264c13afd659156700f93b946aa8') in 0.007708 seconds
[Worker0] Imported GUID: b883af5d41f3340b8a4092436de35275 - Path: Packages/com.unity.2d.tilemap.extras/Editor/Brushes/RandomBrush/RandomBrush@2x.png - Importer: ScriptedImporter/UnityEditor.QuickSearchModule:UnityEditor.Search:ASIAI0B -> (ImportResultId: '74c80dc20a91789ad2b7170b76ecdbaa') in 0.009985709 seconds
[Worker1] Imported GUID: a3c4ea29a117e3f418ded11a50e4d52d - Path: Packages/com.unity.2d.tilemap/Editor/Icons/d_Grid.FlipY@2x.png - Importer: ScriptedImporter/UnityEditor.QuickSearchModule:UnityEditor.Search:ASIAI0B -> (ImportResultId: '1dcf0277e0b0365e0e0c93641f7dead9') in 0.009712208 seconds
[Worker0] Imported GUID: a0573d1ee775943adb00717b348bf967 - Path: Packages/com.unity.2d.animation/Editor/Assets/AssetUpgrader/AssetUpgrader.uxml - Importer: ScriptedImporter/UnityEditor.QuickSearchModule:UnityEditor.Search:ASIAI0B -> (ImportResultId: 'ec7a94cbfa4f4f16e0e6b120a96221db') in 0.011098 seconds
[Worker1] Imported GUID: b2aca1e4f59dad54785b6ffded66224a - Path: Packages/com.unity.2d.animation/Editor/Assets/EditorIcons/d_Weight_Slider@2x.png - Importer: ScriptedImporter/UnityEditor.QuickSearchModule:UnityEditor.Search:ASIAI0B -> (ImportResultId: '69de5078766a23196d602829ac668a5c') in 0.009198375 seconds
[Worker0] Imported GUID: bd87ef44d388dfd45b295d03e963f0d9 - Path: Packages/com.unity.2d.tilemap/Editor/UI/TilePaletteOverlayUtility.cs - Importer: ScriptedImporter/UnityEditor.QuickSearchModule:UnityEditor.Search:ASIAI0B -> (ImportResultId: '6133199a85b3ddd781267f5b54aeddcf') in 0.008295958 seconds
[Worker1] Imported GUID: 492c70ec0e6ff4af48a6886e4e1608f8 - Path: Packages/com.unity.2d.sprite/Editor/Assets/LockedOptions.png - Importer: ScriptedImporter/UnityEditor.QuickSearchModule:UnityEditor.Search:ASIAI0B -> (ImportResultId: '2da42098f0c998bd7d60ffd35c6f07e7') in 0.009872458 seconds
[Worker0] Imported GUID: 11e6f279ade864c6d951e8db74c11b54 - Path: Packages/com.unity.2d.animation/Editor/Assets/ComponentIcons/d_ErrorIcon_Small@2x.png - Importer: ScriptedImporter/UnityEditor.QuickSearchModule:UnityEditor.Search:ASIAI0B -> (ImportResultId: 'eb07a53fb1fbfcf174db7c4eca1ed4e0') in 0.009779709 seconds
[Worker1] Imported GUID: 7ed99b178ead940bf9cc24b0b0213517 - Path: Packages/com.unity.2d.animation/Editor/Assets/ComponentIcons/d_Animation.SpriteSkin@64.png - Importer: ScriptedImporter/UnityEditor.QuickSearchModule:UnityEditor.Search:ASIAI0B -> (ImportResultId: '6a576c9ba95de3189052fd00ae350ff1') in 0.009453834 seconds
[Worker0] Imported GUID: 7780fefa5c524be4d9f1151a0cd89ae1 - Path: Packages/com.unity.2d.tilemap.extras/Editor/Brushes/GroupBrush - Importer: ScriptedImporter/UnityEditor.QuickSearchModule:UnityEditor.Search:ASIAI0B -> (ImportResultId: 'f700e4ebfee0ed4e84b74c4acc07e301') in 0.0080015 seconds
[Worker1] Imported GUID: 93baf20e5693c4d3f94ae97c693e9b83 - Path: Packages/com.unity.2d.animation/Editor/UpgradeTools/AnimClipUpgrader.cs - Importer: ScriptedImporter/UnityEditor.QuickSearchModule:UnityEditor.Search:ASIAI0B -> (ImportResultId: '0ab26a550ba2c93599c0fa199d64c984') in 0.007737708 seconds
[Worker0] Imported GUID: 6d70958817ddd43678a10b02a1aa4cdd - Path: Packages/com.unity.2d.sprite/Editor/Assets/SpriteEditorWindowDefault.overlay - Importer: ScriptedImporter/UnityEditor.QuickSearchModule:UnityEditor.Search:ASIAI0B -> (ImportResultId: '0096bdd7aacfb8a0de753f0887095c48') in 0.008064084 seconds
[Worker1] Imported GUID: 1fb3cc40b13640e78b129330aef9e971 - Path: Packages/com.unity.2d.aseprite/Editor/Tasks - Importer: ScriptedImporter/UnityEditor.QuickSearchModule:UnityEditor.Search:ASIAI0B -> (ImportResultId: '6fb9874eff0226ef1bc34ce75e98db51') in 0.007554292 seconds
[Worker0] Imported GUID: 85b7a96bd2d82844391585d64f46742b - Path: Packages/com.unity.2d.animation/Editor/SkinningModule/SkinningCache/SkinningCache.cs - Importer: ScriptedImporter/UnityEditor.QuickSearchModule:UnityEditor.Search:ASIAI0B -> (ImportResultId: '01dad85fcbd0c12a55d578cb0efae941') in 0.007657708 seconds
[Worker1] Imported GUID: bdeb3b0829b54c0c868afbe166a33a73 - Path: Packages/com.unity.2d.animation/Editor/SpriteLib/SpriteLibrarySourceAssetFactory.cs - Importer: ScriptedImporter/UnityEditor.QuickSearchModule:UnityEditor.Search:ASIAI0B -> (ImportResultId: '5b2f62e9a185c616cebc45beb92e1000') in 0.007411291 seconds
[Worker0] Imported GUID: cc0c24ed6655ecc449dcbe4a8f3bd744 - Path: Packages/com.unity.2d.animation/Editor/SkinningModule/BaseTool.cs - Importer: ScriptedImporter/UnityEditor.QuickSearchModule:UnityEditor.Search:ASIAI0B -> (ImportResultId: 'e106fc9122cb1fce629f2aa7f18b1355') in 0.007924416 seconds
[Worker1] Imported GUID: e883969672bd261498f38ec9e9fc393f - Path: Packages/com.unity.2d.tilemap/Editor/Icons/Grid.FlipX.png - Importer: ScriptedImporter/UnityEditor.QuickSearchModule:UnityEditor.Search:ASIAI0B -> (ImportResultId: 'ae6fc9ec6afc9dd99b5f3770128e2e49') in 0.009265834 seconds
[Worker0] Imported GUID: b870da3ede4ee144d8631c9ef0a3a66c - Path: Packages/com.unity.2d.tilemap/Editor/AssemblyInfo.cs - Importer: ScriptedImporter/UnityEditor.QuickSearchModule:UnityEditor.Search:ASIAI0B -> (ImportResultId: '52998feb15fcd70af01b519aab7c69a5') in 0.00774375 seconds
[Worker1] Imported GUID: 40cebb2c3989f5844a7cbdc20bb68bdf - Path: Packages/com.unity.2d.animation/Editor/SkinningModule/VisibilityTool/BoneTreeViewController.cs - Importer: ScriptedImporter/UnityEditor.QuickSearchModule:UnityEditor.Search:ASIAI0B -> (ImportResultId: '5a3f88fedb1a880668f2b56ef1b1384a') in 0.007487416 seconds
[Worker0] Imported GUID: 604214c343544b0fae7fd9212d765143 - Path: Packages/com.unity.2d.tooling/Editor/Insider/SpriteAtlas/SpriteAtlasIssueReport/UIElement/StyleSheet/CommonStyleSheet.cs - Importer: ScriptedImporter/UnityEditor.QuickSearchModule:UnityEditor.Search:ASIAI0B -> (ImportResultId: '42ef57efb6eefb66747f6df277210838') in 0.007610959 seconds
[Worker1] Imported GUID: 5260ebe2b8ba2724eb92daea93bddf3c - Path: Packages/com.unity.2d.animation/Editor/SkinningModule/SelectionTool.cs - Importer: ScriptedImporter/UnityEditor.QuickSearchModule:UnityEditor.Search:ASIAI0B -> (ImportResultId: '15384a14fc76049e2b4565cddeb2ee46') in 0.007809042 seconds
[Worker0] Imported GUID: 7d9554fa1b4bb4fe9a5b1248eaa02ad1 - Path: Packages/com.unity.2d.psdimporter/Editor/Assets/Icons/Light/Layers Separated@1x.png - Importer: ScriptedImporter/UnityEditor.QuickSearchModule:UnityEditor.Search:ASIAI0B -> (ImportResultId: '51b72b80800f789cde07e7daab3d7a2f') in 0.010540125 seconds
[Worker1] Imported GUID: d0e92ddf428f3da4abe78b8ef60e2a84 - Path: Packages/com.unity.2d.animation/Editor/Assets/EditorIcons/d_Generate_Weights@3x.png - Importer: ScriptedImporter/UnityEditor.QuickSearchModule:UnityEditor.Search:ASIAI0B -> (ImportResultId: '950bf4e45d40749c8ab83d5fe0097809') in 0.009256791 seconds
[Worker1] Imported GUID: 406d759682a9c4fd6b4363091ea2ed90 - Path: Packages/com.unity.2d.animation/Editor/Assets/SpriteLibraryEditor/CategoriesTab.uss - Importer: ScriptedImporter/UnityEditor.QuickSearchModule:UnityEditor.Search:ASIAI0B -> (ImportResultId: 'ef1adc7ea2345e58a4df6ea46c6c4ac1') in 0.008161417 seconds
[Worker0] Imported GUID: b8f9974f3bb94481b9349aae492c4edf - Path: Packages/com.unity.2d.sprite/Editor/ProjectSettings/SpriteFrameModuleSettings/SpriteFrameModuleSettings.uxml - Importer: ScriptedImporter/UnityEditor.QuickSearchModule:UnityEditor.Search:ASIAI0B -> (ImportResultId: '29b627b82a75a51e25b512d8bc24bc6d') in 0.00939175 seconds
[Worker0] Imported GUID: 5ae1953898c2e4565a0a2b0af0a10985 - Path: Packages/com.unity.2d.common/Tests/Editor/PlaceholderTests.cs - Importer: ScriptedImporter/UnityEditor.QuickSearchModule:UnityEditor.Search:ASIAI0B -> (ImportResultId: '27e17ece070f784dd6d14700b6b5a6ae') in 0.007734792 seconds
[Worker1] Imported GUID: 1ab8b6926208740cc93ea0a982cb56a9 - Path: Packages/com.unity.2d.animation/Editor/UpgradeTools/Utilities/UpgradeLogWriter.cs - Importer: ScriptedImporter/UnityEditor.QuickSearchModule:UnityEditor.Search:ASIAI0B -> (ImportResultId: 'f51b758d9913ca6a206d84748026c438') in 0.007935916 seconds
[Worker0] Imported GUID: 7324ff312813f497fba0df899db0b153 - Path: Packages/com.unity.2d.common/Path/Editor/EditablePath/EditablePathController.cs - Importer: ScriptedImporter/UnityEditor.QuickSearchModule:UnityEditor.Search:ASIAI0B -> (ImportResultId: 'd6ee27bb21f5fe7eb1498e5e58ae1f29') in 0.008301208 seconds
[Worker1] Imported GUID: f1d766c90aeb37d4fb8c7d1ed3ba1378 - Path: Packages/com.unity.2d.tilemap/Editor/Icons/d_Tilemap.FocusNone@4x.png - Importer: ScriptedImporter/UnityEditor.QuickSearchModule:UnityEditor.Search:ASIAI0B -> (ImportResultId: 'f5307395f70ff9440e18251b018c267e') in 0.011252834 seconds
[Worker0] Imported GUID: 5c838469e8ab742f081032f02a904a31 - Path: Packages/com.unity.2d.animation/Editor/Assets/ComponentIcons/Animation.SpriteResolver On@128.png - Importer: ScriptedImporter/UnityEditor.QuickSearchModule:UnityEditor.Search:ASIAI0B -> (ImportResultId: 'd743d2c501ec59cf26fca759690dd293') in 0.010504083 seconds
[Worker1] Imported GUID: 7c8d4f5e6a9b8c2d3e4f5a6b7c8d9e0f - Path: Packages/com.unity.2d.sprite/Tests/Editor/SpriteUtilityWindowTests.cs - Importer: ScriptedImporter/UnityEditor.QuickSearchModule:UnityEditor.Search:ASIAI0B -> (ImportResultId: '64a34657ad2568af0214925d7166861f') in 0.008173958 seconds
[Worker1] Imported GUID: d131a2d0c5c33464b90253c59096277f - Path: Packages/com.unity.2d.tilemap.extras/Third Party Notices.md - Importer: ScriptedImporter/UnityEditor.QuickSearchModule:UnityEditor.Search:ASIAI0B -> (ImportResultId: '1b10d149802884af3be5ab822081f67e') in 0.008224125 seconds
[Worker0] Imported GUID: 4eb9dcd21f7824f91910509f5af3e404 - Path: Packages/com.unity.2d.tooling/Editor/Insider/AnalyzerWindow/ReportListItem/ReportListItem.uxml - Importer: ScriptedImporter/UnityEditor.QuickSearchModule:UnityEditor.Search:ASIAI0B -> (ImportResultId: '0d832cd8195478ff129b662e7cba0950') in 0.010033917 seconds
[Worker0] Imported GUID: 1c0efac71f61649eab4850fa3687d8a4 - Path: Packages/com.unity.2d.aseprite/Editor/Unity.2D.Aseprite.Editor.asmdef - Importer: ScriptedImporter/UnityEditor.QuickSearchModule:UnityEditor.Search:ASIAI0B -> (ImportResultId: '64efe0923a1256f767fe9974fae4a1aa') in 0.009211542 seconds
[Worker1] Imported GUID: ec8214d7d416a8746bb342b71e8e4269 - Path: Packages/com.unity.2d.animation/Editor/Assets/EditorIcons/Weight_Slider@3x.png - Importer: ScriptedImporter/UnityEditor.QuickSearchModule:UnityEditor.Search:ASIAI0B -> (ImportResultId: '74fba76c75dda351d3cf3dd84db0c1a2') in 0.011105375 seconds
[Worker1] Imported GUID: 4817dc4ea8764f74298414d8ac0bb8d5 - Path: Packages/com.unity.2d.animation/Editor/Assets/LayoutOverlay - Importer: ScriptedImporter/UnityEditor.QuickSearchModule:UnityEditor.Search:ASIAI0B -> (ImportResultId: 'ec283704079967bbaca6939ce9fa200c') in 0.00828525 seconds
[Worker0] Imported GUID: d88e25b75a7927f4683afb6c74b05a08 - Path: Packages/com.unity.2d.tilemap/Editor/Icons/Tilemap.ShowTilePalette@2x.png - Importer: ScriptedImporter/UnityEditor.QuickSearchModule:UnityEditor.Search:ASIAI0B -> (ImportResultId: 'd3441d75a3999d7451de0f25f70c1236') in 0.010818667 seconds
[Worker0] Imported GUID: 5afc6ff76240b3a4b9ae7370bfae2436 - Path: Packages/com.unity.2d.animation/Editor/SpriteOutlineRenderer - Importer: ScriptedImporter/UnityEditor.QuickSearchModule:UnityEditor.Search:ASIAI0B -> (ImportResultId: '5fc259949c62e10c12839f9a8b9e1fc3') in 0.008466958 seconds
[Worker1] Imported GUID: c3d98d7d00da4fcc9ee2300bf0bd2749 - Path: Packages/com.unity.2d.tilemap/Editor/UI/External - Importer: ScriptedImporter/UnityEditor.QuickSearchModule:UnityEditor.Search:ASIAI0B -> (ImportResultId: 'b2806c866e054fc540ee563e27a5c9ab') in 0.008938458 seconds
[Worker1] Imported GUID: 285de09dadd2d3048a1028754eda2fa1 - Path: Packages/com.unity.2d.psdimporter/Editor/PSDPlugin/PsdFile/ImageResources/ResolutionInfo.cs - Importer: ScriptedImporter/UnityEditor.QuickSearchModule:UnityEditor.Search:ASIAI0B -> (ImportResultId: '1e3ea0769c58244b0397b00886e41782') in 0.008592208 seconds
[Worker0] Imported GUID: d7b47eae8bab6b94798f1c25eabe65c2 - Path: Packages/com.unity.2d.animation/Editor/Assets/EditorIcons/Selected/Edit_Joints@4x.png - Importer: ScriptedImporter/UnityEditor.QuickSearchModule:UnityEditor.Search:ASIAI0B -> (ImportResultId: '654dd3217d89a62c6b10afbde39b56bd') in 0.010554875 seconds
[Worker1] Imported GUID: 613783dc1674e844b87788ea74ede0f6 - Path: Packages/com.unity.2d.tilemap.extras/Runtime/Unity.2D.Tilemap.Extras.asmdef - Importer: ScriptedImporter/UnityEditor.QuickSearchModule:UnityEditor.Search:ASIAI0B -> (ImportResultId: 'e3751613576b14b6f7729467fbfc670d') in 0.0092645 seconds
[Worker0] Imported GUID: c693be034becdaf47950682a32609856 - Path: Packages/com.unity.2d.sprite/Editor/Interface/IHandles.cs - Importer: ScriptedImporter/UnityEditor.QuickSearchModule:UnityEditor.Search:ASIAI0B -> (ImportResultId: '74beab61083d44ed0295c59674aaddf3') in 0.009050459 seconds
[Worker1] Imported GUID: 99b1cddb027ea4e7ea076c946a5e5d7d - Path: Packages/com.unity.2d.common/Path/Editor/IMGUI/RectSelector.cs - Importer: ScriptedImporter/UnityEditor.QuickSearchModule:UnityEditor.Search:ASIAI0B -> (ImportResultId: '3698b3c266a3fafe900b4bd0c7e4d529') in 0.009007667 seconds
[Worker0] Imported GUID: 3062f6580ab646bcb173708c0b5e52c3 - Path: Packages/com.unity.2d.aseprite/Editor/Aseprite/Chunks - Importer: ScriptedImporter/UnityEditor.QuickSearchModule:UnityEditor.Search:ASIAI0B -> (ImportResultId: '4cfc0b7030eed2a24d49206bf5a438bd') in 0.008005791 seconds
[Worker0] Imported GUID: aff60f81fc1eab749a82103779466d07 - Path: Packages/com.unity.2d.spriteshape/Editor/EditorSpriteGUIUtility.cs - Importer: ScriptedImporter/UnityEditor.QuickSearchModule:UnityEditor.Search:ASIAI0B -> (ImportResultId: 'b15861712d752ac16e3ee21db755515f') in 0.009665958 seconds
[Worker1] Imported GUID: a2f920e9797844aedbe4eb4bf4fa83e7 - Path: Packages/com.unity.2d.animation/Editor/Assets/SpriteLibraryEditor/LabelsTab.uxml - Importer: ScriptedImporter/UnityEditor.QuickSearchModule:UnityEditor.Search:ASIAI0B -> (ImportResultId: '46e503e0e1b19792a5a9cf72b0365478') in 0.012756 seconds
[Worker0] Imported GUID: 049256017895a43b4b47a8eb639ad05e - Path: Packages/com.unity.2d.animation/Editor/Assets/ComponentIcons/d_Animation.SpriteSkin.png - Importer: ScriptedImporter/UnityEditor.QuickSearchModule:UnityEditor.Search:ASIAI0B -> (ImportResultId: 'd779343204b5825e425f8895dd08f16d') in 0.011111417 seconds
[Worker1] Imported GUID: dde790a688b0426aa8b203f14ba9ced2 - Path: Packages/com.unity.2d.sprite/Editor/UI/SpriteEditor/SpriteFrameCapabilityWindow.uxml - Importer: ScriptedImporter/UnityEditor.QuickSearchModule:UnityEditor.Search:ASIAI0B -> (ImportResultId: 'ef74ab939458a5e7e9abfcea637c7a83') in 0.010894542 seconds
[Worker0] Imported GUID: 45c16cc47672e45fa8b2294183f3711d - Path: Packages/com.unity.2d.spriteshape/Editor/ObjectMenuCreation/DefaultAssets/Textures - Importer: ScriptedImporter/UnityEditor.QuickSearchModule:UnityEditor.Search:ASIAI0B -> (ImportResultId: 'a510a88d1571aa15034c78a7e9d84db8') in 0.009057834 seconds
[Worker1] Imported GUID: 685c184ded89b4284a0869dc09590e85 - Path: Packages/com.unity.2d.animation/Editor/Assets/SpriteLibraryEditor/SpriteLibraryEditorWindow.uss - Importer: ScriptedImporter/UnityEditor.QuickSearchModule:UnityEditor.Search:ASIAI0B -> (ImportResultId: '5dfdc0f738b52cddad2e05edfb2d98e9') in 0.009744042 seconds
[Worker0] Imported GUID: f90bf72f9f73a4838839f7d5e2111b1b - Path: Packages/com.unity.2d.psdimporter/Editor/PSDImporterEditorExternalData.cs - Importer: ScriptedImporter/UnityEditor.QuickSearchModule:UnityEditor.Search:ASIAI0B -> (ImportResultId: '3c52bf24d72812365857a66ebdb15ba8') in 0.008750458 seconds
[Worker1] Imported GUID: d6b05c5474b58463ea815d6ef8c13027 - Path: Packages/com.unity.2d.psdimporter/Editor/ImportUtilites.cs - Importer: ScriptedImporter/UnityEditor.QuickSearchModule:UnityEditor.Search:ASIAI0B -> (ImportResultId: '81309309b2109344cd8e5748fc0d4729') in 0.008647792 seconds
[Worker0] Imported GUID: 40bde776259d14327bcda6275f7c21b3 - Path: Packages/com.unity.2d.sprite/Editor/Assets/d_LockedOptions.png - Importer: ScriptedImporter/UnityEditor.QuickSearchModule:UnityEditor.Search:ASIAI0B -> (ImportResultId: 'a86c3322069b758ef5a5fe140c5790de') in 0.01053 seconds
[Worker1] Imported GUID: 49e6e07d70170412982a1e51c6c6d4de - Path: Packages/com.unity.2d.animation/Editor/Assets/ComponentIcons/d_Animation.SpriteSkin@32.png - Importer: ScriptedImporter/UnityEditor.QuickSearchModule:UnityEditor.Search:ASIAI0B -> (ImportResultId: 'a5a28ab65336582eb75c22230b1dd8a1') in 0.011732291 seconds
[Worker0] Imported GUID: 297af0e30a094d06ad9239ddb2c7e207 - Path: Packages/com.unity.2d.animation/Runtime/MeshUtilities.cs - Importer: ScriptedImporter/UnityEditor.QuickSearchModule:UnityEditor.Search:ASIAI0B -> (ImportResultId: '85ca36b1d10f65dbfea2412d60254e0f') in 0.008919459 seconds
[Worker1] Imported GUID: 46c6bae783f6540308d09b07db693d54 - Path: Packages/com.unity.2d.animation/Editor/Assets/ComponentIcons/Animation.SpriteLibraryManager@2x.png - Importer: ScriptedImporter/UnityEditor.QuickSearchModule:UnityEditor.Search:ASIAI0B -> (ImportResultId: '84c3dd8d379c2e409622ddae6d1f7615') in 0.0107015 seconds
[Worker0] Imported GUID: 095b5ce9626f423baa69f14091737181 - Path: Packages/com.unity.2d.common/Editor/InternalBridge/OverlayPopupWindow.cs - Importer: ScriptedImporter/UnityEditor.QuickSearchModule:UnityEditor.Search:ASIAI0B -> (ImportResultId: 'd3f6697f9c6b106085351b5b3e237f54') in 0.00906275 seconds
[Worker1] Imported GUID: 31012546a3d216f66e7e22c57ca15653 - Path: Packages/com.unity.mathematics - Importer: ScriptedImporter/UnityEditor.QuickSearchModule:UnityEditor.Search:ASIAI0B -> (ImportResultId: '444bb3eb0d98f1e321acc77210b2b9a8') in 0.009081542 seconds
[Worker0] Imported GUID: 86edfd93afbfbfd4a9dd8afefbb6ba14 - Path: Packages/com.unity.2d.psdimporter/Editor/PSDPlugin/AssemblyInfo.cs - Importer: ScriptedImporter/UnityEditor.QuickSearchModule:UnityEditor.Search:ASIAI0B -> (ImportResultId: '3ae6114248883302896a7e0f17f8760f') in 0.008854209 seconds
[Worker1] Imported GUID: d2ddd27a2c7de4ad99b3d8c9d00e4265 - Path: Packages/com.unity.2d.animation/Editor/Assets/ComponentIcons/Animation.SpriteSkin On@128.png - Importer: ScriptedImporter/UnityEditor.QuickSearchModule:UnityEditor.Search:ASIAI0B -> (ImportResultId: '15abd044811109483595b933ab0ca978') in 0.010333334 seconds
[Worker0] Imported GUID: 8cbab190b527bd44e8bf5afbc79095e8 - Path: Packages/com.unity.2d.tilemap/Editor/Icons/d_Tilemap.EditPalette@2x.png - Importer: ScriptedImporter/UnityEditor.QuickSearchModule:UnityEditor.Search:ASIAI0B -> (ImportResultId: 'dc1b122519cf65e420fce107f5ce8fe2') in 0.009981 seconds
[Worker1] Imported GUID: 04270704ae4dc994cb99e586b2ddf5e0 - Path: Packages/com.unity.mathematics/Unity.Mathematics - Importer: ScriptedImporter/UnityEditor.QuickSearchModule:UnityEditor.Search:ASIAI0B -> (ImportResultId: '823def52f49d4c3a1f9dc111d1a33892') in 0.009079917 seconds
[Worker0] Imported GUID: 5d2935f038257c44998f9aeec57d2ae7 - Path: Packages/com.unity.2d.animation/Editor/Assets/SkinningModule/InfluenceWindow.uxml - Importer: ScriptedImporter/UnityEditor.QuickSearchModule:UnityEditor.Search:ASIAI0B -> (ImportResultId: '2b5231ee4c564a0d5fbb13be51008d6d') in 0.011455041 seconds
[Worker1] Imported GUID: f46388f8206c4c5f8846ecc7830a93c4 - Path: Packages/com.unity.2d.tooling/Editor/Insider/Interface/ISaveFile.cs - Importer: ScriptedImporter/UnityEditor.QuickSearchModule:UnityEditor.Search:ASIAI0B -> (ImportResultId: '509ff2b2f8955f8395fae97d99652d68') in 0.008907208 seconds
[Worker0] Imported GUID: 513a9a771ecb4df18a851a7a3cbe4d89 - Path: Packages/com.unity.2d.tilemap/Editor/TileSet/TileSet.cs - Importer: ScriptedImporter/UnityEditor.QuickSearchModule:UnityEditor.Search:ASIAI0B -> (ImportResultId: '339c5000a1aadb262aa2fd33bd9367b0') in 0.008708833 seconds
[Worker1] Imported GUID: fbf2f9b6d5c2a412aaa9c0c4ce2534dd - Path: Packages/com.unity.2d.animation/Editor/UpgradeTools/AssetUpgrader.cs - Importer: ScriptedImporter/UnityEditor.QuickSearchModule:UnityEditor.Search:ASIAI0B -> (ImportResultId: '66e14fa828230d1c656d4faa92e7aafd') in 0.008860583 seconds
[Worker0] Imported GUID: 0abded712ad706044a53ef292972edbb - Path: Packages/com.unity.2d.tilemap.extras/Editor/Brushes/GameObjectBrush/GameObjectBrush.cs - Importer: ScriptedImporter/UnityEditor.QuickSearchModule:UnityEditor.Search:ASIAI0B -> (ImportResultId: '12a68452c4b6259dbbb1c5d946a281b0') in 0.008826416 seconds
[Worker1] Imported GUID: 002d0dba65a5470db8f0ec135f0288b1 - Path: Packages/com.unity.2d.tilemap.extras/Editor/Tiles/AnimatedTile - Importer: ScriptedImporter/UnityEditor.QuickSearchModule:UnityEditor.Search:ASIAI0B -> (ImportResultId: 'b253ac58c27aa9fca2ab22ac164d82bb') in 0.008963167 seconds
[Worker0] Imported GUID: 3ea5d335f43cf405cb4996d129ed7953 - Path: Packages/com.unity.2d.common/Path/Editor/EditorTool/ScriptableData.cs - Importer: ScriptedImporter/UnityEditor.QuickSearchModule:UnityEditor.Search:ASIAI0B -> (ImportResultId: 'f9626a99fb04fbd77a93b7587df46516') in 0.009168958 seconds
[Worker1] Imported GUID: b5e5a351c019c4444bc838b6e5fcd0a3 - Path: Packages/com.unity.2d.animation/Editor/SkinningModule/UI/WeightPainterPanel.cs - Importer: ScriptedImporter/UnityEditor.QuickSearchModule:UnityEditor.Search:ASIAI0B -> (ImportResultId: 'dba46d5838d99b1affdbe4106ec91810') in 0.008669542 seconds
[Worker0] Imported GUID: 4c71857adae3d4437b9b9df7fbe70840 - Path: Packages/com.unity.2d.animation/Editor/SpriteLib/SpriteLibraryPropertyString.cs - Importer: ScriptedImporter/UnityEditor.QuickSearchModule:UnityEditor.Search:ASIAI0B -> (ImportResultId: '253e02620be4f8b9cc6a304c8e647143') in 0.008543459 seconds
[Worker1] Imported GUID: 2d2e8c77fdf4f364c83224444f65fb4d - Path: Packages/com.unity.2d.animation/Editor/Assets/EditorIcons/d_Edit_Geometry@2x.png - Importer: ScriptedImporter/UnityEditor.QuickSearchModule:UnityEditor.Search:ASIAI0B -> (ImportResultId: 'efc584b0846b08b09419eec98610eaea') in 0.010470833 seconds
[Worker0] Imported GUID: 177f0e0a4941a464f935c21b367d57c7 - Path: Packages/com.unity.2d.animation/Editor/Assets/EditorIcons/d_Sprite_Mode@4x.png - Importer: ScriptedImporter/UnityEditor.QuickSearchModule:UnityEditor.Search:ASIAI0B -> (ImportResultId: '2c087f7bdaeb9f5907e5c5738fc7de7d') in 0.011976334 seconds
[Worker1] Imported GUID: 518ded92e5dbf494e8f76a74d752272e - Path: Packages/com.unity.2d.animation/Editor/Assets/EditorIcons/Selected/Split Bones@4x.png - Importer: ScriptedImporter/UnityEditor.QuickSearchModule:UnityEditor.Search:ASIAI0B -> (ImportResultId: '4d32c79566b2d31e622c2ae12077e608') in 0.011029375 seconds
[Worker0] Imported GUID: 42f4b048501996743958df91513f824a - Path: Packages/com.unity.2d.animation/Editor/Assets/EditorIcons/Copy.png - Importer: ScriptedImporter/UnityEditor.QuickSearchModule:UnityEditor.Search:ASIAI0B -> (ImportResultId: 'd4736b8d402d6a592a68076e271da2a8') in 0.010583791 seconds
[Worker1] Imported GUID: f9d56601f537268cc5e3c8a44a8e1dff - Path: Packages/com.unity.2d.sprite - Importer: ScriptedImporter/UnityEditor.QuickSearchModule:UnityEditor.Search:ASIAI0B -> (ImportResultId: '469eaa16b847e2508016d20b25cf614d') in 0.008741625 seconds
[Worker0] Imported GUID: 99f08c278783a314091b218d2a38fa4f - Path: Packages/com.unity.2d.sprite/Editor/SpriteEditorModule/SpriteFrameModule/SpriteFrameModuleBase.cs - Importer: ScriptedImporter/UnityEditor.QuickSearchModule:UnityEditor.Search:ASIAI0B -> (ImportResultId: '92c6e1537d404dbf40c414524869f2b7') in 0.008861042 seconds
[Worker1] Imported GUID: 83e34b79b8614e1459c93e81b2dbd135 - Path: Packages/com.unity.2d.tilemap/Editor/EditorTools/GridSelection/GridSelectionTransformTool.cs - Importer: ScriptedImporter/UnityEditor.QuickSearchModule:UnityEditor.Search:ASIAI0B -> (ImportResultId: '69300530f154d69f6e769b716c1e5f5b') in 0.008251959 seconds
[Worker0] Imported GUID: 0292e97c3662741749dc97edf5bbaa66 - Path: Packages/com.unity.2d.animation/Editor/Assets/EditorIcons/d_SetPivot@4x.png - Importer: ScriptedImporter/UnityEditor.QuickSearchModule:UnityEditor.Search:ASIAI0B -> (ImportResultId: '6b8049bfd5e5e0976873653600f7bc88') in 0.010407333 seconds
[Worker1] Imported GUID: 29f90cd6202745c448e74a1398b1c731 - Path: Packages/com.unity.2d.animation/Editor/Assets/EditorIcons/Selected/Split Bones@3x.png - Importer: ScriptedImporter/UnityEditor.QuickSearchModule:UnityEditor.Search:ASIAI0B -> (ImportResultId: '8d5da27401f9cea0f2791ebb36b5d24f') in 0.011446417 seconds
[Worker0] Imported GUID: ba29542a56435e44a82237577ea08616 - Path: Packages/com.unity.2d.animation/Editor/SkinningModule/UI/GenerateGeometryPanel.cs - Importer: ScriptedImporter/UnityEditor.QuickSearchModule:UnityEditor.Search:ASIAI0B -> (ImportResultId: '3000ca29c112a3670d728c32bf391a49') in 0.00884275 seconds
[Worker1] Imported GUID: 9bcdd57132ec4d83828b3d2c0ed2c8d8 - Path: Packages/com.unity.2d.tilemap/Editor/EditorTools/TilemapEditorToolPreferencesAsset.cs - Importer: ScriptedImporter/UnityEditor.QuickSearchModule:UnityEditor.Search:ASIAI0B -> (ImportResultId: 'b0d6eca805b0bd6fc7449bf71c37fe49') in 0.009010167 seconds
[Worker0] Imported GUID: 6de1e8bb25ebf5c44b02b794de99154c - Path: Packages/com.unity.2d.animation/Editor/Assets/EditorIcons/d_Paste@2x.png - Importer: ScriptedImporter/UnityEditor.QuickSearchModule:UnityEditor.Search:ASIAI0B -> (ImportResultId: 'b0b03a12357d8a19987cb1fe9d8ce8dd') in 0.010327625 seconds
[Worker1] Imported GUID: fd469cc9c7a046649b08db54fa8e1cca - Path: Packages/com.unity.2d.animation/IK/Runtime/Solver2D.cs - Importer: ScriptedImporter/UnityEditor.QuickSearchModule:UnityEditor.Search:ASIAI0B -> (ImportResultId: 'a20f2254ec101d6957920836b628ed18') in 0.008627084 seconds
[Worker0] Imported GUID: 42a84d2aa763148d78347ed13f78591c - Path: Packages/com.unity.2d.spriteshape/Runtime/Spline.cs - Importer: ScriptedImporter/UnityEditor.QuickSearchModule:UnityEditor.Search:ASIAI0B -> (ImportResultId: 'b843553c983e8adacf5d6211d437cdf8') in 0.008915958 seconds
[Worker1] Imported GUID: ef0d2c47c58545249b479bc1706d89b7 - Path: Packages/com.unity.2d.psdimporter/Editor/PSDPlugin/PsdFile/RleRowLengths.cs - Importer: ScriptedImporter/UnityEditor.QuickSearchModule:UnityEditor.Search:ASIAI0B -> (ImportResultId: '4c7c20b3b88885e94ce5d7e8a5f15cc7') in 0.008477625 seconds
[Worker1] Imported GUID: 87efdb9c1b914cfbb184d4e87aab7fed - Path: Packages/com.unity.2d.aseprite/Editor/Aseprite/Chunks/BaseChunk.cs - Importer: ScriptedImporter/UnityEditor.QuickSearchModule:UnityEditor.Search:ASIAI0B -> (ImportResultId: 'ae4b5c20fb7506c58ee4c34db601e7fd') in 0.008540083 seconds
[Worker0] Imported GUID: 6b3bffe22de404f319ed8587790d10ed - Path: Packages/com.unity.2d.tilemap.extras/Editor/Brushes/RandomBrush/d_RandomBrush@2x.png - Importer: ScriptedImporter/UnityEditor.QuickSearchModule:UnityEditor.Search:ASIAI0B -> (ImportResultId: 'ae4b75141260a81477720aa8f95781ef') in 0.010576417 seconds
[Worker0] Imported GUID: 41524c21c95e5fe4dbc5b48bd21995a4 - Path: Packages/com.unity.2d.animation/Runtime/Unity.2D.Animation.Runtime.asmdef - Importer: ScriptedImporter/UnityEditor.QuickSearchModule:UnityEditor.Search:ASIAI0B -> (ImportResultId: 'b21e41475417733a3221be6a3d2e21ea') in 0.008844083 seconds
[Worker1] Imported GUID: 2972f301b2bf3dd46989677197b9a34d - Path: Packages/com.unity.2d.animation/Editor/Assets/EditorIcons/Parent_Bone.png - Importer: ScriptedImporter/UnityEditor.QuickSearchModule:UnityEditor.Search:ASIAI0B -> (ImportResultId: '9e58670d6a11bcf0dbbc609b980e9573') in 0.01075775 seconds
[Worker0] Imported GUID: d38b7c3f9a7064947a8e162797ea2fa8 - Path: Packages/com.unity.2d.psdimporter/Editor/PSDImporterDataProvider.cs - Importer: ScriptedImporter/UnityEditor.QuickSearchModule:UnityEditor.Search:ASIAI0B -> (ImportResultId: '8cb0235d16e740b37f1ecf746c21cd29') in 0.009136042 seconds
[Worker1] Imported GUID: 070c631c5a8d05e41baf0a64b742067d - Path: Packages/com.unity.2d.tilemap/Editor/Icons/Tilemap.FocusNone@4x.png - Importer: ScriptedImporter/UnityEditor.QuickSearchModule:UnityEditor.Search:ASIAI0B -> (ImportResultId: 'f18c78d661f549dcb8256c535a633518') in 0.010694125 seconds
[Worker0] Imported GUID: 7a1683154a74c9d4e9f993bd6c54f947 - Path: Packages/com.unity.2d.animation/Editor/Assets/EditorIcons/d_Mesh@3x.png - Importer: ScriptedImporter/UnityEditor.QuickSearchModule:UnityEditor.Search:ASIAI0B -> (ImportResultId: 'ce4e59c37065c8d2a6b37aca981f3863') in 0.010585042 seconds
[Worker1] Imported GUID: 62637c66c368548789226f78e6b15e78 - Path: Packages/com.unity.2d.psdimporter/Editor/PSDImporterAPI.cs - Importer: ScriptedImporter/UnityEditor.QuickSearchModule:UnityEditor.Search:ASIAI0B -> (ImportResultId: '676b14bf2f5b435edd13cfb38d6178b0') in 0.00915925 seconds
[Worker0] Imported GUID: eecbc6949fc2aac40bfe64caade7a594 - Path: Packages/com.unity.2d.animation/Editor/Assets/EditorIcons/d_Edit_Joints@2x.png - Importer: ScriptedImporter/UnityEditor.QuickSearchModule:UnityEditor.Search:ASIAI0B -> (ImportResultId: 'ea5438f4dcb0bb8b2a73beb05a2c0bb2') in 0.011972292 seconds
[Worker1] Imported GUID: 592cc37b962a5604599e514ecc35f4b2 - Path: Packages/com.unity.2d.tilemap/Editor/Icons/Tilemap.FocusNone.png - Importer: ScriptedImporter/UnityEditor.QuickSearchModule:UnityEditor.Search:ASIAI0B -> (ImportResultId: '94bae37d529fb8367f6b8ba403e4c43a') in 0.010206541 seconds
[Worker0] Imported GUID: a7f87992cd1d44040ae42b05e5fbdaa5 - Path: Packages/com.unity.mathematics/LICENSE.md - Importer: ScriptedImporter/UnityEditor.QuickSearchModule:UnityEditor.Search:ASIAI0B -> (ImportResultId: '99f2996dbb526652dd0b2777223a47e7') in 0.009113875 seconds
[Worker1] Imported GUID: c55f8ee59e712524682edba7c818eb6b - Path: Packages/com.unity.2d.tilemap/Editor/GridBrushEditor.cs - Importer: ScriptedImporter/UnityEditor.QuickSearchModule:UnityEditor.Search:ASIAI0B -> (ImportResultId: '07fdd6afbd588c8601d4476aa367edea') in 0.009128959 seconds
[Worker1] Imported GUID: 14dea3cd6f9354539a93235fc98c74bb - Path: Packages/com.unity.2d.aseprite/Editor/Common/InternalBridge/AssemblyInfo.cs - Importer: ScriptedImporter/UnityEditor.QuickSearchModule:UnityEditor.Search:ASIAI0B -> (ImportResultId: '5ffcfe2e6319c6872050e48edd199453') in 0.00828975 seconds
[Worker0] Imported GUID: f828a183ef5d4eb5adf399bfc893d4f4 - Path: Packages/com.unity.2d.tilemap.extras/Editor/Tiles/AnimatedTile/AnimatedTileEditor.cs - Importer: ScriptedImporter/UnityEditor.QuickSearchModule:UnityEditor.Search:ASIAI0B -> (ImportResultId: '7e8afc24b076f7ff2804dbf12e95ffa2') in 0.008388208 seconds
[Worker1] Imported GUID: 6097af7ac26e2c44db9c7c46b94f4f4f - Path: Packages/com.unity.2d.animation/Runtime/SpriteLib - Importer: ScriptedImporter/UnityEditor.QuickSearchModule:UnityEditor.Search:ASIAI0B -> (ImportResultId: 'c4083bb2d6f3bf10730ce44390a33451') in 0.008877792 seconds
[Worker0] Imported GUID: 45c995b76b893fd4b9e8d3e0f9f6463b - Path: Packages/com.unity.2d.animation/Editor/Assets/EditorIcons/Visibility_Tool@2x.png - Importer: ScriptedImporter/UnityEditor.QuickSearchModule:UnityEditor.Search:ASIAI0B -> (ImportResultId: 'b21235fbb675987eb8192c73abdc47d0') in 0.0106975 seconds
[Worker0] Imported GUID: 45ecad7bffa045938004cc2d4e583664 - Path: Packages/com.unity.2d.tooling/Editor/Insider/Interface/IAnalyzerReport.cs - Importer: ScriptedImporter/UnityEditor.QuickSearchModule:UnityEditor.Search:ASIAI0B -> (ImportResultId: '52bd2680c83f4458139f82bca3dd7a2d') in 0.008241875 seconds
[Worker1] Imported GUID: b281b91a70a624a0da1c43adc1c30c7b - Path: Packages/com.unity.2d.spriteshape/Editor/ObjectMenuCreation/DefaultAssets/Textures/Sprite Shape Fill.png - Importer: ScriptedImporter/UnityEditor.QuickSearchModule:UnityEditor.Search:ASIAI0B -> (ImportResultId: 'ceba6d3c4992c3169d425ea94d7d21a3') in 0.011673458 seconds
[Worker0] Imported GUID: 54d3c82246f84176b1a90139809362c6 - Path: Packages/com.unity.2d.tooling/Editor/Insider/SpriteAtlas/SpriteAtlasIssueReport/ISpriteAtlasIssue.cs - Importer: ScriptedImporter/UnityEditor.QuickSearchModule:UnityEditor.Search:ASIAI0B -> (ImportResultId: 'bb41f03ba346f74952bdd1f7ddf934ef') in 0.009214166 seconds
[Worker1] Imported GUID: 746052615b1c24ac7880bc32b25a53e6 - Path: Packages/com.unity.2d.common/Path/Editor/EditorTool/GenericScriptablePath.cs - Importer: ScriptedImporter/UnityEditor.QuickSearchModule:UnityEditor.Search:ASIAI0B -> (ImportResultId: 'c6354c42e9cf2c409267c3f480f7fd9d') in 0.00847325 seconds
[Worker1] Imported GUID: 3045ca2469fb18a48a1b874587e1df9e - Path: Packages/com.unity.2d.psdimporter/Editor/PSDPlugin/PhotoShopFileType/BlendModeMapping.cs - Importer: ScriptedImporter/UnityEditor.QuickSearchModule:UnityEditor.Search:ASIAI0B -> (ImportResultId: '9b66e2ae9b727eba850c57a049c9b8bb') in 0.007945625 seconds
[Worker0] Imported GUID: 394811b7684f040b896b396503e1ccbd - Path: Packages/com.unity.2d.psdimporter/Editor/Assets/UI/PSDImporterStyleSheet.uss - Importer: ScriptedImporter/UnityEditor.QuickSearchModule:UnityEditor.Search:ASIAI0B -> (ImportResultId: 'c3db7bd1031c19b935e9dad4f13a3550') in 0.009687583 seconds
[Worker1] Imported GUID: 56de866d5032f461baa43decd9ce3bd8 - Path: Packages/com.unity.mathematics/CHANGELOG.md - Importer: ScriptedImporter/UnityEditor.QuickSearchModule:UnityEditor.Search:ASIAI0B -> (ImportResultId: '44bbc928463b4acb6368f6bd0b7a87ff') in 0.00880075 seconds
[Worker0] Imported GUID: a43eacb849c08fa47b752df4f2e05c7a - Path: Packages/com.unity.2d.animation/Editor/SkinningModule/SkinningCache/TransformCache.cs - Importer: ScriptedImporter/UnityEditor.QuickSearchModule:UnityEditor.Search:ASIAI0B -> (ImportResultId: '833c1f0b4de8105854824b8577417bab') in 0.008091708 seconds
[Worker1] Imported GUID: 8ee0058b5fad546478a6e24d435de0b9 - Path: Packages/com.unity.2d.tilemap/Editor/UI/TilePaletteClipboardElement.cs - Importer: ScriptedImporter/UnityEditor.QuickSearchModule:UnityEditor.Search:ASIAI0B -> (ImportResultId: '6127ab47ef217aa7e76c471cb2e543bc') in 0.008718458 seconds
[Worker0] Imported GUID: edb95e1abc22a4ce48cce8622dd37bbd - Path: Packages/com.unity.2d.animation/IK/Runtime/Culling/SpriteSkinVisibilityCullingStrategy.cs - Importer: ScriptedImporter/UnityEditor.QuickSearchModule:UnityEditor.Search:ASIAI0B -> (ImportResultId: 'ad8106134e81717f18d7a8d88725edd5') in 0.008613375 seconds
[Worker0] Imported GUID: 747c53103cdff47fe98cef9648120fc2 - Path: Packages/com.unity.2d.spriteshape/Editor/ObjectMenuCreation - Importer: ScriptedImporter/UnityEditor.QuickSearchModule:UnityEditor.Search:ASIAI0B -> (ImportResultId: '90b55a74141b5bc65fba4cbf86f5f8aa') in 0.008789125 seconds
[Worker1] Imported GUID: 31d22d44ff25f4a5c95ac4842b5fb74f - Path: Packages/com.unity.2d.animation/Editor/Assets/ComponentIcons/Animation.SpriteResolver.png - Importer: ScriptedImporter/UnityEditor.QuickSearchModule:UnityEditor.Search:ASIAI0B -> (ImportResultId: 'ece14b3114e9ca09248539db73687962') in 0.010850291 seconds
[Worker0] Imported GUID: 72495d3b4803aad44b0456fd7b463771 - Path: Packages/com.unity.2d.animation/Editor/SkinningModule/Triangulation - Importer: ScriptedImporter/UnityEditor.QuickSearchModule:UnityEditor.Search:ASIAI0B -> (ImportResultId: 'bcb668968a8a88c05646fee13b775174') in 0.008760041 seconds
[Worker1] Imported GUID: 950832395ec754ba48ab1cffa214cec0 - Path: Packages/com.unity.2d.animation/Editor/Assets/ComponentIcons/Animation.IKFabrik On@128.png - Importer: ScriptedImporter/UnityEditor.QuickSearchModule:UnityEditor.Search:ASIAI0B -> (ImportResultId: '16f8469e063e3ec2052654233bd4cf2c') in 0.010572375 seconds
[Worker0] Imported GUID: 65760d058db37cb438c9002fb9c5dc92 - Path: Packages/com.unity.2d.animation/Editor/SkinningModule/SkinningSerializer/ISkinningSerializer.cs - Importer: ScriptedImporter/UnityEditor.QuickSearchModule:UnityEditor.Search:ASIAI0B -> (ImportResultId: '03aca72542785e5cd6728f6d6ee1438c') in 0.009304875 seconds
[Worker1] Imported GUID: 6ea81e02715034d7e81c7c8e6f5e3329 - Path: Packages/com.unity.2d.common/Editor/ImagePacker/ImagePacker.cs - Importer: ScriptedImporter/UnityEditor.QuickSearchModule:UnityEditor.Search:ASIAI0B -> (ImportResultId: 'ed3cfeff60c763474a6ca62d7a3e8981') in 0.008942333 seconds
[Worker0] Imported GUID: 80a2a0d76c01997428d4213411145e8c - Path: Packages/com.unity.2d.animation/Editor/Assets/EditorIcons/d_Create_Vertex@2x.png - Importer: ScriptedImporter/UnityEditor.QuickSearchModule:UnityEditor.Search:ASIAI0B -> (ImportResultId: 'ec7b31556d9baed6e050db661bd711a3') in 0.010912625 seconds
[Worker1] Imported GUID: 6ccf4234805f2d049a6869c33213ff65 - Path: Packages/com.unity.2d.tilemap/Editor/Icons/Tilemap.DefaultBrush@4x.png - Importer: ScriptedImporter/UnityEditor.QuickSearchModule:UnityEditor.Search:ASIAI0B -> (ImportResultId: '976d113c9870fc95a21300d225174295') in 0.010205958 seconds
[Worker0] Imported GUID: 331d72d503bf74243aa04430504cee09 - Path: Packages/com.unity.2d.animation/Editor/Assets/EditorIcons/d_Visibility_Hidded.png - Importer: ScriptedImporter/UnityEditor.QuickSearchModule:UnityEditor.Search:ASIAI0B -> (ImportResultId: 'bb874384e29ec5ecbbbaea09034edb4a') in 0.010594125 seconds
[Worker1] Imported GUID: b294a6b01c40240e1b1677cd56223441 - Path: Packages/com.unity.2d.tilemap/Editor/ObjectCreationMenu - Importer: ScriptedImporter/UnityEditor.QuickSearchModule:UnityEditor.Search:ASIAI0B -> (ImportResultId: '196f58a857f945c2a030fafafa9f32c0') in 0.008380625 seconds
[Worker0] Imported GUID: d80edd6caba93514eb01722041fe50b4 - Path: Packages/com.unity.2d.tilemap.extras/Editor/Brushes/RandomBrush/RandomBrush.cs - Importer: ScriptedImporter/UnityEditor.QuickSearchModule:UnityEditor.Search:ASIAI0B -> (ImportResultId: '38a4f9016a903d00d8dc9687238f28ab') in 0.008914958 seconds
[Worker1] Imported GUID: ea833d779996e3244b3b567764be9cf0 - Path: Packages/com.unity.2d.animation/Editor/Assets/EditorIcons/Selected/Sprite_Mode@3x.png - Importer: ScriptedImporter/UnityEditor.QuickSearchModule:UnityEditor.Search:ASIAI0B -> (ImportResultId: '445e80eae24b8a494d0c5187a179f254') in 0.011052834 seconds
[Worker0] Imported GUID: 6923d4ff63e048f89b586b778be1a5ac - Path: Packages/com.unity.2d.tooling/Editor/Insider/SpriteAtlas/SpriteAtlasIssueReport/ISpriteAtlasRootIssue.cs - Importer: ScriptedImporter/UnityEditor.QuickSearchModule:UnityEditor.Search:ASIAI0B -> (ImportResultId: 'f9346868719003ac3880db1647db6956') in 0.009172834 seconds
[Worker1] Imported GUID: 41672af7b9d404a44956a5aaad271900 - Path: Packages/com.unity.2d.aseprite/Editor/AssetGeneration/SpriteAtlasGeneration.cs - Importer: ScriptedImporter/UnityEditor.QuickSearchModule:UnityEditor.Search:ASIAI0B -> (ImportResultId: '7c7008b3572d90861d31741b1ca0c417') in 0.008538666 seconds
[Worker1] Imported GUID: e4b228dab700203488a7c7d474a25838 - Path: Packages/com.unity.2d.common/Runtime/InternalBridge/InternalBridgeDef.asmdef - Importer: ScriptedImporter/UnityEditor.QuickSearchModule:UnityEditor.Search:ASIAI0B -> (ImportResultId: 'feb5c2be8ad3b6ff9aff714fffbe0536') in 0.008409375 seconds
[Worker0] Imported GUID: 7fb67c2b407ef467abf669f0bb116111 - Path: Packages/com.unity.2d.psdimporter/Editor/UTK/UIColumn.cs - Importer: ScriptedImporter/UnityEditor.QuickSearchModule:UnityEditor.Search:ASIAI0B -> (ImportResultId: 'c04612f5e11d6562e41a2cc07816d07e') in 0.009902375 seconds
[Worker0] Imported GUID: 1d7148ed526519c48bda43a8a5a9dceb - Path: Packages/com.unity.2d.animation/Editor/ResourceLoader.cs - Importer: ScriptedImporter/UnityEditor.QuickSearchModule:UnityEditor.Search:ASIAI0B -> (ImportResultId: '9ce9c2dae01facf5d03fe245c1fcd0df') in 0.00848125 seconds
[Worker1] Imported GUID: f4e90b0a1e5a5bc46897cdcf5a142111 - Path: Packages/com.unity.2d.animation/Editor/Assets/EditorIcons/d_Mesh.png - Importer: ScriptedImporter/UnityEditor.QuickSearchModule:UnityEditor.Search:ASIAI0B -> (ImportResultId: 'c46adbae636b448c96b95cbab178264c') in 0.011493708 seconds
[Worker0] Imported GUID: b0aedd6e13d9547d8a6466871d50e22e - Path: Packages/com.unity.2d.common/Path/Editor/IMGUI/GUIFramework/GenericControl.cs - Importer: ScriptedImporter/UnityEditor.QuickSearchModule:UnityEditor.Search:ASIAI0B -> (ImportResultId: '6e1bbd638794e88e3fe1e0b03aafa047') in 0.008830792 seconds
[Worker1] Imported GUID: 5796720807c5b4856aea84babbabd4ee - Path: Packages/com.unity.2d.animation/Editor/SkinningModule/IMGUI/SpriteMeshController.cs - Importer: ScriptedImporter/UnityEditor.QuickSearchModule:UnityEditor.Search:ASIAI0B -> (ImportResultId: '3a0762653317851f1e733045b9d55f64') in 0.008505375 seconds
[Worker0] Imported GUID: cb006e3fa37420b42b3673eef90cd4b3 - Path: Packages/com.unity.2d.common/Editor/AssemblyInfo.cs - Importer: ScriptedImporter/UnityEditor.QuickSearchModule:UnityEditor.Search:ASIAI0B -> (ImportResultId: '3dc772d704791b0371691f400e1350a3') in 0.008870083 seconds
[Worker1] Imported GUID: debde310aa0f4a119984c1340b93d12c - Path: Packages/com.unity.2d.tooling/Editor/Insider/SpriteAtlas/SpriteAtlasIssueReport/UIElement/OKCancel/OKCancelElement.cs - Importer: ScriptedImporter/UnityEditor.QuickSearchModule:UnityEditor.Search:ASIAI0B -> (ImportResultId: '7acd965f214e35ab1820b6fa4da82e94') in 0.008607083 seconds
[Worker0] Imported GUID: 24bbfa70f4a5840c3ab7da95e6835815 - Path: Packages/com.unity.2d.common/Path/Editor/Unity.2D.Common.Path.Editor.asmdef - Importer: ScriptedImporter/UnityEditor.QuickSearchModule:UnityEditor.Search:ASIAI0B -> (ImportResultId: '3e70ec0d30e41209ea7fd4dc93a73347') in 0.008358333 seconds
[Worker1] Imported GUID: 08bd485b57bc7c7498c8597502c34793 - Path: Packages/com.unity.2d.spriteshape/Runtime/External/LibTessDotNet/PriorityHeap.cs - Importer: ScriptedImporter/UnityEditor.QuickSearchModule:UnityEditor.Search:ASIAI0B -> (ImportResultId: '8b30d571eee5845c279e7fc80a498284') in 0.007537541 seconds
[Worker1] Imported GUID: a9f15b7c9363d9944a7d69248fd279ec - Path: Packages/com.unity.2d.tilemap.extras/package.json - Importer: ScriptedImporter/UnityEditor.QuickSearchModule:UnityEditor.Search:ASIAI0B -> (ImportResultId: '0472e7379925142fc0220afe9b1dcdb5') in 0.007520625 seconds
[Worker0] Imported GUID: 17fa84703485d314b8d6b5216987d4b1 - Path: Packages/com.unity.2d.animation/Editor/Assets/EditorIcons/character_Mode@3x.png - Importer: ScriptedImporter/UnityEditor.QuickSearchModule:UnityEditor.Search:ASIAI0B -> (ImportResultId: 'f5faf5399b153fd55b93e01f16f08c52') in 0.010296167 seconds
[Worker1] Imported GUID: 30059556ae90a4efebfdb2c9ed884dd1 - Path: Packages/com.unity.2d.sprite/Editor/ObjectMenuCreation/ItemCreationUtility.cs - Importer: ScriptedImporter/UnityEditor.QuickSearchModule:UnityEditor.Search:ASIAI0B -> (ImportResultId: '34df68429ff70b2baafa510b0fe540a6') in 0.007940667 seconds
[Worker0] Imported GUID: 9b74e92fe3ba4ef79b7093640a61f5d7 - Path: Packages/com.unity.2d.aseprite/Editor/Aseprite/Chunks/SliceChunk.cs - Importer: ScriptedImporter/UnityEditor.QuickSearchModule:UnityEditor.Search:ASIAI0B -> (ImportResultId: '05738860c3b564141165b555f834c8ef') in 0.007579791 seconds
[Worker1] Imported GUID: 800754db7f7247ddb5fcbb0a8796fb46 - Path: Packages/com.unity.2d.common/Editor/InternalBridge/AssetCreation.cs - Importer: ScriptedImporter/UnityEditor.QuickSearchModule:UnityEditor.Search:ASIAI0B -> (ImportResultId: 'c2297643e18e4b47df6e7dde82099bac') in 0.007962334 seconds
[Worker0] Imported GUID: 8e88614a5d2aead4998a8c70955662c6 - Path: Packages/com.unity.2d.animation/Editor/Assets/EditorIcons/d_Generate_Weights@4x.png - Importer: ScriptedImporter/UnityEditor.QuickSearchModule:UnityEditor.Search:ASIAI0B -> (ImportResultId: 'e1ac9779776d814b63fcd6b1d09a17b8') in 0.009658625 seconds
[Worker1] Imported GUID: e959cb82696cd4dbf9e6b448af425c88 - Path: Packages/com.unity.2d.animation/Editor/Assets/EditorIcons/Selected/Sprite_Influence@4x.png - Importer: ScriptedImporter/UnityEditor.QuickSearchModule:UnityEditor.Search:ASIAI0B -> (ImportResultId: 'b17513211a217bcc36eff87ef7417561') in 0.00967125 seconds
[Worker0] Imported GUID: 71f3a5c724055424d80f4940228fd9ae - Path: Packages/com.unity.2d.animation/Runtime/SpriteSkinUtility.cs - Importer: ScriptedImporter/UnityEditor.QuickSearchModule:UnityEditor.Search:ASIAI0B -> (ImportResultId: '66c9785198d486ff33e6beb4da3aeaee') in 0.007567333 seconds
[Worker0] Imported GUID: 92218ba33a004d4188bcfaaabc0cf8e7 - Path: Packages/com.unity.2d.sprite/Editor/SpriteEditorModule/SpriteFrameModule/SpriteFrameEditor/SpriteFrameEditorMode.cs - Importer: ScriptedImporter/UnityEditor.QuickSearchModule:UnityEditor.Search:ASIAI0B -> (ImportResultId: 'c5bb267a9a3d5790b82bd774f8998a90') in 0.007638333 seconds
[Worker1] Imported GUID: ecc64bf4ebc64e2d8487b3a631c5113c - Path: Packages/com.unity.2d.tilemap/Editor/UI/GridPaintPaletteWindow.uss - Importer: ScriptedImporter/UnityEditor.QuickSearchModule:UnityEditor.Search:ASIAI0B -> (ImportResultId: '58c59af0376be5b2d14750c6a740c5fa') in 0.008552042 seconds
[Worker0] Imported GUID: b73fdc2e038a54b898e6eaa8ebe3ab82 - Path: Packages/com.unity.2d.psdimporter/Editor/UTK/PSDImporterMultiColumnTreeViewUI.cs - Importer: ScriptedImporter/UnityEditor.QuickSearchModule:UnityEditor.Search:ASIAI0B -> (ImportResultId: '26adfa89f88f1c927f3ad5538b8ba316') in 0.008028625 seconds
[Worker1] Imported GUID: ed5ce024c84dbdb42ac5037d03e7c039 - Path: Packages/com.unity.2d.animation/Editor/Assets/EditorIcons/Generate_Weights@3x.png - Importer: ScriptedImporter/UnityEditor.QuickSearchModule:UnityEditor.Search:ASIAI0B -> (ImportResultId: 'f13cc70a9edc349b751260b29dc9c136') in 0.009588875 seconds
[Worker1] Imported GUID: 07512ec0d03c84285a2573a5747097d4 - Path: Packages/com.unity.2d.animation/Editor/SkinningModule/IMGUI/SpriteMeshView.cs - Importer: ScriptedImporter/UnityEditor.QuickSearchModule:UnityEditor.Search:ASIAI0B -> (ImportResultId: '8cc9abf812c48131f2bcc281f25bf0cf') in 0.007694459 seconds
[Worker0] Imported GUID: 3b9a6aa9cd66c475ea8cba88e186779f - Path: Packages/com.unity.2d.animation/Editor/Assets/ComponentIcons/Animation.SpriteLibraryManager@32.png - Importer: ScriptedImporter/UnityEditor.QuickSearchModule:UnityEditor.Search:ASIAI0B -> (ImportResultId: 'dc02e8be3304d9b09b10723157984efc') in 0.009605833 seconds
[Worker1] Imported GUID: 0d2bc08656be64486b5fcf6796dd34e4 - Path: Packages/com.unity.2d.animation/Editor/UpgradeTools/BaseUpgrader.cs - Importer: ScriptedImporter/UnityEditor.QuickSearchModule:UnityEditor.Search:ASIAI0B -> (ImportResultId: '96c877cff1438d489c5cede9a47d6a09') in 0.00806575 seconds
[Worker0] Imported GUID: 46d5b7ee1aaae3c4d9fd3a54774428d5 - Path: Packages/com.unity.2d.animation/Editor/Assets/EditorIcons/Selected/d_Visibility_Tool@3x.png - Importer: ScriptedImporter/UnityEditor.QuickSearchModule:UnityEditor.Search:ASIAI0B -> (ImportResultId: 'b339c149948cd0373cedd7db99c4e4e6') in 0.009601334 seconds
[Worker1] Imported GUID: 2f3265c27d3704c52a32b7a9a64e6cb9 - Path: Packages/com.unity.2d.tooling/Editor/Insider/AnalyzerWindow/AnalyzerWindow.cs - Importer: ScriptedImporter/UnityEditor.QuickSearchModule:UnityEditor.Search:ASIAI0B -> (ImportResultId: '5d2105755e3347eb7487d89b1bf6f90d') in 0.007884542 seconds
[Worker0] Imported GUID: 401d7863028c84a4988285a5389f1d79 - Path: Packages/com.unity.2d.animation/Editor/Assets/EditorIcons/Selected/Edit_Joints@2x.png - Importer: ScriptedImporter/UnityEditor.QuickSearchModule:UnityEditor.Search:ASIAI0B -> (ImportResultId: '00336956e1fbe147c0edff419d189217') in 0.010311917 seconds
[Worker1] Imported GUID: ecefc247a9b423b4f8398f5e03d27f76 - Path: Packages/com.unity.2d.tilemap.extras/Runtime/GridInformation - Importer: ScriptedImporter/UnityEditor.QuickSearchModule:UnityEditor.Search:ASIAI0B -> (ImportResultId: 'd0a9c11d8a277f93ca4763d4213554b3') in 0.007772625 seconds
[Worker0] Imported GUID: a130d12452aa0484da530281c362fc8b - Path: Packages/com.unity.2d.animation/Editor/Assets/EditorIcons/d_Paste@3x.png - Importer: ScriptedImporter/UnityEditor.QuickSearchModule:UnityEditor.Search:ASIAI0B -> (ImportResultId: 'c9dd573f2ac9dfecbdb0fcd6eac89903') in 0.009769583 seconds
[Worker1] Imported GUID: 4741ec49ca1d5495b8ac277cc2b9df1a - Path: Packages/com.unity.2d.animation/Editor/SpriteLib/SpriteLibraryEditor/UI/CustomElements - Importer: ScriptedImporter/UnityEditor.QuickSearchModule:UnityEditor.Search:ASIAI0B -> (ImportResultId: 'ba4a2ca961cd7c6c2099c3337b6731f5') in 0.007781166 seconds
[Worker0] Imported GUID: 74b623af9240418ea3e37d96866aec48 - Path: Packages/com.unity.2d.tilemap.extras/Editor/Tiles/AutoTile/AutoTileTemplateUtility.cs - Importer: ScriptedImporter/UnityEditor.QuickSearchModule:UnityEditor.Search:ASIAI0B -> (ImportResultId: 'c0e98437091788822a943c78727a2c59') in 0.008099666 seconds
[Worker1] Imported GUID: 58e21847e2d624440ba158c66a136e5f - Path: Packages/com.unity.2d.animation/Editor/Assets/EditorIcons/SetPivot@3x.png - Importer: ScriptedImporter/UnityEditor.QuickSearchModule:UnityEditor.Search:ASIAI0B -> (ImportResultId: '6890902098c24e36c42c73d217a2be48') in 0.009347916 seconds
[Worker0] Imported GUID: e3161f1cd14e4e2799db62e6545115de - Path: Packages/com.unity.2d.aseprite/Editor/Aseprite/Chunks/LayerChunk.cs - Importer: ScriptedImporter/UnityEditor.QuickSearchModule:UnityEditor.Search:ASIAI0B -> (ImportResultId: '5523d1277cbfe3bb9753979016cf5602') in 0.0076795 seconds
[Worker0] Imported GUID: 19c21ce977fd53a46857b0dac2845685 - Path: Packages/com.unity.2d.animation/Editor/SkinningModule/MeshTool/MeshToolWrapper.cs - Importer: ScriptedImporter/UnityEditor.QuickSearchModule:UnityEditor.Search:ASIAI0B -> (ImportResultId: '06e0bcd089409313161a340fb0769ba1') in 0.008143292 seconds
[Worker1] Imported GUID: a4bde53ec7c104f868be7329e31dd480 - Path: Packages/com.unity.2d.animation/Editor/Assets/ComponentIcons/Animation.IKManager On@256.png - Importer: ScriptedImporter/UnityEditor.QuickSearchModule:UnityEditor.Search:ASIAI0B -> (ImportResultId: '1dc4668408b09becaded8efeb334a486') in 0.010803583 seconds
[Worker0] Imported GUID: 4c779848d9dd029409ca676b49e10a18 - Path: Packages/com.unity.2d.tilemap.extras/Runtime/Tiles/RuleOverrideTile/RuleOverrideTile.cs - Importer: ScriptedImporter/UnityEditor.QuickSearchModule:UnityEditor.Search:ASIAI0B -> (ImportResultId: 'fecf9c0a478d2e4caddf4937ac450443') in 0.007795334 seconds
[Worker1] Imported GUID: a2db0b51e2c0e418b8d5f85cee0d4876 - Path: Packages/com.unity.2d.animation/Editor/Assets/EditorIcons/Selected/Sprite_Influence.png - Importer: ScriptedImporter/UnityEditor.QuickSearchModule:UnityEditor.Search:ASIAI0B -> (ImportResultId: 'e12b3d0c70bdd697033e34d43014de9c') in 0.009248708 seconds
[Worker0] Imported GUID: 68f1f3aed86c64050b0c1e343c604868 - Path: Packages/com.unity.2d.psdimporter/Editor/Assets/Icons/Dark/Layers Mixed@4x.png - Importer: ScriptedImporter/UnityEditor.QuickSearchModule:UnityEditor.Search:ASIAI0B -> (ImportResultId: 'a693721e99122c4058879086c3670856') in 0.009635583 seconds
[Worker1] Imported GUID: f9404b28690a74b4f918e7006968dd80 - Path: Packages/com.unity.2d.psdimporter/Editor/PSDPlugin/PsdFile/RleReader.cs - Importer: ScriptedImporter/UnityEditor.QuickSearchModule:UnityEditor.Search:ASIAI0B -> (ImportResultId: '3bf0790b341a269a6a888bb2eba89c7c') in 0.007629209 seconds
[Worker0] Imported GUID: 63154732be07c2242a369890e0f80a72 - Path: Packages/com.unity.2d.tilemap/Editor/Icons/Tilemap.ShowGrid.png - Importer: ScriptedImporter/UnityEditor.QuickSearchModule:UnityEditor.Search:ASIAI0B -> (ImportResultId: 'd57b87a84e7ad6b848d19a84da0ebd6d') in 0.009687708 seconds
[Worker1] Imported GUID: 5d83937eb3ca95047b4e0e43aac5e962 - Path: Packages/com.unity.2d.tilemap/Editor/Icons/Tilemap.TilePalette@2x.png - Importer: ScriptedImporter/UnityEditor.QuickSearchModule:UnityEditor.Search:ASIAI0B -> (ImportResultId: '79932e21c693b65e9ae120c75d1402e8') in 0.009261417 seconds
[Worker1] Imported GUID: fa7f3298f32f49e8b986f4ef85e7575b - Path: Packages/com.unity.2d.aseprite/Editor/AssetGeneration/AnimationClipGeneration.cs - Importer: ScriptedImporter/UnityEditor.QuickSearchModule:UnityEditor.Search:ASIAI0B -> (ImportResultId: 'e0231044a43558263229aedcca279bed') in 0.007710375 seconds
[Worker0] Imported GUID: 045b15ec09bba42448d89db77fa6f20a - Path: Packages/com.unity.2d.sprite/Editor/ObjectMenuCreation/DefaultAssets/Textures/IsometricDiamond.png - Importer: ScriptedImporter/UnityEditor.QuickSearchModule:UnityEditor.Search:ASIAI0B -> (ImportResultId: '250e284d01c0e5a3cb07e26d530ba406') in 0.010145584 seconds
[Worker1] Imported GUID: 5c3b8c69935554b3e94d4497f9a6e8d8 - Path: Packages/com.unity.2d.sprite/Editor/ObjectMenuCreation/MenuItems.cs - Importer: ScriptedImporter/UnityEditor.QuickSearchModule:UnityEditor.Search:ASIAI0B -> (ImportResultId: '434d62777dc91c26ad7a203e3e033a23') in 0.008139083 seconds
[Worker0] Imported GUID: 0f23e3a5939b544a695891ff91d452b7 - Path: Packages/com.unity.2d.animation/Editor/Assets/ComponentIcons/d_Animation.SpriteLibraryVar.png - Importer: ScriptedImporter/UnityEditor.QuickSearchModule:UnityEditor.Search:ASIAI0B -> (ImportResultId: 'cdf02d62e1c7e7d813ba4f2fe2a262eb') in 0.009966709 seconds
[Worker1] Imported GUID: 98bcd460e2b44d54b4c2e04f62befd1b - Path: Packages/com.unity.2d.animation/Editor/SkinningModule/UI/PoseToolbar.cs - Importer: ScriptedImporter/UnityEditor.QuickSearchModule:UnityEditor.Search:ASIAI0B -> (ImportResultId: '3d5fd9427fada8dc7976def631aebf6d') in 0.008818542 seconds
[Worker0] Imported GUID: 728411c4111e4a7493913a3b01973d53 - Path: Packages/com.unity.2d.tooling/Editor/Insider/SpriteAtlas/DataSource/EditorAtlasAnalyzer.cs - Importer: ScriptedImporter/UnityEditor.QuickSearchModule:UnityEditor.Search:ASIAI0B -> (ImportResultId: '1a16de483cb1fbdfb8e5d1cdf4ed52d3') in 0.008262583 seconds
[Worker1] Imported GUID: 968bc2d2d52a4e58a4ad798c61d9e195 - Path: Packages/com.unity.2d.tooling/Editor/Insider/AnalyzerWindow/DataSourceListItem - Importer: ScriptedImporter/UnityEditor.QuickSearchModule:UnityEditor.Search:ASIAI0B -> (ImportResultId: 'b378bd2d6305621ce70d8ff37a387c0e') in 0.008042334 seconds
[Worker0] Imported GUID: d61989f1b8cdf884c960907a37504ceb - Path: Packages/com.unity.2d.animation/Editor/Assets/SkinningModule/BoneToolbarStyle.uss - Importer: ScriptedImporter/UnityEditor.QuickSearchModule:UnityEditor.Search:ASIAI0B -> (ImportResultId: 'fa23420326e0cea7af802e89a4731243') in 0.013341708 seconds
[Worker1] Imported GUID: 262cb4b7f3f83594181bf998fc6329cc - Path: Packages/com.unity.2d.sprite/Editor/SpriteEditorModule/SpriteFrameModule/SpriteFrameModule.cs - Importer: ScriptedImporter/UnityEditor.QuickSearchModule:UnityEditor.Search:ASIAI0B -> (ImportResultId: 'e26d6ecbf718dda283e4360a53217c96') in 0.008380875 seconds
[Worker0] Imported GUID: 406eab0c553a4378b101ebd84abca5e3 - Path: Packages/com.unity.2d.tilemap/Editor/GridTargetBrushSync.cs - Importer: ScriptedImporter/UnityEditor.QuickSearchModule:UnityEditor.Search:ASIAI0B -> (ImportResultId: '4aebe035fee39fc5bd438a7a70a54910') in 0.008013167 seconds
[Worker1] Imported GUID: 48088c7ad0154783970d220f35ebdc74 - Path: Packages/com.unity.2d.psdimporter/Editor/PSDImporterAssetPostProcessor.cs - Importer: ScriptedImporter/UnityEditor.QuickSearchModule:UnityEditor.Search:ASIAI0B -> (ImportResultId: 'f652636c694719f5d4532289be233e7b') in 0.007746625 seconds
[Worker0] Imported GUID: 81b9fd0d26ce94e99b7657816abb5859 - Path: Packages/com.unity.2d.tilemap.extras/Editor/Brushes/GameObjectBrush/GameObjectBrush.png - Importer: ScriptedImporter/UnityEditor.QuickSearchModule:UnityEditor.Search:ASIAI0B -> (ImportResultId: '6f22e074cd9713195da6c33bac1fc4c5') in 0.009526625 seconds
[Worker1] Imported GUID: 608e61deb05c54660bebf5a4dd2ee02d - Path: Packages/com.unity.2d.spriteshape/Editor/ObjectMenuCreation/DefaultAssets/Textures/Sprite Shape Corner.png - Importer: ScriptedImporter/UnityEditor.QuickSearchModule:UnityEditor.Search:ASIAI0B -> (ImportResultId: '4eedacb2dd788f4dc9c4e13e60f84b61') in 0.009266083 seconds
[Worker0] Imported GUID: 479801e1f49ea2d4baf2b4c12f674bcb - Path: Packages/com.unity.2d.tilemap/Editor/Icons/d_Tilemap.FocusNone@2x.png - Importer: ScriptedImporter/UnityEditor.QuickSearchModule:UnityEditor.Search:ASIAI0B -> (ImportResultId: '3857d37ab87c12ebc317b24a73a22a5e') in 0.009851833 seconds
[Worker1] Imported GUID: affd7e74f3f7b465ea861fbf1651b73b - Path: Packages/com.unity.2d.animation/Editor/Assets/ComponentIcons/Animation.IKCCD.png - Importer: ScriptedImporter/UnityEditor.QuickSearchModule:UnityEditor.Search:ASIAI0B -> (ImportResultId: '4a41b72dcad8ec2ceb707801653b53ad') in 0.010095125 seconds
[Worker0] Imported GUID: e2681bc983b426e4e97502d23e3d66b4 - Path: Packages/com.unity.2d.pixel-perfect/Runtime/PixelPerfectCameraInternal.cs - Importer: ScriptedImporter/UnityEditor.QuickSearchModule:UnityEditor.Search:ASIAI0B -> (ImportResultId: '87e08c025880b3745106c0e01374a0eb') in 0.00860375 seconds
[Worker1] Imported GUID: 88a01be2082444885aa54d39afb85dd8 - Path: Packages/com.unity.2d.psdimporter/Editor/Assets/Icons/Selected/Layers Collapsed@4x.png - Importer: ScriptedImporter/UnityEditor.QuickSearchModule:UnityEditor.Search:ASIAI0B -> (ImportResultId: '71c9bcbb9de95fa19afec94a412b552b') in 0.009806625 seconds
[Worker0] Imported GUID: 7b34ee524ff84f15a1305bf315b8c675 - Path: Packages/com.unity.2d.animation/Editor/SpriteLib/SpriteSwapOverlay/OverlayToolbar.cs - Importer: ScriptedImporter/UnityEditor.QuickSearchModule:UnityEditor.Search:ASIAI0B -> (ImportResultId: '769bedbf3c2c0df7227b92c3da863770') in 0.008342083 seconds
[Worker1] Imported GUID: 6306a4776b130304bba7a139fc1d2bb8 - Path: Packages/com.unity.2d.animation/Editor/Assets/EditorIcons/Weight_Slider@2x.png - Importer: ScriptedImporter/UnityEditor.QuickSearchModule:UnityEditor.Search:ASIAI0B -> (ImportResultId: '87d26e8166f05a28ab9bab90ead38719') in 0.009680417 seconds
[Worker0] Imported GUID: 929e44994130ee644ac47965b289aec4 - Path: Packages/com.unity.2d.tilemap/Editor/Icons/Tilemap.FocusGrid@2x.png - Importer: ScriptedImporter/UnityEditor.QuickSearchModule:UnityEditor.Search:ASIAI0B -> (ImportResultId: '1e09a65552ae5e248adbfdf68cfb2ae1') in 0.00984025 seconds
[Worker1] Imported GUID: 30fdb7163494e28429d56613fe407bf4 - Path: Packages/com.unity.2d.spriteshape/Runtime/External - Importer: ScriptedImporter/UnityEditor.QuickSearchModule:UnityEditor.Search:ASIAI0B -> (ImportResultId: 'c76119fc7ddca92f49caa14a9d8ec38f') in 0.007658208 seconds
[Worker0] Imported GUID: 06c115e22e25aad4e9a720594b10fa29 - Path: Packages/com.unity.2d.animation/Editor/SkinningModule/IMGUI/Brush.cs - Importer: ScriptedImporter/UnityEditor.QuickSearchModule:UnityEditor.Search:ASIAI0B -> (ImportResultId: 'cb0a403f4cf5ec9665336fd21b225b9b') in 0.0078415 seconds
[Worker1] Imported GUID: c96f05e5532dd47ce999027dc8c62448 - Path: Packages/com.unity.2d.tilemap.extras/Editor/Brushes/RandomBrush/RandomBrush@4x.png - Importer: ScriptedImporter/UnityEditor.QuickSearchModule:UnityEditor.Search:ASIAI0B -> (ImportResultId: '8b15d4a8c7b4410becbd440c98a886d2') in 0.00924675 seconds
[Worker0] Imported GUID: 8fb394c4e72347dc8b9c127448d86c0d - Path: Packages/com.unity.2d.tilemap.extras/Editor/Tiles/AutoTile/UI/AutoTileEditorElement.cs - Importer: ScriptedImporter/UnityEditor.QuickSearchModule:UnityEditor.Search:ASIAI0B -> (ImportResultId: '5fa72b745b8fe09121f12d9589301cf4') in 0.008471625 seconds
[Worker1] Imported GUID: 1f585c44eb1d24a0db7d3d15d203720a - Path: Packages/com.unity.2d.tooling/Editor/Insider/AnalyzerWindow/DataSourceListItem/DataSourceListItem.uxml - Importer: ScriptedImporter/UnityEditor.QuickSearchModule:UnityEditor.Search:ASIAI0B -> (ImportResultId: '726185f6fdfaa79616e36c1c55f8420b') in 0.010442209 seconds
[Worker0] Imported GUID: 14c0f7c14af59402daead90b6a331d54 - Path: Packages/com.unity.2d.animation/Runtime/SpriteLib/SpriteLibraryUtility.cs - Importer: ScriptedImporter/UnityEditor.QuickSearchModule:UnityEditor.Search:ASIAI0B -> (ImportResultId: 'daf8be6c84a97f90426ceaed2cf7b10d') in 0.008575958 seconds
[Worker1] Imported GUID: f708c0da8a2b5fc4381f7f8d4a322a0a - Path: Packages/com.unity.2d.tilemap/Editor/Icons/Tilemap.ActiveTargetLayers@2x.png - Importer: ScriptedImporter/UnityEditor.QuickSearchModule:UnityEditor.Search:ASIAI0B -> (ImportResultId: '68642e4e15bb0f1cba9853a7837cb070') in 0.010593125 seconds
[Worker0] Imported GUID: b26d6cfea26db4701858d5490628dfea - Path: Packages/com.unity.2d.animation/Editor/SpriteSkin/BoneOverlay - Importer: ScriptedImporter/UnityEditor.QuickSearchModule:UnityEditor.Search:ASIAI0B -> (ImportResultId: '65c440fe5d4e22c9b319bccbd3b8d7a1') in 0.008809625 seconds
[Worker1] Imported GUID: ab839d384eb97298fbe398aba4ff59d7 - Path: Packages/com.unity.2d.aseprite - Importer: ScriptedImporter/UnityEditor.QuickSearchModule:UnityEditor.Search:ASIAI0B -> (ImportResultId: '5241bef3e284a87cd98fc30d39ad4a78') in 0.007956083 seconds
[Worker0] Imported GUID: 72d03ee24f754711b9b9749435c13b48 - Path: Packages/com.unity.2d.animation/Editor/SpriteLib/SpriteSwapOverlay/SpriteResolverSelector.cs - Importer: ScriptedImporter/UnityEditor.QuickSearchModule:UnityEditor.Search:ASIAI0B -> (ImportResultId: '26caacc7627710677147f8b6333a2bab') in 0.007897875 seconds
[Worker1] Imported GUID: 8dbb9f40df36243efaad92ce7cddfc71 - Path: Packages/com.unity.2d.psdimporter/Editor/Assets/Icons/Dark/Layers Mixed@1x.png - Importer: ScriptedImporter/UnityEditor.QuickSearchModule:UnityEditor.Search:ASIAI0B -> (ImportResultId: '0dcf5798ed83cb0e48a33ded81be1d78') in 0.011146917 seconds
[Worker0] Imported GUID: f68f6cf24545d2f41b27323ca2b06a52 - Path: Packages/com.unity.2d.animation/Editor/Assets/EditorIcons/d_Weight_Brush@4x.png - Importer: ScriptedImporter/UnityEditor.QuickSearchModule:UnityEditor.Search:ASIAI0B -> (ImportResultId: '0ca7224ef2a087b125194ef12cb9947c') in 0.009892584 seconds
[Worker1] Imported GUID: a6a0f37ed96054aac9bf7e344be2982b - Path: Packages/com.unity.2d.aseprite/Editor/Assets/UI/ExportAnimAssetsStyleSheet.uss - Importer: ScriptedImporter/UnityEditor.QuickSearchModule:UnityEditor.Search:ASIAI0B -> (ImportResultId: 'ba2ce8bc4b0b9aeb9fec1b8ed1c4b354') in 0.008993083 seconds
[Worker0] Imported GUID: 5b56cb1a6bd97f348b3a3b6f875aafd6 - Path: Packages/com.unity.2d.animation/Editor/Assets/SkinningModule/dotCyan.png - Importer: ScriptedImporter/UnityEditor.QuickSearchModule:UnityEditor.Search:ASIAI0B -> (ImportResultId: 'cea62eb328a4e913812385076380b126') in 0.010156292 seconds
[Worker0] Imported GUID: 280bc809637244098831703fe59e51be - Path: Packages/com.unity.2d.sprite/Editor/SpriteEditorModule/SpriteFrameModule/UndoObject/SpriteFrameModeUndoObject.cs - Importer: ScriptedImporter/UnityEditor.QuickSearchModule:UnityEditor.Search:ASIAI0B -> (ImportResultId: '264ddcba9cab97085bcc002481e497e0') in 0.00801725 seconds
[Worker1] Imported GUID: 5c718c499137a4dc48bbf03037c806f6 - Path: Packages/com.unity.2d.animation/Editor/Assets/ComponentIcons/Animation.SpriteLibraryVar@128.png - Importer: ScriptedImporter/UnityEditor.QuickSearchModule:UnityEditor.Search:ASIAI0B -> (ImportResultId: '73029828fa4ef9a1f670bc34f0d9bbb2') in 0.010077875 seconds
[Worker1] Imported GUID: 812b92369e1c26c4eb12b733b257bd85 - Path: Packages/com.unity.2d.psdimporter/Editor/PSDPlugin/PhotoShopFileType/ImageDecoderPdn.cs - Importer: ScriptedImporter/UnityEditor.QuickSearchModule:UnityEditor.Search:ASIAI0B -> (ImportResultId: '76c0c01ffc8a15b70737ee2ef040c32b') in 0.008009917 seconds
[Worker0] Imported GUID: 16037dbd798344f57a526d53d48f5ead - Path: Packages/com.unity.2d.sprite/Editor/ObjectMenuCreation/DefaultAssets/Textures/HexagonFlatTop.png - Importer: ScriptedImporter/UnityEditor.QuickSearchModule:UnityEditor.Search:ASIAI0B -> (ImportResultId: '1938387794999ed65f85eefd159eb120') in 0.010116417 seconds
[Worker1] Imported GUID: cc7d2cf7748504544a90f45ddac4dc80 - Path: Packages/com.unity.2d.animation/Editor/Assets/ComponentIcons/d_Animation.SpriteLibraryVar@256.png - Importer: ScriptedImporter/UnityEditor.QuickSearchModule:UnityEditor.Search:ASIAI0B -> (ImportResultId: 'b432283e7e1382b50d7dcfa12fcdb7a5') in 0.010004833 seconds
[Worker0] Imported GUID: 5d52b20f865aff242bfcb08c3b6f61a5 - Path: Packages/com.unity.2d.animation/Editor/Assets/EditorIcons/Selected/character_Mode@2x.png - Importer: ScriptedImporter/UnityEditor.QuickSearchModule:UnityEditor.Search:ASIAI0B -> (ImportResultId: '80c97261c21ac4eae37ce0774293d60c') in 0.009355375 seconds
[Worker1] Imported GUID: 17106df58275493b9d81ae1d9f17ae53 - Path: Packages/com.unity.2d.animation/Profiler/Editor/UI/SpriteSkinStatisticView - Importer: ScriptedImporter/UnityEditor.QuickSearchModule:UnityEditor.Search:ASIAI0B -> (ImportResultId: 'bfc0d4a86fad3509e68d7f46044201bf') in 0.00774675 seconds
[Worker0] Imported GUID: 3b68386deea7c2246bd5fe7bd6fa13c6 - Path: Packages/com.unity.2d.tilemap.extras/Editor/Tiles/HexagonalRuleTile - Importer: ScriptedImporter/UnityEditor.QuickSearchModule:UnityEditor.Search:ASIAI0B -> (ImportResultId: 'ca29e79afbd2d45145beae0a7e885af2') in 0.007436 seconds
[Worker0] Imported GUID: 1651d0c5203d4b5e80dd089b718de05f - Path: Packages/com.unity.2d.aseprite/Editor/Aseprite/Chunks/TagsChunk.cs - Importer: ScriptedImporter/UnityEditor.QuickSearchModule:UnityEditor.Search:ASIAI0B -> (ImportResultId: '6ed4d3f4de58a9301df3f425c5de6c16') in 0.007861417 seconds
[Worker1] Imported GUID: 1e7881f6af9ad4c0eb01def7f1b8a31b - Path: Packages/com.unity.2d.animation/Editor/Assets/ComponentIcons/d_Animation.SpriteSkin@256.png - Importer: ScriptedImporter/UnityEditor.QuickSearchModule:UnityEditor.Search:ASIAI0B -> (ImportResultId: 'd5bb187a93fae2d45133b350b06594a5') in 0.010066208 seconds
[Worker0] Imported GUID: 80017cefa3a2d420e8b94e85e260a4f1 - Path: Packages/com.unity.2d.psdimporter/Editor/PSDImporterEditorLayerTreeView.cs - Importer: ScriptedImporter/UnityEditor.QuickSearchModule:UnityEditor.Search:ASIAI0B -> (ImportResultId: '17de210a8816b829f09e69f893c84f0b') in 0.007894583 seconds
[Worker1] Imported GUID: 8ee1b1583a594cf47baebcd4a5d46cb9 - Path: Packages/com.unity.2d.tilemap.extras/Editor/Tiles/IsometricRuleTile - Importer: ScriptedImporter/UnityEditor.QuickSearchModule:UnityEditor.Search:ASIAI0B -> (ImportResultId: '5a4aa864ebceb4a301824b0d3547e295') in 0.007382 seconds
[Worker1] Imported GUID: 4103ad8b83780496d93e0fabf89b806e - Path: Packages/com.unity.2d.spriteshape/Editor - Importer: ScriptedImporter/UnityEditor.QuickSearchModule:UnityEditor.Search:ASIAI0B -> (ImportResultId: '7451925bd55b4414baa8be693dc82a17') in 0.007475666 seconds
[Worker0] Imported GUID: a9e89ee3f041fa5459a4e78b37d1e58e - Path: Packages/com.unity.2d.animation/Editor/Assets/EditorIcons/Selected/d_Visibility_Tool@2x.png - Importer: ScriptedImporter/UnityEditor.QuickSearchModule:UnityEditor.Search:ASIAI0B -> (ImportResultId: '3dc81f0c0d74d91f532ad4ca47ce0719') in 0.009727 seconds
[Worker0] Imported GUID: 7f8c162983564470690e1cd535237eb8 - Path: Packages/com.unity.2d.animation/Editor/SkinningModule/PivotTool.cs - Importer: ScriptedImporter/UnityEditor.QuickSearchModule:UnityEditor.Search:ASIAI0B -> (ImportResultId: '76fe76d09309a965a685ca5441d03441') in 0.007482958 seconds
[Worker1] Imported GUID: 9b243bd8491a24b2cbe5231468a93813 - Path: Packages/com.unity.2d.sprite/Editor/Assets/SpriteEditor.png - Importer: ScriptedImporter/UnityEditor.QuickSearchModule:UnityEditor.Search:ASIAI0B -> (ImportResultId: '0d06db350148b1523c3a9fa5b39331af') in 0.009847542 seconds
[Worker0] Imported GUID: 6b803590767dfec46b45907b7429debb - Path: Packages/com.unity.2d.tilemap/Editor/UI/TilePaletteActivePalettePopup.cs - Importer: ScriptedImporter/UnityEditor.QuickSearchModule:UnityEditor.Search:ASIAI0B -> (ImportResultId: '422d4be39f7fd24b1c4ae8c6941d7d6f') in 0.007875 seconds
[Worker1] Imported GUID: 11ff6b09ffef54ec1807e95c1a797106 - Path: Packages/com.unity.2d.aseprite/Tests/Editor/Unity.2D.Aseprite.EditorTests.asmdef - Importer: ScriptedImporter/UnityEditor.QuickSearchModule:UnityEditor.Search:ASIAI0B -> (ImportResultId: '7bc8f562b6f6bb1c99511e71126ba2b5') in 0.00758325 seconds
[Worker0] Imported GUID: 3fe89a573a78649d2856fde6fc441e38 - Path: Packages/com.unity.2d.animation/Editor/SkinningModule/Selection/SerializableSelection.cs - Importer: ScriptedImporter/UnityEditor.QuickSearchModule:UnityEditor.Search:ASIAI0B -> (ImportResultId: '27dd00e3af22c8ef28f9f8810a5b6481') in 0.007801208 seconds
[Worker1] Imported GUID: 1359900d9d213c641b1d44f49de5281d - Path: Packages/com.unity.2d.psdimporter/Editor/PSDPlugin/PsdFile/Exceptions.cs - Importer: ScriptedImporter/UnityEditor.QuickSearchModule:UnityEditor.Search:ASIAI0B -> (ImportResultId: '3fa78b32864ae1befa9b682c24ac3e02') in 0.007394375 seconds
[Worker1] Imported GUID: 2c603b35007f443a82fe8e3a68d8668c - Path: Packages/com.unity.2d.tilemap/Editor/UI/TilePaletteBrushPickButton.cs - Importer: ScriptedImporter/UnityEditor.QuickSearchModule:UnityEditor.Search:ASIAI0B -> (ImportResultId: '98785010f0e79a1267fe00e39f412f7e') in 0.008293417 seconds
[Worker0] Imported GUID: b8cfde8b6d0946be85bb2d0d13ea7ff7 - Path: Packages/com.unity.2d.aseprite/Editor/AssetGeneration/AnimatorControllerGeneration.cs - Importer: ScriptedImporter/UnityEditor.QuickSearchModule:UnityEditor.Search:ASIAI0B -> (ImportResultId: 'a3ccc8f203a72ca569f920f9a6516df9') in 0.00838575 seconds
[Worker0] Imported GUID: 4dcb91d1bb7d18847b5ce74c4cdb1921 - Path: Packages/com.unity.2d.tilemap.extras/Editor/Tiles/RuleOverrideTile/PopulateRuleOverrideTileWizard.cs - Importer: ScriptedImporter/UnityEditor.QuickSearchModule:UnityEditor.Search:ASIAI0B -> (ImportResultId: 'fc76bf0c9385be60367df17edc787490') in 0.008216042 seconds
[Worker1] Imported GUID: 7d38d0857bee3b54084cf5988bf12db1 - Path: Packages/com.unity.2d.spriteshape/Editor/SpriteShapeAnalytics.cs - Importer: ScriptedImporter/UnityEditor.QuickSearchModule:UnityEditor.Search:ASIAI0B -> (ImportResultId: '23f332888cebc80dae07fc4cc6c6676e') in 0.008197084 seconds
[Worker0] Imported GUID: c037c4c58e8d8c34ca9bf121abb7ee49 - Path: Packages/com.unity.2d.animation/Editor/Assets/EditorIcons/d_Bone_Influence.png - Importer: ScriptedImporter/UnityEditor.QuickSearchModule:UnityEditor.Search:ASIAI0B -> (ImportResultId: '198365e1d4750876daa63112647241a1') in 0.009674667 seconds
[Worker1] Imported GUID: f3940f64802892746b2ec336d3b0c5f4 - Path: Packages/com.unity.2d.animation/Editor/Assets/EditorIcons/Visibility_Hidded@2x.png - Importer: ScriptedImporter/UnityEditor.QuickSearchModule:UnityEditor.Search:ASIAI0B -> (ImportResultId: '9eae732663aef84829a264b81ce148be') in 0.009602583 seconds
[Worker1] Imported GUID: f7836643c0cc9724c94363180ebebd47 - Path: Packages/com.unity.2d.animation/Editor/SkinningModule/SpriteBoneInfluence/SpriteBoneInfluenceTool.cs - Importer: ScriptedImporter/UnityEditor.QuickSearchModule:UnityEditor.Search:ASIAI0B -> (ImportResultId: 'e15f774b57d302f84122a415a3bab9d4') in 0.008039833 seconds
[Worker0] Imported GUID: cc35afd292fc349128b36a291fb3a165 - Path: Packages/com.unity.2d.sprite/Editor/ObjectMenuCreation/DefaultAssets/Textures/9-SlicedWithBorder.png - Importer: ScriptedImporter/UnityEditor.QuickSearchModule:UnityEditor.Search:ASIAI0B -> (ImportResultId: 'e6df1046d58e5e1f854456d882303d63') in 0.010840458 seconds
[Worker1] Imported GUID: 90847c0a31834ab383dcd062f4ec41bd - Path: Packages/com.unity.2d.psdimporter/Editor/Pipeline.cs - Importer: ScriptedImporter/UnityEditor.QuickSearchModule:UnityEditor.Search:ASIAI0B -> (ImportResultId: 'c715a4572f32a80684b7aaa27220160b') in 0.007859916 seconds
[Worker0] Imported GUID: 5cc9ffa0f39d24f5ebb62d36675dd296 - Path: Packages/com.unity.2d.animation/Editor/Assets/ComponentIcons/d_ErrorIcon_Small.png - Importer: ScriptedImporter/UnityEditor.QuickSearchModule:UnityEditor.Search:ASIAI0B -> (ImportResultId: 'f850e65faa40d51b5789c74aa1579bb6') in 0.009322125 seconds
[Worker1] Imported GUID: 13c75d66e2f74a2884c84d43e34ad5b5 - Path: Packages/com.unity.2d.tooling/Editor/Insider/AnalyzerWindow/ReportListView/ReportListView.cs - Importer: ScriptedImporter/UnityEditor.QuickSearchModule:UnityEditor.Search:ASIAI0B -> (ImportResultId: '72147fc57935c44ed91ee5c3a788d375') in 0.008083292 seconds
[Worker0] Imported GUID: 01394ea37325e53408caf8359facb36f - Path: Packages/com.unity.2d.tilemap/Editor/UI/SceneViewTilemapFocusOverlay.cs - Importer: ScriptedImporter/UnityEditor.QuickSearchModule:UnityEditor.Search:ASIAI0B -> (ImportResultId: 'a4df85831f1839a4de301ce63165c6cb') in 0.007795375 seconds
[Worker1] Imported GUID: 96feaa0b12eabfe44b345be97ea0029c - Path: Packages/com.unity.2d.psdimporter/Editor/PSDImportPostProcessor.cs - Importer: ScriptedImporter/UnityEditor.QuickSearchModule:UnityEditor.Search:ASIAI0B -> (ImportResultId: 'ef1bff84ed33b5364bfaef28dbec1d94') in 0.007995666 seconds
[Worker0] Imported GUID: 9e7f6390ab954457fbc8900e7e886410 - Path: Packages/com.unity.2d.common/Path/Editor/EditorTool/PathEditorTool.cs - Importer: ScriptedImporter/UnityEditor.QuickSearchModule:UnityEditor.Search:ASIAI0B -> (ImportResultId: '4cdca6a1ea1e29a4fa7ff4ff3d3185b3') in 0.008354667 seconds
[Worker1] Imported GUID: 28dc3042d4cec467ec263e8b52c58a47 - Path: Packages/com.unity.2d.spriteshape - Importer: ScriptedImporter/UnityEditor.QuickSearchModule:UnityEditor.Search:ASIAI0B -> (ImportResultId: 'f2dccf84c6425af871356c2c04b17092') in 0.008399292 seconds
[Worker0] Imported GUID: b56ed00274c3c354593c893dbb7264c6 - Path: Packages/com.unity.2d.tilemap.extras/Editor/Brushes - Importer: ScriptedImporter/UnityEditor.QuickSearchModule:UnityEditor.Search:ASIAI0B -> (ImportResultId: '4ce15a2ed050b6ed62efc072ba267c74') in 0.00818075 seconds
[Worker1] Imported GUID: 2a637fd14bfd64d0e965e4c9e4a7d8b6 - Path: Packages/com.unity.2d.animation/Editor/Assets/EditorIcons/SetPivot@2x.png - Importer: ScriptedImporter/UnityEditor.QuickSearchModule:UnityEditor.Search:ASIAI0B -> (ImportResultId: '762e1672a75150aa4e9dc9d0aeed23a9') in 0.009652708 seconds
[Worker0] Imported GUID: addca83ddeeb2624b971c569fc64e6e8 - Path: Packages/com.unity.2d.sprite/Editor/ShapeEditor/ShapeEditorRectSelection.cs - Importer: ScriptedImporter/UnityEditor.QuickSearchModule:UnityEditor.Search:ASIAI0B -> (ImportResultId: 'd251544f1741bcc8982de38dfab600af') in 0.007551125 seconds
[Worker1] Imported GUID: 262d646365ba9344aa9e63c3d60c4522 - Path: Packages/com.unity.2d.animation/Editor/SkinningModule/SkinningCache/BoneCache.cs - Importer: ScriptedImporter/UnityEditor.QuickSearchModule:UnityEditor.Search:ASIAI0B -> (ImportResultId: '53aa5d5822763d852951942a7fafa3af') in 0.007713541 seconds
[Worker0] Imported GUID: 7e1ff932625f477cbe5f9904f99d9df0 - Path: Packages/com.unity.2d.tooling/Editor/Insider/AnalyzerWindow/ReportListView - Importer: ScriptedImporter/UnityEditor.QuickSearchModule:UnityEditor.Search:ASIAI0B -> (ImportResultId: 'd629fd7f6671cde46517faa5ddc496b3') in 0.007641458 seconds
[Worker1] Imported GUID: e38406724ef4d4b25a0b90c4e409ad62 - Path: Packages/com.unity.2d.common/Path/Editor/Selection/ISelection.cs - Importer: ScriptedImporter/UnityEditor.QuickSearchModule:UnityEditor.Search:ASIAI0B -> (ImportResultId: 'a4cd290f284f326f42e2060dbbfe7a39') in 0.007761708 seconds
[Worker0] Imported GUID: 51f8e00edbbd44f1c896a0da0d300315 - Path: Packages/com.unity.2d.tilemap.extras/Editor/Brushes/LineBrush/LineBrush.png - Importer: ScriptedImporter/UnityEditor.QuickSearchModule:UnityEditor.Search:ASIAI0B -> (ImportResultId: '6a426ccc33499219f946771fafb7840a') in 0.009269709 seconds
[Worker1] Imported GUID: 30ae93fb156fc6d4c828c64571fc3edd - Path: Packages/com.unity.2d.animation/IK/Runtime/LimbSolver2D.cs - Importer: ScriptedImporter/UnityEditor.QuickSearchModule:UnityEditor.Search:ASIAI0B -> (ImportResultId: 'cb75ad378b59351da2fb0de31afede45') in 0.007783792 seconds
[Worker0] Imported GUID: 01a36851f94381c4fad0b71ba7852499 - Path: Packages/com.unity.mathematics/Unity.Mathematics/Forwarders.cs - Importer: ScriptedImporter/UnityEditor.QuickSearchModule:UnityEditor.Search:ASIAI0B -> (ImportResultId: 'fa3afc2e90b2ebf179e2b202abb6d04f') in 0.008295625 seconds
[Worker1] Imported GUID: 367a9e3649215be42869f99bdeecbab6 - Path: Packages/com.unity.2d.tilemap/Editor/Icons/Grid.FlipX@2x.png - Importer: ScriptedImporter/UnityEditor.QuickSearchModule:UnityEditor.Search:ASIAI0B -> (ImportResultId: '13f4045140d6765b933a6ecf5eb0ac5d') in 0.010594125 seconds
[Worker0] Imported GUID: 8f78074488a7540c1892cee9c9b90549 - Path: Packages/com.unity.2d.animation/Editor/Assets/SpriteLibraryEditor/GridView.uss - Importer: ScriptedImporter/UnityEditor.QuickSearchModule:UnityEditor.Search:ASIAI0B -> (ImportResultId: '0201b7fe9a4b8c3654342c150adaf0ea') in 0.008633084 seconds
[Worker0] Imported GUID: 312baa95b3e34ffeb5f4bb5fdf4ee24c - Path: Packages/com.unity.2d.aseprite/Editor/Inspector/TexturePlatformSettingsModel.cs - Importer: ScriptedImporter/UnityEditor.QuickSearchModule:UnityEditor.Search:ASIAI0B -> (ImportResultId: '8c24ed7a0971688c113161fc03c52f1e') in 0.00744275 seconds
[Worker1] Imported GUID: b008e2b86d26362488b8413a28dd73d3 - Path: Packages/com.unity.2d.animation/Editor/Assets/EditorIcons/Locked@2x.png - Importer: ScriptedImporter/UnityEditor.QuickSearchModule:UnityEditor.Search:ASIAI0B -> (ImportResultId: 'f7fc25e4bd428acab6da2e99df1daa0c') in 0.01256225 seconds
[Worker0] Imported GUID: e34a36941d2784847b89139feea69b32 - Path: Packages/com.unity.2d.animation/Editor/SkinningModule/TextContent.cs - Importer: ScriptedImporter/UnityEditor.QuickSearchModule:UnityEditor.Search:ASIAI0B -> (ImportResultId: '141ef63063fd2444726ad0506f740483') in 0.0079195 seconds
[Worker1] Imported GUID: 47fe565904dc6b1419e9acc62b99812e - Path: Packages/com.unity.2d.animation/Editor/Assets/EditorIcons/Selected/Create_Vertex@3x.png - Importer: ScriptedImporter/UnityEditor.QuickSearchModule:UnityEditor.Search:ASIAI0B -> (ImportResultId: '036255264d4d68a67228fefa759ec984') in 0.009661292 seconds
[Worker0] Imported GUID: 4b6b0d10629b2ea40846b0eed5b74f43 - Path: Packages/com.unity.2d.tilemap/Editor/Icons/Tilemap.ShowTilePalette.png - Importer: ScriptedImporter/UnityEditor.QuickSearchModule:UnityEditor.Search:ASIAI0B -> (ImportResultId: 'aff6a8a2c4636881e2529eaf5784ef09') in 0.009665292 seconds
[Worker1] Imported GUID: 8bdd64764208642f9adc3509ebbe41a3 - Path: Packages/com.unity.2d.common/Path/Editor/Handles/TangentBrokenPro.png - Importer: ScriptedImporter/UnityEditor.QuickSearchModule:UnityEditor.Search:ASIAI0B -> (ImportResultId: 'b6a946201d99d6154e4adcfad3b6cb6a') in 0.009360291 seconds
[Worker0] Imported GUID: b3d245b5b1444d9e95f1ebb66d565c33 - Path: Packages/com.unity.2d.animation/Editor/SkinningModule/ShortcutUtility.cs - Importer: ScriptedImporter/UnityEditor.QuickSearchModule:UnityEditor.Search:ASIAI0B -> (ImportResultId: 'ecc1f37480edd84d015495f5897ef473') in 0.007760625 seconds
[Worker1] Imported GUID: 9df99dfc0f67dd145a0774a4fa06b839 - Path: Packages/com.unity.2d.animation/Editor/SkinningModule/SpriteMeshData/WeightEditor.cs - Importer: ScriptedImporter/UnityEditor.QuickSearchModule:UnityEditor.Search:ASIAI0B -> (ImportResultId: '9352ecc0bbc75495fdd48d058a225cba') in 0.008056666 seconds
[Worker0] Imported GUID: 2656f45e60a1c4b389f74073613dd37e - Path: Packages/com.unity.2d.common/Tests/Editor - Importer: ScriptedImporter/UnityEditor.QuickSearchModule:UnityEditor.Search:ASIAI0B -> (ImportResultId: 'f15d43b9f4021e70176b954a2babebdf') in 0.007808875 seconds
[Worker1] Imported GUID: f190f89354fdfb5479d5f291d8cb8182 - Path: Packages/com.unity.2d.common/Editor/TextureGenerator - Importer: ScriptedImporter/UnityEditor.QuickSearchModule:UnityEditor.Search:ASIAI0B -> (ImportResultId: '211b05f9266f7ddb667643bc814d82c7') in 0.007827959 seconds
[Worker0] Imported GUID: 950af7a846d6ca046a6138dcc3735835 - Path: Packages/com.unity.2d.psdimporter/Editor/PSDPlugin/PsdFile/ImageResources/Thumbnail.cs - Importer: ScriptedImporter/UnityEditor.QuickSearchModule:UnityEditor.Search:ASIAI0B -> (ImportResultId: '04afe8ab66fc9ee55b9c183d9b7ddbea') in 0.007681042 seconds
[Worker1] Imported GUID: 51797d68d3132bb419217a229e09fc47 - Path: Packages/com.unity.2d.tilemap/package.json - Importer: ScriptedImporter/UnityEditor.QuickSearchModule:UnityEditor.Search:ASIAI0B -> (ImportResultId: 'e6e67e9f4bbcd36ee33ef4245d138100') in 0.007839959 seconds
[Worker0] Imported GUID: 01745091f645048bc95f51e4fd4f2ba4 - Path: Packages/com.unity.2d.aseprite/Editor/Assets - Importer: ScriptedImporter/UnityEditor.QuickSearchModule:UnityEditor.Search:ASIAI0B -> (ImportResultId: '51a20a8e6459ce90dfdad0caf10a6f06') in 0.007787208 seconds
[Worker1] Imported GUID: 3239e705bdc364b47a21e44901809b91 - Path: Packages/com.unity.2d.tilemap/Editor/Icons/Grid.RotateCW@2x.png - Importer: ScriptedImporter/UnityEditor.QuickSearchModule:UnityEditor.Search:ASIAI0B -> (ImportResultId: '4fe02254b84ab91c7b85865b69b4faab') in 0.009533584 seconds
[Worker0] Imported GUID: d6405e31298a4b1eaa6517249f02bd8f - Path: Packages/com.unity.2d.aseprite/Editor/AssetGeneration/PrefabGeneration.cs - Importer: ScriptedImporter/UnityEditor.QuickSearchModule:UnityEditor.Search:ASIAI0B -> (ImportResultId: 'd61353d25141dd4cfaceaebfde8dfedf') in 0.007578792 seconds
[Worker1] Imported GUID: adb9af2a88fe441e68ddf9a299caec2e - Path: Packages/com.unity.2d.common/Path/Editor/EditorTool - Importer: ScriptedImporter/UnityEditor.QuickSearchModule:UnityEditor.Search:ASIAI0B -> (ImportResultId: '77f12bc14f44f879344a9b1122111daf') in 0.007905667 seconds
[Worker0] Imported GUID: af6919a8e471b413bb139793dde211a1 - Path: Packages/com.unity.2d.tilemap.extras/Editor/Brushes/GroupBrush/GroupBrush@4x.png - Importer: ScriptedImporter/UnityEditor.QuickSearchModule:UnityEditor.Search:ASIAI0B -> (ImportResultId: '8e1bf9b8ce1d7f1454e84426b95b06e4') in 0.010120458 seconds
[Worker1] Imported GUID: fc2eaf4b0441b7645960252182c27446 - Path: Packages/com.unity.2d.animation/Editor/Assets/EditorIcons/d_Bone.png - Importer: ScriptedImporter/UnityEditor.QuickSearchModule:UnityEditor.Search:ASIAI0B -> (ImportResultId: '29b4720749e33e5c01e16f237ea1d857') in 0.008945125 seconds
[Worker0] Imported GUID: 93511675f113bf744a830b91761ead82 - Path: Packages/com.unity.2d.sprite/Editor/UI - Importer: ScriptedImporter/UnityEditor.QuickSearchModule:UnityEditor.Search:ASIAI0B -> (ImportResultId: '57428de6826b9a392cbc99fe8a2f5e6a') in 0.007242375 seconds
[Worker1] Imported GUID: 596a1da76ce534ee8888cc5e5c3d760a - Path: Packages/com.unity.2d.tooling/Editor/Insider/SpriteAtlas/SpriteAtlasIssueReport/SpriteAtlasTextureSpaceUsedIssue/SpriteAtlasTextureSpaceUsedIssueSettings.uxml - Importer: ScriptedImporter/UnityEditor.QuickSearchModule:UnityEditor.Search:ASIAI0B -> (ImportResultId: '3e8990780bb8df6c45a0bd3aa757af3c') in 0.010967833 seconds
[Worker1] Imported GUID: cee9b8d39ed404765861ae7b39487c80 - Path: Packages/com.unity.2d.animation/Editor/SpriteLib/SpriteLibraryEditor/DragAndDropData.cs - Importer: ScriptedImporter/UnityEditor.QuickSearchModule:UnityEditor.Search:ASIAI0B -> (ImportResultId: '0b1e75478a0105e50c09a50f3bb3ebb4') in 0.007763666 seconds
[Worker0] Imported GUID: c0583b4e855c74b8c82e7b9b5efb5ce9 - Path: Packages/com.unity.2d.spriteshape/Editor/ObjectMenuCreation/DefaultAssets/Sprite Shapes/Closed Sprite Shape.prefab - Importer: ScriptedImporter/UnityEditor.QuickSearchModule:UnityEditor.Search:ASIAI0B -> (ImportResultId: '274c75653844d2d51df60392647d3b86') in 0.022859958 seconds
[Worker1] Imported GUID: 86113b46907d64d39a01d8aa150f1271 - Path: Packages/com.unity.2d.animation/IK/Runtime/IKManager2DEditorData.cs - Importer: ScriptedImporter/UnityEditor.QuickSearchModule:UnityEditor.Search:ASIAI0B -> (ImportResultId: 'f25a31f4187d11b28b5fb0eb9e507a9e') in 0.007869875 seconds
[Worker0] Imported GUID: a660ba45386a23843a274d00b171e0fc - Path: Packages/com.unity.2d.animation/Editor/SkinningModule/VisibilityTool/BoneReparentTool.cs - Importer: ScriptedImporter/UnityEditor.QuickSearchModule:UnityEditor.Search:ASIAI0B -> (ImportResultId: '0117666b3acde644168021ab6b34798b') in 0.0087705 seconds
[Worker1] Imported GUID: 29e335c920d7d425681669ee470bbc34 - Path: Packages/com.unity.2d.common/Path/Editor/IMGUI/GUIFramework/IGUIState.cs - Importer: ScriptedImporter/UnityEditor.QuickSearchModule:UnityEditor.Search:ASIAI0B -> (ImportResultId: '7528788000a90dad1535d01e4886d291') in 0.0070965 seconds
[Worker0] Imported GUID: 9125c204f566db048a92ebcb64d9d14a - Path: Packages/com.unity.2d.animation/Editor/Assets/EditorIcons/Bone@4x.png - Importer: ScriptedImporter/UnityEditor.QuickSearchModule:UnityEditor.Search:ASIAI0B -> (ImportResultId: '07812ff7e624bfbd50e6e1a45d467669') in 0.009420417 seconds
[Worker1] Imported GUID: 9d026c034cfd40746a436496efe2dd7f - Path: Packages/com.unity.2d.animation/Editor/Assets/EditorIcons/Weight_Brush.png - Importer: ScriptedImporter/UnityEditor.QuickSearchModule:UnityEditor.Search:ASIAI0B -> (ImportResultId: '618860b9675a7a49c8d4aab61049ad8a') in 0.009030458 seconds
[Worker1] Imported GUID: daa079e375a6c2c49a30d83bd2d842c2 - Path: Packages/com.unity.2d.tilemap.extras/Runtime/Tiles/AnimatedTile - Importer: ScriptedImporter/UnityEditor.QuickSearchModule:UnityEditor.Search:ASIAI0B -> (ImportResultId: '81f112869900d98a78a2e89410fa3842') in 0.007403833 seconds
[Worker0] Imported GUID: 24f90d3fa2df5c84abbf1455cfda472e - Path: Packages/com.unity.2d.animation/Editor/Assets/EditorIcons/Mesh.png - Importer: ScriptedImporter/UnityEditor.QuickSearchModule:UnityEditor.Search:ASIAI0B -> (ImportResultId: '5c2dc6eec0c1ec9ab990040b8ddf6993') in 0.009220375 seconds
[Worker1] Imported GUID: ba75d79a1a0723e488112808560789b7 - Path: Packages/com.unity.2d.animation/Editor/Assets/EditorIcons/Selected/Generate_Weights@2x.png - Importer: ScriptedImporter/UnityEditor.QuickSearchModule:UnityEditor.Search:ASIAI0B -> (ImportResultId: 'd82dc90c87840c9ad29a599de08535ce') in 0.009723875 seconds
[Worker0] Imported GUID: 534112f711642464e8a5b9b5ea20e941 - Path: Packages/com.unity.2d.tilemap/Editor/Icons/Tilemap.FocusTilemap.png - Importer: ScriptedImporter/UnityEditor.QuickSearchModule:UnityEditor.Search:ASIAI0B -> (ImportResultId: 'b19cfb67eb66256864d0606111c25b22') in 0.009402834 seconds
[Worker1] Imported GUID: 9b09c0da8bf243b89a229b803415ee04 - Path: Packages/com.unity.2d.tooling/Editor/Insider/SpriteAtlas/DataSource/EditorAtlasInfo.cs - Importer: ScriptedImporter/UnityEditor.QuickSearchModule:UnityEditor.Search:ASIAI0B -> (ImportResultId: 'e1967ba0be62912eff3d3eea906006be') in 0.00804125 seconds
[Worker0] Imported GUID: e23a1a81aa45485a90af802e6a1db07e - Path: Packages/com.unity.2d.tilemap.extras/Editor/Tiles/AutoTile/UI/AutoTileTextureSource.cs - Importer: ScriptedImporter/UnityEditor.QuickSearchModule:UnityEditor.Search:ASIAI0B -> (ImportResultId: 'a1b11878aad1fe999d30468250b3f830') in 0.007476083 seconds
[Worker1] Imported GUID: 3451731abc835d44993075b3bc0935bd - Path: Packages/com.unity.2d.tilemap/Editor/Icons/d_Tilemap.GridPaint@2x.png - Importer: ScriptedImporter/UnityEditor.QuickSearchModule:UnityEditor.Search:ASIAI0B -> (ImportResultId: 'b1393e98ae6f8791497b83bf44bb6d1e') in 0.00998775 seconds
[Worker0] Imported GUID: 2892d6ec6ca2a1f45adbd52fdb96fcfe - Path: Packages/com.unity.2d.animation/Editor/Assets/EditorIcons/Selected/Generate_Weights.png - Importer: ScriptedImporter/UnityEditor.QuickSearchModule:UnityEditor.Search:ASIAI0B -> (ImportResultId: '9bcdab041c5f1f87f86b27f18b67100a') in 0.009803542 seconds
[Worker0] Imported GUID: 1a1cbf26300dbdd4ebaf8e0a92b67db6 - Path: Packages/com.unity.2d.psdimporter/Editor/PSDPlugin/PsdFile/Compression/EndianReverser.cs - Importer: ScriptedImporter/UnityEditor.QuickSearchModule:UnityEditor.Search:ASIAI0B -> (ImportResultId: '9a45185a19e10e5b7c2940bff50c30a8') in 0.00796825 seconds
[Worker1] Imported GUID: 9aa898c2e4f1cbc4ba5d122fc7b47317 - Path: Packages/com.unity.2d.animation/Editor/SkinningModule/MeshPreviewTool - Importer: ScriptedImporter/UnityEditor.QuickSearchModule:UnityEditor.Search:ASIAI0B -> (ImportResultId: '09020a3e927ad16ddc4855bba9fa3d0b') in 0.008054541 seconds
[Worker1] Imported GUID: 01e72f012aab14abcadc8f12c615e6d6 - Path: Packages/com.unity.2d.animation/Editor/Assets/ComponentIcons/d_Animation.SpriteLibrary@64.png - Importer: ScriptedImporter/UnityEditor.QuickSearchModule:UnityEditor.Search:ASIAI0B -> (ImportResultId: 'c51b91ad18efc6d7862b76f06c1d9699') in 0.009741625 seconds
[Worker0] Imported GUID: 2354d1435ffcc4b069ec91cefd3da64d - Path: Packages/com.unity.2d.animation/Editor/Assets/SpriteLibraryEditor/CategoriesTab.uxml - Importer: ScriptedImporter/UnityEditor.QuickSearchModule:UnityEditor.Search:ASIAI0B -> (ImportResultId: '210a958f0237538faf909e3390c10801') in 0.010655959 seconds
[Worker1] Imported GUID: 44a6ba9403944198886c6a3c4625e21f - Path: Packages/com.unity.2d.tooling/Editor/Insider/AnalyzerWindow/DataSourceListItem/DataSourceList.cs - Importer: ScriptedImporter/UnityEditor.QuickSearchModule:UnityEditor.Search:ASIAI0B -> (ImportResultId: '0a8f68e5aca6a9a8079add7abc5fc930') in 0.008918791 seconds
[Worker1] Imported GUID: ba409d692a6d149089dfab21e41bb5e3 - Path: Packages/com.unity.2d.common/Path/Editor/IMGUI/GUIFramework/ClickAction.cs - Importer: ScriptedImporter/UnityEditor.QuickSearchModule:UnityEditor.Search:ASIAI0B -> (ImportResultId: 'b769493a6fb47df715df52943fab208e') in 0.008062292 seconds
[Worker0] Imported GUID: 931c215d0704f4c7689307ed024f15f4 - Path: Packages/com.unity.2d.animation/Editor/SkinningModule/VisibilityTool/SpriteVisibilityToolData.cs - Importer: ScriptedImporter/UnityEditor.QuickSearchModule:UnityEditor.Search:ASIAI0B -> (ImportResultId: 'cb9a10ce758830a93b05c7cb370027a3') in 0.00804475 seconds
[Worker0] Imported GUID: aaae1a0ac32489e4db7ca7c10f984ade - Path: Packages/com.unity.2d.animation/Editor/SkinningModule/IMGUI/Slider2D.cs - Importer: ScriptedImporter/UnityEditor.QuickSearchModule:UnityEditor.Search:ASIAI0B -> (ImportResultId: '0befca4964871a599f8edc438d196731') in 0.007847208 seconds
[Worker1] Imported GUID: 03976b6af3289c0409a55e2c4eab4087 - Path: Packages/com.unity.2d.animation/Editor/Assets/EditorIcons/Create Bones@2x.png - Importer: ScriptedImporter/UnityEditor.QuickSearchModule:UnityEditor.Search:ASIAI0B -> (ImportResultId: '403162934ef8d74fdd4547b7f5fb75a9') in 0.009405042 seconds
[Worker0] Imported GUID: 2a807ac042c28e546b9d90048ebbc33f - Path: Packages/com.unity.2d.tilemap/Editor/Icons/Grid.FlipY.png - Importer: ScriptedImporter/UnityEditor.QuickSearchModule:UnityEditor.Search:ASIAI0B -> (ImportResultId: 'd78c772d62026ba6d9392e20e3ba86a8') in 0.010512625 seconds
[Worker1] Imported GUID: 5aa8b770bc43046bc8d993d0d5b7f4a5 - Path: Packages/com.unity.2d.sprite/Editor/ObjectMenuCreation/DefaultAssets/Textures/v2/HexagonPointTop.png - Importer: ScriptedImporter/UnityEditor.QuickSearchModule:UnityEditor.Search:ASIAI0B -> (ImportResultId: 'c7dd673a9d2872fec70c1d404972290e') in 0.00912 seconds
[Worker0] Imported GUID: c4a5f6738187418c84e7f041b3e6c066 - Path: Packages/com.unity.2d.aseprite/Editor/Aseprite - Importer: ScriptedImporter/UnityEditor.QuickSearchModule:UnityEditor.Search:ASIAI0B -> (ImportResultId: '0405ba03c01b4bd3742c71ea144819c8') in 0.0077165 seconds
[Worker1] Imported GUID: 2fe54232a3d87784e804d41060f1cd8e - Path: Packages/com.unity.2d.animation/Editor/Assets/EditorIcons/d_Visibility_Tool@3x 1.png - Importer: ScriptedImporter/UnityEditor.QuickSearchModule:UnityEditor.Search:ASIAI0B -> (ImportResultId: '62dbf78d3058671a68a4fec0584bd2de') in 0.009179792 seconds
[Worker0] Imported GUID: 8b24fc7503f81286365405c6745f83b6 - Path: Packages/com.unity.2d.sprite/Tests/Editor/SpriteEditorWindowSettingsTests.cs - Importer: ScriptedImporter/UnityEditor.QuickSearchModule:UnityEditor.Search:ASIAI0B -> (ImportResultId: '22193cc42de514606e8a134a35dc2418') in 0.008235291 seconds
[Worker1] Imported GUID: 2cea33b1d0032174c8833d64fbf31529 - Path: Packages/com.unity.2d.animation/Editor/Assets/SkinningModule/VisibilityToolbar.uxml - Importer: ScriptedImporter/UnityEditor.QuickSearchModule:UnityEditor.Search:ASIAI0B -> (ImportResultId: '2945318ef4f8faed51616b26be80106c') in 0.010113708 seconds
[Worker0] Imported GUID: 68722b07db4a4ab5ba1b05964a1ed856 - Path: Packages/com.unity.2d.aseprite/Editor/BackgroundImport.cs - Importer: ScriptedImporter/UnityEditor.QuickSearchModule:UnityEditor.Search:ASIAI0B -> (ImportResultId: 'f25cec2cf801fa8a6e04caceecf97164') in 0.008349209 seconds
[Worker1] Imported GUID: eba9e4c0a1c41eb42b5443a6d65b4488 - Path: Packages/com.unity.2d.common/Runtime/Triangulation/Unity.2D.Triangulation.Runtime.asmdef - Importer: ScriptedImporter/UnityEditor.QuickSearchModule:UnityEditor.Search:ASIAI0B -> (ImportResultId: '0dcb90ca8589ec2c30ac34d2255da787') in 0.008031167 seconds
[Worker0] Imported GUID: 77ac4ee3d6c842b3bb450732ed8a0c32 - Path: Packages/com.unity.2d.animation/IK/Runtime/Culling/CullingManager.cs - Importer: ScriptedImporter/UnityEditor.QuickSearchModule:UnityEditor.Search:ASIAI0B -> (ImportResultId: 'f6588b6ad15327c7c6282637b4dc7bd7') in 0.007927917 seconds
[Worker1] Imported GUID: 5caee0ba7342b4b2cacdbe0e6030c7b0 - Path: Packages/com.unity.2d.animation/Editor/Assets/ComponentIcons/Animation.SpriteSkin@128.png - Importer: ScriptedImporter/UnityEditor.QuickSearchModule:UnityEditor.Search:ASIAI0B -> (ImportResultId: '33cc8dbb271b52ad18e26018091575a7') in 0.00964925 seconds
[Worker0] Imported GUID: 8f03a52015a57491094416b25e8e9c18 - Path: Packages/com.unity.2d.animation/Editor/Assets/ComponentIcons/Animation.IKLimb@128.png - Importer: ScriptedImporter/UnityEditor.QuickSearchModule:UnityEditor.Search:ASIAI0B -> (ImportResultId: '3c2a46f250d8fba5b825fe06f1f0a78e') in 0.009321792 seconds
[Worker1] Imported GUID: 91897a07e69db49ff88db92f445ba845 - Path: Packages/com.unity.2d.psdimporter/Editor/Assets/Icons/Selected/Layers Separated@2x.png - Importer: ScriptedImporter/UnityEditor.QuickSearchModule:UnityEditor.Search:ASIAI0B -> (ImportResultId: '5ebaf3dc98395b20520e96c74958fec9') in 0.01000625 seconds
[Worker0] Imported GUID: b7d42367c2bb040c3846aba77adc0dab - Path: Packages/com.unity.2d.tilemap.extras/Editor/Brushes/RandomBrush/RandomBrush.png - Importer: ScriptedImporter/UnityEditor.QuickSearchModule:UnityEditor.Search:ASIAI0B -> (ImportResultId: '46c5e67f3edd83505ce95d55a1d7446b') in 0.008996875 seconds
[Worker1] Imported GUID: 2792173d76a5f4d2ebe800b6b4b096cf - Path: Packages/com.unity.2d.common/Path/Editor/Handles/Path/pointNormal.png - Importer: ScriptedImporter/UnityEditor.QuickSearchModule:UnityEditor.Search:ASIAI0B -> (ImportResultId: '4dcec3b75ecc822f7ac86d0ec385b010') in 0.009533583 seconds
[Worker0] Imported GUID: 630253c1b6a245746ac843e5cad0aac6 - Path: Packages/com.unity.2d.animation/Editor/Assets/SkinningModule/BoneInspectorPanelStyle.uss - Importer: ScriptedImporter/UnityEditor.QuickSearchModule:UnityEditor.Search:ASIAI0B -> (ImportResultId: '037419f45eb3eb99c21dcb9d03a8770e') in 0.008223625 seconds
[Worker1] Imported GUID: 7dc5f1e5d04ac8549ac21802071e983b - Path: Packages/com.unity.2d.sprite/package.json - Importer: ScriptedImporter/UnityEditor.QuickSearchModule:UnityEditor.Search:ASIAI0B -> (ImportResultId: 'aaa210e06673b00e1922906c017216d9') in 0.00778375 seconds
[Worker0] Imported GUID: debf043892056974eaec3b42dfdda5b3 - Path: Packages/com.unity.2d.animation/Editor/Assets/EditorIcons/d_Visibility_Tool@2x.png - Importer: ScriptedImporter/UnityEditor.QuickSearchModule:UnityEditor.Search:ASIAI0B -> (ImportResultId: '471a6e267d317062ac55bf933472660a') in 0.008722833 seconds
[Worker1] Imported GUID: 006a3adba8ff95144b4e779daa84bb7e - Path: Packages/com.unity.2d.animation/Editor/Assets/EditorIcons/Selected/d_Bone.png - Importer: ScriptedImporter/UnityEditor.QuickSearchModule:UnityEditor.Search:ASIAI0B -> (ImportResultId: '3b87767e596ca47cd19c2837f953bc3a') in 0.00932925 seconds
[Worker0] Imported GUID: b2d98f54996544507ade581c727c1c51 - Path: Packages/com.unity.2d.animation/Editor/Assets/ComponentIcons/Animation.SpriteLibrary On@256.png - Importer: ScriptedImporter/UnityEditor.QuickSearchModule:UnityEditor.Search:ASIAI0B -> (ImportResultId: '5617e9c4d01b636e27303c2cd99cfccf') in 0.009375125 seconds
[Worker1] Imported GUID: 3b5ad4dfc78124a489bb5c48a4b57195 - Path: Packages/com.unity.2d.animation/Editor/Assets/EditorIcons/d_Copy@3x.png - Importer: ScriptedImporter/UnityEditor.QuickSearchModule:UnityEditor.Search:ASIAI0B -> (ImportResultId: '262dc5955242657d0b6f63552865af9b') in 0.009383166 seconds
[Worker0] Imported GUID: 68de161c60bf945c18988de3c8af2204 - Path: Packages/com.unity.2d.animation/Editor/SkinningModule/Lib/ARM64 - Importer: ScriptedImporter/UnityEditor.QuickSearchModule:UnityEditor.Search:ASIAI0B -> (ImportResultId: 'c514fec95faa6226dde26f19355d2258') in 0.007169875 seconds
[Worker1] Imported GUID: 237f0a0a8eeab0d46873db954d4abded - Path: Packages/com.unity.2d.animation/Editor/SkinningModule/GenerateGeometryTool.cs - Importer: ScriptedImporter/UnityEditor.QuickSearchModule:UnityEditor.Search:ASIAI0B -> (ImportResultId: '3c8a0ac7fcae2d40a345a86aa5446c93') in 0.007753083 seconds
[Worker0] Imported GUID: ca9f5813d8a94e5ebf3941ca57e04d85 - Path: Packages/com.unity.2d.aseprite/Editor/Common/InternalBridge/AnimatorControllerHelper.cs - Importer: ScriptedImporter/UnityEditor.QuickSearchModule:UnityEditor.Search:ASIAI0B -> (ImportResultId: 'cab9bf4f5dd2fe6659acb6162d8f3f54') in 0.007450916 seconds
[Worker1] Imported GUID: 574ba49617df66b40a29fe7f0b185aab - Path: Packages/com.unity.2d.spriteshape/Editor/Icons - Importer: ScriptedImporter/UnityEditor.QuickSearchModule:UnityEditor.Search:ASIAI0B -> (ImportResultId: 'b005ec39a945bfa69e70f321e433b8d0') in 0.007969 seconds
[Worker0] Imported GUID: f014d7d3e2bd61a4c8c0c2d4957bd29e - Path: Packages/com.unity.2d.common/Runtime/UTess2D/ArraySlice.cs - Importer: ScriptedImporter/UnityEditor.QuickSearchModule:UnityEditor.Search:ASIAI0B -> (ImportResultId: 'fa7c1b91d46a49d7d0d56dea8fa179a9') in 0.007550833 seconds
[Worker1] Imported GUID: cabd7abce6fcb401aa6818f59730d829 - Path: Packages/com.unity.2d.common/Path/Editor/EditablePath/MultipleEditablePathController.cs - Importer: ScriptedImporter/UnityEditor.QuickSearchModule:UnityEditor.Search:ASIAI0B -> (ImportResultId: '88c97793f1eaf212a1ee4ad2867396f0') in 0.0078165 seconds
[Worker0] Imported GUID: 948f26d9a8b009540b6574d5b592248d - Path: Packages/com.unity.2d.psdimporter/Editor/PSDPlugin/PsdFile/ImageResources/VersionInfo.cs - Importer: ScriptedImporter/UnityEditor.QuickSearchModule:UnityEditor.Search:ASIAI0B -> (ImportResultId: 'cb69407ae8dfc8f17529cf957fcb2b5a') in 0.007626833 seconds
[Worker0] Imported GUID: bb5c8e5cc922345e7be8d7ef993a4164 - Path: Packages/com.unity.2d.animation/Runtime/BatchedDeformation/DeformationManager.cs - Importer: ScriptedImporter/UnityEditor.QuickSearchModule:UnityEditor.Search:ASIAI0B -> (ImportResultId: 'a4fcf8e10f2ccc3d1b8c7ddb27a1d4aa') in 0.007889791 seconds
[Worker1] Imported GUID: a316f87205656c949a135f4c7ae8d5f2 - Path: Packages/com.unity.2d.animation/Editor/Assets/EditorIcons/Parent_Bone@3x.png - Importer: ScriptedImporter/UnityEditor.QuickSearchModule:UnityEditor.Search:ASIAI0B -> (ImportResultId: '514082e427b513befc5895617932be8c') in 0.009689375 seconds
[Worker0] Imported GUID: e7335c70a6924a77a2f26adf79f11530 - Path: Packages/com.unity.2d.aseprite/Editor/Common/InternalBridge/TexturePlatformSettingsHelper.cs - Importer: ScriptedImporter/UnityEditor.QuickSearchModule:UnityEditor.Search:ASIAI0B -> (ImportResultId: '3d5ed752c76b7489c4fabb977440fe95') in 0.0076405 seconds
[Worker1] Imported GUID: f71de106b02a45a1a03a9dc4fdf84bc0 - Path: Packages/com.unity.2d.animation/Runtime/SpriteSkinContainer.cs - Importer: ScriptedImporter/UnityEditor.QuickSearchModule:UnityEditor.Search:ASIAI0B -> (ImportResultId: 'fba7c0d5db83891c8f26771ea31fe2ae') in 0.007341959 seconds
[Worker0] Imported GUID: ccbbef892d435144aa8a0f9fd5ccee51 - Path: Packages/com.unity.2d.sprite/Editor/ShapeEditor - Importer: ScriptedImporter/UnityEditor.QuickSearchModule:UnityEditor.Search:ASIAI0B -> (ImportResultId: 'b1ee1b2ff8b9a531e5920f5b1cc7d577') in 0.007729084 seconds
[Worker1] Imported GUID: 70724a482a72437f9b652f84ddce3761 - Path: Packages/com.unity.2d.aseprite/Editor/Tasks/ImportMergedLayers.cs - Importer: ScriptedImporter/UnityEditor.QuickSearchModule:UnityEditor.Search:ASIAI0B -> (ImportResultId: 'd00179cb12256d20780a2e7ed54a36b7') in 0.008391166 seconds
[Worker1] Imported GUID: fe3bf5027738f44ff8d390a3c4532dc8 - Path: Packages/com.unity.2d.aseprite/Tests - Importer: ScriptedImporter/UnityEditor.QuickSearchModule:UnityEditor.Search:ASIAI0B -> (ImportResultId: '6624266356d9955d69ed21ecd5c7cc58') in 0.007692166 seconds
[Worker0] Imported GUID: f469f8253737d534ca7809ae6f0d2422 - Path: Packages/com.unity.2d.animation/Editor/Assets/EditorIcons/Visibility_Hidded@4x.png - Importer: ScriptedImporter/UnityEditor.QuickSearchModule:UnityEditor.Search:ASIAI0B -> (ImportResultId: '0a6753b1d6dfe706cae1a06d7ff880e9') in 0.010797833 seconds
[Worker1] Imported GUID: dde9b84b2ecc449698f45f68b76697ec - Path: Packages/com.unity.2d.sprite/Editor/SpriteEditor/SpriteEditorWindowSettings.cs - Importer: ScriptedImporter/UnityEditor.QuickSearchModule:UnityEditor.Search:ASIAI0B -> (ImportResultId: '45d65a4a9baa1180232eb533f6ea055a') in 0.007878917 seconds
[Worker0] Imported GUID: 93344cd78b3de491bbc8a90604acb175 - Path: Packages/com.unity.2d.tilemap/Editor/ObjectCreationMenu/GameObjectCreation.cs - Importer: ScriptedImporter/UnityEditor.QuickSearchModule:UnityEditor.Search:ASIAI0B -> (ImportResultId: 'ffa402554df2b0be31ca1e96f5c3b921') in 0.007522625 seconds
[Worker0] Imported GUID: 0a68d56945b68344ea2f451f0e9f14b4 - Path: Packages/com.unity.2d.animation/Editor/SkinningModule/Selection - Importer: ScriptedImporter/UnityEditor.QuickSearchModule:UnityEditor.Search:ASIAI0B -> (ImportResultId: '08b38c5d0a53faeacf0d32a13fa89d86') in 0.007672333 seconds
[Worker1] Imported GUID: 4c4d94ae492994f0ba16cfc5fe59c37d - Path: Packages/com.unity.2d.animation/Editor/Assets/EditorIcons/True@2x.png - Importer: ScriptedImporter/UnityEditor.QuickSearchModule:UnityEditor.Search:ASIAI0B -> (ImportResultId: '76f6752c2f94b7fab67981bbe4128a34') in 0.009798209 seconds
[Worker0] Imported GUID: ae9b26e206b0644baaff42a0daf71384 - Path: Packages/com.unity.2d.animation/Editor/SpriteSkin/BoneOverlay/BoneOverlayVisualElement.cs - Importer: ScriptedImporter/UnityEditor.QuickSearchModule:UnityEditor.Search:ASIAI0B -> (ImportResultId: 'b6e79e4b8bb201d6a92357dc463fed06') in 0.007458375 seconds
[Worker1] Imported GUID: 6b82a15b5a6dc4684a489ca0feecc092 - Path: Packages/com.unity.2d.animation/Editor/SkinningModule/VisibilityTool/MeshVisibilityToolModel.cs - Importer: ScriptedImporter/UnityEditor.QuickSearchModule:UnityEditor.Search:ASIAI0B -> (ImportResultId: '7581479fc7ab48d1797c7a67f3817674') in 0.007278542 seconds
[Worker1] Imported GUID: 1ae0a0374ee241d5a995980057a751aa - Path: Packages/com.unity.2d.animation/Editor/SpriteLib/SpriteSwapOverlay/SpriteSwapOverlay.cs - Importer: ScriptedImporter/UnityEditor.QuickSearchModule:UnityEditor.Search:ASIAI0B -> (ImportResultId: '933d109861df8890365b6f4a074eb60f') in 0.007577458 seconds
[Worker0] Imported GUID: fda2e829442ad4c0d875a0f52dd3a487 - Path: Packages/com.unity.2d.animation/Editor/Assets/EditorIcons/d_EditorUI.Filter@2x.png - Importer: ScriptedImporter/UnityEditor.QuickSearchModule:UnityEditor.Search:ASIAI0B -> (ImportResultId: '26c7b8b0692b98f3122a22f88ab2da1b') in 0.009551542 seconds
[Worker1] Imported GUID: 39167332d427b4851b6947e4a02b9186 - Path: Packages/com.unity.2d.animation/Editor/Assets/AssetUpgrader - Importer: ScriptedImporter/UnityEditor.QuickSearchModule:UnityEditor.Search:ASIAI0B -> (ImportResultId: '19dc3e4f3e36092c13501c9cffbcdcbf') in 0.007608709 seconds
[Worker0] Imported GUID: 5bd6b2f1d49f437419a2242293d1fe9b - Path: Packages/com.unity.2d.tilemap/Editor/UI/TilePaletteClipboardOverlay.cs - Importer: ScriptedImporter/UnityEditor.QuickSearchModule:UnityEditor.Search:ASIAI0B -> (ImportResultId: '5845c5350efbef003de49f33c55478a5') in 0.007300542 seconds
[Worker1] Imported GUID: 90f8cb564e79431284c8c2871d2c664a - Path: Packages/com.unity.2d.common/Editor/DebugTools/PlayerLoopInspector.cs - Importer: ScriptedImporter/UnityEditor.QuickSearchModule:UnityEditor.Search:ASIAI0B -> (ImportResultId: '98f3a60309878c7190a4a646326bec39') in 0.007989916 seconds
[Worker0] Imported GUID: fc8dcc4a15d828e4686470389805489c - Path: Packages/com.unity.2d.animation/Editor/Assets/EditorIcons/d_Mesh@2x.png - Importer: ScriptedImporter/UnityEditor.QuickSearchModule:UnityEditor.Search:ASIAI0B -> (ImportResultId: 'fa4e1cedfedd9e51a49f84ca7fb0491e') in 0.009137333 seconds
[Worker0] Imported GUID: b410f2c9e86a44d35992f15c05361b29 - Path: Packages/com.unity.2d.common/Editor/InternalBridge/InternalEditorBridge.cs - Importer: ScriptedImporter/UnityEditor.QuickSearchModule:UnityEditor.Search:ASIAI0B -> (ImportResultId: 'b8aa4c9c7975fc18cdc0b3f91c5c23f5') in 0.007438834 seconds
[Worker1] Imported GUID: fad537f7b1df74e869915bbab4356a0f - Path: Packages/com.unity.2d.animation/Editor/Assets/ComponentIcons/Animation.SpriteLibrary On@32.png - Importer: ScriptedImporter/UnityEditor.QuickSearchModule:UnityEditor.Search:ASIAI0B -> (ImportResultId: 'f2dee86de850eb7f44802b1780dbec79') in 0.009546375 seconds
[Worker0] Imported GUID: 86aeedb511333af45943236d5d6be1b4 - Path: Packages/com.unity.2d.tilemap.extras/Runtime/Tiles - Importer: ScriptedImporter/UnityEditor.QuickSearchModule:UnityEditor.Search:ASIAI0B -> (ImportResultId: '55b2e2b6dd0c2c91fde53bf6ab8aaa25') in 0.007953584 seconds
[Worker1] Imported GUID: 764df10adc2353a47a5ae0e9649e51a6 - Path: Packages/com.unity.2d.psdimporter/Editor/PSDPlugin/PsdFile/ImageResources/RawImageResource.cs - Importer: ScriptedImporter/UnityEditor.QuickSearchModule:UnityEditor.Search:ASIAI0B -> (ImportResultId: '5def193db45400ca680de8590559d3d9') in 0.007523417 seconds
[Worker1] Imported GUID: d775c763bd71c56499292f26a2a0e44b - Path: Packages/com.unity.2d.animation/Editor/ClipperLib - Importer: ScriptedImporter/UnityEditor.QuickSearchModule:UnityEditor.Search:ASIAI0B -> (ImportResultId: 'e9e4dc94dc224978b934890e519f5380') in 0.007753958 seconds
[Worker0] Imported GUID: 39b89ea328c2cad4abef27aedb17a4a3 - Path: Packages/com.unity.2d.animation/Editor/Assets/EditorIcons/d_Mesh@4x.png - Importer: ScriptedImporter/UnityEditor.QuickSearchModule:UnityEditor.Search:ASIAI0B -> (ImportResultId: '2e120b0125b7549435fbd007bbaf9aa0') in 0.009723709 seconds
[Worker1] Imported GUID: b2a7503b9cc7144c1bfe6d3693632d47 - Path: Packages/com.unity.2d.tilemap/Editor/Icons/d_Tilemap.CustomBrush.png - Importer: ScriptedImporter/UnityEditor.QuickSearchModule:UnityEditor.Search:ASIAI0B -> (ImportResultId: '8b7cfe915124870a253bfa616055e2b1') in 0.009571625 seconds
[Worker0] Imported GUID: e7ddb9213511d984f8b951a7c913d83a - Path: Packages/com.unity.2d.animation/Editor/Assets/EditorIcons/Selected/Create_Vertex.png - Importer: ScriptedImporter/UnityEditor.QuickSearchModule:UnityEditor.Search:ASIAI0B -> (ImportResultId: '5e3d2d3ad6a645fd06d60d61deea0f93') in 0.009233083 seconds
[Worker1] Imported GUID: 9b35ffc51af54aeaa2384cef4465d664 - Path: Packages/com.unity.2d.tilemap/Editor/GridPaletteAddWhiteboxPopup.cs - Importer: ScriptedImporter/UnityEditor.QuickSearchModule:UnityEditor.Search:ASIAI0B -> (ImportResultId: 'a6b749634ef47a08067f8f7766fe309d') in 0.007689334 seconds
[Worker0] Imported GUID: 770575e4c8464894be70cdedb9087958 - Path: Packages/com.unity.2d.tooling/Editor/Insider/SpriteAtlas/SpriteAtlasIssueReport/SpriteAtlasPageIssue - Importer: ScriptedImporter/UnityEditor.QuickSearchModule:UnityEditor.Search:ASIAI0B -> (ImportResultId: 'fef961a2a418a7d1b1e991d029f58817') in 0.007360917 seconds
[Worker0] Imported GUID: dd977390416471341b10fd1278290da0 - Path: Packages/com.unity.2d.tilemap.extras/Editor/Tiles/RuleOverrideTile/RuleOverrideTileEditor.cs - Importer: ScriptedImporter/UnityEditor.QuickSearchModule:UnityEditor.Search:ASIAI0B -> (ImportResultId: '689847aa960f9016a1fde8c27bf9fb85') in 0.007663125 seconds
[Worker1] Imported GUID: 401e910567b72dd4abf58be9f7e0518b - Path: Packages/com.unity.2d.tilemap/Editor/Icons/Tilemap.ShowTilePalette@4x.png - Importer: ScriptedImporter/UnityEditor.QuickSearchModule:UnityEditor.Search:ASIAI0B -> (ImportResultId: '4b273ec76bc40d81cd2b49e9f0f215eb') in 0.009645917 seconds
[Worker0] Imported GUID: 13c8cc9c7db80f945b93295497790775 - Path: Packages/com.unity.2d.animation/Editor/SkinningModule/Triangulation/Triangulator.cs - Importer: ScriptedImporter/UnityEditor.QuickSearchModule:UnityEditor.Search:ASIAI0B -> (ImportResultId: '4e35e465269f332c58b25650b3408379') in 0.007632625 seconds
[Worker0] Imported GUID: 1791df116968841c6bc27470d2ebeaa8 - Path: Packages/com.unity.2d.common/CHANGELOG.md - Importer: ScriptedImporter/UnityEditor.QuickSearchModule:UnityEditor.Search:ASIAI0B -> (ImportResultId: 'cb02dc4754244b52653e4770ba4cea3e') in 0.00870625 seconds
[Worker1] Imported GUID: 362bbe220ef534796a551dd8d95c926a - Path: Packages/com.unity.2d.tooling/Editor/Insider/SpriteAtlas/SpriteAtlasIssueReport/SpriteCountInAtlasIssue/SpriteCountIssueSettings.uss - Importer: ScriptedImporter/UnityEditor.QuickSearchModule:UnityEditor.Search:ASIAI0B -> (ImportResultId: 'ff1cf1e64aa2ec9490f7911523d1731f') in 0.009965291 seconds
[Worker1] Imported GUID: 72c98894fc0953a4486e96fa2cff6f8d - Path: Packages/com.unity.2d.animation/Editor/Assets/SkinningModule/InfluenceWindowStyle.uss - Importer: ScriptedImporter/UnityEditor.QuickSearchModule:UnityEditor.Search:ASIAI0B -> (ImportResultId: '97e1a615a8a99f7b52dc6ef6be5d4f0d') in 0.008894833 seconds
[Worker0] Imported GUID: 84b96a9d1862c4a59afc0fff9875bfc4 - Path: Packages/com.unity.2d.animation/Editor/Assets/ComponentIcons/Animation.IKCCD@64.png - Importer: ScriptedImporter/UnityEditor.QuickSearchModule:UnityEditor.Search:ASIAI0B -> (ImportResultId: 'd9d2f3178509b7d3b871f299bec67c98') in 0.011786792 seconds
[Worker1] Imported GUID: c4c408d2869a4a40958c031461798fc0 - Path: Packages/com.unity.2d.animation/Editor/SpriteLib/SpriteSwapOverlay/LabelContainer.cs - Importer: ScriptedImporter/UnityEditor.QuickSearchModule:UnityEditor.Search:ASIAI0B -> (ImportResultId: 'cce6b3e0086574848ff1a94c4b077ad1') in 0.008539292 seconds
[Worker0] Imported GUID: f24cddf7c09a6442abbce710a6fd7397 - Path: Packages/com.unity.2d.spriteshape/Editor/ObjectMenuCreation/DefaultAssets/Sprite Shape Profiles/Sprite Shape Profile.asset - Importer: ScriptedImporter/UnityEditor.QuickSearchModule:UnityEditor.Search:ASIAI0B -> (ImportResultId: '378495cdb5434fda3b6058e0a3ac7108') in 0.008736 seconds
[Worker0] Imported GUID: 4eabc3d1ad1424372b03cfc117521e24 - Path: Packages/com.unity.2d.spriteshape/package.json - Importer: ScriptedImporter/UnityEditor.QuickSearchModule:UnityEditor.Search:ASIAI0B -> (ImportResultId: '764278365f52ef061793749d118b04a6') in 0.007968375 seconds
[Worker1] Imported GUID: 1a2673cb12e2ed1459bc6ab5dad05aae - Path: Packages/com.unity.2d.animation/Editor/Assets/EditorIcons/Selected/d_Visibility_Hidded@2x.png - Importer: ScriptedImporter/UnityEditor.QuickSearchModule:UnityEditor.Search:ASIAI0B -> (ImportResultId: '47bfd729367205bf3921465e29335348') in 0.010048916 seconds
[Worker0] Imported GUID: b36cdea0d8782445eb192c34412bc4e5 - Path: Packages/com.unity.2d.tooling/Editor/Insider/AnalyzerWindow/AnalyzerWindow.uss - Importer: ScriptedImporter/UnityEditor.QuickSearchModule:UnityEditor.Search:ASIAI0B -> (ImportResultId: 'df4c337ca23bbbe5f1ee3f47905b5d6f') in 0.00842425 seconds
[Worker1] Imported GUID: c38da00047c364d939a5857fc7e8a17a - Path: Packages/com.unity.2d.animation/Editor/Assets/ComponentIcons/d_Animation.SpriteLibraryVar@128.png - Importer: ScriptedImporter/UnityEditor.QuickSearchModule:UnityEditor.Search:ASIAI0B -> (ImportResultId: '0c1db3f7f03f807e1828769a51323f00') in 0.009497416 seconds
[Worker0] Imported GUID: 1ddf5377ab3a84f499f1e72de11ad79b - Path: Packages/com.unity.2d.common/Editor/ScriptablePacker/SpriteAtlasGeometryPacker.cs - Importer: ScriptedImporter/UnityEditor.QuickSearchModule:UnityEditor.Search:ASIAI0B -> (ImportResultId: '77663277f5ebb27bca2822a8e092e74e') in 0.007776125 seconds
[Worker1] Imported GUID: d85e4b19ce7cc4cd4bc97653aaea6223 - Path: Packages/com.unity.2d.tooling/Editor/Insider/SpriteAtlas/SpriteAtlasIssueReport/UIElement/SpriteAtlasReportTable/SpriteAtlasReportTable.uxml - Importer: ScriptedImporter/UnityEditor.QuickSearchModule:UnityEditor.Search:ASIAI0B -> (ImportResultId: '68cbbeca810d30818b5b2cf5516c9ffe') in 0.00898125 seconds
[Worker0] Imported GUID: ad72aefbbd03ec744b3cf61cf766d320 - Path: Packages/com.unity.2d.tilemap/Editor/Icons/d_Tilemap.ShowGrid.png - Importer: ScriptedImporter/UnityEditor.QuickSearchModule:UnityEditor.Search:ASIAI0B -> (ImportResultId: '99bc2341c4b8ed4ce302252f89645e90') in 0.009755583 seconds
[Worker1] Imported GUID: aba5d07cce7d34a7587f27f48d05dd9b - Path: Packages/com.unity.2d.animation/Editor/Assets/ComponentIcons/d_Animation.IKLimb.png - Importer: ScriptedImporter/UnityEditor.QuickSearchModule:UnityEditor.Search:ASIAI0B -> (ImportResultId: '05a9607dab6f1da09ebf748ac58f4f2f') in 0.009661625 seconds
[Worker0] Imported GUID: 2e79c8e51ce4486409b7daf3012a1f4d - Path: Packages/com.unity.2d.animation/Editor/SkinningModule/Selection/IBoneSelection.cs - Importer: ScriptedImporter/UnityEditor.QuickSearchModule:UnityEditor.Search:ASIAI0B -> (ImportResultId: 'e7d479c54db937df9379efd22194bca3') in 0.007659709 seconds
[Worker1] Imported GUID: 02dc6f1e2f684fbab3881a2651eca8b8 - Path: Packages/com.unity.2d.sprite/Editor/ProjectSettings/SpriteFrameModuleSettings/SpriteFrameModuleSettings.cs - Importer: ScriptedImporter/UnityEditor.QuickSearchModule:UnityEditor.Search:ASIAI0B -> (ImportResultId: 'dbbeae611530a47f0bb113fa95602e66') in 0.0074135 seconds
[Worker0] Imported GUID: d5e72ab52355f594fb3b3ba0deba9b4a - Path: Packages/com.unity.2d.tilemap/Editor/Icons/Tilemap.BrushPicks.png - Importer: ScriptedImporter/UnityEditor.QuickSearchModule:UnityEditor.Search:ASIAI0B -> (ImportResultId: '13e713d156ccd07977588ed3d0f6cb2e') in 0.009263083 seconds
[Worker1] Imported GUID: 892011c7f9f44a1f808d79c1b1799242 - Path: Packages/com.unity.2d.sprite/Editor/SpriteEditorModule/SpriteFrameModule/SpriteFrameEditor/SpriteFrameScenePreview.cs - Importer: ScriptedImporter/UnityEditor.QuickSearchModule:UnityEditor.Search:ASIAI0B -> (ImportResultId: 'a6dced0e0723adf7b2c7103109d1d0a5') in 0.007821833 seconds
[Worker0] Imported GUID: bc661bae4b47f53408bb626c55018a0c - Path: Packages/com.unity.2d.animation/Runtime/Bone.cs - Importer: ScriptedImporter/UnityEditor.QuickSearchModule:UnityEditor.Search:ASIAI0B -> (ImportResultId: 'fb573b8fe6395baf2e62c2a0bf66b60e') in 0.008036666 seconds
[Worker1] Imported GUID: 4b31b91e4b784738ae99ce56d3f91f02 - Path: Packages/com.unity.2d.animation/Runtime/SpriteBoneHierarchyData.cs - Importer: ScriptedImporter/UnityEditor.QuickSearchModule:UnityEditor.Search:ASIAI0B -> (ImportResultId: '2dffdb39f4e9e05567faec0aa591eba7') in 0.007452916 seconds
[Worker1] Imported GUID: 08c104e7d99d71c4eb0702b4e3e4b7d5 - Path: Packages/com.unity.2d.animation/Editor/SkinningModule/Selection/ITransformSelection.cs - Importer: ScriptedImporter/UnityEditor.QuickSearchModule:UnityEditor.Search:ASIAI0B -> (ImportResultId: 'd6562d23c2634971db5f4cd6dfb29389') in 0.007861583 seconds
[Worker0] Imported GUID: 6fcb7dc175a14a4eb2348f2d5e002dd6 - Path: Packages/com.unity.2d.tilemap/Editor/GridBrushPickStoreSettings.cs - Importer: ScriptedImporter/UnityEditor.QuickSearchModule:UnityEditor.Search:ASIAI0B -> (ImportResultId: '786350c5eab965b76f6bf27d7d317735') in 0.008124708 seconds
[Worker0] Imported GUID: 59a6a2c5730914ee8b9e64b23236386c - Path: Packages/com.unity.2d.common/Path/Editor/Selection/ISelector.cs - Importer: ScriptedImporter/UnityEditor.QuickSearchModule:UnityEditor.Search:ASIAI0B -> (ImportResultId: '84706ecb55760830ea4710002e6584cf') in 0.007967458 seconds
[Worker1] Imported GUID: 9eaaf0b28a38f804f9fadea8b77e198d - Path: Packages/com.unity.2d.common/Editor/ScriptablePacker/DefaultScriptablePacker.asset - Importer: ScriptedImporter/UnityEditor.QuickSearchModule:UnityEditor.Search:ASIAI0B -> (ImportResultId: '33b0d45a3e7ee6ae4b64172cb4ddb5d9') in 0.008742125 seconds
[Worker0] Imported GUID: 5335ae1a0cfbc2c41903fdf8d489fcc7 - Path: Packages/com.unity.2d.animation/Editor/SkinningModule/Lib/x86_64 - Importer: ScriptedImporter/UnityEditor.QuickSearchModule:UnityEditor.Search:ASIAI0B -> (ImportResultId: '0680f874b709b4b313d23d0eff3699fd') in 0.007896792 seconds
[Worker1] Imported GUID: 06de59c21b18a5641b881cd7844c41be - Path: Packages/com.unity.2d.animation/Editor/SkinningModule/UI/BoneToolbar.cs - Importer: ScriptedImporter/UnityEditor.QuickSearchModule:UnityEditor.Search:ASIAI0B -> (ImportResultId: 'ebc5631aa953e7b07b6a5979a69fbb3f') in 0.007424167 seconds
[Worker0] Imported GUID: 10db00a3c51d23d4ab8a68837ffa21fc - Path: Packages/com.unity.2d.animation/Editor/SkinningModule/Selection/BoneSelection.cs - Importer: ScriptedImporter/UnityEditor.QuickSearchModule:UnityEditor.Search:ASIAI0B -> (ImportResultId: '863fc4948820746329501889f43601c2') in 0.008023042 seconds
[Worker1] Imported GUID: 822738e95ef15a7458391fe6a2764a5c - Path: Packages/com.unity.2d.pixel-perfect/Tests/Editor/Unity.2D.PixelPerfect.Editor.Tests.asmdef - Importer: ScriptedImporter/UnityEditor.QuickSearchModule:UnityEditor.Search:ASIAI0B -> (ImportResultId: '616f2db8a57c73bfc2ebeaeb139221f2') in 0.008868083 seconds
[Worker0] Imported GUID: 4c30b1506cccf4f46952be11e3a98523 - Path: Packages/com.unity.2d.animation/Editor/Assets/ComponentIcons/d_Animation.SpriteResolver@64.png - Importer: ScriptedImporter/UnityEditor.QuickSearchModule:UnityEditor.Search:ASIAI0B -> (ImportResultId: '2428a4f29322c5e64509a40866c10175') in 0.009753541 seconds
[Worker1] Imported GUID: db2b3974aac164565bda03b3e0d93046 - Path: Packages/com.unity.2d.animation/Editor/Assets/ComponentIcons/Animation.SpriteResolver On.png - Importer: ScriptedImporter/UnityEditor.QuickSearchModule:UnityEditor.Search:ASIAI0B -> (ImportResultId: '9f85213916cc794497704688d5a3de5d') in 0.00910275 seconds
[Worker1] Imported GUID: 8a34d1dd5d9a06973a131648cb3acdab - Path: Packages/com.unity.2d.tooling - Importer: ScriptedImporter/UnityEditor.QuickSearchModule:UnityEditor.Search:ASIAI0B -> (ImportResultId: 'ba983c0387bde11025520cfa4d5d0cbc') in 0.007339958 seconds
[Worker0] Imported GUID: 10b44a9fe8d83294589c997ec45fc435 - Path: Packages/com.unity.2d.sprite/Editor/ShapeEditor/ShapeEditor.cs - Importer: ScriptedImporter/UnityEditor.QuickSearchModule:UnityEditor.Search:ASIAI0B -> (ImportResultId: '2286e86e69c62f2d1b22b987dda18146') in 0.007634417 seconds
[Worker0] Imported GUID: 9f5c5ca59d5174dc39472a5798c2905d - Path: Packages/com.unity.2d.animation/Editor/SkinningModule/EditorIconUtility.cs - Importer: ScriptedImporter/UnityEditor.QuickSearchModule:UnityEditor.Search:ASIAI0B -> (ImportResultId: 'f8aec2464d253b4bd5b0bc44763bd716') in 0.008038083 seconds
[Worker1] Imported GUID: a4c77cea19fd0f84581d6e437a86290c - Path: Packages/com.unity.2d.animation/Editor/Assets/EditorIcons/Generate_Geometry@4x.png - Importer: ScriptedImporter/UnityEditor.QuickSearchModule:UnityEditor.Search:ASIAI0B -> (ImportResultId: '99c88fa11d12731919a0e5ef7f728dfe') in 0.009812583 seconds
[Worker0] Imported GUID: 5e4f2af0145cfe44797338834d0b013a - Path: Packages/com.unity.2d.animation/Editor/SkinningModule/MathUtility.cs - Importer: ScriptedImporter/UnityEditor.QuickSearchModule:UnityEditor.Search:ASIAI0B -> (ImportResultId: '6025c5bb4fa3bc37d44a72fe3aa1ab17') in 0.007639416 seconds
[Worker1] Imported GUID: ba6dc9e2bb114aa46a392528f10c13d0 - Path: Packages/com.unity.2d.tilemap/Editor/Icons/d_Tilemap..BrushPicks@4x.png - Importer: ScriptedImporter/UnityEditor.QuickSearchModule:UnityEditor.Search:ASIAI0B -> (ImportResultId: 'e52a160182e91553d241efa4093bbaa4') in 0.009535792 seconds
[Worker0] Imported GUID: 09192641a853d984fbc894d1ecad33a4 - Path: Packages/com.unity.2d.sprite/Editor/SpriteEditor/SpriteEditorMenu.cs - Importer: ScriptedImporter/UnityEditor.QuickSearchModule:UnityEditor.Search:ASIAI0B -> (ImportResultId: 'aafeaa1eace3eb0ae93c332ac082012f') in 0.008267458 seconds
[Worker1] Imported GUID: 1b6eb68622062430bb24d3568b99fee6 - Path: Packages/com.unity.2d.common/Path/Editor/EditorTool/PathEditorToolExtensions.cs - Importer: ScriptedImporter/UnityEditor.QuickSearchModule:UnityEditor.Search:ASIAI0B -> (ImportResultId: 'e3390df3f5bd1f0b386522d683acc063') in 0.008471417 seconds
[Worker0] Imported GUID: 2ef428347e8e4428b483a2f1cb67237a - Path: Packages/com.unity.2d.aseprite/Editor/AsepriteImporterEditorExternalData.cs - Importer: ScriptedImporter/UnityEditor.QuickSearchModule:UnityEditor.Search:ASIAI0B -> (ImportResultId: '0059b4aaa201fa62c6c1eec472731588') in 0.008685792 seconds
[Worker1] Imported GUID: 2223b0a570b66ee42b3e0a79f0789b2a - Path: Packages/com.unity.2d.animation/Editor/Assets/EditorIcons/Selected/Sprite_Mode@4x.png - Importer: ScriptedImporter/UnityEditor.QuickSearchModule:UnityEditor.Search:ASIAI0B -> (ImportResultId: 'a54bb00be4e4409c8376c21729c77777') in 0.009987209 seconds
[Worker0] Imported GUID: 312df9440efd5df4ea8f6c98591d6b96 - Path: Packages/com.unity.2d.animation/Editor/Assets/EditorIcons/d_Copy@2x.png - Importer: ScriptedImporter/UnityEditor.QuickSearchModule:UnityEditor.Search:ASIAI0B -> (ImportResultId: '34c8557f7ef5feb52474978e87240fc3') in 0.0113725 seconds
[Worker1] Imported GUID: ce02df96e1ca9482a8de0ec251e9d4e4 - Path: Packages/com.unity.2d.tilemap/Editor/Icons/d_Tilemap.CustomBrush@2x.png - Importer: ScriptedImporter/UnityEditor.QuickSearchModule:UnityEditor.Search:ASIAI0B -> (ImportResultId: 'ed9de0d9d8d718a3c03ad7c5f52c1c2b') in 0.009517541 seconds
[Worker0] Imported GUID: fcf2f4964f64c4a0fa8c994d677d8bd9 - Path: Packages/com.unity.2d.aseprite/package.json - Importer: ScriptedImporter/UnityEditor.QuickSearchModule:UnityEditor.Search:ASIAI0B -> (ImportResultId: '6c45b8aafcfe4f3cd8fdeb9071ce09ff') in 0.007992125 seconds
[Worker1] Imported GUID: 261453cec30598747b9877ec58ba32fd - Path: Packages/com.unity.2d.pixel-perfect/README.md - Importer: ScriptedImporter/UnityEditor.QuickSearchModule:UnityEditor.Search:ASIAI0B -> (ImportResultId: '59661f3262f2387a7e49a09bbd3a6470') in 0.008370708 seconds
[Worker0] Imported GUID: 18bf2b24e4cf52b4db1d73f71d4bd76b - Path: Packages/com.unity.2d.psdimporter/Editor/PSDImporterEditor.cs - Importer: ScriptedImporter/UnityEditor.QuickSearchModule:UnityEditor.Search:ASIAI0B -> (ImportResultId: '72be7d3a4b3abee61d78cd55244927eb') in 0.007821584 seconds
[Worker1] Imported GUID: e1a3bd001331f2049913323736d02a48 - Path: Packages/com.unity.2d.sprite/Editor/SpriteEditorModule/SpriteFrameModule - Importer: ScriptedImporter/UnityEditor.QuickSearchModule:UnityEditor.Search:ASIAI0B -> (ImportResultId: 'f73a23076e8add03ec32df80ac0dea0f') in 0.0077995 seconds
[Worker0] Imported GUID: ca778bc7303b24948abf3e907abbf2a0 - Path: Packages/com.unity.2d.animation/Editor/Assets/EditorIcons/Selected/Sprite_Mode.png - Importer: ScriptedImporter/UnityEditor.QuickSearchModule:UnityEditor.Search:ASIAI0B -> (ImportResultId: '9e8997b0adf5b80c10a3a4fb2171d5c9') in 0.009435625 seconds
[Worker1] Imported GUID: 16328af959ef4a4da3b2abdb5745f014 - Path: Packages/com.unity.2d.aseprite/Editor/AsepriteImporterAPIs.cs - Importer: ScriptedImporter/UnityEditor.QuickSearchModule:UnityEditor.Search:ASIAI0B -> (ImportResultId: '6f9023e9418597d356ee210fe02f5e7c') in 0.007581792 seconds
[Worker0] Imported GUID: 9443489193544b188acb6e232221b3c4 - Path: Packages/com.unity.2d.animation/Profiler/Editor/UI/SpriteSkinHierarchyView - Importer: ScriptedImporter/UnityEditor.QuickSearchModule:UnityEditor.Search:ASIAI0B -> (ImportResultId: '49eb577a9e8f0c1e91ad77bd6b5de804') in 0.00775875 seconds
[Worker1] Imported GUID: 259317a3fa77b4619b4356af5648368f - Path: Packages/com.unity.2d.animation/Editor/Assets/EditorIcons/d_True@2x.png - Importer: ScriptedImporter/UnityEditor.QuickSearchModule:UnityEditor.Search:ASIAI0B -> (ImportResultId: 'ebd210e3985f20e5cc2d5a7d7640b066') in 0.00912 seconds
[Worker0] Imported GUID: 24c60fb4e4533094889a2aa33ce92889 - Path: Packages/com.unity.2d.animation/Editor/Assets/SkinningModule/GenerateWeightsPanelStyle.uss - Importer: ScriptedImporter/UnityEditor.QuickSearchModule:UnityEditor.Search:ASIAI0B -> (ImportResultId: 'bf928c9a3933a772dc83e40dc1363991') in 0.008171125 seconds
[Worker1] Imported GUID: 03a0f27e9b08047889b3f5e7f0c23ff7 - Path: Packages/com.unity.2d.psdimporter/Editor/Assets/Icons/Dark/Layers Separated@4x.png - Importer: ScriptedImporter/UnityEditor.QuickSearchModule:UnityEditor.Search:ASIAI0B -> (ImportResultId: '6a21756339452104a526b6d6b3aae7fa') in 0.009205333 seconds
[Worker0] Imported GUID: 1f9ef263156323d4dbaab5a1b41a61e6 - Path: Packages/com.unity.2d.animation/Editor/Assets/EditorIcons/Selected/d_Mesh.png - Importer: ScriptedImporter/UnityEditor.QuickSearchModule:UnityEditor.Search:ASIAI0B -> (ImportResultId: '59027a5e7e907b159b7bac099ddeb09f') in 0.009163542 seconds
[Worker1] Imported GUID: 1e7c59239d2a59140b34f39ea6d4d44c - Path: Packages/com.unity.2d.animation/Editor/Assets/EditorIcons/Visibility_Tool.png - Importer: ScriptedImporter/UnityEditor.QuickSearchModule:UnityEditor.Search:ASIAI0B -> (ImportResultId: 'e2d6af2bcaf74863e9df635c2d5f2398') in 0.008878333 seconds
[Worker0] Imported GUID: 5788dbb9d91840e7b8b22a3d83bddb76 - Path: Packages/com.unity.2d.tooling/Editor/Insider/AnalyzerWindow/AnalyzerWindowSaveData.cs - Importer: ScriptedImporter/UnityEditor.QuickSearchModule:UnityEditor.Search:ASIAI0B -> (ImportResultId: '04ba07203aab112321e0b2e5bc040060') in 0.007614667 seconds
[Worker1] Imported GUID: 6b38a6882b80b1c4dbcca4bc844d7b9c - Path: Packages/com.unity.2d.tilemap/Editor - Importer: ScriptedImporter/UnityEditor.QuickSearchModule:UnityEditor.Search:ASIAI0B -> (ImportResultId: 'fdf822a99e91fc33da551c55c0de4de0') in 0.0075045 seconds
[Worker0] Imported GUID: ba324087ac3b44b1892a7ab446bf0b18 - Path: Packages/com.unity.2d.animation/Profiler/Editor - Importer: ScriptedImporter/UnityEditor.QuickSearchModule:UnityEditor.Search:ASIAI0B -> (ImportResultId: '6fe15aae2134d0b3373bcc04625dfc74') in 0.007381542 seconds
[Worker1] Imported GUID: 8e96f8a2db4cc7d48a77700beddf5d34 - Path: Packages/com.unity.2d.animation/Editor/SkinningModule/SerializableDictionary.cs - Importer: ScriptedImporter/UnityEditor.QuickSearchModule:UnityEditor.Search:ASIAI0B -> (ImportResultId: '1f557a794c5f521afe4df338abfd7c79') in 0.007304583 seconds
[Worker0] Imported GUID: 29236e8ce51544eb9bff6a0e7be2f787 - Path: Packages/com.unity.2d.common/Editor/InternalBridge/SpriteDataProviders/SpriteCustomDataProvider.cs - Importer: ScriptedImporter/UnityEditor.QuickSearchModule:UnityEditor.Search:ASIAI0B -> (ImportResultId: 'c35d3a2f985880a75e81ac8b35e32154') in 0.007560625 seconds
[Worker1] Imported GUID: 28df830b98d0a3f44b58e73d78060ab0 - Path: Packages/com.unity.2d.tilemap/Editor/Icons/Grid.RotateACW.png - Importer: ScriptedImporter/UnityEditor.QuickSearchModule:UnityEditor.Search:ASIAI0B -> (ImportResultId: 'af0317eb44ffdfa0c549384516ed4d25') in 0.009362541 seconds
[Worker0] Imported GUID: 7d85ffb8e60ef4cf9aad336d716ceb07 - Path: Packages/com.unity.2d.animation/Runtime/BatchedDeformation/GpuDeformationSystem.cs - Importer: ScriptedImporter/UnityEditor.QuickSearchModule:UnityEditor.Search:ASIAI0B -> (ImportResultId: '8a150d6030614a9809a3f290824abe0b') in 0.007594333 seconds
[Worker1] Imported GUID: b9292204ad185184b89881e88afe9688 - Path: Packages/com.unity.2d.common/Runtime/URaster2D - Importer: ScriptedImporter/UnityEditor.QuickSearchModule:UnityEditor.Search:ASIAI0B -> (ImportResultId: '03a1fdcc1b01e551f1b156cb22db9b21') in 0.007429042 seconds
[Worker0] Imported GUID: 53439e5dcebe4d74e8358cf7104c4666 - Path: Packages/com.unity.2d.tilemap/Editor/Icons/Tilemap.DefaultBrush.png - Importer: ScriptedImporter/UnityEditor.QuickSearchModule:UnityEditor.Search:ASIAI0B -> (ImportResultId: '2f3a6364d273798100982641c12b7c56') in 0.009076209 seconds
[Worker1] Imported GUID: 11030f66cab4dcd4c989fe1de7a7c79c - Path: Packages/com.unity.2d.animation/Editor/Assets/EditorIcons/Edit_Joints@4x.png - Importer: ScriptedImporter/UnityEditor.QuickSearchModule:UnityEditor.Search:ASIAI0B -> (ImportResultId: '626c187c38ecd3041d70b866596e0da9') in 0.010251167 seconds
[Worker1] Imported GUID: a8e96eb36b11d8141920e22b484f95ed - Path: Packages/com.unity.2d.spriteshape/Runtime/SpriteShapeGeometryCreator.cs - Importer: ScriptedImporter/UnityEditor.QuickSearchModule:UnityEditor.Search:ASIAI0B -> (ImportResultId: 'ced5e4b00bf2e261332f953957abd18a') in 0.008171042 seconds
[Worker0] Imported GUID: 298cc9ee1ef84b288cb3748dd279d282 - Path: Packages/com.unity.2d.tilemap/Editor/UI/TilePaletteBrushPickPanelPopup.cs - Importer: ScriptedImporter/UnityEditor.QuickSearchModule:UnityEditor.Search:ASIAI0B -> (ImportResultId: '5732a011cd928abde414b65ef003512a') in 0.008186917 seconds
[Worker1] Imported GUID: 037dc1cf59b774877ba48a4a5caeb03c - Path: Packages/com.unity.2d.animation/Editor/UpgradeTools - Importer: ScriptedImporter/UnityEditor.QuickSearchModule:UnityEditor.Search:ASIAI0B -> (ImportResultId: 'd40c06dfebc1b855e38376386ea4ce64') in 0.007769875 seconds
[Worker0] Imported GUID: 73b4e343f6534203aca8a0a75f576730 - Path: Packages/com.unity.2d.animation/Editor/SpriteLib/SpriteSwapOverlay/SpriteSwapVisualElement.cs - Importer: ScriptedImporter/UnityEditor.QuickSearchModule:UnityEditor.Search:ASIAI0B -> (ImportResultId: '9db753bb1aee3318b21ce9bcf1c68341') in 0.007749333 seconds
[Worker1] Imported GUID: 6f3a4bfa94714f589ac1867454cb9297 - Path: Packages/com.unity.2d.tilemap.extras/Editor/Tiles/RuleTile/RuleTileTemplate.cs - Importer: ScriptedImporter/UnityEditor.QuickSearchModule:UnityEditor.Search:ASIAI0B -> (ImportResultId: '86e461d119344f2d048f4d357571edb2') in 0.008434541 seconds
[Worker0] Imported GUID: 33cf904ffefc842ddb5ccf1565cd94b3 - Path: Packages/com.unity.2d.animation/Editor/Assets/ComponentIcons/Animation.SpriteLibraryVar@64.png - Importer: ScriptedImporter/UnityEditor.QuickSearchModule:UnityEditor.Search:ASIAI0B -> (ImportResultId: '91b986f094e276608b01211d509e6876') in 0.011263959 seconds
[Worker1] Imported GUID: 6ad9a0e8a9171a24abf3f2b88bec2bfa - Path: Packages/com.unity.2d.animation/Editor/SkinningModule/SkinningCache/CharacterPartCache.cs - Importer: ScriptedImporter/UnityEditor.QuickSearchModule:UnityEditor.Search:ASIAI0B -> (ImportResultId: 'd660ac7d3741afffb3f3cc0c5fd5c062') in 0.00825675 seconds
[Worker0] Imported GUID: daf70eb4f3701c347bfa9c15178b236a - Path: Packages/com.unity.2d.spriteshape/Runtime/External/LibTessDotNet/PriorityQueue.cs - Importer: ScriptedImporter/UnityEditor.QuickSearchModule:UnityEditor.Search:ASIAI0B -> (ImportResultId: 'f70d4bdaf4726b31d41e560a20f183b5') in 0.007538833 seconds
[Worker1] Imported GUID: 5781f16e824db48739c94b5bdf69a43a - Path: Packages/com.unity.2d.tooling/Editor/Insider/AnalyzerWindow/ReportListItem/ReportListItem.uss - Importer: ScriptedImporter/UnityEditor.QuickSearchModule:UnityEditor.Search:ASIAI0B -> (ImportResultId: '485fe07031729951283ce510d9a5dddf') in 0.00843275 seconds
[Worker0] Imported GUID: 2c573e6b271651846a79655161004c5b - Path: Packages/com.unity.2d.sprite/Editor/Unity.2D.Sprite.Editor.asmdef - Importer: ScriptedImporter/UnityEditor.QuickSearchModule:UnityEditor.Search:ASIAI0B -> (ImportResultId: '9e0c02130585b8649b1096219a1cf626') in 0.0107105 seconds
[Worker1] Imported GUID: 9417efc47083f4a1598c1966a6345cdb - Path: Packages/com.unity.2d.spriteshape/Editor/Handles/ss_leftrange.png - Importer: ScriptedImporter/UnityEditor.QuickSearchModule:UnityEditor.Search:ASIAI0B -> (ImportResultId: 'f61cd8e8bfa0272d90f420763e99ef45') in 0.009800375 seconds
[Worker0] Imported GUID: c130b41d1f572a14793b146add3d6e3f - Path: Packages/com.unity.2d.tilemap/Editor/Icons/d_EditorUI.TargetHover.png - Importer: ScriptedImporter/UnityEditor.QuickSearchModule:UnityEditor.Search:ASIAI0B -> (ImportResultId: '44b21c49cfbd2b032b2a939df69b26c9') in 0.009360292 seconds
[Worker1] Imported GUID: c5e24114c4ac462885cd73aebd5c5c03 - Path: Packages/com.unity.2d.tooling/Editor/Insider/AnalyzerWindow/AnalyzerUtility.cs - Importer: ScriptedImporter/UnityEditor.QuickSearchModule:UnityEditor.Search:ASIAI0B -> (ImportResultId: '5fcfcb122fb9825a82b382b2f6379687') in 0.007802375 seconds
[Worker0] Imported GUID: 90539df1cd5704abcb25fec9f3f5f84b - Path: Packages/com.unity.2d.spriteshape/Runtime/SpriteShapeController.cs - Importer: ScriptedImporter/UnityEditor.QuickSearchModule:UnityEditor.Search:ASIAI0B -> (ImportResultId: 'a94fb2d55f81cdbcef51ceb02b2c2883') in 0.008021833 seconds
[Worker1] Imported GUID: cee9dbe90b270c944ae1dabf41c93b10 - Path: Packages/com.unity.2d.animation/Editor/Assets/EditorIcons/Bone_Influence@3x.png - Importer: ScriptedImporter/UnityEditor.QuickSearchModule:UnityEditor.Search:ASIAI0B -> (ImportResultId: '3f62ac67a63c53e6b6f320baab866bee') in 0.009335375 seconds
[Worker0] Imported GUID: d2cb3a8ce3b824bea895b92d838d0514 - Path: Packages/com.unity.2d.animation/Editor/Assets/ComponentIcons/Animation.SpriteResolver.asset - Importer: ScriptedImporter/UnityEditor.QuickSearchModule:UnityEditor.Search:ASIAI0B -> (ImportResultId: 'f11c436b4e1035f75ff4e75db0f30532') in 0.011168375 seconds
[Worker1] Imported GUID: bce0dac5f0c4f4fd5803440a5bf8ccee - Path: Packages/com.unity.2d.psdimporter/Editor/Assets - Importer: ScriptedImporter/UnityEditor.QuickSearchModule:UnityEditor.Search:ASIAI0B -> (ImportResultId: '5c57545e60b20cd1adc8a393feac9ca8') in 0.007300083 seconds
[Worker0] Imported GUID: a02323b0227f4b858e3f9bf63620ee12 - Path: Packages/com.unity.2d.common/Editor/DebugTools - Importer: ScriptedImporter/UnityEditor.QuickSearchModule:UnityEditor.Search:ASIAI0B -> (ImportResultId: '5eb335521acb4cb6b3e3325911cc7460') in 0.007966 seconds
[Worker1] Imported GUID: 1fcd0535342524539878e27ba66418f6 - Path: Packages/com.unity.2d.common/Path/Editor/EditablePath/Snapping.cs - Importer: ScriptedImporter/UnityEditor.QuickSearchModule:UnityEditor.Search:ASIAI0B -> (ImportResultId: '3ee8e6665499ba141275782b3d960776') in 0.007596125 seconds
[Worker0] Imported GUID: 3e5ab2003e18e4f47a27288f37299020 - Path: Packages/com.unity.2d.common/Runtime/UTess2D/Array.cs - Importer: ScriptedImporter/UnityEditor.QuickSearchModule:UnityEditor.Search:ASIAI0B -> (ImportResultId: '64880716169151654abc28e94686a898') in 0.007987084 seconds
[Worker1] Imported GUID: d02894817219f7c43bd5dad401749d7e - Path: Packages/com.unity.2d.animation/Editor/ICharacterDataProvider.cs - Importer: ScriptedImporter/UnityEditor.QuickSearchModule:UnityEditor.Search:ASIAI0B -> (ImportResultId: 'a76a1dbea5f8be36b224d1d256ffbb45') in 0.00748425 seconds
[Worker0] Imported GUID: da5aa6ed6c9fc4b049dffa3da57eaf7b - Path: Packages/com.unity.2d.sprite/Editor/Assets/LockedOptions@2x.png - Importer: ScriptedImporter/UnityEditor.QuickSearchModule:UnityEditor.Search:ASIAI0B -> (ImportResultId: '03b4f98ad10107d2f8c898ac3f9c31b4') in 0.009142375 seconds
[Worker1] Imported GUID: 8be64ad32582748f1965311ca0665f30 - Path: Packages/com.unity.2d.animation/Editor/Assets/ComponentIcons/Animation.IKFabrik@256.png - Importer: ScriptedImporter/UnityEditor.QuickSearchModule:UnityEditor.Search:ASIAI0B -> (ImportResultId: '36a449b6a320e89715a5a6fb40bd21c3') in 0.009397542 seconds
[Worker0] Imported GUID: b668cd73b0ac4ba4db9f21a167c80e6b - Path: Packages/com.unity.2d.animation/Editor/Assets/EditorIcons/Selected/Edit_Geometry.png - Importer: ScriptedImporter/UnityEditor.QuickSearchModule:UnityEditor.Search:ASIAI0B -> (ImportResultId: '5f0fc7d99d5c9573e3e5b765baa31fc8') in 0.00939075 seconds
[Worker1] Imported GUID: b2bd41a7c30fc4ad796e452d755dbfb5 - Path: Packages/com.unity.2d.sprite/Editor/Assets/d_SpriteFrameToggle@32.png - Importer: ScriptedImporter/UnityEditor.QuickSearchModule:UnityEditor.Search:ASIAI0B -> (ImportResultId: 'ad29e1015554f86c09b9dc8271301e0e') in 0.008638709 seconds
[Worker0] Imported GUID: b8096dde849bb6f4f98cadbbf04ab6d9 - Path: Packages/com.unity.2d.tilemap/Editor/EditorTools/GridSelection - Importer: ScriptedImporter/UnityEditor.QuickSearchModule:UnityEditor.Search:ASIAI0B -> (ImportResultId: 'c8d2c3ad2f63152801250b7b4a8d4434') in 0.007897167 seconds
[Worker1] Imported GUID: 4ca20fe44ab2bfd4d8a1c3547b4a136f - Path: Packages/com.unity.2d.psdimporter/Editor/PSDPlugin/PsdFile/Layers/LayerInfo/LayerSectionInfo.cs - Importer: ScriptedImporter/UnityEditor.QuickSearchModule:UnityEditor.Search:ASIAI0B -> (ImportResultId: 'f158d3644d62996d8232f898753d75f0') in 0.00869575 seconds
[Worker0] Imported GUID: 08c6298ccaa77394ab7bed9478eb9a9a - Path: Packages/com.unity.2d.animation/Editor/SkinningModule/SkinningCache/CharacterPartCacheExtensions.cs - Importer: ScriptedImporter/UnityEditor.QuickSearchModule:UnityEditor.Search:ASIAI0B -> (ImportResultId: '0ab3975e95a17e2610f2f8bb5698b0f1') in 0.0079855 seconds
[Worker1] Imported GUID: d1e6a8865d4b048aa99eb62f57e8cd10 - Path: Packages/com.unity.2d.aseprite/CHANGELOG.md - Importer: ScriptedImporter/UnityEditor.QuickSearchModule:UnityEditor.Search:ASIAI0B -> (ImportResultId: '587eaaec76266e972a797dc149d2393e') in 0.007607125 seconds
[Worker0] Imported GUID: 5e6f3fbb560bd6041a202ea918fa4f23 - Path: Packages/com.unity.2d.tilemap.extras/Runtime/Tiles/IsometricRuleTile/IsometricRuleTile.cs - Importer: ScriptedImporter/UnityEditor.QuickSearchModule:UnityEditor.Search:ASIAI0B -> (ImportResultId: '4cdd6799ccf3d7cf2c15d2eb62f290cf') in 0.007857667 seconds
[Worker1] Imported GUID: 770e81e878db3934e8a997a98304b4ec - Path: Packages/com.unity.2d.common/Runtime/URaster2D/URaster.cs - Importer: ScriptedImporter/UnityEditor.QuickSearchModule:UnityEditor.Search:ASIAI0B -> (ImportResultId: '1704964d4d9ce4d275394f7e27e954c4') in 0.007520209 seconds
[Worker0] Imported GUID: 7b0bba6a9b6960a4fb500a75d4a4caa0 - Path: Packages/com.unity.2d.animation/Editor/Assets/EditorIcons/Selected/Generate_Geometry@4x.png - Importer: ScriptedImporter/UnityEditor.QuickSearchModule:UnityEditor.Search:ASIAI0B -> (ImportResultId: 'a27cb5d92f9d21028a6dda86e1116ddd') in 0.0095235 seconds
[Worker1] Imported GUID: 1af9d2e44ecf3a2468601c9071df581f - Path: Packages/com.unity.2d.animation/Editor/Assets/EditorIcons/Create_Edge.png - Importer: ScriptedImporter/UnityEditor.QuickSearchModule:UnityEditor.Search:ASIAI0B -> (ImportResultId: '901ad300a452f29d9ebd68f725fe30c9') in 0.009716 seconds
[Worker0] Imported GUID: 33672fb0710e34f7ba784ffc04679f50 - Path: Packages/com.unity.2d.tooling/Editor/Insider/SpriteAtlas/SpriteAtlasIssueReport - Importer: ScriptedImporter/UnityEditor.QuickSearchModule:UnityEditor.Search:ASIAI0B -> (ImportResultId: '08e9e06b22e8f0e8618714451dce1dc2') in 0.007800084 seconds
[Worker1] Imported GUID: 9cde224d7283e4b61be2167d96ce3d3a - Path: Packages/com.unity.2d.tooling/Editor/Insider/SpriteAtlas/SpriteAtlasIssueReport/UIElement/OKCancel/OKCancelElement.uss - Importer: ScriptedImporter/UnityEditor.QuickSearchModule:UnityEditor.Search:ASIAI0B -> (ImportResultId: 'aa60cf3ff342cd07e3c6f53b775d9c32') in 0.008276667 seconds
[Worker0] Imported GUID: e3e89ae42e854f5e916b8a11dd90a480 - Path: Packages/com.unity.2d.aseprite/Editor/Aseprite/Chunks/ExternalFilesChunk.cs - Importer: ScriptedImporter/UnityEditor.QuickSearchModule:UnityEditor.Search:ASIAI0B -> (ImportResultId: '3837286c956a3f21363311ce4df5d625') in 0.007739083 seconds
[Worker1] Imported GUID: ce315ea6e6e86a740b10e02dda0d0e9c - Path: Packages/com.unity.2d.tilemap/Editor/Icons/Tilemap.ActiveTargetLayers@4x.png - Importer: ScriptedImporter/UnityEditor.QuickSearchModule:UnityEditor.Search:ASIAI0B -> (ImportResultId: '19e0c31a9ff3f4788f3b041060e1830d') in 0.009241917 seconds
[Worker0] Imported GUID: ce6baade223984afda3f24c7fca12584 - Path: Packages/com.unity.2d.common/Editor/InternalBridge/InternalBridgeDef.asmdef - Importer: ScriptedImporter/UnityEditor.QuickSearchModule:UnityEditor.Search:ASIAI0B -> (ImportResultId: 'b217c35642a6580376ded14f23b752b8') in 0.007589708 seconds
[Worker1] Imported GUID: 1214a7ec362a4479ba225757639c24f2 - Path: Packages/com.unity.2d.animation/Editor/Assets/ComponentIcons/Animation.IKCCD@256.png - Importer: ScriptedImporter/UnityEditor.QuickSearchModule:UnityEditor.Search:ASIAI0B -> (ImportResultId: 'c5718967695fa37e3cb4426e211451cb') in 0.008958792 seconds
[Worker0] Imported GUID: 2e19ad19e7fd44acbf827f6663817297 - Path: Packages/com.unity.2d.animation/Profiler/Runtime - Importer: ScriptedImporter/UnityEditor.QuickSearchModule:UnityEditor.Search:ASIAI0B -> (ImportResultId: '90d675a8c783e1a2fb826d550864c839') in 0.007472042 seconds
[Worker1] Imported GUID: fc9e5a25e0610a347b46fd10daa3f0cd - Path: Packages/com.unity.2d.animation/Editor/Assets/EditorIcons/Parent_Bone@2x.png - Importer: ScriptedImporter/UnityEditor.QuickSearchModule:UnityEditor.Search:ASIAI0B -> (ImportResultId: 'efe53cc2e6f7dbdae6e265b5f0cf7fc2') in 0.008928167 seconds
[Worker0] Imported GUID: 68cb9e655198439ea287e0d60710c65c - Path: Packages/com.unity.2d.tooling/Editor/Insider/SpriteAtlas/SpriteAtlasIssueReport/SpriteAtlasPageIssue/AtlasPageReportSettings.uxml - Importer: ScriptedImporter/UnityEditor.QuickSearchModule:UnityEditor.Search:ASIAI0B -> (ImportResultId: '1592ea8ae69f9f4fd3dc57810691be9d') in 0.010174792 seconds
[Worker1] Imported GUID: b9a291647c9840e9a0a6b791ff78545a - Path: Packages/com.unity.2d.animation/Editor/SpriteLib/SpriteLibraryEditor/DragAndDropManipulator.cs - Importer: ScriptedImporter/UnityEditor.QuickSearchModule:UnityEditor.Search:ASIAI0B -> (ImportResultId: '1c5f7bd43376c704a08e3f28ac6a3220') in 0.007786 seconds
[Worker0] Imported GUID: e41886f7c5271c74f9adbf719cbd3e67 - Path: Packages/com.unity.2d.animation/Editor/Assets/EditorIcons/d_Weight_Brush.png - Importer: ScriptedImporter/UnityEditor.QuickSearchModule:UnityEditor.Search:ASIAI0B -> (ImportResultId: 'a17b87374f4c12f7eeeb337c03197bd1') in 0.009415084 seconds
[Worker1] Imported GUID: 108014601e234997bd271b3b9a1991d0 - Path: Packages/com.unity.2d.sprite/Editor/SpriteEditorModule/SpriteFrameModule/Overlay - Importer: ScriptedImporter/UnityEditor.QuickSearchModule:UnityEditor.Search:ASIAI0B -> (ImportResultId: 'd995aab509cb274cf2c0f2d166decec8') in 0.007487208 seconds
[Worker0] Imported GUID: baf2a017a36974ff5960621bc8325475 - Path: Packages/com.unity.2d.common/Path/Editor/EditablePath/ISnapping.cs - Importer: ScriptedImporter/UnityEditor.QuickSearchModule:UnityEditor.Search:ASIAI0B -> (ImportResultId: '0a6a06783b6b017b387dbfa71b002161') in 0.008187083 seconds
[Worker1] Imported GUID: cf195ec1f698d488fb3fdeebc2b3ad33 - Path: Packages/com.unity.2d.psdimporter/Editor/Assets/Icons/Light/Layers Collapsed@16x.png - Importer: ScriptedImporter/UnityEditor.QuickSearchModule:UnityEditor.Search:ASIAI0B -> (ImportResultId: 'ccf78a959ad0bde75b5197e8c0149137') in 0.010358417 seconds
[Worker0] Imported GUID: 6edba6513d4b4d1e9f1889c7b1b57408 - Path: Packages/com.unity.2d.animation/Profiler/Editor/UI/SpriteSkinHierarchyView/SpriteSkinHierarchyNodeData.cs - Importer: ScriptedImporter/UnityEditor.QuickSearchModule:UnityEditor.Search:ASIAI0B -> (ImportResultId: 'a06dbb739bd918b4d61e24067a0790da') in 0.00780675 seconds
[Worker1] Imported GUID: 83653f2d053524b45a3c285c80702e10 - Path: Packages/com.unity.2d.common/Runtime/UAi2D/MatrixMxN.cs - Importer: ScriptedImporter/UnityEditor.QuickSearchModule:UnityEditor.Search:ASIAI0B -> (ImportResultId: '954662bf6bbbfb8c42028aced9944a62') in 0.007655875 seconds
[Worker0] Imported GUID: 94cc0d3ec6363a94c8802f10ef239744 - Path: Packages/com.unity.2d.animation/Editor/Assets/EditorIcons/Paste.png - Importer: ScriptedImporter/UnityEditor.QuickSearchModule:UnityEditor.Search:ASIAI0B -> (ImportResultId: '65de1ce92b9f4a357ee06193e50e219f') in 0.009777541 seconds
[Worker1] Imported GUID: 2ba1d7981c204540a706180aff4ec973 - Path: Packages/com.unity.2d.common/Editor/InternalBridge/SpriteDataProviders - Importer: ScriptedImporter/UnityEditor.QuickSearchModule:UnityEditor.Search:ASIAI0B -> (ImportResultId: 'ac0aa0d1daab12fae5274eb087e416e8') in 0.00765725 seconds
[Worker1] Imported GUID: 86ae60aa1561461e9d8b5b30b37b8782 - Path: Packages/com.unity.2d.tooling/Editor/Insider/SpriteAtlas/SpriteAtlasIssueReport/SpriteAtlasPageIssue/AtlasPageIssue.cs - Importer: ScriptedImporter/UnityEditor.QuickSearchModule:UnityEditor.Search:ASIAI0B -> (ImportResultId: '749a10198b21f169777d64bd48c5f18c') in 0.007513 seconds
[Worker0] Imported GUID: 7835bec40f86c2c4fb3f91a6eb3b7034 - Path: Packages/com.unity.2d.animation/Editor/Assets/EditorIcons/Selected/Create Bones@3x.png - Importer: ScriptedImporter/UnityEditor.QuickSearchModule:UnityEditor.Search:ASIAI0B -> (ImportResultId: 'c560d705d5c7bafcfe0af7df6cca01b7') in 0.009493792 seconds
[Worker1] Imported GUID: 82d262794483b44d097c6b72e3a9e271 - Path: Packages/com.unity.2d.animation/Editor/Assets/EditorIcons/Selected/SetPivot@2x.png - Importer: ScriptedImporter/UnityEditor.QuickSearchModule:UnityEditor.Search:ASIAI0B -> (ImportResultId: '778112c969c29f9e44f449a5bc3767a4') in 0.009428833 seconds
[Worker0] Imported GUID: e6a6624ab013b8e44beddfa2668afb65 - Path: Packages/com.unity.2d.animation/Editor/Assets/EditorIcons/Create_Vertex@4x.png - Importer: ScriptedImporter/UnityEditor.QuickSearchModule:UnityEditor.Search:ASIAI0B -> (ImportResultId: 'aa65daefbf6cb6f1dfeaedad0bd78a92') in 0.009117584 seconds
[Worker1] Imported GUID: c63fe6f3b17a3b84c91fa9e96162da05 - Path: Packages/com.unity.2d.tilemap/Editor/TileDragAndDropHoverData.cs - Importer: ScriptedImporter/UnityEditor.QuickSearchModule:UnityEditor.Search:ASIAI0B -> (ImportResultId: '95c6d133821c11eabde892d1b9ae3a47') in 0.007900458 seconds
[Worker0] Imported GUID: 0312d2324a65a45a0838afee6f9e782b - Path: Packages/com.unity.2d.animation/Editor/Assets/EditorIcons/d_SetPivot@3x.png - Importer: ScriptedImporter/UnityEditor.QuickSearchModule:UnityEditor.Search:ASIAI0B -> (ImportResultId: 'cf3f928e4d92d0ed9b362ac4430d279b') in 0.009214125 seconds
[Worker1] Imported GUID: b9e6979f9495e40848d47a268d7dc313 - Path: Packages/com.unity.2d.tooling/Editor/Insider/SpriteAtlas/SpriteAtlasIssueReport/UIElement - Importer: ScriptedImporter/UnityEditor.QuickSearchModule:UnityEditor.Search:ASIAI0B -> (ImportResultId: 'e985c54ed45c5d52388e9a42aac14318') in 0.007661208 seconds
[Worker0] Imported GUID: 12b2e7dbf9197664c9cd477b41e9e905 - Path: Packages/com.unity.2d.sprite/Editor/Interface/IGUIUtility.cs - Importer: ScriptedImporter/UnityEditor.QuickSearchModule:UnityEditor.Search:ASIAI0B -> (ImportResultId: 'a278264cec79e728814bc11627c136d3') in 0.0073915 seconds
[Worker1] Imported GUID: 39fa8bcc622b441eb808cc45c9909444 - Path: Packages/com.unity.2d.animation/IK/Runtime/Culling/AlwaysUpdateCullingStrategy.cs - Importer: ScriptedImporter/UnityEditor.QuickSearchModule:UnityEditor.Search:ASIAI0B -> (ImportResultId: 'c3c2e1e8fac02f1719b28731029289c0') in 0.007620875 seconds
[Worker0] Imported GUID: 8049a27562ef445baa89975bfd0f8bcb - Path: Packages/com.unity.2d.sprite/Editor/SpriteEditorModule/SpriteFrameModule/SpriteFrameCapabilityWindow.cs - Importer: ScriptedImporter/UnityEditor.QuickSearchModule:UnityEditor.Search:ASIAI0B -> (ImportResultId: 'a5d43cee1c2c6e0d1c7f42ccba465a63') in 0.0084975 seconds
[Worker1] Imported GUID: eec4c0c21e439e04083398ccd1928db0 - Path: Packages/com.unity.2d.tilemap.extras/Editor/Brushes/GroupBrush/GroupBrush.cs - Importer: ScriptedImporter/UnityEditor.QuickSearchModule:UnityEditor.Search:ASIAI0B -> (ImportResultId: '6665a36541ff23d49fb0b3cfa9d29aa3') in 0.007980833 seconds
[Worker0] Imported GUID: ff00345da0563d641903c5bd5bb748a4 - Path: Packages/com.unity.2d.animation/Editor/Assets/EditorIcons/Selected/Bone_Influence.png - Importer: ScriptedImporter/UnityEditor.QuickSearchModule:UnityEditor.Search:ASIAI0B -> (ImportResultId: '7606c8ea46ad727075b5cc4477cabdd3') in 0.009556875 seconds
[Worker1] Imported GUID: 48dca266f4aa449ab492c08dd6327296 - Path: Packages/com.unity.2d.tooling/Editor/Insider/SpriteAtlas/SpriteAtlasIssueReport/SpriteWithSecondaryTextureIssue/SpriteWithSecondaryTextureIssue.cs - Importer: ScriptedImporter/UnityEditor.QuickSearchModule:UnityEditor.Search:ASIAI0B -> (ImportResultId: 'c9cf4094757325fef0e25bb28b3325bd') in 0.007822167 seconds
[Worker0] Imported GUID: b5e13ffaa298c414091b9cdb6e0c2b9c - Path: Packages/com.unity.2d.animation/Runtime - Importer: ScriptedImporter/UnityEditor.QuickSearchModule:UnityEditor.Search:ASIAI0B -> (ImportResultId: '24ec032853a13100d21013d981e3eacc') in 0.008257333 seconds
[Worker1] Imported GUID: 48464cd53bb3c604f999e7d3f15e8d09 - Path: Packages/com.unity.2d.animation/Editor/Assets/EditorIcons/Selected/Weight_Brush@4x.png - Importer: ScriptedImporter/UnityEditor.QuickSearchModule:UnityEditor.Search:ASIAI0B -> (ImportResultId: '5dd58d501c0ddd3b37d16ab1eb7f6894') in 0.009921541 seconds
[Worker1] Imported GUID: 02378335a53e433d98da870d903901fb - Path: Packages/com.unity.2d.tooling/Editor/Insider/SpriteAtlas/SpriteAtlasIssueReport/UIElement/CommonSpriteAtlasIssueView/CommonSpriteAtlasIssueView.uss - Importer: ScriptedImporter/UnityEditor.QuickSearchModule:UnityEditor.Search:ASIAI0B -> (ImportResultId: '4e2a9af510088b881c54655f0d09b4be') in 0.007934083 seconds
[Worker0] Imported GUID: f53eca637c0194e4ab6729cf60753757 - Path: Packages/com.unity.2d.animation/Editor/Assets/EditorIcons/Paste@4x.png - Importer: ScriptedImporter/UnityEditor.QuickSearchModule:UnityEditor.Search:ASIAI0B -> (ImportResultId: '97577c3e4706e1f6a85a21441db42bb7') in 0.009640958 seconds
[Worker1] Imported GUID: 91a1cc1231c549079ea8e113ba9637f0 - Path: Packages/com.unity.2d.aseprite/Editor/Aseprite/Chunks/OldPaletteChunk2.cs - Importer: ScriptedImporter/UnityEditor.QuickSearchModule:UnityEditor.Search:ASIAI0B -> (ImportResultId: '2b1c3d913e86f8461b68634d3182c2bd') in 0.008368458 seconds
[Worker0] Imported GUID: 68f1917ec3cac45b080c26153375c2bb - Path: Packages/com.unity.2d.common/package.json - Importer: ScriptedImporter/UnityEditor.QuickSearchModule:UnityEditor.Search:ASIAI0B -> (ImportResultId: 'b6d7868b121b8eda825531ec88a8be51') in 0.008461333 seconds
[Worker0] Imported GUID: 7f8cac0e0dac99c4f94b966e2bbdb52c - Path: Packages/com.unity.2d.pixel-perfect/Runtime/AssemblyInfo.cs - Importer: ScriptedImporter/UnityEditor.QuickSearchModule:UnityEditor.Search:ASIAI0B -> (ImportResultId: 'c5f35a8754fcd82b09169cb70b610a54') in 0.007878625 seconds
[Worker1] Imported GUID: 0c19e7bd28bccf048b5791c40449c452 - Path: Packages/com.unity.2d.tilemap/Editor/Icons - Importer: ScriptedImporter/UnityEditor.QuickSearchModule:UnityEditor.Search:ASIAI0B -> (ImportResultId: '8c3c29811758861b6ac0ced4119326fc') in 0.007992375 seconds
[Worker0] Imported GUID: 47dedd1dcc1944ea291f9762ac77d165 - Path: Packages/com.unity.2d.common/Path - Importer: ScriptedImporter/UnityEditor.QuickSearchModule:UnityEditor.Search:ASIAI0B -> (ImportResultId: 'f8518e6cfca747d3fe655292ea39f0d1') in 0.00795575 seconds
[Worker1] Imported GUID: e2c573f07f6d7471d9cad8cb2a5fece0 - Path: Packages/com.unity.2d.animation/Editor/Assets/ComponentIcons/Animation.SpriteLibraryVar On@128.png - Importer: ScriptedImporter/UnityEditor.QuickSearchModule:UnityEditor.Search:ASIAI0B -> (ImportResultId: '3420b15cec018937579fab16e45ab6e1') in 0.009575167 seconds
[Worker0] Imported GUID: 508137d46fc4f48929786b113175a254 - Path: Packages/com.unity.2d.animation/Editor/Assets/SpriteLibraryEditor/LabelsTab.uss - Importer: ScriptedImporter/UnityEditor.QuickSearchModule:UnityEditor.Search:ASIAI0B -> (ImportResultId: '886e8f28f82eb8dc5208d3039ed4e869') in 0.008040458 seconds
[Worker1] Imported GUID: 29bbda0803e75b34a9ebd8c1f2c99c80 - Path: Packages/com.unity.2d.tilemap/Editor/GridPaintPaletteWindowPreferences.cs - Importer: ScriptedImporter/UnityEditor.QuickSearchModule:UnityEditor.Search:ASIAI0B -> (ImportResultId: '51dcc961daeabbfa34106070060c540b') in 0.00737 seconds
[Worker0] Imported GUID: 8e882824eee049faa56dc9ee8509bb9b - Path: Packages/com.unity.2d.tilemap.extras/Runtime/Tiles/AutoTile - Importer: ScriptedImporter/UnityEditor.QuickSearchModule:UnityEditor.Search:ASIAI0B -> (ImportResultId: 'b8dbccdebd042fe8919be31b7308cc0a') in 0.007761042 seconds
[Worker1] Imported GUID: d81eeb60b32344f398077a6142c46b53 - Path: Packages/com.unity.2d.aseprite/Editor/Aseprite/Chunks/MaskChunk.cs - Importer: ScriptedImporter/UnityEditor.QuickSearchModule:UnityEditor.Search:ASIAI0B -> (ImportResultId: '3d26a7fa50c35330ccf5e66705d03a53') in 0.007499209 seconds
[Worker0] Imported GUID: d50b4f1248a256c4d96a6b0e9f346671 - Path: Packages/com.unity.2d.animation/Editor/SkinningModule/SkinningCache/BoneCacheExtensions.cs - Importer: ScriptedImporter/UnityEditor.QuickSearchModule:UnityEditor.Search:ASIAI0B -> (ImportResultId: '8a869e4624517af1e90a0dc7cba26a1f') in 0.008250417 seconds
[Worker1] Imported GUID: 28c640dd2a903f0498148ed21c25a97f - Path: Packages/com.unity.2d.animation/Editor/SkinningModule/HorizontalToggleTools.cs - Importer: ScriptedImporter/UnityEditor.QuickSearchModule:UnityEditor.Search:ASIAI0B -> (ImportResultId: 'ccb15537794fa9e78f1575a2c9060f59') in 0.008628625 seconds
[Worker0] Imported GUID: ba0fc2756b25486d83b61869d7d46b71 - Path: Packages/com.unity.2d.tooling/Editor/Insider/SpriteAtlas/SpriteAtlasIssueReport/SpriteAtlasPageIssue/AtlasPageSettings.cs - Importer: ScriptedImporter/UnityEditor.QuickSearchModule:UnityEditor.Search:ASIAI0B -> (ImportResultId: '5772f1dba349438d68e54587c6f092d8') in 0.007785417 seconds
[Worker1] Imported GUID: a0c5bb965b60545b79734ffd6ec9f124 - Path: Packages/com.unity.2d.animation/Editor/Assets/ComponentIcons/d_Animation.IKFabrik@256.png - Importer: ScriptedImporter/UnityEditor.QuickSearchModule:UnityEditor.Search:ASIAI0B -> (ImportResultId: '41b86c8d62440f3f9099b0a5d4be92bb') in 0.009373458 seconds
[Worker0] Imported GUID: c8b0f0078e4484470b202573e8792195 - Path: Packages/com.unity.2d.animation/Editor/Assets/EditorIcons - Importer: ScriptedImporter/UnityEditor.QuickSearchModule:UnityEditor.Search:ASIAI0B -> (ImportResultId: '30d70112fe132f7042402a63f52b13ab') in 0.00772475 seconds
[Worker1] Imported GUID: 68e5a78013e33f247822a837e55b0ab4 - Path: Packages/com.unity.2d.animation/Editor/Assets/EditorIcons/Selected/Bone_Influence@3x.png - Importer: ScriptedImporter/UnityEditor.QuickSearchModule:UnityEditor.Search:ASIAI0B -> (ImportResultId: '75d0f1c737b263bb50cec33c38fa8c6d') in 0.009162375 seconds
[Worker0] Imported GUID: 4565c53baa224eabaca8f7e4378bce8a - Path: Packages/com.unity.2d.tilemap/Editor/TileSet/PositionTileTemplate.cs - Importer: ScriptedImporter/UnityEditor.QuickSearchModule:UnityEditor.Search:ASIAI0B -> (ImportResultId: 'd03595e3a2a5968d7a28a71171820ded') in 0.007516625 seconds
[Worker1] Imported GUID: 9d228317a1774b8c825eda32e0290f48 - Path: Packages/com.unity.2d.common/Editor/InternalBridge/Deprecated/SpriteEditorModuleModeBase_Deprecated.cs - Importer: ScriptedImporter/UnityEditor.QuickSearchModule:UnityEditor.Search:ASIAI0B -> (ImportResultId: '303b5d6d8a421ef754bad53f76a810e0') in 0.007194625 seconds
[Worker0] Imported GUID: 20d7e6a9292a84bd8b4203d8ab17a629 - Path: Packages/com.unity.2d.common/Path/Editor/IMGUI - Importer: ScriptedImporter/UnityEditor.QuickSearchModule:UnityEditor.Search:ASIAI0B -> (ImportResultId: 'e77f8eea2bb440ebad2af5e236cbe0f9') in 0.007363792 seconds
[Worker1] Imported GUID: cb5418bb8817a8c4096007d67d6fd8ba - Path: Packages/com.unity.2d.tilemap/Editor/GridPaletteBrushes.cs - Importer: ScriptedImporter/UnityEditor.QuickSearchModule:UnityEditor.Search:ASIAI0B -> (ImportResultId: '1aab1e0a197c8bb6c780392728f1ff6b') in 0.007584167 seconds
[Worker0] Imported GUID: ce6c32b1473d4d5ea118777e9a087700 - Path: Packages/com.unity.2d.aseprite/Editor/Inspector/AsepriteImporterEditor.cs - Importer: ScriptedImporter/UnityEditor.QuickSearchModule:UnityEditor.Search:ASIAI0B -> (ImportResultId: 'a91a2de1e4bac70121bbdba4dca2a9a1') in 0.007641167 seconds
[Worker1] Imported GUID: 40548468add2f5c4694bff827b24d425 - Path: Packages/com.unity.2d.animation/IK/Editor/IKGizmos.cs - Importer: ScriptedImporter/UnityEditor.QuickSearchModule:UnityEditor.Search:ASIAI0B -> (ImportResultId: '20f9c6072cecb7ea31ba2f984668ead6') in 0.007450459 seconds
[Worker0] Imported GUID: 10f309ec2a0fbf64e80346fdd64cb6b1 - Path: Packages/com.unity.2d.animation/Editor/SkinningModule/SkinningCache/SpriteCache.cs - Importer: ScriptedImporter/UnityEditor.QuickSearchModule:UnityEditor.Search:ASIAI0B -> (ImportResultId: 'dbacd1872cb73abc6d777e269f859a2e') in 0.0075085 seconds
[Worker1] Imported GUID: 87771fd0f1d988d478a8f45923440eb8 - Path: Packages/com.unity.2d.animation/Editor/SkinningModule/IMGUI/ISkeletonView.cs - Importer: ScriptedImporter/UnityEditor.QuickSearchModule:UnityEditor.Search:ASIAI0B -> (ImportResultId: '44e0695d83e53e6b5be2fce47be72c8f') in 0.007506291 seconds
[Worker0] Imported GUID: d79cefb2903149ba989d670d492b7a48 - Path: Packages/com.unity.2d.tooling/Editor/Insider/SpriteAtlas/SpriteAtlasIssueReport/UIElement/CommonSpriteAtlasIssueView/CommonSpriteAtlasIssueView.cs - Importer: ScriptedImporter/UnityEditor.QuickSearchModule:UnityEditor.Search:ASIAI0B -> (ImportResultId: '22d0b50d0ef66fa8fba56d4ffdeb274d') in 0.007657583 seconds
[Worker1] Imported GUID: a7509656986904778b9b80babc278b98 - Path: Packages/com.unity.2d.animation/Editor/Assets/ComponentIcons/Animation.IKLimb On@128.png - Importer: ScriptedImporter/UnityEditor.QuickSearchModule:UnityEditor.Search:ASIAI0B -> (ImportResultId: '227b7fbfbb268ede942108203d0bea8f') in 0.009540667 seconds
[Worker0] Imported GUID: c5049aa3ecb84e638ea1acd8bc0dbbe0 - Path: Packages/com.unity.2d.animation/Profiler/Editor/Unity.2D.Animation.Profiler.Editor.asmdef - Importer: ScriptedImporter/UnityEditor.QuickSearchModule:UnityEditor.Search:ASIAI0B -> (ImportResultId: '97b3fba6ce9b0aa59a818a1c66fedb2b') in 0.00758225 seconds
[Worker1] Imported GUID: 2d68391cb3f74b2c93616b2a26d7b85f - Path: Packages/com.unity.2d.sprite/Editor/SpriteEditorModule/SpriteFrameModule/SpriteFrameEditor - Importer: ScriptedImporter/UnityEditor.QuickSearchModule:UnityEditor.Search:ASIAI0B -> (ImportResultId: '6d1f84a0e3de2df9fa1f2e379b2224b6') in 0.00751675 seconds
[Worker0] Imported GUID: fc88c9e07aafe4904bd795a8dfa811f2 - Path: Packages/com.unity.2d.animation/Editor/Assets/ComponentIcons/d_Animation.SpriteLibraryManager@128.png - Importer: ScriptedImporter/UnityEditor.QuickSearchModule:UnityEditor.Search:ASIAI0B -> (ImportResultId: '766f2033716fcbda7df75d61809bee22') in 0.009258708 seconds
[Worker1] Imported GUID: 6a526b93b1b26d040a197bb4ffe84ba1 - Path: Packages/com.unity.2d.animation/Editor/SkinningModule/SkinningSerializer - Importer: ScriptedImporter/UnityEditor.QuickSearchModule:UnityEditor.Search:ASIAI0B -> (ImportResultId: '6ad5b94917d99a85b30bd8cd98ee4720') in 0.007573542 seconds
[Worker0] Imported GUID: a4ccab030e59cd542a67539ba0c86549 - Path: Packages/com.unity.2d.animation/Editor/SkinningModule/SpriteMeshData/BoneWeightExtensions.cs - Importer: ScriptedImporter/UnityEditor.QuickSearchModule:UnityEditor.Search:ASIAI0B -> (ImportResultId: '394a03189c7ebd8b208606982c3fcc36') in 0.007507375 seconds
[Worker1] Imported GUID: 6cc5103edc9f0dd4f80e8274c73dfeac - Path: Packages/com.unity.2d.animation/Editor/Assets/EditorIcons/Selected/Copy@2x.png - Importer: ScriptedImporter/UnityEditor.QuickSearchModule:UnityEditor.Search:ASIAI0B -> (ImportResultId: '98a1b16f486f868b8fac3908d997c87b') in 0.009366291 seconds
[Worker0] Imported GUID: ac5de94053f294b929e8105eced63bbe - Path: Packages/com.unity.2d.animation/Editor/Assets/ComponentIcons/Animation.SpriteLibraryManager On@64.png - Importer: ScriptedImporter/UnityEditor.QuickSearchModule:UnityEditor.Search:ASIAI0B -> (ImportResultId: '8a71e05db5238f6357439b655acd4861') in 0.010134708 seconds
[Worker1] Imported GUID: 3458c119c69e9bc4f9647599c2901dee - Path: Packages/com.unity.2d.animation/Editor/Assets/EditorIcons/Selected/Create_Edge@4x.png - Importer: ScriptedImporter/UnityEditor.QuickSearchModule:UnityEditor.Search:ASIAI0B -> (ImportResultId: 'e6cc08792a52c10a318f875c6be5711f') in 0.010242083 seconds
[Worker0] Imported GUID: 4009bdfbd908ccf41a101be04ed6567d - Path: Packages/com.unity.2d.tilemap/Editor/GridBrush.cs - Importer: ScriptedImporter/UnityEditor.QuickSearchModule:UnityEditor.Search:ASIAI0B -> (ImportResultId: '4c785314a2bb3042f54283493f0ce01a') in 0.0078255 seconds
[Worker1] Imported GUID: 55f747e8af38fbe4d8819f37be6fd5aa - Path: Packages/com.unity.2d.tilemap.extras/Runtime/Tiles/HexagonalRuleTile/HexagonalRuleTile.cs - Importer: ScriptedImporter/UnityEditor.QuickSearchModule:UnityEditor.Search:ASIAI0B -> (ImportResultId: 'af102944982cb4037795daacc9ad034b') in 0.007856708 seconds
[Worker0] Imported GUID: 3f719b077ff44eb2a48cbfccdbdbd37a - Path: Packages/com.unity.2d.tooling/Editor/Insider/SpriteAtlas/DataSource/EditorResourceUsageInfo.cs - Importer: ScriptedImporter/UnityEditor.QuickSearchModule:UnityEditor.Search:ASIAI0B -> (ImportResultId: '5d1d2c893379b96d6556e806ee7f56ad') in 0.007623792 seconds
[Worker0] Imported GUID: 4e0025ed472de854692946726304a452 - Path: Packages/com.unity.2d.animation/Editor/SkinningModule/BoneDrawingUtility.cs - Importer: ScriptedImporter/UnityEditor.QuickSearchModule:UnityEditor.Search:ASIAI0B -> (ImportResultId: '054ca884277770b1e0649a803dfb3e4f') in 0.007553666 seconds
[Worker1] Imported GUID: 7af5f1b9cb7fc7645a9f27f070fbe2fd - Path: Packages/com.unity.2d.animation/Editor/Assets/EditorIcons/d_Edit_Geometry@4x.png - Importer: ScriptedImporter/UnityEditor.QuickSearchModule:UnityEditor.Search:ASIAI0B -> (ImportResultId: '95e35117f89d1c2688aa90711af2ef99') in 0.00949225 seconds
[Worker0] Imported GUID: 8cd13b10ec86142f3be0101ed2ac6f59 - Path: Packages/com.unity.2d.common/Editor/SettingsWindowUtils.cs - Importer: ScriptedImporter/UnityEditor.QuickSearchModule:UnityEditor.Search:ASIAI0B -> (ImportResultId: '7ff2e97a5fcd33c93eb6d3efbc965c6a') in 0.0079085 seconds
[Worker1] Imported GUID: 503fd041d7d13da4e930bd9030006922 - Path: Packages/com.unity.2d.spriteshape/Runtime/SpriteShapeObjectPlacement.cs - Importer: ScriptedImporter/UnityEditor.QuickSearchModule:UnityEditor.Search:ASIAI0B -> (ImportResultId: '49028c26ebf2134f28100b82e3deeff1') in 0.007882417 seconds
[Worker0] Imported GUID: 3a598a795dc24f38a637086df67133b9 - Path: Packages/com.unity.2d.animation/Editor/SkinningModule/SpriteBoneInfluence/BoneSpriteInfluenceTool.cs - Importer: ScriptedImporter/UnityEditor.QuickSearchModule:UnityEditor.Search:ASIAI0B -> (ImportResultId: '1ec52174dea1afd6ea81e7fa64820097') in 0.007902875 seconds
[Worker1] Imported GUID: 51ee03bc936f1bf4489c0ee8696ebab7 - Path: Packages/com.unity.2d.animation/Editor/SkinningModule/SkinningCache/TransformCacheExtensions.cs - Importer: ScriptedImporter/UnityEditor.QuickSearchModule:UnityEditor.Search:ASIAI0B -> (ImportResultId: '36c5858ee2bd2095eead0f5354d9cd13') in 0.0077955 seconds
[Worker1] Imported GUID: 23e09b69eb2faa440a2c964797f31787 - Path: Packages/com.unity.2d.common/Editor/ScriptablePacker - Importer: ScriptedImporter/UnityEditor.QuickSearchModule:UnityEditor.Search:ASIAI0B -> (ImportResultId: 'ca63d5d2e4cf4795d9faba38b1f28614') in 0.007955791 seconds
[Worker0] Imported GUID: 981b279d90564df0ab84fcdadaf0d3f4 - Path: Packages/com.unity.2d.tooling/Editor/Insider/AnalyzerWindow/ReportListItem - Importer: ScriptedImporter/UnityEditor.QuickSearchModule:UnityEditor.Search:ASIAI0B -> (ImportResultId: '0b2e4b78e5495121fd26045521e8a454') in 0.008043625 seconds
[Worker1] Imported GUID: e8a5e2d53ceb4a6494fd3732c03e9211 - Path: Packages/com.unity.2d.tooling/Editor/Insider/SpriteAtlas/DataSource/EditorAssetInfo.cs - Importer: ScriptedImporter/UnityEditor.QuickSearchModule:UnityEditor.Search:ASIAI0B -> (ImportResultId: '63fae5fa06d8a735cd6d6ccdc98faaa6') in 0.007817292 seconds
[Worker0] Imported GUID: c394269b2dc8e4961b3cb2907fc37eed - Path: Packages/com.unity.2d.common/Path/Editor/AssemblyInfo.cs - Importer: ScriptedImporter/UnityEditor.QuickSearchModule:UnityEditor.Search:ASIAI0B -> (ImportResultId: '9dcf51555c0060cc1d5815b4f92e171a') in 0.007743625 seconds
[Worker1] Imported GUID: 5379fb539445eb24ea7ac709f8df31b9 - Path: Packages/com.unity.2d.animation/Editor/SkinningModule/AssociateBonesScope.cs - Importer: ScriptedImporter/UnityEditor.QuickSearchModule:UnityEditor.Search:ASIAI0B -> (ImportResultId: '43eeb08c48b4115f90437988de9ed0a8') in 0.00765775 seconds
[Worker0] Imported GUID: fea84712d555ee04a8147088aad76931 - Path: Packages/com.unity.2d.animation/Editor/Assets/EditorIcons/d_Create Bones@2x.png - Importer: ScriptedImporter/UnityEditor.QuickSearchModule:UnityEditor.Search:ASIAI0B -> (ImportResultId: '068f1ff4e7df77a99626b34d21b3ab61') in 0.009220375 seconds
[Worker1] Imported GUID: af48cb36ede534b5baa60e10ea9eaa02 - Path: Packages/com.unity.2d.animation/Editor/SpriteLib/SpriteLibrarySourceAsset/SpriteLibrarySourceAssetImporterInspector.cs - Importer: ScriptedImporter/UnityEditor.QuickSearchModule:UnityEditor.Search:ASIAI0B -> (ImportResultId: '7148f4a8b14c08559d24935d7a5736fd') in 0.007835584 seconds
[Worker0] Imported GUID: 9a25ffea50d947ebae456f5c6dc9427e - Path: Packages/com.unity.2d.tooling/Editor/Insider/Interface/IDataSourceProvider.cs - Importer: ScriptedImporter/UnityEditor.QuickSearchModule:UnityEditor.Search:ASIAI0B -> (ImportResultId: 'a2d14a84131f3f4df7b9f73b984b53d2') in 0.007501042 seconds
[Worker0] Imported GUID: d59d6a57d3f6f4f17bbf31e5a13966e8 - Path: Packages/com.unity.2d.common/Editor/InternalBridge - Importer: ScriptedImporter/UnityEditor.QuickSearchModule:UnityEditor.Search:ASIAI0B -> (ImportResultId: '5aaf5a2177b6ccb156e9f88a6836197c') in 0.007493417 seconds
[Worker1] Imported GUID: 1a96ab5f501a8e84c9016458682e1ccb - Path: Packages/com.unity.2d.animation/Editor/Assets/EditorIcons/Selected/Edit_Geometry@4x.png - Importer: ScriptedImporter/UnityEditor.QuickSearchModule:UnityEditor.Search:ASIAI0B -> (ImportResultId: 'd23c4baac8db0921102bba9049fb2e3a') in 0.01062875 seconds
[Worker0] Imported GUID: 922c2177c1da14d7bae6c1b8d5dac884 - Path: Packages/com.unity.2d.common/Path/Editor/IMGUI/IDrawer.cs - Importer: ScriptedImporter/UnityEditor.QuickSearchModule:UnityEditor.Search:ASIAI0B -> (ImportResultId: '655db9e424ca2c1d6e495415b9389290') in 0.007874334 seconds
[Worker1] Imported GUID: 2bb49ac2cee975745af2d48523e135c9 - Path: Packages/com.unity.2d.psdimporter/Editor/PSDPlugin/PsdFile/Compression/ZipPredict32Image.cs - Importer: ScriptedImporter/UnityEditor.QuickSearchModule:UnityEditor.Search:ASIAI0B -> (ImportResultId: '212a7d2f80738cbbe275d712d62e45ef') in 0.007603583 seconds
[Worker0] Imported GUID: 5a53161efdf9f4ed6b57c55c198fa0cf - Path: Packages/com.unity.2d.animation/Profiler/Runtime/Unity.2D.Animation.Profiler.asmdef - Importer: ScriptedImporter/UnityEditor.QuickSearchModule:UnityEditor.Search:ASIAI0B -> (ImportResultId: 'b1654c4593d284845ff2959c6437dd72') in 0.007856334 seconds
[Worker1] Imported GUID: 8003eb7d1f6e43ae9f41c749c4a991c9 - Path: Packages/com.unity.2d.tooling/Editor/Insider/SpriteAtlas/DataSource/EditorSpriteInfo.cs - Importer: ScriptedImporter/UnityEditor.QuickSearchModule:UnityEditor.Search:ASIAI0B -> (ImportResultId: '30614ecb7653899c24866718c9fa6b68') in 0.007519083 seconds
[Worker1] Imported GUID: 7eb0a9b562ac435ab893923a16b0c1d5 - Path: Packages/com.unity.2d.animation/Runtime/IconUtility.cs - Importer: ScriptedImporter/UnityEditor.QuickSearchModule:UnityEditor.Search:ASIAI0B -> (ImportResultId: 'c8da7b04959944af7c3505a24bf877fc') in 0.007470209 seconds
[Worker0] Imported GUID: 74d9036aa1bb14ccfafb89d639870288 - Path: Packages/com.unity.2d.sprite/Editor/Assets/d_SpriteEditor@2x.png - Importer: ScriptedImporter/UnityEditor.QuickSearchModule:UnityEditor.Search:ASIAI0B -> (ImportResultId: '73d02112b69d10f4c20c19399a99248e') in 0.009181917 seconds
[Worker1] Imported GUID: 9c64bfe07c45b4554b1cd010c00ad986 - Path: Packages/com.unity.2d.common/Path/Editor/EditorTool/ScriptablePathInspector.cs - Importer: ScriptedImporter/UnityEditor.QuickSearchModule:UnityEditor.Search:ASIAI0B -> (ImportResultId: '32df53be8785908ee8fe85c484517525') in 0.007521625 seconds
[Worker0] Imported GUID: 64d1c4e3e3931d64880fdffaf2f4b938 - Path: Packages/com.unity.2d.animation/Editor/Assets/EditorIcons/d_Split Bones@3x.png - Importer: ScriptedImporter/UnityEditor.QuickSearchModule:UnityEditor.Search:ASIAI0B -> (ImportResultId: 'fa0a98def29678d134af2d68d98b7c22') in 0.009545125 seconds
[Worker1] Imported GUID: 4459fff084dd84526ab8fd5082d2eacb - Path: Packages/com.unity.2d.psdimporter/Editor/Assets/root-red.mat - Importer: ScriptedImporter/UnityEditor.QuickSearchModule:UnityEditor.Search:ASIAI0B -> (ImportResultId: '71789deb6dc0f6d1ca9df4f8dafbaab3') in 0.011740667 seconds
[Worker0] Imported GUID: 242f58a86f3ee8e418809e5fc269d531 - Path: Packages/com.unity.2d.animation/Editor/Assets/EditorIcons/Mesh@2x.png - Importer: ScriptedImporter/UnityEditor.QuickSearchModule:UnityEditor.Search:ASIAI0B -> (ImportResultId: '20fc7d1e45bb1eee57dfb9b88d1dcedf') in 0.0092975 seconds
[Worker1] Imported GUID: 20bf2de5af7c0fa4a96ad26fe55d375c - Path: Packages/com.unity.2d.pixel-perfect/LICENSE.md - Importer: ScriptedImporter/UnityEditor.QuickSearchModule:UnityEditor.Search:ASIAI0B -> (ImportResultId: 'bce8a689cc90b0b2cf6e512afc727cf0') in 0.007494458 seconds
[Worker0] Imported GUID: b1c7f0c50b0c1d7458d2d0a50ebfefef - Path: Packages/com.unity.2d.sprite/Editor/Interface - Importer: ScriptedImporter/UnityEditor.QuickSearchModule:UnityEditor.Search:ASIAI0B -> (ImportResultId: 'fb090cc5961b0fcf121354a21b2624e6') in 0.008923292 seconds
[Worker1] Imported GUID: 4576408ff459c3a48a69ad3c7d941581 - Path: Packages/com.unity.2d.tilemap/Editor/Icons/d_Tilemap.ShowGrid@2x.png - Importer: ScriptedImporter/UnityEditor.QuickSearchModule:UnityEditor.Search:ASIAI0B -> (ImportResultId: '2e8e640d27dfec65d2b0df45f7eaf267') in 0.010384875 seconds
[Worker0] Imported GUID: 2d0a76a0816f23441bbec5761e509609 - Path: Packages/com.unity.2d.tilemap/Editor/UI/TilemapEditorToolButton.cs - Importer: ScriptedImporter/UnityEditor.QuickSearchModule:UnityEditor.Search:ASIAI0B -> (ImportResultId: '28323169f69dd63e21ccf220c5aa82d6') in 0.008672208 seconds
[Worker1] Imported GUID: af48269279273434687aeac541f87ca8 - Path: Packages/com.unity.2d.animation/Editor/Assets/ComponentIcons/Animation.SpriteSkin On@64.png - Importer: ScriptedImporter/UnityEditor.QuickSearchModule:UnityEditor.Search:ASIAI0B -> (ImportResultId: 'b9d468c46a941bee5ef9892c18767a05') in 0.011811667 seconds
[Worker0] Imported GUID: 122c3790d8f747345a2c265e1d0b6fc2 - Path: Packages/com.unity.2d.tilemap.extras/Editor/Brushes/GameObjectBrush - Importer: ScriptedImporter/UnityEditor.QuickSearchModule:UnityEditor.Search:ASIAI0B -> (ImportResultId: '9d38bfdf7fb4055a6a286c97068af821') in 0.009875167 seconds
[Worker1] Imported GUID: e9e63811c1b8749a1b27870b6ea0afce - Path: Packages/com.unity.2d.tooling/Editor/Insider/SpriteAtlas/SpriteAtlasIssueReport/SpriteWithSecondaryTextureIssue/SpriteWithSecondaryTextureIssue.uss - Importer: ScriptedImporter/UnityEditor.QuickSearchModule:UnityEditor.Search:ASIAI0B -> (ImportResultId: 'c26b6abf5ea8a8dd26d9a4152c3b652b') in 0.008838708 seconds
[Worker0] Imported GUID: 2da7f563df844e7199ab869a512be3a1 - Path: Packages/com.unity.2d.sprite/Editor/SpriteEditorModule/SpriteFrameModule/SpriteFrameModuleBaseSpriteEditor.cs - Importer: ScriptedImporter/UnityEditor.QuickSearchModule:UnityEditor.Search:ASIAI0B -> (ImportResultId: '09b4a2daae6fb7150d100f3a581d2e81') in 0.0090055 seconds
[Worker1] Imported GUID: 7395bf0bc3cc40e4ab2dda5ec6832261 - Path: Packages/com.unity.2d.animation/Editor/Assets/EditorIcons/Bone_Influence@2x.png - Importer: ScriptedImporter/UnityEditor.QuickSearchModule:UnityEditor.Search:ASIAI0B -> (ImportResultId: 'abdc37e6147e583c85be675200e65b4d') in 0.009612667 seconds
[Worker0] Imported GUID: 4f5364a9fe7e04741862d2af49136835 - Path: Packages/com.unity.2d.animation/Editor/Assets/ComponentIcons/Animation.IKLimb On.png - Importer: ScriptedImporter/UnityEditor.QuickSearchModule:UnityEditor.Search:ASIAI0B -> (ImportResultId: '32e63586c608d1db814bdad7d1f3d487') in 0.0100585 seconds
[Worker1] Imported GUID: 6bd5cf21232960a4b846e6cba1798aee - Path: Packages/com.unity.2d.animation/IK/Runtime/Solvers/FABRIK2D.cs - Importer: ScriptedImporter/UnityEditor.QuickSearchModule:UnityEditor.Search:ASIAI0B -> (ImportResultId: 'f2680849caad679e7c9d36487bbb272a') in 0.008021209 seconds
[Worker0] Imported GUID: 6d3791efd4b0a3c4fbc07f64e22a61b3 - Path: Packages/com.unity.2d.tooling/package.json - Importer: ScriptedImporter/UnityEditor.QuickSearchModule:UnityEditor.Search:ASIAI0B -> (ImportResultId: 'be1a33652e135127fc0df059a05586c1') in 0.00833125 seconds
[Worker1] Imported GUID: 62324ebe9a53d9a43b04f4b0e9b961a0 - Path: Packages/com.unity.2d.tilemap/Tests/Editor - Importer: ScriptedImporter/UnityEditor.QuickSearchModule:UnityEditor.Search:ASIAI0B -> (ImportResultId: '08c124a8961c7312de90f3038a5230a8') in 0.007821875 seconds
[Worker0] Imported GUID: ad75f42a1351484b9294bcfa69d48e29 - Path: Packages/com.unity.2d.tooling/Editor/Insider/SpriteAtlas/SpriteAtlasIssueReport/SpriteCountInAtlasIssue/SpriteCountIssueSettings.cs - Importer: ScriptedImporter/UnityEditor.QuickSearchModule:UnityEditor.Search:ASIAI0B -> (ImportResultId: 'd1e109b696f9f26a441eb8032e89c13c') in 0.0087015 seconds
[Worker1] Imported GUID: 53537648d368cf6459e256af3d925e09 - Path: Packages/com.unity.2d.animation/Editor/Assets/EditorIcons/Selected/d_Visibility_Hidded.png - Importer: ScriptedImporter/UnityEditor.QuickSearchModule:UnityEditor.Search:ASIAI0B -> (ImportResultId: '1185356e7d01d493b81e20d203fd5555') in 0.010098625 seconds
[Worker0] Imported GUID: e25f34c849d45714e86b14d3afbb763e - Path: Packages/com.unity.2d.tilemap/Editor/Icons/Grid.RotateCW.png - Importer: ScriptedImporter/UnityEditor.QuickSearchModule:UnityEditor.Search:ASIAI0B -> (ImportResultId: '92a5b856c5d50631cde1f6d3f7d66bd9') in 0.009890709 seconds
[Worker1] Imported GUID: c7e47ae35297a95488555fe429032567 - Path: Packages/com.unity.2d.tilemap/Editor/TileUtility.cs - Importer: ScriptedImporter/UnityEditor.QuickSearchModule:UnityEditor.Search:ASIAI0B -> (ImportResultId: 'df45fa26aebe97f2af5dc63058c26827') in 0.007587709 seconds
[Worker0] Imported GUID: 095744d2710d19e4ab3dd9f6852cbd15 - Path: Packages/com.unity.2d.animation/Editor/Assets/EditorIcons/Edit_Pose@4x.png - Importer: ScriptedImporter/UnityEditor.QuickSearchModule:UnityEditor.Search:ASIAI0B -> (ImportResultId: '7baa11530159a0c5f93d6b514c6aad63') in 0.009632084 seconds
[Worker1] Imported GUID: d6a44ab95b0def041a7929981a2c23a1 - Path: Packages/com.unity.2d.animation/Editor/Assets/EditorIcons/Bone@2x.png - Importer: ScriptedImporter/UnityEditor.QuickSearchModule:UnityEditor.Search:ASIAI0B -> (ImportResultId: '52b1059cf223f72688bb215a62f5fa69') in 0.008915 seconds
[Worker1] Imported GUID: 68aa38e2596904df2a1c76453145e874 - Path: Packages/com.unity.2d.common/Path/Editor/IMGUI/GUIFramework/GenericDefaultControl.cs - Importer: ScriptedImporter/UnityEditor.QuickSearchModule:UnityEditor.Search:ASIAI0B -> (ImportResultId: '9d4b265f45b38f62079d480dcb21b1c5') in 0.008231292 seconds
[Worker0] Imported GUID: 476369828d55a4032beead7444495b69 - Path: Packages/com.unity.2d.sprite/Editor/Assets/SpriteEditorOn.png - Importer: ScriptedImporter/UnityEditor.QuickSearchModule:UnityEditor.Search:ASIAI0B -> (ImportResultId: '9243eb49df57697672044eda4291f5ad') in 0.00971825 seconds
[Worker1] Imported GUID: a2b81847c6b672747861b07e47320717 - Path: Packages/com.unity.2d.psdimporter/Editor/PSDPlugin/PsdFile/Layers - Importer: ScriptedImporter/UnityEditor.QuickSearchModule:UnityEditor.Search:ASIAI0B -> (ImportResultId: '5c3d9e208c9917eca8a74cbb1155027a') in 0.007934416 seconds
[Worker0] Imported GUID: c3b59bc98951d4f7ea2ad99b77e35f03 - Path: Packages/com.unity.2d.common/LICENSE.md - Importer: ScriptedImporter/UnityEditor.QuickSearchModule:UnityEditor.Search:ASIAI0B -> (ImportResultId: 'f9c386d0850ab78b99801012e348a9c7') in 0.007575458 seconds
[Worker1] Imported GUID: ab4bbc8deeeb005438fa5034a454be7b - Path: Packages/com.unity.2d.sprite/Editor/SpriteEditorModule - Importer: ScriptedImporter/UnityEditor.QuickSearchModule:UnityEditor.Search:ASIAI0B -> (ImportResultId: 'fcc5f94b4a559e189a56818c5a1b768d') in 0.008720167 seconds
[Worker0] Imported GUID: 1976aafe957f4d7ea3f2605fe9349798 - Path: Packages/com.unity.2d.aseprite/Editor/Common/InternalBridge/ModelPreviewer.cs - Importer: ScriptedImporter/UnityEditor.QuickSearchModule:UnityEditor.Search:ASIAI0B -> (ImportResultId: '050f41facacd5cb1534e6f69f2e32cd6') in 0.0079215 seconds
[Worker1] Imported GUID: ffbafa671d5549aca12c75276a373f4b - Path: Packages/com.unity.2d.tooling/Editor/Insider/Utilities/SerializableGuid.cs - Importer: ScriptedImporter/UnityEditor.QuickSearchModule:UnityEditor.Search:ASIAI0B -> (ImportResultId: '0631fba4d6241aac8a9ed6fefa477303') in 0.008228042 seconds
[Worker0] Imported GUID: d12aa39b430d2fe44b043732d7d1d4aa - Path: Packages/com.unity.2d.animation/IK/Editor/Inspectors - Importer: ScriptedImporter/UnityEditor.QuickSearchModule:UnityEditor.Search:ASIAI0B -> (ImportResultId: 'afa9d30887b86398f56598c2a8bd07ab') in 0.008158959 seconds
[Worker0] Imported GUID: 36872ff13cf1043888addd7fc4279cf9 - Path: Packages/com.unity.2d.animation/Editor/Assets/EditorIcons/SetPivot@4x.png - Importer: ScriptedImporter/UnityEditor.QuickSearchModule:UnityEditor.Search:ASIAI0B -> (ImportResultId: 'c988db8bbab60628a4e72363c483b2de') in 0.009828833 seconds
[Worker1] Imported GUID: ca434c866082043f589e32d65b0d1369 - Path: Packages/com.unity.2d.psdimporter/Editor/Assets/Icons/Light/Layers Collapsed@1x.png - Importer: ScriptedImporter/UnityEditor.QuickSearchModule:UnityEditor.Search:ASIAI0B -> (ImportResultId: '5c781736e42e54eebab303768d2c8ccd') in 0.010595042 seconds
[Worker1] Imported GUID: d0727ce1d0fb46b6b9fb3c0784d8ddcb - Path: Packages/com.unity.2d.tooling/Editor/Insider/SpriteAtlas/SpriteAtlasIssueReport/ReportSaveData.cs - Importer: ScriptedImporter/UnityEditor.QuickSearchModule:UnityEditor.Search:ASIAI0B -> (ImportResultId: 'a7ca9dfa2889d5ffbc3fb55d967d55f5') in 0.007557834 seconds
[Worker0] Imported GUID: f8eef1ebd82d467428620ec2c02bc50a - Path: Packages/com.unity.2d.tilemap/Editor/Icons/EditorUI.Target@2x.png - Importer: ScriptedImporter/UnityEditor.QuickSearchModule:UnityEditor.Search:ASIAI0B -> (ImportResultId: '44221ada142b9a889a43e7029afa6302') in 0.01056575 seconds
[Worker1] Imported GUID: 328489bba45f49ca94436607399412a6 - Path: Packages/com.unity.2d.aseprite/Editor/Aseprite/AsepriteUtilities.cs - Importer: ScriptedImporter/UnityEditor.QuickSearchModule:UnityEditor.Search:ASIAI0B -> (ImportResultId: 'da47f2a0abacc7f5f616b3bd79910e41') in 0.008299833 seconds
[Worker0] Imported GUID: cb006e3fa37420b42b3673eef90cd4b5 - Path: Packages/com.unity.2d.common/Runtime/AssemblyInfo.cs - Importer: ScriptedImporter/UnityEditor.QuickSearchModule:UnityEditor.Search:ASIAI0B -> (ImportResultId: 'bc6464044862a2719077c062552d1f75') in 0.008152583 seconds
[Worker1] Imported GUID: eb14a3e61fe4b114ebd94c7d27a6a110 - Path: Packages/com.unity.2d.animation/Editor/SkinningModule/Undo/UndoScope.cs - Importer: ScriptedImporter/UnityEditor.QuickSearchModule:UnityEditor.Search:ASIAI0B -> (ImportResultId: 'f4647ad1e5f4e003f62b0771b26f9139') in 0.008373708 seconds
[Worker0] Imported GUID: 772e7eacafea1ef459a7de1a683f4776 - Path: Packages/com.unity.2d.pixel-perfect/CHANGELOG.md - Importer: ScriptedImporter/UnityEditor.QuickSearchModule:UnityEditor.Search:ASIAI0B -> (ImportResultId: '6ad939dbe0232af5f3b467659d17fb22') in 0.008061417 seconds
[Worker0] Imported GUID: ab315cc7369e46ec8e638ee0e8c608a5 - Path: Packages/com.unity.2d.tooling/Editor/Insider/AnalyzerWindow/ReportListItem/ReportListItem.cs - Importer: ScriptedImporter/UnityEditor.QuickSearchModule:UnityEditor.Search:ASIAI0B -> (ImportResultId: '2c1d789aa44a1f1657b943db2c88efcb') in 0.00753775 seconds
[Worker1] Imported GUID: 15d3c315af8faf2498573371308b9d3e - Path: Packages/com.unity.2d.animation/Editor/Assets/EditorIcons/d_Edit_Joints@4x.png - Importer: ScriptedImporter/UnityEditor.QuickSearchModule:UnityEditor.Search:ASIAI0B -> (ImportResultId: '4cf5d95397ed65549a93731d2fc968ba') in 0.009779875 seconds
[Worker0] Imported GUID: 9e064f56776424afe9ae6d200f572576 - Path: Packages/com.unity.2d.animation/Editor/SpriteLib/SpriteLibraryEditor/UI/CustomElements/RenamableCollections.cs - Importer: ScriptedImporter/UnityEditor.QuickSearchModule:UnityEditor.Search:ASIAI0B -> (ImportResultId: '72923f6406a85272dfb40c20843ce050') in 0.008314208 seconds
[Worker1] Imported GUID: ee97fb199f5d4c248b3a02ae9e3e39d5 - Path: Packages/com.unity.2d.animation/Editor/SkinningModule/Undo/IUndo.cs - Importer: ScriptedImporter/UnityEditor.QuickSearchModule:UnityEditor.Search:ASIAI0B -> (ImportResultId: '9ce8262a91af37975e8d8d8c786623ad') in 0.008069208 seconds
[Worker1] Imported GUID: ea4cc92a263807f4985d77508d2bb536 - Path: Packages/com.unity.2d.animation/Editor/SkinningModule/IMGUI/SkeletonController.cs - Importer: ScriptedImporter/UnityEditor.QuickSearchModule:UnityEditor.Search:ASIAI0B -> (ImportResultId: '73489db32a58d232bec7fa451afe3fb7') in 0.008167208 seconds
[Worker0] Imported GUID: cc6f5506f7e1c664a9745a66e050fab5 - Path: Packages/com.unity.2d.tilemap/Editor/EditorTools/PickingTool.cs - Importer: ScriptedImporter/UnityEditor.QuickSearchModule:UnityEditor.Search:ASIAI0B -> (ImportResultId: '9b1196ef09ed47c206d4043f57c8fd7a') in 0.008281458 seconds
[Worker0] Imported GUID: 1773e4e7aefdb4f6b9b1c4e369f3bb05 - Path: Packages/com.unity.2d.animation/Profiler/Editor/UI - Importer: ScriptedImporter/UnityEditor.QuickSearchModule:UnityEditor.Search:ASIAI0B -> (ImportResultId: '910dba1f3b93741162741bcf7a07e794') in 0.008328 seconds
[Worker1] Imported GUID: 86f74056ad052aa4b83fe485546f0521 - Path: Packages/com.unity.2d.tilemap/Editor/Icons/EditorUI.Target@4x.png - Importer: ScriptedImporter/UnityEditor.QuickSearchModule:UnityEditor.Search:ASIAI0B -> (ImportResultId: '2c366571a64a499e68951bf8e1102dfd') in 0.009979333 seconds
[Worker0] Imported GUID: cc5d24c5d18d30f4f83af3c70ad36ecb - Path: Packages/com.unity.2d.animation/Editor/SkinningModule/UI - Importer: ScriptedImporter/UnityEditor.QuickSearchModule:UnityEditor.Search:ASIAI0B -> (ImportResultId: 'bbcbce02344b913e34b36d50cebc54b8') in 0.008061625 seconds
[Worker1] Imported GUID: 0aa01ed159728414b863dd9c7aa7f596 - Path: Packages/com.unity.2d.animation/Editor/Assets/ComponentIcons/Animation.IKLimb@64.png - Importer: ScriptedImporter/UnityEditor.QuickSearchModule:UnityEditor.Search:ASIAI0B -> (ImportResultId: 'cb70ed98366b6491a169d1c59507fcf3') in 0.010583583 seconds
[Worker0] Imported GUID: b25ef57b6a0b44e6928e1341960213d9 - Path: Packages/com.unity.2d.animation/Profiler/Editor/UI/SpriteSkinProfilerView/SpriteSkinProfilerView.uss - Importer: ScriptedImporter/UnityEditor.QuickSearchModule:UnityEditor.Search:ASIAI0B -> (ImportResultId: '129eeb1d9dbb51d46c6cb86ed2ed27a9') in 0.008618542 seconds
[Worker1] Imported GUID: 60b8296fcb7d548fb845a621c6c4cbb9 - Path: Packages/com.unity.2d.animation/Editor/Assets/ComponentIcons/Animation.IKManager.png - Importer: ScriptedImporter/UnityEditor.QuickSearchModule:UnityEditor.Search:ASIAI0B -> (ImportResultId: '92c356c2f4459cedc8296f24bee9b3f7') in 0.009275792 seconds
[Worker0] Imported GUID: 91d9195ac7084b37a7830c0109334fa6 - Path: Packages/com.unity.2d.tilemap/Editor/UI/TilesetImporterElement.cs - Importer: ScriptedImporter/UnityEditor.QuickSearchModule:UnityEditor.Search:ASIAI0B -> (ImportResultId: 'f49aef2474cd98bf603eeb90006caf48') in 0.007622167 seconds
[Worker1] Imported GUID: 6c63f27dc485bf247bd3b10e6d66f1d9 - Path: Packages/com.unity.2d.sprite/Editor/SpriteEditorModule/ISpriteEditorModule.cs - Importer: ScriptedImporter/UnityEditor.QuickSearchModule:UnityEditor.Search:ASIAI0B -> (ImportResultId: '9165f639c99617339e920918078f308d') in 0.007627917 seconds
[Worker0] Imported GUID: f7e651b449fe96f42badf0e18b738c78 - Path: Packages/com.unity.2d.animation/Editor/Assets/EditorIcons/d_Generate_Weights@2x.png - Importer: ScriptedImporter/UnityEditor.QuickSearchModule:UnityEditor.Search:ASIAI0B -> (ImportResultId: '709c7aa01763aa075018faa17d2eeee7') in 0.009308541 seconds
[Worker1] Imported GUID: 8a512234959c84f759a00b7053a0169b - Path: Packages/com.unity.mathematics/Tests - Importer: ScriptedImporter/UnityEditor.QuickSearchModule:UnityEditor.Search:ASIAI0B -> (ImportResultId: 'eed32eca9e3c9cb71aafd1f025710cc3') in 0.007894458 seconds
[Worker0] Imported GUID: 211f0721d8ce58a4ea7011a70c455d3a - Path: Packages/com.unity.2d.tilemap/Editor/UI/TilePaletteBrushesDropdownMenu.cs - Importer: ScriptedImporter/UnityEditor.QuickSearchModule:UnityEditor.Search:ASIAI0B -> (ImportResultId: '652023dc2b50c0a2d316723ea2cf4ebd') in 0.008059917 seconds
[Worker1] Imported GUID: 4ddf280179469e548a5aff8e5eec973c - Path: Packages/com.unity.2d.animation/Editor/SkinningModule/SkinningModuleView.cs - Importer: ScriptedImporter/UnityEditor.QuickSearchModule:UnityEditor.Search:ASIAI0B -> (ImportResultId: '0ebbd6d9c70263a8b135590de4072557') in 0.007705167 seconds
[Worker0] Imported GUID: dac7ed727b01c440b9eeee0e2641a333 - Path: Packages/com.unity.2d.animation/Editor/Assets/ComponentIcons/d_Animation.IKCCD@64.png - Importer: ScriptedImporter/UnityEditor.QuickSearchModule:UnityEditor.Search:ASIAI0B -> (ImportResultId: '9a08e9d9e72143718a944d156bc52c82') in 0.009494042 seconds
[Worker1] Imported GUID: d9921ba0f389d3045ac52c4880cf5397 - Path: Packages/com.unity.2d.animation/Editor/SkinningModule/SpriteMeshData/SpriteMeshData.cs - Importer: ScriptedImporter/UnityEditor.QuickSearchModule:UnityEditor.Search:ASIAI0B -> (ImportResultId: '8af9095d38689589d0e395e902593546') in 0.007483792 seconds
[Worker0] Imported GUID: d6e3d33b24a204546bcb65611742890c - Path: Packages/com.unity.2d.aseprite/ValidationExceptions.json - Importer: ScriptedImporter/UnityEditor.QuickSearchModule:UnityEditor.Search:ASIAI0B -> (ImportResultId: '4fa54a3914c6d58eb988e9bc6d0517db') in 0.007675708 seconds
[Worker1] Imported GUID: e34fa6c941a99044c8081d832ca3523f - Path: Packages/com.unity.2d.animation/Editor/Assets/EditorIcons/Locked.png - Importer: ScriptedImporter/UnityEditor.QuickSearchModule:UnityEditor.Search:ASIAI0B -> (ImportResultId: 'c98e16a86ee88ba25c40cac1660c9b53') in 0.008988417 seconds
[Worker0] Imported GUID: 1daa661d81a949cba846ca6b20d4bdbb - Path: Packages/com.unity.2d.aseprite/Editor/AssetGeneration - Importer: ScriptedImporter/UnityEditor.QuickSearchModule:UnityEditor.Search:ASIAI0B -> (ImportResultId: '35171dad282e4644377dfd0f7c0daca7') in 0.007645375 seconds
[Worker1] Imported GUID: 2b4752bce841cc74bb73820ce5212d34 - Path: Packages/com.unity.2d.animation/Editor/Assets/EditorIcons/Selected/d_Mesh@4x.png - Importer: ScriptedImporter/UnityEditor.QuickSearchModule:UnityEditor.Search:ASIAI0B -> (ImportResultId: '8e6f397d9e76b0fc9f6c49f5b1af9744') in 0.009029083 seconds
[Worker0] Imported GUID: 9409e019e8a3d467694747cb45b13abb - Path: Packages/com.unity.2d.animation/Editor/Assets/SpriteLibraryEditor/SpriteLibraryEditorWindow.uxml - Importer: ScriptedImporter/UnityEditor.QuickSearchModule:UnityEditor.Search:ASIAI0B -> (ImportResultId: 'fee5c62871b67c27d9dfdc232f01b36c') in 0.010571584 seconds
[Worker1] Imported GUID: a86470a33a6bf42c4b3595704624658b - Path: Packages/com.unity.2d.sprite/Editor/ObjectMenuCreation/DefaultAssets/Textures/v2/Circle.png - Importer: ScriptedImporter/UnityEditor.QuickSearchModule:UnityEditor.Search:ASIAI0B -> (ImportResultId: '35590c843119ca49e2d45c8d2501759f') in 0.009010833 seconds
[Worker0] Imported GUID: 02780a00a708f4f6ebca4430f44a124b - Path: Packages/com.unity.2d.animation/Runtime/SpriteSkinBoneBoundsUtility.cs - Importer: ScriptedImporter/UnityEditor.QuickSearchModule:UnityEditor.Search:ASIAI0B -> (ImportResultId: 'f880ce8975aacb80c07f1b079eb8d777') in 0.008254125 seconds
[Worker1] Imported GUID: e61b787c9f6984746a82ecf444056814 - Path: Packages/com.unity.2d.tilemap/Editor/GridBrushesDropdown.cs - Importer: ScriptedImporter/UnityEditor.QuickSearchModule:UnityEditor.Search:ASIAI0B -> (ImportResultId: '5b90015881ff8b51487f05b18efe27e4') in 0.008288375 seconds
[Worker0] Imported GUID: c6ffe8c68dad8fa45bcd0e1a68b64201 - Path: Packages/com.unity.2d.tilemap/Editor/UI/TilePaletteBrushesPopup.cs - Importer: ScriptedImporter/UnityEditor.QuickSearchModule:UnityEditor.Search:ASIAI0B -> (ImportResultId: 'ca73e42d1f03e96f8cc447686dc1e883') in 0.0081665 seconds
[Worker1] Imported GUID: 0771ecab53d46494c97516e6fe6f4d97 - Path: Packages/com.unity.2d.tooling/Editor/Insider/SpriteAtlas/SpriteAtlasIssueReport/UIElement/OKCancel/OKCancelElement.uxml - Importer: ScriptedImporter/UnityEditor.QuickSearchModule:UnityEditor.Search:ASIAI0B -> (ImportResultId: 'b4ed5a9a62f67bd5ada53b86b61caede') in 0.009247542 seconds
[Worker1] Imported GUID: fafb200169f5f4597bba4828a5ed8326 - Path: Packages/com.unity.2d.psdimporter/Editor/Assets/UI - Importer: ScriptedImporter/UnityEditor.QuickSearchModule:UnityEditor.Search:ASIAI0B -> (ImportResultId: '793dff5886c750c2a38764b94ddd8d2a') in 0.007632042 seconds
[Worker0] Imported GUID: 00b8ce4a201871b498992f536279acf7 - Path: Packages/com.unity.2d.animation/Editor/Assets/EditorIcons/d_Copy@4x.png - Importer: ScriptedImporter/UnityEditor.QuickSearchModule:UnityEditor.Search:ASIAI0B -> (ImportResultId: '1309975b2919639450e4022aeb4f82ef') in 0.010965041 seconds
[Worker1] Imported GUID: 5e926c0a80abd46fe8eb1fb3188b70a1 - Path: Packages/com.unity.2d.common/Path/Editor/EditorTool/GenericScriptablePathInspector.cs - Importer: ScriptedImporter/UnityEditor.QuickSearchModule:UnityEditor.Search:ASIAI0B -> (ImportResultId: '5f1074f10d381c487e3f0f0ad3ace74b') in 0.008771167 seconds
[Worker0] Imported GUID: 3909d2eb8b6444c6f972a20db7914b89 - Path: Packages/com.unity.2d.spriteshape/CHANGELOG.md - Importer: ScriptedImporter/UnityEditor.QuickSearchModule:UnityEditor.Search:ASIAI0B -> (ImportResultId: '138e771a24897f1518a0289d2569cee1') in 0.00757375 seconds
[Worker1] Imported GUID: 4c818720e20ebad4b9d7ba3cc548cdb6 - Path: Packages/com.unity.2d.animation/Editor/SpriteLib/SpriteSelectionWidget.cs - Importer: ScriptedImporter/UnityEditor.QuickSearchModule:UnityEditor.Search:ASIAI0B -> (ImportResultId: '5e0c0c54d58bf3b621dfcaa402b4cb6c') in 0.00830425 seconds
[Worker0] Imported GUID: 6c05763976bcac64ebefb1f097e6ef84 - Path: Packages/com.unity.2d.tilemap/Editor/Icons/d_Tilemap.FocusGrid@2x.png - Importer: ScriptedImporter/UnityEditor.QuickSearchModule:UnityEditor.Search:ASIAI0B -> (ImportResultId: '4c35ee3d1066549c031ac748ff365c51') in 0.010534375 seconds
[Worker1] Imported GUID: f4901044050fd46e7a8c62a3da1f2c09 - Path: Packages/com.unity.2d.spriteshape/Editor/ObjectMenuCreation/AssetCreation.cs - Importer: ScriptedImporter/UnityEditor.QuickSearchModule:UnityEditor.Search:ASIAI0B -> (ImportResultId: 'b2b441cc904ecfa91e845862b354c6e3') in 0.007970375 seconds
[Worker0] Imported GUID: 885a27ebd214f401091f9e6224cb76b7 - Path: Packages/com.unity.2d.tooling/Editor/Insider/SpriteAtlas/SpriteAtlasIssueReport/SpriteWithSecondaryTextureIssue/SpriteWithSecondaryTextureIssue.uxml - Importer: ScriptedImporter/UnityEditor.QuickSearchModule:UnityEditor.Search:ASIAI0B -> (ImportResultId: 'a060f0fbf961525a73314118b791bed9') in 0.010303083 seconds
[Worker1] Imported GUID: 6b8a4d668c390415a87b3ecec5e97419 - Path: Packages/com.unity.2d.animation/Editor/Assets/BoneOverlay - Importer: ScriptedImporter/UnityEditor.QuickSearchModule:UnityEditor.Search:ASIAI0B -> (ImportResultId: 'b506a6a7403b901998b6c53ab4da863c') in 0.008245584 seconds
[Worker0] Imported GUID: c6854fed299240b49b52e4696509dba9 - Path: Packages/com.unity.2d.tooling/Editor/Insider/AnalyzerWindow/ReportListView/ReportListView.uss - Importer: ScriptedImporter/UnityEditor.QuickSearchModule:UnityEditor.Search:ASIAI0B -> (ImportResultId: '90972a7e31b6e1971024fc246646a9ec') in 0.008424292 seconds
[Worker1] Imported GUID: a16432554ffe69042985d012d1df2637 - Path: Packages/com.unity.2d.tilemap/Editor/Icons/d_Tilemap.TilePalette.png - Importer: ScriptedImporter/UnityEditor.QuickSearchModule:UnityEditor.Search:ASIAI0B -> (ImportResultId: 'e50db199fafb8cebc039e5fb1a9f8312') in 0.009675583 seconds
[Worker0] Imported GUID: 0490d28a1206e4c4cb4954be7b678980 - Path: Packages/com.unity.2d.animation/Editor/Assets/ComponentIcons/Animation.SpriteLibraryVar.png - Importer: ScriptedImporter/UnityEditor.QuickSearchModule:UnityEditor.Search:ASIAI0B -> (ImportResultId: '375f8fcd77809573fe5e284908ea04b6') in 0.009608125 seconds
[Worker1] Imported GUID: 22fade1e2426f684a9c315c974f50d18 - Path: Packages/com.unity.2d.animation/Editor/Assets/EditorIcons/d_Split_Edge@2x.png - Importer: ScriptedImporter/UnityEditor.QuickSearchModule:UnityEditor.Search:ASIAI0B -> (ImportResultId: '5a7e89f19dd2bfbba3ee5e43943b3f66') in 0.009819875 seconds
[Worker0] Imported GUID: 47500a6fba22d6849a3f9335aa198ba5 - Path: Packages/com.unity.2d.tilemap/Editor/Icons/Tilemap.BrushSettings@2x.png - Importer: ScriptedImporter/UnityEditor.QuickSearchModule:UnityEditor.Search:ASIAI0B -> (ImportResultId: '0c1a405d3b455da85abef4a995f22af3') in 0.009763792 seconds
[Worker1] Imported GUID: 63a168f3fcb899c438f953c5e064a1b9 - Path: Packages/com.unity.2d.common/Editor/VisualElementExtensions.cs - Importer: ScriptedImporter/UnityEditor.QuickSearchModule:UnityEditor.Search:ASIAI0B -> (ImportResultId: 'daa9a887c83939ad06ce0eb654b150eb') in 0.007594042 seconds
[Worker0] Imported GUID: ee5df01235032491c8b180741ea820fe - Path: Packages/com.unity.2d.spriteshape/Editor/Handles/ss_rightrange.png - Importer: ScriptedImporter/UnityEditor.QuickSearchModule:UnityEditor.Search:ASIAI0B -> (ImportResultId: '2dd6759ecebd24a7c2fc3ee9ad044569') in 0.009553709 seconds
[Worker1] Imported GUID: 4e2a3d7e5b5b01843a978d90f553b672 - Path: Packages/com.unity.2d.tilemap/Editor/Icons/d_Tilemap.BrushPicks@2x.png - Importer: ScriptedImporter/UnityEditor.QuickSearchModule:UnityEditor.Search:ASIAI0B -> (ImportResultId: '6a7c9226babb9fe011ae27b55d3501fb') in 0.00903425 seconds
[Worker1] Imported GUID: fb8aef14608568c4ba1d3684821826f7 - Path: Packages/com.unity.2d.common/Runtime/UTess2D/Tessellator.cs - Importer: ScriptedImporter/UnityEditor.QuickSearchModule:UnityEditor.Search:ASIAI0B -> (ImportResultId: '9e1b14e7ad558f2f93ff5cfa61f0f43f') in 0.007828584 seconds
[Worker0] Imported GUID: dc4d4d6503a044f85bf2b8b356dfb738 - Path: Packages/com.unity.2d.psdimporter/Editor/Assets/Icons/Light/Layers Collapsed@2x.png - Importer: ScriptedImporter/UnityEditor.QuickSearchModule:UnityEditor.Search:ASIAI0B -> (ImportResultId: 'f60adaad1d684789998f10ffdf570ce8') in 0.011086166 seconds
[Worker1] Imported GUID: 20c685e07fa93400e9c30b0326f57bfd - Path: Packages/com.unity.2d.sprite/Editor/Assets - Importer: ScriptedImporter/UnityEditor.QuickSearchModule:UnityEditor.Search:ASIAI0B -> (ImportResultId: 'bfcebbd325de2bb4b72bdd89ed84ab62') in 0.007807667 seconds
[Worker0] Imported GUID: 230294e66b45c7e4696341b7c6f0eea5 - Path: Packages/com.unity.2d.animation/Editor/Assets/SkinningModule/MeshToolbarStyle.uss - Importer: ScriptedImporter/UnityEditor.QuickSearchModule:UnityEditor.Search:ASIAI0B -> (ImportResultId: '7efc6605924da41c8df23fffba941c19') in 0.013089959 seconds
[Worker1] Imported GUID: 1f21190ca9d1e8540b2a3a2e46002685 - Path: Packages/com.unity.2d.animation/Editor/Assets/EditorIcons/Create_Edge@4x.png - Importer: ScriptedImporter/UnityEditor.QuickSearchModule:UnityEditor.Search:ASIAI0B -> (ImportResultId: '4dae5de1a90bc8a096f5e39651638be7') in 0.009773666 seconds
[Worker0] Imported GUID: 31446e0d27784fbf8f53515dd380ca16 - Path: Packages/com.unity.2d.animation/Editor/Assets/SpriteSwap - Importer: ScriptedImporter/UnityEditor.QuickSearchModule:UnityEditor.Search:ASIAI0B -> (ImportResultId: '711659aeaa065f1ac04dc0aaed82549d') in 0.008199125 seconds
[Worker1] Imported GUID: 5806d81149b303c46b440badec89bf56 - Path: Packages/com.unity.2d.animation/Editor/LayoutOverlay - Importer: ScriptedImporter/UnityEditor.QuickSearchModule:UnityEditor.Search:ASIAI0B -> (ImportResultId: '80a270e2bf43fedcd70e0fdd16489b9e') in 0.007480167 seconds
[Worker0] Imported GUID: 2c549a09b5c7eee4fb6bcdd69a6ce67f - Path: Packages/com.unity.2d.tilemap/Editor/UI/TilePaletteClipboardPanelPopup.cs - Importer: ScriptedImporter/UnityEditor.QuickSearchModule:UnityEditor.Search:ASIAI0B -> (ImportResultId: '8f8e5894c81bdc2bacf2521a5c0e1a55') in 0.007919208 seconds
[Worker1] Imported GUID: 35a3340b835c797478eb139353421953 - Path: Packages/com.unity.2d.animation/Editor/Assets/EditorIcons/d_Paste@4x.png - Importer: ScriptedImporter/UnityEditor.QuickSearchModule:UnityEditor.Search:ASIAI0B -> (ImportResultId: '0a9db426b81e9a91424df445591784f8') in 0.009835625 seconds
[Worker0] Imported GUID: 678095381d851334fb550c5032ba1a81 - Path: Packages/com.unity.2d.animation/Editor/Assets/EditorIcons/Selected/Copy.png - Importer: ScriptedImporter/UnityEditor.QuickSearchModule:UnityEditor.Search:ASIAI0B -> (ImportResultId: 'a244da6222f9424c806c01d56a5999e6') in 0.009766541 seconds
[Worker1] Imported GUID: 3533393d67b7f45f8a9ca927bdd0d47f - Path: Packages/com.unity.2d.tilemap.extras/Editor/Brushes/LineBrush/d_LineBrush.png - Importer: ScriptedImporter/UnityEditor.QuickSearchModule:UnityEditor.Search:ASIAI0B -> (ImportResultId: 'dd49652cc693bcd155231032286db582') in 0.010215917 seconds
[Worker0] Imported GUID: 870c1cba604743cbb35931d8d449ef2b - Path: Packages/com.unity.2d.aseprite/Editor/Aseprite/AsepriteFile.cs - Importer: ScriptedImporter/UnityEditor.QuickSearchModule:UnityEditor.Search:ASIAI0B -> (ImportResultId: 'e935794eac16241ba2defa3d1a7358cd') in 0.008028417 seconds
[Worker1] Imported GUID: 4b2a04fdbe0ef4d8da8f90eaca817cd1 - Path: Packages/com.unity.2d.sprite/Editor/ObjectMenuCreation/DefaultAssets/Textures/HexagonPointTopWithBorder.png - Importer: ScriptedImporter/UnityEditor.QuickSearchModule:UnityEditor.Search:ASIAI0B -> (ImportResultId: 'adbff402b8f9980047d21552966b564e') in 0.010062125 seconds
[Worker0] Imported GUID: 5e2b00fc2e687454b8c7dcf6cb8226d7 - Path: Packages/com.unity.2d.psdimporter/Editor/Assets/Icons/Selected/Layers Separated@16x.png - Importer: ScriptedImporter/UnityEditor.QuickSearchModule:UnityEditor.Search:ASIAI0B -> (ImportResultId: '2e19cd7a9624055356ea0dd852ce916a') in 0.009915584 seconds
[Worker1] Imported GUID: 8a585d635efb349edbcfc142059feb21 - Path: Packages/com.unity.2d.tilemap.extras/Editor/Brushes/GameObjectBrush/d_GameObjectBrush@4x.png - Importer: ScriptedImporter/UnityEditor.QuickSearchModule:UnityEditor.Search:ASIAI0B -> (ImportResultId: 'ae0e72df8ccb56978c4c8dcad9788dc4') in 0.009845125 seconds
[Worker0] Imported GUID: 9d1514134bc4fbd41bb739b1b9a49231 - Path: Packages/com.unity.2d.tilemap.extras/Runtime/Tiles/RuleTile/RuleTile.cs - Importer: ScriptedImporter/UnityEditor.QuickSearchModule:UnityEditor.Search:ASIAI0B -> (ImportResultId: 'bcb125702a1fd285861fad8074e8518c') in 0.007709083 seconds
[Worker0] Imported GUID: 208348b0e247f44699c926bba8f96b7d - Path: Packages/com.unity.2d.animation/Editor/SpriteLib/SpriteLibraryEditor/WindowEvents.cs - Importer: ScriptedImporter/UnityEditor.QuickSearchModule:UnityEditor.Search:ASIAI0B -> (ImportResultId: '615a3cc564f45a075cebccd9c3ca8caf') in 0.007566791 seconds
[Worker1] Imported GUID: 3492e9eb6292141eb942d0c9beface29 - Path: Packages/com.unity.2d.psdimporter/Editor/Assets/Icons/Selected/Layers Mixed@8x.png - Importer: ScriptedImporter/UnityEditor.QuickSearchModule:UnityEditor.Search:ASIAI0B -> (ImportResultId: '844fa1a2f328520077ddb68e42392dd5') in 0.010059042 seconds
[Worker0] Imported GUID: 207ee8102dd4143d288186ef0be518ee - Path: Packages/com.unity.2d.sprite/Editor/ObjectMenuCreation/DefaultAssets/Textures/v2/Capsule.png - Importer: ScriptedImporter/UnityEditor.QuickSearchModule:UnityEditor.Search:ASIAI0B -> (ImportResultId: '956fc4cd7635aa56b208e64f77d35340') in 0.009772666 seconds
[Worker1] Imported GUID: d5088f76dafda4b48b76b33f42653e6c - Path: Packages/com.unity.2d.animation/Editor/Assets/SkinningModule/WeightToolbarStyle.uss - Importer: ScriptedImporter/UnityEditor.QuickSearchModule:UnityEditor.Search:ASIAI0B -> (ImportResultId: '88cde814e2967a9439b55e0e1321d784') in 0.012459042 seconds
[Worker0] Imported GUID: 0ccc508108fa6ed4fa11b4a467d7f609 - Path: Packages/com.unity.2d.animation/Editor/Assets/EditorIcons/Selected/character_Mode@4x.png - Importer: ScriptedImporter/UnityEditor.QuickSearchModule:UnityEditor.Search:ASIAI0B -> (ImportResultId: 'b388e510f938ed18dbfc8fdf21dbe32a') in 0.010764167 seconds
[Worker1] Imported GUID: 1c35ceee32844d2b9adae4a9f7249123 - Path: Packages/com.unity.2d.tooling/Editor/Insider/SpriteAtlas/SpriteAtlasIssueReport/SourceTextureWithCompressionIssue/SourceTextureWithCompressionIssue.uxml - Importer: ScriptedImporter/UnityEditor.QuickSearchModule:UnityEditor.Search:ASIAI0B -> (ImportResultId: 'df79326de0ce3366c3261c14786bfbd4') in 0.010392792 seconds
[Worker0] Imported GUID: b2a9591990af98743ba3ff7cf1000886 - Path: Packages/com.unity.2d.psdimporter/Editor/PSDImporter.cs - Importer: ScriptedImporter/UnityEditor.QuickSearchModule:UnityEditor.Search:ASIAI0B -> (ImportResultId: '428e9e69f0404f8eb035506289c01bb1') in 0.007808417 seconds
[Worker1] Imported GUID: 3b268b1ee06ace349a872a7d95498aba - Path: Packages/com.unity.2d.psdimporter/Editor/PSDPlugin/PsdFile/LoadContext.cs - Importer: ScriptedImporter/UnityEditor.QuickSearchModule:UnityEditor.Search:ASIAI0B -> (ImportResultId: '05c7d5e92cb8090c81a0aa900173a581') in 0.008030167 seconds
[Worker0] Imported GUID: 9fd71ece24e4d504ba204588a27de2cc - Path: Packages/com.unity.2d.animation/Editor/SkinningModule/SkinningCache/SkeletonCache.cs - Importer: ScriptedImporter/UnityEditor.QuickSearchModule:UnityEditor.Search:ASIAI0B -> (ImportResultId: 'b24c21f93d5904ad4d345946a62fc552') in 0.007956708 seconds
[Worker1] Imported GUID: f1ac44b28dd46344faf8592380505aa5 - Path: Packages/com.unity.2d.sprite/Editor/Interface/ISpriteEditorDataProvider.cs - Importer: ScriptedImporter/UnityEditor.QuickSearchModule:UnityEditor.Search:ASIAI0B -> (ImportResultId: 'cdfa55aba9a2aeb388353654920d301c') in 0.007807042 seconds
[Worker0] Imported GUID: 7413bb4d865f64dbca35bbd66b74a578 - Path: Packages/com.unity.2d.tooling/Editor/Insider - Importer: ScriptedImporter/UnityEditor.QuickSearchModule:UnityEditor.Search:ASIAI0B -> (ImportResultId: '60daf1e32b2e309810552079ed4f69a7') in 0.007809125 seconds
[Worker1] Imported GUID: 598707f5ba035484c94b0cf6452ab5ba - Path: Packages/com.unity.2d.tilemap/Editor/UI/GridPaintPaletteWindowActiveTargets.cs - Importer: ScriptedImporter/UnityEditor.QuickSearchModule:UnityEditor.Search:ASIAI0B -> (ImportResultId: '8d145eaf1f7ba25cba10d4e7159444ab') in 0.00787425 seconds
[Worker0] Imported GUID: 10889aecec5b6ee41a2a1626c4cfc07c - Path: Packages/com.unity.2d.animation/Editor/SkinningModule/ColorExtensions.cs - Importer: ScriptedImporter/UnityEditor.QuickSearchModule:UnityEditor.Search:ASIAI0B -> (ImportResultId: '4e045788035fd388e43f6e1032fbc116') in 0.00804425 seconds
[Worker1] Imported GUID: d89864f098e249e580aae20c6fb9f317 - Path: Packages/com.unity.2d.animation/Editor/Assets/SkinningModule/PoseToolbar.uxml - Importer: ScriptedImporter/UnityEditor.QuickSearchModule:UnityEditor.Search:ASIAI0B -> (ImportResultId: '7a077fd262b239f0c82ff0cee26a05cb') in 0.010593167 seconds
[Worker0] Imported GUID: a84f8a2cae54acb4599de611269e855e - Path: Packages/com.unity.2d.tilemap/Editor/SceneViewGridManager.cs - Importer: ScriptedImporter/UnityEditor.QuickSearchModule:UnityEditor.Search:ASIAI0B -> (ImportResultId: '7b49caa2c7f7bb9a9a5ed739991d6690') in 0.007795834 seconds
[Worker1] Imported GUID: 201daa6b3b251405cba71fba2e47ac69 - Path: Packages/com.unity.2d.spriteshape/Editor/SpriteShapeEditorGUI.cs - Importer: ScriptedImporter/UnityEditor.QuickSearchModule:UnityEditor.Search:ASIAI0B -> (ImportResultId: 'b5f72291170e1d7f46886d8e2096ce11') in 0.008125584 seconds
[Worker0] Imported GUID: 7a6cafa65c507e240b7293250b094e10 - Path: Packages/com.unity.2d.animation/Editor/Assets/EditorIcons/d_Edit_Pose.png - Importer: ScriptedImporter/UnityEditor.QuickSearchModule:UnityEditor.Search:ASIAI0B -> (ImportResultId: 'c251a5b2d8b4f1e592840155a67856af') in 0.009808542 seconds
[Worker1] Imported GUID: ba394dd6c02ba3b448659c8a346bf685 - Path: Packages/com.unity.2d.animation/Editor/Assets/EditorIcons/d_Weight_Brush@3x.png - Importer: ScriptedImporter/UnityEditor.QuickSearchModule:UnityEditor.Search:ASIAI0B -> (ImportResultId: 'c607f67010e3be98ae2f32985687caf1') in 0.009824292 seconds
[Worker0] Imported GUID: aea51f1a175ef466e95835d2787d061f - Path: Packages/com.unity.2d.animation/Editor/Assets/ComponentIcons/Animation.SpriteLibraryManager On.png - Importer: ScriptedImporter/UnityEditor.QuickSearchModule:UnityEditor.Search:ASIAI0B -> (ImportResultId: 'a527000050e85a1f1dc050a65d8b4733') in 0.009427334 seconds
[Worker1] Imported GUID: ebe73ca9363db456bacf42c025bb4847 - Path: Packages/com.unity.2d.sprite/Editor/ObjectMenuCreation/DefaultAssets/Textures/Circle.png - Importer: ScriptedImporter/UnityEditor.QuickSearchModule:UnityEditor.Search:ASIAI0B -> (ImportResultId: '967e15674ec37dd1eac5dfd14260a8d9') in 0.009645875 seconds
[Worker0] Imported GUID: 77130747cfce8420eb8c834664e59cd7 - Path: Packages/com.unity.2d.tooling/Editor/Insider/AnalyzerWindow/DataSourceListItem/DataSourceList.uss - Importer: ScriptedImporter/UnityEditor.QuickSearchModule:UnityEditor.Search:ASIAI0B -> (ImportResultId: '6a0c4629e134bd91f805c254c4dcf58f') in 0.008096083 seconds
[Worker1] Imported GUID: 90b52ba0ceca466b90ca952579df4120 - Path: Packages/com.unity.2d.animation/Profiler/Runtime/AssemblyInfo.cs - Importer: ScriptedImporter/UnityEditor.QuickSearchModule:UnityEditor.Search:ASIAI0B -> (ImportResultId: '4f7efa9a83cf89733669cb25466d2837') in 0.008153333 seconds
[Worker0] Imported GUID: 2623f92de99ca4b3d94e818d816553fb - Path: Packages/com.unity.2d.animation/Editor/Assets/AssetUpgrader/AssetUpgrader.uss - Importer: ScriptedImporter/UnityEditor.QuickSearchModule:UnityEditor.Search:ASIAI0B -> (ImportResultId: '27525cb9b3bc67d008832ade09ec894d') in 0.008191875 seconds
[Worker1] Imported GUID: fd224f7f7bb743d5903cee4aca569ce2 - Path: Packages/com.unity.2d.tooling/Editor/Insider/SpriteAtlas/SpriteAtlasIssueReport/SpriteAtlasIssuesContainer/SpriteAtlasIssuesContainer.cs - Importer: ScriptedImporter/UnityEditor.QuickSearchModule:UnityEditor.Search:ASIAI0B -> (ImportResultId: 'eb1be5beb6993f2f040a80a83656c526') in 0.008302209 seconds
[Worker0] Imported GUID: 72124a67bbace794fa38534a24d23cee - Path: Packages/com.unity.2d.tilemap/Editor/Icons/d_Grid.RotateACW@2x.png - Importer: ScriptedImporter/UnityEditor.QuickSearchModule:UnityEditor.Search:ASIAI0B -> (ImportResultId: '2f8734668143c895e018d4eec7309dd5') in 0.009580292 seconds
[Worker1] Imported GUID: 4a3c64ec8ad964011aa28fb633e9b153 - Path: Packages/com.unity.2d.animation/Editor/Assets/ComponentIcons/Animation.SpriteLibraryManager On@32.png - Importer: ScriptedImporter/UnityEditor.QuickSearchModule:UnityEditor.Search:ASIAI0B -> (ImportResultId: '7a897230f313f4857a9e5772f04b17eb') in 0.009969041 seconds
[Worker0] Imported GUID: 24ebc91d6c6eb624b864ea095c30529b - Path: Packages/com.unity.2d.animation/Editor/SkinningModule/WeightPainterToolWrapper.cs - Importer: ScriptedImporter/UnityEditor.QuickSearchModule:UnityEditor.Search:ASIAI0B -> (ImportResultId: '7884c14cd571074435309df6cd380cba') in 0.007603625 seconds
[Worker0] Imported GUID: b9b54dfd953ef4529991814d34f5fd54 - Path: Packages/com.unity.2d.animation/Editor/UpgradeTools/UI/AssetUpgraderWindow.cs - Importer: ScriptedImporter/UnityEditor.QuickSearchModule:UnityEditor.Search:ASIAI0B -> (ImportResultId: '2d1ae50a5f3f44834a228abc3cbb587f') in 0.008150875 seconds
[Worker1] Imported GUID: 4e494ad3b858ecf4fab63aae9075d43d - Path: Packages/com.unity.2d.animation/Editor/Assets/EditorIcons/Weight_Slider@4x.png - Importer: ScriptedImporter/UnityEditor.QuickSearchModule:UnityEditor.Search:ASIAI0B -> (ImportResultId: '7161eb452c6c02fff79f54e9887d20ab') in 0.009971375 seconds
[Worker0] Imported GUID: 5dd95a18e912b4e33a402203d4c12278 - Path: Packages/com.unity.2d.common/Path/Editor/IMGUI/GUIFramework/GUISystem.cs - Importer: ScriptedImporter/UnityEditor.QuickSearchModule:UnityEditor.Search:ASIAI0B -> (ImportResultId: '74636932e6d09c8ae3a616fa66565a6c') in 0.007889667 seconds
[Worker1] Imported GUID: fe3852467ea5e4b488f8c7e0006c970b - Path: Packages/com.unity.2d.animation/Editor/Assets/EditorIcons/Selected/SetPivot@4x.png - Importer: ScriptedImporter/UnityEditor.QuickSearchModule:UnityEditor.Search:ASIAI0B -> (ImportResultId: '2e863248f0e39bee57ba2eab8369c2de') in 0.009094625 seconds
[Worker0] Imported GUID: 3cf74ab086c68403c80c9571ab505f5c - Path: Packages/com.unity.2d.common/Path/Editor/Selection/ISelectable.cs - Importer: ScriptedImporter/UnityEditor.QuickSearchModule:UnityEditor.Search:ASIAI0B -> (ImportResultId: '7e15b1ca6ff78242306d0c8df5b94cf0') in 0.007981792 seconds
[Worker1] Imported GUID: 81d5f69f47c861d40beee8891a4ac92e - Path: Packages/com.unity.2d.animation/Editor/AssemblyInfo.cs - Importer: ScriptedImporter/UnityEditor.QuickSearchModule:UnityEditor.Search:ASIAI0B -> (ImportResultId: '9be0dfa0a4394f8cf0559563217382c3') in 0.007974917 seconds
[Worker0] Imported GUID: 16af8882f4d64f641925549e4262327c - Path: Packages/com.unity.2d.psdimporter/Editor/Tasks/ExtractLayerTask.cs - Importer: ScriptedImporter/UnityEditor.QuickSearchModule:UnityEditor.Search:ASIAI0B -> (ImportResultId: '24423271256e4a65afd482c1c01f9559') in 0.007927583 seconds
[Worker1] Imported GUID: a56b84f780e8aef439e9a83d60ca7420 - Path: Packages/com.unity.2d.animation/Editor/Assets/EditorIcons/Generate_Weights@4x.png - Importer: ScriptedImporter/UnityEditor.QuickSearchModule:UnityEditor.Search:ASIAI0B -> (ImportResultId: '1a510c2ce9f0132d22c6798871e1d349') in 0.01039875 seconds
[Worker0] Imported GUID: cf00ad4c95f59411ba959a51a6c8be34 - Path: Packages/com.unity.2d.spriteshape/Tests - Importer: ScriptedImporter/UnityEditor.QuickSearchModule:UnityEditor.Search:ASIAI0B -> (ImportResultId: 'dca8fe9a090e4fc71c3eb95cf7fab9a6') in 0.007849667 seconds
[Worker1] Imported GUID: 14aa89f96f565c749a282d699727c02c - Path: Packages/com.unity.2d.animation/Editor/SkinningModule/Selectors/ICircleSelector.cs - Importer: ScriptedImporter/UnityEditor.QuickSearchModule:UnityEditor.Search:ASIAI0B -> (ImportResultId: 'b4c06e6cb86a439470763bcc5602eea5') in 0.008712709 seconds
[Worker0] Imported GUID: f8bd55f54ef124b618d88fafb91f0170 - Path: Packages/com.unity.2d.animation/Editor/SkinningModule/Selectors/CircleVertexSelector.cs - Importer: ScriptedImporter/UnityEditor.QuickSearchModule:UnityEditor.Search:ASIAI0B -> (ImportResultId: '070c1a4f405466c8890c1ad05404317d') in 0.008333666 seconds
[Worker1] Imported GUID: ea21de3798988c84dbc83021a3e6ecee - Path: Packages/com.unity.2d.animation/Editor/SkinningModule/Cache/CacheObject.cs - Importer: ScriptedImporter/UnityEditor.QuickSearchModule:UnityEditor.Search:ASIAI0B -> (ImportResultId: '74c6a252bdd1a18437bbf1f8ee49909c') in 0.008218875 seconds
[Worker0] Imported GUID: da6dc5734a20345ff808080df3f6fdad - Path: Packages/com.unity.2d.psdimporter/Editor/UTK/LayerNameColumn.cs - Importer: ScriptedImporter/UnityEditor.QuickSearchModule:UnityEditor.Search:ASIAI0B -> (ImportResultId: '21d39158ab2622ffd0c25c8a266396cd') in 0.007598958 seconds
[Worker1] Imported GUID: 289829ffefda4e33a89798cc28263725 - Path: Packages/com.unity.2d.common/Editor/InternalBridge/SpriteFrameModeToolStripBase.cs - Importer: ScriptedImporter/UnityEditor.QuickSearchModule:UnityEditor.Search:ASIAI0B -> (ImportResultId: '38933e3bfe22752a1870472e9756b036') in 0.007958917 seconds
[Worker0] Imported GUID: 55ad4b6109677be42b239f450ce98c29 - Path: Packages/com.unity.2d.animation/Editor/Assets/EditorIcons/Copy@3x.png - Importer: ScriptedImporter/UnityEditor.QuickSearchModule:UnityEditor.Search:ASIAI0B -> (ImportResultId: 'd5c179ae6adb189eb44372150c8eddff') in 0.0103895 seconds
[Worker1] Imported GUID: 62053ed690017d143bd2cfa8e5dc3ff5 - Path: Packages/com.unity.2d.animation/Editor/Assets/EditorIcons/d_Create_Edge@4x.png - Importer: ScriptedImporter/UnityEditor.QuickSearchModule:UnityEditor.Search:ASIAI0B -> (ImportResultId: 'b811eaf5b1b31a18ec94a576d875c96d') in 0.009320083 seconds
[Worker0] Imported GUID: 563e4d2d28c2241fbbb33e85f9b27efb - Path: Packages/com.unity.2d.animation/Editor/Assets/EditorIcons/Sprite_Influence@3x.png - Importer: ScriptedImporter/UnityEditor.QuickSearchModule:UnityEditor.Search:ASIAI0B -> (ImportResultId: 'c73de20cc98c41d37c73e615146da381') in 0.00933875 seconds
[Worker1] Imported GUID: 39bcaa4762a844802ae0d911cad63c55 - Path: Packages/com.unity.2d.sprite/Editor/ProjectSettings/SpriteEditorWindowProjectSettingsAttribute.cs - Importer: ScriptedImporter/UnityEditor.QuickSearchModule:UnityEditor.Search:ASIAI0B -> (ImportResultId: '5db8b0b6966d37db654a2a03720ac367') in 0.007808458 seconds
[Worker0] Imported GUID: e4007e34ec02b614b894ce8e20b48644 - Path: Packages/com.unity.2d.tilemap.extras/Editor/Brushes/RandomBrush - Importer: ScriptedImporter/UnityEditor.QuickSearchModule:UnityEditor.Search:ASIAI0B -> (ImportResultId: '816b15e329b47fd84cc11e41e3e47095') in 0.007997458 seconds
[Worker1] Imported GUID: 53c84f3dfe8b04b6db1fb80443fafbaf - Path: Packages/com.unity.2d.animation/Editor/Assets/ComponentIcons/Animation.IKManager On.png - Importer: ScriptedImporter/UnityEditor.QuickSearchModule:UnityEditor.Search:ASIAI0B -> (ImportResultId: '721b1df033f315598bb4db808aa7a9e9') in 0.010246541 seconds
[Worker0] Imported GUID: 2a8bf227319d4421f91d9375e3ae59bf - Path: Packages/com.unity.2d.animation/Editor/Assets/ComponentIcons/Animation.SpriteLibraryVar On@32.png - Importer: ScriptedImporter/UnityEditor.QuickSearchModule:UnityEditor.Search:ASIAI0B -> (ImportResultId: '22db6afbeaecb9b64a09060af63f3f7f') in 0.009638625 seconds
[Worker1] Imported GUID: 83711169e2aa1fb439980c4d6fa5ef24 - Path: Packages/com.unity.2d.animation/Editor/SkinningModule/UI/WeightInspectorIMGUIPanel.cs - Importer: ScriptedImporter/UnityEditor.QuickSearchModule:UnityEditor.Search:ASIAI0B -> (ImportResultId: '8d27981c0916530ddf41548514095541') in 0.007504375 seconds
[Worker0] Imported GUID: 9c4b584fdcc16e84391e2a1f5235a9d3 - Path: Packages/com.unity.2d.tilemap/Editor/Icons/d_Tilemap.EditPalette@4x.png - Importer: ScriptedImporter/UnityEditor.QuickSearchModule:UnityEditor.Search:ASIAI0B -> (ImportResultId: 'f97fe77a5479068c95a080feeac8d629') in 0.009544833 seconds
[Worker1] Imported GUID: 36502ae6ddbac9e4dbf8fcd5889d661d - Path: Packages/com.unity.2d.animation/Editor/Assets/EditorIcons/d_Visibility_Hidded@4x.png - Importer: ScriptedImporter/UnityEditor.QuickSearchModule:UnityEditor.Search:ASIAI0B -> (ImportResultId: '5a9a3a075728605ec6f34a8ed22fd6f0') in 0.009523292 seconds
[Worker0] Imported GUID: 2634b0c913a9a4431a8702825a79ca31 - Path: Packages/com.unity.2d.psdimporter/Editor/Assets/Icons/Light/Layers Separated@8x.png - Importer: ScriptedImporter/UnityEditor.QuickSearchModule:UnityEditor.Search:ASIAI0B -> (ImportResultId: 'bbe0395c0eb6754ba3d224fdbf2ebf09') in 0.009469666 seconds
[Worker1] Imported GUID: 0ce6875fb3c04d1897097c923840c61e - Path: Packages/com.unity.2d.tooling/Editor/Insider/AnalyzerWindow/ExecutionTime.cs - Importer: ScriptedImporter/UnityEditor.QuickSearchModule:UnityEditor.Search:ASIAI0B -> (ImportResultId: '34e550b03a83a308262d3abd8273f58d') in 0.007369 seconds
[Worker0] Imported GUID: 32b6c1f19cdc32d45aff3ce5c06f3ac3 - Path: Packages/com.unity.2d.animation/Editor/SkinningModule/IMGUI/SkeletonView.cs - Importer: ScriptedImporter/UnityEditor.QuickSearchModule:UnityEditor.Search:ASIAI0B -> (ImportResultId: 'a26005a38373c9292fa5e6cdf8d96b5f') in 0.007839792 seconds
[Worker1] Imported GUID: cbdf09464b6b87745be748a67e5a21a0 - Path: Packages/com.unity.2d.tilemap.extras/Editor/Unity.2D.Tilemap.Extras.Editor.asmdef - Importer: ScriptedImporter/UnityEditor.QuickSearchModule:UnityEditor.Search:ASIAI0B -> (ImportResultId: 'a969eb4eed063f0d26831bcbf26e738b') in 0.00755575 seconds
[Worker0] Imported GUID: 415234662fb7af24aad2c5a78a55b3ed - Path: Packages/com.unity.2d.animation/IK/Runtime/IKChain2D.cs - Importer: ScriptedImporter/UnityEditor.QuickSearchModule:UnityEditor.Search:ASIAI0B -> (ImportResultId: 'e8cd71ebbc0cfa6bb3443547f46df1a0') in 0.007853584 seconds
[Worker1] Imported GUID: c86b96101a8b8f043a01b9c64b788b6b - Path: Packages/com.unity.2d.animation/Editor/SkinningModule/VisibilityTool/MeshVisibilityTool.cs - Importer: ScriptedImporter/UnityEditor.QuickSearchModule:UnityEditor.Search:ASIAI0B -> (ImportResultId: '31c1de8580ffb4d3e91a04c49aa00ed1') in 0.007623541 seconds
[Worker0] Imported GUID: 100c104341c6bfd4e824d8347fff1f87 - Path: Packages/com.unity.2d.animation/Editor/SkinningModule/SpriteMeshData - Importer: ScriptedImporter/UnityEditor.QuickSearchModule:UnityEditor.Search:ASIAI0B -> (ImportResultId: '1d75596db0598ac324b4ed7be6e9a9cc') in 0.009275 seconds
[Worker1] Imported GUID: d3b2641fbdbb1f340ad9732102db591e - Path: Packages/com.unity.2d.tilemap/Editor/Icons/d_Tilemap.ActiveTargetLayers@2x.png - Importer: ScriptedImporter/UnityEditor.QuickSearchModule:UnityEditor.Search:ASIAI0B -> (ImportResultId: 'a2571fe8e815ce5d8dc81c41811753ad') in 0.009250292 seconds
[Worker0] Imported GUID: 89c535c591874304b4e107be1b6ad9e1 - Path: Packages/com.unity.2d.tooling/Editor/Insider/SpriteAtlas/SpriteAtlasIssueReport/SpriteAtlasTextureSpaceUsedIssue/SpriteAtlasTextureSpaceUsedIssueSettings.cs - Importer: ScriptedImporter/UnityEditor.QuickSearchModule:UnityEditor.Search:ASIAI0B -> (ImportResultId: 'fe043953797b273f1802c79ede498891') in 0.008049625 seconds
[Worker1] Imported GUID: 7b6da174fd3024fbc84a3f67d9c7d0c8 - Path: Packages/com.unity.2d.common/Path/Editor/EditorTool/PathComponentEditor.cs - Importer: ScriptedImporter/UnityEditor.QuickSearchModule:UnityEditor.Search:ASIAI0B -> (ImportResultId: '00ce196a86165d1e1444438d27bce537') in 0.007640625 seconds
[Worker0] Imported GUID: 64bf9c90cbbbe49bca87a137d8f390b8 - Path: Packages/com.unity.2d.animation/Editor/UpgradeTools/Utilities/ButtonStripField.cs - Importer: ScriptedImporter/UnityEditor.QuickSearchModule:UnityEditor.Search:ASIAI0B -> (ImportResultId: 'ab2baa607f5cdd7f989095261ff29424') in 0.008009125 seconds
[Worker1] Imported GUID: 05f0e88295177435592ac5ba24fb98ef - Path: Packages/com.unity.2d.animation/Editor/Assets/SpriteLibraryEditor/EditorMainWindow.uxml - Importer: ScriptedImporter/UnityEditor.QuickSearchModule:UnityEditor.Search:ASIAI0B -> (ImportResultId: '318751170ce9687b68483f66439c31e1') in 0.013279958 seconds
[Worker0] Imported GUID: e2f3399630a542d3ab183f361c0e00f4 - Path: Packages/com.unity.2d.tooling/Editor/Insider/SpriteAtlas/SpriteAtlasIssueReport/UIElement/StyleSheet/TableStyle.uss - Importer: ScriptedImporter/UnityEditor.QuickSearchModule:UnityEditor.Search:ASIAI0B -> (ImportResultId: '3f81f08fa2db60ca013c23001adc8b11') in 0.008659209 seconds
[Worker1] Imported GUID: 2bfef0473016eee4fa9d9bd505a1edd5 - Path: Packages/com.unity.2d.tilemap/Tests - Importer: ScriptedImporter/UnityEditor.QuickSearchModule:UnityEditor.Search:ASIAI0B -> (ImportResultId: '4ba83a4deb2ec764e1dcf6778d806d97') in 0.008067875 seconds
[Worker0] Imported GUID: df44828de9ac64d44ba1a553e06eb335 - Path: Packages/com.unity.2d.animation/Editor/SkinningModule/Selection/ISelection.cs - Importer: ScriptedImporter/UnityEditor.QuickSearchModule:UnityEditor.Search:ASIAI0B -> (ImportResultId: 'ae517f6a817c80e5d950cfcbec0d10ef') in 0.00774725 seconds
[Worker1] Imported GUID: bacef98d5d5167242a24ec99d7304aad - Path: Packages/com.unity.2d.psdimporter/README.md - Importer: ScriptedImporter/UnityEditor.QuickSearchModule:UnityEditor.Search:ASIAI0B -> (ImportResultId: '4002d4725d03fdd0036bf08c923c5258') in 0.007969875 seconds
[Worker0] Imported GUID: cb2349a660db25e4baf8732ed3668959 - Path: Packages/com.unity.2d.animation/IK/Runtime/Solvers - Importer: ScriptedImporter/UnityEditor.QuickSearchModule:UnityEditor.Search:ASIAI0B -> (ImportResultId: '483a60e85f4578df1f0bbf89758f3892') in 0.007925708 seconds
[Worker1] Imported GUID: d9e47beaa8a6e432393f34671440f777 - Path: Packages/com.unity.2d.animation/Editor/Assets/ComponentIcons/d_Animation.SpriteLibraryVar@32.png - Importer: ScriptedImporter/UnityEditor.QuickSearchModule:UnityEditor.Search:ASIAI0B -> (ImportResultId: '7395fe590a7e4c9cfb6170a5f0084224') in 0.010007583 seconds
[Worker0] Imported GUID: dce15ef65ee3c394cb6cc78d4d70b6d9 - Path: Packages/com.unity.2d.animation/Editor/Assets/EditorIcons/d_Weight_Slider.png - Importer: ScriptedImporter/UnityEditor.QuickSearchModule:UnityEditor.Search:ASIAI0B -> (ImportResultId: '83a4117c867cbd269267666fa27f12f7') in 0.009517542 seconds
[Worker0] Imported GUID: e94a342c322f34cf2ad9b943ec29af56 - Path: Packages/com.unity.2d.tooling/Editor/Insider/SpriteAtlas/SpriteAtlasIssueReport/UIElement/OKCancel - Importer: ScriptedImporter/UnityEditor.QuickSearchModule:UnityEditor.Search:ASIAI0B -> (ImportResultId: '70ce1697c6bcaa867df615b524046aea') in 0.007581625 seconds
[Worker1] Imported GUID: 4adeaf2d2b1c7417e89f026626d8264f - Path: Packages/com.unity.2d.sprite/Editor/ObjectMenuCreation/DefaultAssets/Textures/CircleWithBorder.png - Importer: ScriptedImporter/UnityEditor.QuickSearchModule:UnityEditor.Search:ASIAI0B -> (ImportResultId: '6976fb1c6340c4136547b1c1d626ea51') in 0.009822791 seconds
[Worker0] Imported GUID: 1407207e0ba5c48f3a24bdbea0fa84b5 - Path: Packages/com.unity.2d.tilemap/Editor/ObjectCreationMenu/DefaultAssetCreation.cs - Importer: ScriptedImporter/UnityEditor.QuickSearchModule:UnityEditor.Search:ASIAI0B -> (ImportResultId: '6a230eb3472838e21364749fd7d9d0c8') in 0.007654042 seconds
[Worker1] Imported GUID: dd44ba6459934304b785f78db545ff5f - Path: Packages/com.unity.2d.tooling/Editor/Insider/Utilities/Utilities.cs - Importer: ScriptedImporter/UnityEditor.QuickSearchModule:UnityEditor.Search:ASIAI0B -> (ImportResultId: '7759150d9fcf695dcdd838ed89dd7a91') in 0.007573583 seconds
[Worker1] Imported GUID: 6b2eee0779ff14c59959c47e6794830d - Path: Packages/com.unity.2d.tooling/Editor/Insider/AnalyzerWindow/DataSourceListItem/DataSourceList.uxml - Importer: ScriptedImporter/UnityEditor.QuickSearchModule:UnityEditor.Search:ASIAI0B -> (ImportResultId: 'ce7a04b2c359d222d5db1e22b8d001e0') in 0.010028792 seconds
[Worker0] Imported GUID: 8649c1c76eb014a4d9e24547717f1619 - Path: Packages/com.unity.2d.psdimporter/Editor/Assets/Icons/Dark/Layers Collapsed@8x.png - Importer: ScriptedImporter/UnityEditor.QuickSearchModule:UnityEditor.Search:ASIAI0B -> (ImportResultId: '874bb4bbc358cf5ff9ca83665a49be53') in 0.009847375 seconds
[Worker1] Imported GUID: 0f11ba7bd032140bfbcd546d93db1548 - Path: Packages/com.unity.2d.tilemap.extras/Editor/Menu/MenuItemOrder.cs - Importer: ScriptedImporter/UnityEditor.QuickSearchModule:UnityEditor.Search:ASIAI0B -> (ImportResultId: 'df96c530aedaf1a7ae82566259f7d650') in 0.007781833 seconds
[Worker0] Imported GUID: 7a6ed47ab3732e642a9f8b492ed24191 - Path: Packages/com.unity.2d.spriteshape/Third Party Notices.md - Importer: ScriptedImporter/UnityEditor.QuickSearchModule:UnityEditor.Search:ASIAI0B -> (ImportResultId: '12346f4a7d6bee9bdc60909e9e5afd62') in 0.007884583 seconds
[Worker1] Imported GUID: 0e48b48aa11d4459b25b82dab0594b8e - Path: Packages/com.unity.2d.animation/Profiler/Editor/AssemblyInfo.cs - Importer: ScriptedImporter/UnityEditor.QuickSearchModule:UnityEditor.Search:ASIAI0B -> (ImportResultId: '4a28610484892b8af63b1f8b2a1daf31') in 0.007607625 seconds
[Worker0] Imported GUID: 9bad947d914d4eeeb4c40f1bf787805c - Path: Packages/com.unity.2d.tooling/Editor/Insider/SpriteAtlas/SpriteAtlasIssueReport/SpriteCountInAtlasIssue/SpriteCountIssue.cs - Importer: ScriptedImporter/UnityEditor.QuickSearchModule:UnityEditor.Search:ASIAI0B -> (ImportResultId: 'f07ea3a095d4eaf9d7a1b977b3bc0f26') in 0.007531834 seconds
[Worker1] Imported GUID: a78ad4d4520434b83b125c70a44583f8 - Path: Packages/com.unity.2d.animation/Editor/SkinningModule/VisibilityTool/BoneVisibilityToolData.cs - Importer: ScriptedImporter/UnityEditor.QuickSearchModule:UnityEditor.Search:ASIAI0B -> (ImportResultId: '5b3a13f0a4f52395e916f2cad8dca735') in 0.007950125 seconds
[Worker0] Imported GUID: e6ccb94c25befa84d8d07a2b0374bc63 - Path: Packages/com.unity.2d.tilemap/Editor/UI/TilePaletteContextMenuHandler.cs - Importer: ScriptedImporter/UnityEditor.QuickSearchModule:UnityEditor.Search:ASIAI0B -> (ImportResultId: '3719c0867fe81af9250c35d327d50c42') in 0.00786325 seconds
[Worker0] Imported GUID: 26f0cc158533ad6408ea185066c7e096 - Path: Packages/com.unity.2d.animation/IK/Editor - Importer: ScriptedImporter/UnityEditor.QuickSearchModule:UnityEditor.Search:ASIAI0B -> (ImportResultId: '9e8a44f011f3842cff48de41d5bb030d') in 0.007933417 seconds
[Worker1] Imported GUID: ccf751df7bd10e14db670d1353e02ea0 - Path: Packages/com.unity.2d.animation/Editor/Assets/SkinningModule/WeightToolbar.uxml - Importer: ScriptedImporter/UnityEditor.QuickSearchModule:UnityEditor.Search:ASIAI0B -> (ImportResultId: 'dba5f00749274171cf728cc3ab4ff73d') in 0.009920042 seconds
[Worker1] Imported GUID: 8ce1fc14411aade4b81c0e6dd86950be - Path: Packages/com.unity.2d.tilemap/Tests/Editor/Unity.2D.Tilemap.Package.EditorTests.asmdef - Importer: ScriptedImporter/UnityEditor.QuickSearchModule:UnityEditor.Search:ASIAI0B -> (ImportResultId: '7ad6a7afc72cfc5517954290913ca529') in 0.007473833 seconds
[Worker0] Imported GUID: 5dfb96fd1c7a1bf4f9f606597de935cf - Path: Packages/com.unity.2d.tilemap/Editor/Icons/d_Tilemap.FocusNone.png - Importer: ScriptedImporter/UnityEditor.QuickSearchModule:UnityEditor.Search:ASIAI0B -> (ImportResultId: '72cda147c2b0699518d59f81e14f8859') in 0.009494625 seconds
[Worker1] Imported GUID: 3e90381151086314691cd7a595ba9a62 - Path: Packages/com.unity.2d.psdimporter/Editor/PSDPlugin/PsdFile/ImageResources/AlphaChannelNames.cs - Importer: ScriptedImporter/UnityEditor.QuickSearchModule:UnityEditor.Search:ASIAI0B -> (ImportResultId: 'acaf521e2ebb4530002888f032ebcbf8') in 0.007842709 seconds
[Worker0] Imported GUID: 8016d85182d14704da1cf959d18ac860 - Path: Packages/com.unity.2d.animation/IK/Runtime/Solvers/CCD2D.cs - Importer: ScriptedImporter/UnityEditor.QuickSearchModule:UnityEditor.Search:ASIAI0B -> (ImportResultId: '829df0799e59a29afb23d261ef8f60a5') in 0.007683417 seconds
[Worker1] Imported GUID: 9898f3a3c7c024a669352520351e430d - Path: Packages/com.unity.2d.aseprite/Tests/Editor - Importer: ScriptedImporter/UnityEditor.QuickSearchModule:UnityEditor.Search:ASIAI0B -> (ImportResultId: '0e9a4606ed0a6651304c79682a3c7a44') in 0.007972917 seconds
[Worker0] Imported GUID: 682d09f2707a84283a24884f2ec0e963 - Path: Packages/com.unity.2d.tilemap.extras/Editor/Brushes/GameObjectBrush/d_GameObjectBrush@2x.png - Importer: ScriptedImporter/UnityEditor.QuickSearchModule:UnityEditor.Search:ASIAI0B -> (ImportResultId: '1225216fe0fcf16c40e7017797e1ea2b') in 0.009685083 seconds
[Worker1] Imported GUID: 6f4409ce938bf9447a36e531f7755ca7 - Path: Packages/com.unity.2d.animation/Editor/Assets/EditorIcons/Selected/Parent_Bone@3x.png - Importer: ScriptedImporter/UnityEditor.QuickSearchModule:UnityEditor.Search:ASIAI0B -> (ImportResultId: '43413571cb296a7b5d2437610c4c032d') in 0.010527458 seconds
[Worker1] Imported GUID: 53e6b81c6627ce5469c38700ebbd32a7 - Path: Packages/com.unity.2d.psdimporter/Tests/EditorTests - Importer: ScriptedImporter/UnityEditor.QuickSearchModule:UnityEditor.Search:ASIAI0B -> (ImportResultId: '921a3c7c755c4551f0e5eb59dbac193a') in 0.00813275 seconds
[Worker0] Imported GUID: 0fac9738c4893c34785c399d087c715d - Path: Packages/com.unity.2d.tilemap.extras/Editor/Tiles/RuleTile - Importer: ScriptedImporter/UnityEditor.QuickSearchModule:UnityEditor.Search:ASIAI0B -> (ImportResultId: 'e693496a8984a8885e3b877c932c4696') in 0.008180667 seconds
[Worker1] Imported GUID: bf00ee454b154c578274d12045aa5590 - Path: Packages/com.unity.2d.aseprite/Editor/AssetGeneration/TilePaletteGeneration.cs - Importer: ScriptedImporter/UnityEditor.QuickSearchModule:UnityEditor.Search:ASIAI0B -> (ImportResultId: 'c6c2dc1dcbda976b3eb27c98439c5ff1') in 0.007936542 seconds
[Worker0] Imported GUID: d4d64a6cd9624c34a815dd79fb2a20a4 - Path: Packages/com.unity.2d.animation/Editor/Assets/EditorIcons/character_Mode.png - Importer: ScriptedImporter/UnityEditor.QuickSearchModule:UnityEditor.Search:ASIAI0B -> (ImportResultId: 'f65e0e97ddb4548fa82586dc05e90fb3') in 0.009553417 seconds
[Worker1] Imported GUID: 225c4acd316f96e48803d330638d757e - Path: Packages/com.unity.2d.animation/IK/Runtime/Solvers/Limb.cs - Importer: ScriptedImporter/UnityEditor.QuickSearchModule:UnityEditor.Search:ASIAI0B -> (ImportResultId: 'b17a8950a7a98660260254a91c695144') in 0.007880792 seconds
[Worker0] Imported GUID: 19370790a791d4fc99ee3830251366f8 - Path: Packages/com.unity.2d.animation/Editor/Assets/ComponentIcons/Animation.SpriteLibrary On@64.png - Importer: ScriptedImporter/UnityEditor.QuickSearchModule:UnityEditor.Search:ASIAI0B -> (ImportResultId: '890f874a7c5499c3dd1e263ac7991b80') in 0.010527791 seconds
[Worker1] Imported GUID: 3342bc6878604f839b28843c3e8cd81b - Path: Packages/com.unity.2d.tilemap/Editor/GridPaletteEditor.cs - Importer: ScriptedImporter/UnityEditor.QuickSearchModule:UnityEditor.Search:ASIAI0B -> (ImportResultId: '9295d6af50d4a15271118288f8327df0') in 0.007678458 seconds
[Worker0] Imported GUID: 0f1a0446e28f4a1d8e48be70f81a9fcc - Path: Packages/com.unity.2d.tooling/Editor/Insider/SpriteAtlas/SpriteAtlasIssueReport/SourceTextureWithCompressionIssue - Importer: ScriptedImporter/UnityEditor.QuickSearchModule:UnityEditor.Search:ASIAI0B -> (ImportResultId: '265d908d364e2a952458240d9ca507b7') in 0.007377666 seconds
[Worker1] Imported GUID: 9182e08d6d8be424a98050562de5b053 - Path: Packages/com.unity.2d.tilemap/Editor/Icons/Tilemap.DefaultBrush@2x.png - Importer: ScriptedImporter/UnityEditor.QuickSearchModule:UnityEditor.Search:ASIAI0B -> (ImportResultId: '161a963f511566e79284d1f55f501074') in 0.009236208 seconds
[Worker0] Imported GUID: 2e0cf451cb3d56742aad87ea75993209 - Path: Packages/com.unity.2d.animation/Editor/Assets/EditorIcons/Copy@2x.png - Importer: ScriptedImporter/UnityEditor.QuickSearchModule:UnityEditor.Search:ASIAI0B -> (ImportResultId: 'f786d7d6e0303efdfd26c44078af4722') in 0.00957125 seconds
[Worker1] Imported GUID: 46c8e0bde8bfa5a4eadb9b33d3543bcd - Path: Packages/com.unity.2d.animation/Editor/Assets/LayoutOverlay/LayoutOverlay.uxml - Importer: ScriptedImporter/UnityEditor.QuickSearchModule:UnityEditor.Search:ASIAI0B -> (ImportResultId: 'dd34cefa3d418ee65c9bcc2971e75905') in 0.010165917 seconds
[Worker0] Imported GUID: 780611c6697e4f4f9df4c2880d8ec610 - Path: Packages/com.unity.2d.tooling/Editor/Insider/SpriteAtlas/SpriteAtlasIssueReport/SpriteWithSecondaryTextureIssue - Importer: ScriptedImporter/UnityEditor.QuickSearchModule:UnityEditor.Search:ASIAI0B -> (ImportResultId: '0c3b3b2779daaaf95cfa6a1d9bbfeef0') in 0.008059542 seconds
[Worker1] Imported GUID: 392194ded0ab26843b0235cc38cd3c6c - Path: Packages/com.unity.2d.animation/Runtime/2DAnimationConstants.cs - Importer: ScriptedImporter/UnityEditor.QuickSearchModule:UnityEditor.Search:ASIAI0B -> (ImportResultId: '70a593dea3ee7af6a4e9fb2111666827') in 0.00803125 seconds
[Worker0] Imported GUID: 332959a914fc9470abaa066b876b0dcc - Path: Packages/com.unity.2d.psdimporter/Editor/Assets/Icons/Selected/Layers Mixed@1x.png - Importer: ScriptedImporter/UnityEditor.QuickSearchModule:UnityEditor.Search:ASIAI0B -> (ImportResultId: 'ef5aab8d842e5e73c6d1157841036f44') in 0.009543292 seconds
[Worker1] Imported GUID: d59ac20961f9b95419fd53d6c9663903 - Path: Packages/com.unity.2d.animation/Editor/SkinningModule/Cache - Importer: ScriptedImporter/UnityEditor.QuickSearchModule:UnityEditor.Search:ASIAI0B -> (ImportResultId: '373f0d4ac14867a92195f880f9e3e092') in 0.0077605 seconds
[Worker0] Imported GUID: 9cdb1d83bdac1554287041973d268c1d - Path: Packages/com.unity.2d.tilemap/Editor/Icons/EditorUI.TargetHover@4x.png - Importer: ScriptedImporter/UnityEditor.QuickSearchModule:UnityEditor.Search:ASIAI0B -> (ImportResultId: '14f0b39b7aa0d8e848fb9b016fba3ac6') in 0.00911725 seconds
[Worker1] Imported GUID: 4d9abe6587844ad5a26d63cc0b42a191 - Path: Packages/com.unity.2d.tilemap/Editor/GridPaintCreateTargetsDropdown.cs - Importer: ScriptedImporter/UnityEditor.QuickSearchModule:UnityEditor.Search:ASIAI0B -> (ImportResultId: '5638a744eecb0b2831fff8e7377768c7') in 0.007611291 seconds
[Worker0] Imported GUID: eb4d405ba54724ef89c2fce638946c5d - Path: Packages/com.unity.2d.sprite/Editor/ObjectMenuCreation/DefaultAssets/Textures - Importer: ScriptedImporter/UnityEditor.QuickSearchModule:UnityEditor.Search:ASIAI0B -> (ImportResultId: '6513331bcf25f37fa92d609eba3861c7') in 0.007860334 seconds
[Worker1] Imported GUID: afe7d261eb308984e95ffa8d883fc998 - Path: Packages/com.unity.2d.animation/Editor/Assets/EditorIcons/d_Split Bones@2x.png - Importer: ScriptedImporter/UnityEditor.QuickSearchModule:UnityEditor.Search:ASIAI0B -> (ImportResultId: '806369f970879969ea5501612abbb77c') in 0.009436 seconds
[Worker0] Imported GUID: 7fc947ed5e1e2b141bd741eca43b418c - Path: Packages/com.unity.2d.common/Editor/InternalBridge/AssemblyInfo.cs - Importer: ScriptedImporter/UnityEditor.QuickSearchModule:UnityEditor.Search:ASIAI0B -> (ImportResultId: 'c35c9bf53b681543908746f9d7a7f0a6') in 0.007961708 seconds
[Worker1] Imported GUID: 56fdc1dd1bbc04a65a5c2ac1d9eacb5d - Path: Packages/com.unity.2d.animation/Editor/Assets/ComponentIcons/d_Animation.IKFabrik.png - Importer: ScriptedImporter/UnityEditor.QuickSearchModule:UnityEditor.Search:ASIAI0B -> (ImportResultId: '84baf29514f97abbb7b6dc7bf45c4f1a') in 0.0093535 seconds
[Worker0] Imported GUID: 9ff2caf20a1df406d9ab8f2f5a57f734 - Path: Packages/com.unity.2d.tilemap.extras/Runtime/Tiles/RuleOverrideTile/AdvancedRuleOverrideTile.cs - Importer: ScriptedImporter/UnityEditor.QuickSearchModule:UnityEditor.Search:ASIAI0B -> (ImportResultId: 'a83ecfb51702bc97007de8b890f1319d') in 0.007528125 seconds
[Worker1] Imported GUID: 54b8604d8a7085842917d5b83ca73854 - Path: Packages/com.unity.2d.animation/Editor/Assets/EditorIcons/Paste@2x.png - Importer: ScriptedImporter/UnityEditor.QuickSearchModule:UnityEditor.Search:ASIAI0B -> (ImportResultId: 'e58e1c2bda2d308879426f8a004b7994') in 0.010445041 seconds
[Worker0] Imported GUID: 56f61a79c270140abaf437ddccf9e4ca - Path: Packages/com.unity.2d.tilemap.extras/Editor/Brushes/RandomBrush/d_RandomBrush@4x.png - Importer: ScriptedImporter/UnityEditor.QuickSearchModule:UnityEditor.Search:ASIAI0B -> (ImportResultId: '4384e636cc83cd80e959deacd224b784') in 0.009325833 seconds
[Worker1] Imported GUID: 8cfe3db07d64480dacc1b584f23b57b5 - Path: Packages/com.unity.2d.tooling/Editor/Insider/SpriteAtlas/AnalyzerProgress.cs - Importer: ScriptedImporter/UnityEditor.QuickSearchModule:UnityEditor.Search:ASIAI0B -> (ImportResultId: 'fa96a54d5bcdafc00322fdd187fb7494') in 0.007639958 seconds
[Worker0] Imported GUID: 147520b21ddedfe4fbce3cd5a934af90 - Path: Packages/com.unity.2d.tilemap/Editor/UI/TilePaletteBrushesButton.cs - Importer: ScriptedImporter/UnityEditor.QuickSearchModule:UnityEditor.Search:ASIAI0B -> (ImportResultId: '19bedc64ab4b31a0e3fe1efd9d77761b') in 0.007279375 seconds
[Worker1] Imported GUID: d32377b23cb0c8b46a545d7014fff425 - Path: Packages/com.unity.2d.sprite/Editor/SpriteEditor - Importer: ScriptedImporter/UnityEditor.QuickSearchModule:UnityEditor.Search:ASIAI0B -> (ImportResultId: '702a7b9919d28964174c9387298cef04') in 0.007746292 seconds
[Worker0] Imported GUID: 63a012608de367444a8cfb3b43e4da64 - Path: Packages/com.unity.2d.tilemap/Editor/Icons/d_GridSelection@2x.png - Importer: ScriptedImporter/UnityEditor.QuickSearchModule:UnityEditor.Search:ASIAI0B -> (ImportResultId: '02a88027a01986cd7c0e401b2a1a9faa') in 0.009071208 seconds
[Worker1] Imported GUID: 8356cf4cb497279418c30e5fcdfe82b8 - Path: Packages/com.unity.2d.animation/Editor/LayoutOverlay/Manipulators - Importer: ScriptedImporter/UnityEditor.QuickSearchModule:UnityEditor.Search:ASIAI0B -> (ImportResultId: 'f2707e88a79b82273791ad136d7e5543') in 0.007959125 seconds
[Worker0] Imported GUID: 4e62fa74d1eac074cac268c2997a658c - Path: Packages/com.unity.2d.tilemap/Editor/Icons/d_Tilemap.GridPaint@4x.png - Importer: ScriptedImporter/UnityEditor.QuickSearchModule:UnityEditor.Search:ASIAI0B -> (ImportResultId: '6ea51fcbd330e40110aed13c9b33ca93') in 0.00936075 seconds
[Worker1] Imported GUID: 686a68bbb8472457a8f0f3615966c5df - Path: Packages/com.unity.2d.pixel-perfect/Editor/ObjectMenuCreation - Importer: ScriptedImporter/UnityEditor.QuickSearchModule:UnityEditor.Search:ASIAI0B -> (ImportResultId: '2a48bdf1fd6af60255f0b4729fceb83b') in 0.007628291 seconds
[Worker0] Imported GUID: e76bc39dceb8b72439432f8679056c92 - Path: Packages/com.unity.2d.animation/Editor/Assets/EditorIcons/d_Edit_Joints@3x.png - Importer: ScriptedImporter/UnityEditor.QuickSearchModule:UnityEditor.Search:ASIAI0B -> (ImportResultId: '250496d12476273142b2ca540cd1c430') in 0.010267666 seconds
[Worker1] Imported GUID: 48e86ca3e41834f60b0eae5fb521cfc4 - Path: Packages/com.unity.2d.animation/Editor/Assets/ComponentIcons/Animation.IKManager On@32.png - Importer: ScriptedImporter/UnityEditor.QuickSearchModule:UnityEditor.Search:ASIAI0B -> (ImportResultId: '732f3a70e8ddd64966a80084113e3edd') in 0.009650208 seconds
[Worker0] Imported GUID: a5f3e14c0830448a9f84a93865018449 - Path: Packages/com.unity.2d.common/Editor/InternalBridge/SpriteAtlasBridge.cs - Importer: ScriptedImporter/UnityEditor.QuickSearchModule:UnityEditor.Search:ASIAI0B -> (ImportResultId: 'd3ba7f0aa30b00e35fef5a74ec6bcf55') in 0.007871292 seconds
[Worker1] Imported GUID: 51167ca4da0b28040a7d5f7d97f77e86 - Path: Packages/com.unity.2d.animation/Editor/SkinningModule/SkinningCache/SkinningCachePersistentState.cs - Importer: ScriptedImporter/UnityEditor.QuickSearchModule:UnityEditor.Search:ASIAI0B -> (ImportResultId: '1283883f54365d67d5ad88bc3f3753cd') in 0.007421292 seconds
[Worker0] Imported GUID: 8b5e0f8599da083488da675fc79c5c66 - Path: Packages/com.unity.2d.tilemap/Editor/GridPaletteUtility.cs - Importer: ScriptedImporter/UnityEditor.QuickSearchModule:UnityEditor.Search:ASIAI0B -> (ImportResultId: '3aad486b653d22a0bccc409c8769a4bf') in 0.007524791 seconds
[Worker1] Imported GUID: ae2dc5ec348ae4090b36972f4222f358 - Path: Packages/com.unity.2d.animation/Profiler/Editor/UI/SpriteSkinProfilerView/SpriteSkinProfilerView.uxml - Importer: ScriptedImporter/UnityEditor.QuickSearchModule:UnityEditor.Search:ASIAI0B -> (ImportResultId: '22af22144a9f41253b2e54b8eb8946f7') in 0.008921292 seconds
[Worker0] Imported GUID: 8174b068fa7b788459b03cec80d0641a - Path: Packages/com.unity.2d.animation/Editor/Assets/EditorIcons/Selected/Generate_Weights@3x.png - Importer: ScriptedImporter/UnityEditor.QuickSearchModule:UnityEditor.Search:ASIAI0B -> (ImportResultId: '10c51fa87b19a33daa246d0d823176d5') in 0.009545375 seconds
[Worker1] Imported GUID: 088ce4ab56060504083daeb4556a09c1 - Path: Packages/com.unity.2d.animation/Editor/Assets/EditorIcons/Edit_Geometry@4x.png - Importer: ScriptedImporter/UnityEditor.QuickSearchModule:UnityEditor.Search:ASIAI0B -> (ImportResultId: '6f0190f0a100c033638d622a8448f34a') in 0.009179 seconds
[Worker0] Imported GUID: 7df3ec98f7c6bd740a979da7da668275 - Path: Packages/com.unity.2d.tilemap/Tests/Editor/TilemapPackageTests.cs - Importer: ScriptedImporter/UnityEditor.QuickSearchModule:UnityEditor.Search:ASIAI0B -> (ImportResultId: 'eba5cd83c5eb67b42999f55930ae1a1f') in 0.007493333 seconds
[Worker1] Imported GUID: 54ce89f1e912746ecb70ddf53bead1f8 - Path: Packages/com.unity.2d.animation/Editor/Assets/ComponentIcons/Animation.IKManager On@64.png - Importer: ScriptedImporter/UnityEditor.QuickSearchModule:UnityEditor.Search:ASIAI0B -> (ImportResultId: '32ee6d902d682460aa324279896a24e1') in 0.008978125 seconds
[Worker0] Imported GUID: 73abf7aa828f4af48fd619883a274b27 - Path: Packages/com.unity.2d.tooling/Editor/Insider/SpriteAtlas/SpriteAtlasIssueReport/UIElement/StyleSheet/Icon.uss - Importer: ScriptedImporter/UnityEditor.QuickSearchModule:UnityEditor.Search:ASIAI0B -> (ImportResultId: '898dd73910654a9a9a3fc003b6ef8ad0') in 0.007959667 seconds
[Worker1] Imported GUID: e02c5dbafeee6ae488b1efd88793f456 - Path: Packages/com.unity.2d.psdimporter/Tests/EditorTests/PlaceholderTests.cs - Importer: ScriptedImporter/UnityEditor.QuickSearchModule:UnityEditor.Search:ASIAI0B -> (ImportResultId: '2c53e7541f99a966dd6ec7c5dc6c31ff') in 0.007729125 seconds
[Worker0] Imported GUID: 25120529dad8a144fb8aa8b2f55d2562 - Path: Packages/com.unity.2d.sprite/Editor/SpriteEditorModule/SpriteFrameModule/SpriteFrameModuleBaseView.cs - Importer: ScriptedImporter/UnityEditor.QuickSearchModule:UnityEditor.Search:ASIAI0B -> (ImportResultId: '56f0433b78c9a702dd1e5aea087d19fb') in 0.007453041 seconds
[Worker1] Imported GUID: dd9f4de9063c9624fb0d6d883512ed9d - Path: Packages/com.unity.2d.common/Runtime/UTess2D - Importer: ScriptedImporter/UnityEditor.QuickSearchModule:UnityEditor.Search:ASIAI0B -> (ImportResultId: '61161cf96eb9339ed7b74bde0a5307d8') in 0.007652167 seconds
[Worker0] Imported GUID: 1c5db39ecfdc3764c9b3874920a80999 - Path: Packages/com.unity.2d.animation/Editor/Assets/EditorIcons/d_Visibility_Tool@2x 1.png - Importer: ScriptedImporter/UnityEditor.QuickSearchModule:UnityEditor.Search:ASIAI0B -> (ImportResultId: '58d975c29b3330c04f201780a531427b') in 0.009334416 seconds
[Worker1] Imported GUID: d0c7c8e72b5fcf84e9478a13bd449ae6 - Path: Packages/com.unity.2d.animation/Editor/Assets/EditorIcons/d_Generate_Geometry@3x.png - Importer: ScriptedImporter/UnityEditor.QuickSearchModule:UnityEditor.Search:ASIAI0B -> (ImportResultId: '11596bb57af52366dd734dfcaea8d3e3') in 0.009675791 seconds
[Worker0] Imported GUID: d1508e1dc42abb745b24c8891a614d2a - Path: Packages/com.unity.2d.spriteshape/Editor/Icons/SpriteShapeController@64.png - Importer: ScriptedImporter/UnityEditor.QuickSearchModule:UnityEditor.Search:ASIAI0B -> (ImportResultId: '4f356fa6cbd61e2b17bcb348fe148a4e') in 0.008934209 seconds
[Worker1] Imported GUID: 8f42b5a9ceac4020ab7f132059f79cb1 - Path: Packages/com.unity.2d.tilemap/Editor/UI/TilePaletteClipboardViewElement.cs - Importer: ScriptedImporter/UnityEditor.QuickSearchModule:UnityEditor.Search:ASIAI0B -> (ImportResultId: '8f5ef016dc9f41810b0fe8834ff8354e') in 0.008444 seconds
[Worker0] Imported GUID: ee0cc032b1dc4910a56877874fd77a0a - Path: Packages/com.unity.2d.sprite/Editor/SpriteEditorModule/SpriteFrameModule/Overlay/SpriteFrameModeToolStripBase.cs - Importer: ScriptedImporter/UnityEditor.QuickSearchModule:UnityEditor.Search:ASIAI0B -> (ImportResultId: 'b6117e76bc3a0f48106cda086dd95212') in 0.007486292 seconds
[Worker1] Imported GUID: c07475be16e5e4093a78d5271ca3abfd - Path: Packages/com.unity.2d.animation/Editor/Assets/ComponentIcons/d_Animation.SpriteLibraryManager@32.png - Importer: ScriptedImporter/UnityEditor.QuickSearchModule:UnityEditor.Search:ASIAI0B -> (ImportResultId: 'b0dc3c5f19884d4c0a8e4772dab87a19') in 0.009661083 seconds
[Worker0] Imported GUID: 678e07380549544ef9884c1817c65ae8 - Path: Packages/com.unity.2d.animation/Editor/Assets/ComponentIcons/Animation.SpriteSkin On@256.png - Importer: ScriptedImporter/UnityEditor.QuickSearchModule:UnityEditor.Search:ASIAI0B -> (ImportResultId: 'f50abe5c3cde045e3f136003a7ab9f98') in 0.009518375 seconds
[Worker1] Imported GUID: 24cf210708c57674b894af3341b1738b - Path: Packages/com.unity.2d.animation/Editor/Assets/EditorIcons/Selected/d_Bone@2x.png - Importer: ScriptedImporter/UnityEditor.QuickSearchModule:UnityEditor.Search:ASIAI0B -> (ImportResultId: '7cc0ab5efe4916765bb5de740e55089c') in 0.009613041 seconds
[Worker0] Imported GUID: 8c3235661573d7b44bd864536f83d0ea - Path: Packages/com.unity.2d.animation/Editor/Assets/EditorIcons/d_Edit_Joints.png - Importer: ScriptedImporter/UnityEditor.QuickSearchModule:UnityEditor.Search:ASIAI0B -> (ImportResultId: 'b2140a2031fb6d1acea69fa3cd9d826d') in 0.008895208 seconds
[Worker1] Imported GUID: afade8089b9d4585a5d60c8c8b1a8abd - Path: Packages/com.unity.2d.animation/Editor/SkinningModule/BatchedDrawing.cs - Importer: ScriptedImporter/UnityEditor.QuickSearchModule:UnityEditor.Search:ASIAI0B -> (ImportResultId: 'fb599970a769c5e2d7cb3b6edb1231f3') in 0.007729458 seconds
[Worker0] Imported GUID: 92be5a949cc9a014dbcb41d98e5aec03 - Path: Packages/com.unity.2d.animation/Editor/SkinningModule/SkinningModule.cs - Importer: ScriptedImporter/UnityEditor.QuickSearchModule:UnityEditor.Search:ASIAI0B -> (ImportResultId: 'b0979ad6e179bf571edeb6473fa80cdb') in 0.007473292 seconds
[Worker0] Imported GUID: f696b3ad2f974e1aa536d5dc83e25c49 - Path: Packages/com.unity.2d.tooling/Editor/Insider/Interface/AnalyzerIssueReportBase.cs - Importer: ScriptedImporter/UnityEditor.QuickSearchModule:UnityEditor.Search:ASIAI0B -> (ImportResultId: '8d77755385b43a79509905d5f066280e') in 0.007669458 seconds
[Worker1] Imported GUID: 1b45e34b5d565204db1307b88755e76d - Path: Packages/com.unity.2d.animation/Editor/Assets/SkinningModule/BoneInspectorPanel.uxml - Importer: ScriptedImporter/UnityEditor.QuickSearchModule:UnityEditor.Search:ASIAI0B -> (ImportResultId: '1203cb5b398ea85f9cf9e787e2ada106') in 0.011473791 seconds
[Worker0] Imported GUID: 0e5ae7fe3a07e88429a3e90897c6ab82 - Path: Packages/com.unity.2d.animation/Editor/Assets/EditorIcons/Create Bones.png - Importer: ScriptedImporter/UnityEditor.QuickSearchModule:UnityEditor.Search:ASIAI0B -> (ImportResultId: 'c2dd1e2b3476bf8e6b753b41d456be42') in 0.010453083 seconds
[Worker1] Imported GUID: 0d841f054a46c40bc878c70ce26a2c2a - Path: Packages/com.unity.2d.animation/Editor/Assets/SkinningModule/PivotInspectorPanel.uxml - Importer: ScriptedImporter/UnityEditor.QuickSearchModule:UnityEditor.Search:ASIAI0B -> (ImportResultId: '771620ee430eb2e656db4d5328d79401') in 0.009483333 seconds
[Worker0] Imported GUID: 51b8cbcbf34a36243a954f42c5d344fc - Path: Packages/com.unity.2d.tilemap/Editor/Icons/Grid.RotateACW@2x.png - Importer: ScriptedImporter/UnityEditor.QuickSearchModule:UnityEditor.Search:ASIAI0B -> (ImportResultId: '380a7ab6e74a653ff873dc3f51ce6a9b') in 0.009753291 seconds
[Worker1] Imported GUID: d195aed64b2027a4197eb33df30324a3 - Path: Packages/com.unity.2d.animation/Editor/Assets/SkinningModule/BoneReparentWindow.uxml - Importer: ScriptedImporter/UnityEditor.QuickSearchModule:UnityEditor.Search:ASIAI0B -> (ImportResultId: '760f39872d4590ca428e6c302632c814') in 0.009223583 seconds
[Worker0] Imported GUID: fbcb8ff63a5f44e1b539d4ec1b31175e - Path: Packages/com.unity.2d.aseprite/Editor/AsepriteImporterSettings.cs - Importer: ScriptedImporter/UnityEditor.QuickSearchModule:UnityEditor.Search:ASIAI0B -> (ImportResultId: '9af407584727e8de20095d8830d60b0c') in 0.007649458 seconds
[Worker1] Imported GUID: 30cd9a00cfd8f49a7bc262f7a63fd31a - Path: Packages/com.unity.2d.common/Path/Editor/IMGUI/GUIFramework/Control.cs - Importer: ScriptedImporter/UnityEditor.QuickSearchModule:UnityEditor.Search:ASIAI0B -> (ImportResultId: 'a47cff623a00d475d5bd72a687e14ac9') in 0.007315209 seconds
[Worker0] Imported GUID: 14eab3f75d7d9eb479d8880e6ad90557 - Path: Packages/com.unity.2d.animation/Editor/LayoutOverlay/ScrollableToolbar.cs - Importer: ScriptedImporter/UnityEditor.QuickSearchModule:UnityEditor.Search:ASIAI0B -> (ImportResultId: '488e6b74e3f049630c6ca92c84f62de6') in 0.008094084 seconds
[Worker1] Imported GUID: 558997ec9158c584a9ba9ee3eddbe8b0 - Path: Packages/com.unity.2d.animation/Editor/Assets/EditorIcons/Selected/Edit_Pose@3x.png - Importer: ScriptedImporter/UnityEditor.QuickSearchModule:UnityEditor.Search:ASIAI0B -> (ImportResultId: '42d20ef3a5015ab6e1242e9b278f7cae') in 0.010741375 seconds
[Worker0] Imported GUID: 3233afe4c448d4eb198cfb1ca54feb3b - Path: Packages/com.unity.2d.animation/Editor/Assets/EditorIcons/Warning@2x.png - Importer: ScriptedImporter/UnityEditor.QuickSearchModule:UnityEditor.Search:ASIAI0B -> (ImportResultId: '50d95b7cd4557971d9a41c14c776c804') in 0.009310792 seconds
[Worker1] Imported GUID: 5156a72be078d4d0e8593843cdc34294 - Path: Packages/com.unity.2d.animation/Editor/Assets/ComponentIcons/Animation.IKCCD@128.png - Importer: ScriptedImporter/UnityEditor.QuickSearchModule:UnityEditor.Search:ASIAI0B -> (ImportResultId: '048df3434f40a2df1f190aa545810afe') in 0.008886167 seconds
[Worker0] Imported GUID: 5c81e841f99f744f997dfa12ce9c2a82 - Path: Packages/com.unity.2d.animation/Editor/Assets/ComponentIcons/Animation.IKManager On@128.png - Importer: ScriptedImporter/UnityEditor.QuickSearchModule:UnityEditor.Search:ASIAI0B -> (ImportResultId: '79bccd48a08996652a7e1fbf4e7d8f9b') in 0.009395208 seconds
[Worker1] Imported GUID: 8858edd76d8a6e37f414d9cf57e91814 - Path: Packages/com.unity.2d.tilemap.extras - Importer: ScriptedImporter/UnityEditor.QuickSearchModule:UnityEditor.Search:ASIAI0B -> (ImportResultId: '9d5bbf7cb966a5cb2187a5dea4dcea0f') in 0.007323333 seconds
[Worker1] Imported GUID: 620c158a2e9b847248f3f7ebb6738323 - Path: Packages/com.unity.2d.animation/Editor/SpriteSkin - Importer: ScriptedImporter/UnityEditor.QuickSearchModule:UnityEditor.Search:ASIAI0B -> (ImportResultId: 'ed4b1ceb60ad8d7913a8b629316fd52b') in 0.007368041 seconds
[Worker0] Imported GUID: ea292d445b1c4cb48897511cd9453f1c - Path: Packages/com.unity.2d.animation/Editor/Assets/EditorIcons/Selected/Generate_Weights@4x.png - Importer: ScriptedImporter/UnityEditor.QuickSearchModule:UnityEditor.Search:ASIAI0B -> (ImportResultId: '4c7ebded47690d679a2b95d125da1f32') in 0.009212542 seconds
[Worker1] Imported GUID: 1d81f1654f20d4bae8f5f63150d74bcc - Path: Packages/com.unity.2d.animation/Runtime/SpriteLib/SpriteLibraryData.cs - Importer: ScriptedImporter/UnityEditor.QuickSearchModule:UnityEditor.Search:ASIAI0B -> (ImportResultId: '36ba646bd62089e0c0ab25a48441b51c') in 0.007583333 seconds
[Worker0] Imported GUID: 7b6edb0347e814797aa9c181f8e5918f - Path: Packages/com.unity.2d.animation/Editor/SkinningModule/IMGUI/RectSelectionTool.cs - Importer: ScriptedImporter/UnityEditor.QuickSearchModule:UnityEditor.Search:ASIAI0B -> (ImportResultId: '8b9ed27171dba76109ab785ef6fe4ba0') in 0.007514333 seconds
[Worker1] Imported GUID: 0a1ce61609bfe5541aea5f933f4a25de - Path: Packages/com.unity.2d.tilemap.extras/Editor/Tiles/RuleOverrideTile - Importer: ScriptedImporter/UnityEditor.QuickSearchModule:UnityEditor.Search:ASIAI0B -> (ImportResultId: 'ea936ff933f1a2fad1804d091dc0bced') in 0.0078445 seconds
[Worker0] Imported GUID: 0e0d5e38f19194a978d2f42b0b806775 - Path: Packages/com.unity.2d.animation/Editor/Assets/EditorIcons/Sprite_Influence@4x.png - Importer: ScriptedImporter/UnityEditor.QuickSearchModule:UnityEditor.Search:ASIAI0B -> (ImportResultId: '9997a77e4a7d97c7a67833910327983f') in 0.009351 seconds
[Worker1] Imported GUID: fe145a004cb46de488885e70d26cade0 - Path: Packages/com.unity.2d.animation/Editor/Assets/EditorIcons/d_Bone@3x.png - Importer: ScriptedImporter/UnityEditor.QuickSearchModule:UnityEditor.Search:ASIAI0B -> (ImportResultId: '1f2848afd92a018607822d566bd1ebe2') in 0.008951417 seconds
[Worker0] Imported GUID: 8dad9bd3cf16d46f794821e888c403c2 - Path: Packages/com.unity.2d.spriteshape/Editor/SpriteShapeControllerEditor.cs - Importer: ScriptedImporter/UnityEditor.QuickSearchModule:UnityEditor.Search:ASIAI0B -> (ImportResultId: '657559ba48848461f18b5102ab092261') in 0.007256209 seconds
[Worker1] Imported GUID: 474d43676f25748e8b57742ef900fe95 - Path: Packages/com.unity.2d.psdimporter/Editor/UTK/ImportColumn.cs - Importer: ScriptedImporter/UnityEditor.QuickSearchModule:UnityEditor.Search:ASIAI0B -> (ImportResultId: '0c7da704239798aacace5b3f7b6858d1') in 0.008608167 seconds
[Worker0] Imported GUID: 7e4df1ebe88c5426a8fbcf6549817807 - Path: Packages/com.unity.2d.animation/Profiler/Editor/UI/SpriteSkinStatisticView/SpriteSkinStatisticView.uxml - Importer: ScriptedImporter/UnityEditor.QuickSearchModule:UnityEditor.Search:ASIAI0B -> (ImportResultId: 'af3619197b84a93085dcc68c48276471') in 0.010024333 seconds
[Worker1] Imported GUID: 33bd6f61ca79e43debb3ddbcee35f5ee - Path: Packages/com.unity.2d.animation/Editor/UpgradeTools/Utilities - Importer: ScriptedImporter/UnityEditor.QuickSearchModule:UnityEditor.Search:ASIAI0B -> (ImportResultId: 'd3f0667089dd83d0077359770e4bb36b') in 0.0081165 seconds
[Worker0] Imported GUID: f42a3190e3d947b58cebb766e628aa36 - Path: Packages/com.unity.2d.tilemap.extras/Editor/Tiles/AutoTile/AutoTileEditor.cs - Importer: ScriptedImporter/UnityEditor.QuickSearchModule:UnityEditor.Search:ASIAI0B -> (ImportResultId: '6e645e44904858b9f97ddc07548f3d91') in 0.007417292 seconds
[Worker1] Imported GUID: c29cff538c195c249b69c6f2236de67b - Path: Packages/com.unity.2d.animation/Runtime/SpriteLib/SpriteLibrary.cs - Importer: ScriptedImporter/UnityEditor.QuickSearchModule:UnityEditor.Search:ASIAI0B -> (ImportResultId: '33a01289d2b860b11d2a938261392015') in 0.007948542 seconds
[Worker0] Imported GUID: f6b2d5715ac4ed8478b3819e8fe5918a - Path: Packages/com.unity.2d.psdimporter/Editor/PSDPlugin/PsdFile/ImageResources - Importer: ScriptedImporter/UnityEditor.QuickSearchModule:UnityEditor.Search:ASIAI0B -> (ImportResultId: '33905974d2f5c4c3215b7dff8c92b9fe') in 0.007709042 seconds
[Worker1] Imported GUID: fcf9d5fa95289914b82e16091eedfb4f - Path: Packages/com.unity.2d.animation/Editor/SpriteLib/SpriteResolverInspector.cs - Importer: ScriptedImporter/UnityEditor.QuickSearchModule:UnityEditor.Search:ASIAI0B -> (ImportResultId: '27117673132c4b94aa9c8483206625d3') in 0.007849625 seconds
[Worker0] Imported GUID: a061223c7e76544829ec45015410a4b4 - Path: Packages/com.unity.2d.animation/LICENSE.md - Importer: ScriptedImporter/UnityEditor.QuickSearchModule:UnityEditor.Search:ASIAI0B -> (ImportResultId: '457d64e61a403889eb30dd1d82a13e0c') in 0.00757675 seconds
[Worker1] Imported GUID: bd604afe90023492586ef97592e54ba4 - Path: Packages/com.unity.2d.tilemap.extras/Editor/Tiles/RuleOverrideTile/AdvancedRuleOverrideTileEditor.cs - Importer: ScriptedImporter/UnityEditor.QuickSearchModule:UnityEditor.Search:ASIAI0B -> (ImportResultId: '0d6f33e6a6757a7f5d43e20aab29c5e6') in 0.00771 seconds
[Worker0] Imported GUID: 9ee4e8d7932896548ab9dd0fa6efebc5 - Path: Packages/com.unity.2d.animation/Editor/SkinningModule/MeshTool - Importer: ScriptedImporter/UnityEditor.QuickSearchModule:UnityEditor.Search:ASIAI0B -> (ImportResultId: '9818f437c04ea9470d068b5f74ed61e4') in 0.007585125 seconds
[Worker1] Imported GUID: 6e6ff0d919800e24484d21950e3d851f - Path: Packages/com.unity.2d.tilemap/Editor/EditorTools/BoxTool.cs - Importer: ScriptedImporter/UnityEditor.QuickSearchModule:UnityEditor.Search:ASIAI0B -> (ImportResultId: '82b8ac2e7c1ad3979381c47be41b0d2f') in 0.007658042 seconds
[Worker0] Imported GUID: 3de656e186ce0704e8676716fcaf733f - Path: Packages/com.unity.2d.psdimporter/Editor/PSDPlugin/PsdFile/PsdFile.cs - Importer: ScriptedImporter/UnityEditor.QuickSearchModule:UnityEditor.Search:ASIAI0B -> (ImportResultId: '3556bc300653bd70580f4c69a9f68e88') in 0.007416208 seconds
[Worker1] Imported GUID: d6b617973b614012805b1c3eff75ae08 - Path: Packages/com.unity.2d.sprite/Editor/ProjectSettings/SpriteFrameModuleSettings/SpriteFrameModuleSettingsAsset.cs - Importer: ScriptedImporter/UnityEditor.QuickSearchModule:UnityEditor.Search:ASIAI0B -> (ImportResultId: '3cf60ca8c71a1e3b125d5554f36c241e') in 0.007406292 seconds
[Worker0] Imported GUID: c40c2d7ca127c0243a5c4254595d2869 - Path: Packages/com.unity.2d.common/Editor/ScriptablePacker/SpriteAtlasGeometryPacker.asset - Importer: ScriptedImporter/UnityEditor.QuickSearchModule:UnityEditor.Search:ASIAI0B -> (ImportResultId: '5c7448e3d6d927373c667649b96fccaa') in 0.009354833 seconds
[Worker1] Imported GUID: b0a2bc09e0ec6405388c569a95759f9f - Path: Packages/com.unity.2d.animation/Editor/UpgradeTools/UI - Importer: ScriptedImporter/UnityEditor.QuickSearchModule:UnityEditor.Search:ASIAI0B -> (ImportResultId: '007382dd66f8297160adcfecfbd2bd95') in 0.007783042 seconds
[Worker0] Imported GUID: 1ff2d8e9b21a4a2a89da86d99fc4e92b - Path: Packages/com.unity.2d.animation/Profiler/Editor/UI/SpriteSkinProfilerView/SpriteSkinProfilerView.cs - Importer: ScriptedImporter/UnityEditor.QuickSearchModule:UnityEditor.Search:ASIAI0B -> (ImportResultId: '65404121649b4e2c64644c50377d6f8e') in 0.007451167 seconds
[Worker1] Imported GUID: 7fcfe3c97703ff145afae98c5b358e95 - Path: Packages/com.unity.2d.animation/Editor/SkinningModule/SkinningCache/CharacterCache.cs - Importer: ScriptedImporter/UnityEditor.QuickSearchModule:UnityEditor.Search:ASIAI0B -> (ImportResultId: '59a456b7189a31b70bf65f4f220af5c5') in 0.007614166 seconds
[Worker0] Imported GUID: 40263a400c0cb405fbc0934955644bb5 - Path: Packages/com.unity.2d.aseprite/Editor/Common - Importer: ScriptedImporter/UnityEditor.QuickSearchModule:UnityEditor.Search:ASIAI0B -> (ImportResultId: '4c62e1890a9688f8a6321191e5f09faf') in 0.007412792 seconds
[Worker1] Imported GUID: 58147b5e82a62ad4aacd2cfa2ef653bc - Path: Packages/com.unity.2d.tilemap.extras/Editor - Importer: ScriptedImporter/UnityEditor.QuickSearchModule:UnityEditor.Search:ASIAI0B -> (ImportResultId: '2890e1d90164d317fe70463d74711044') in 0.007475583 seconds
[Worker0] Imported GUID: db49e13fa9e16dc44b5ffb6bc43d4235 - Path: Packages/com.unity.2d.animation/Editor/Assets/EditorIcons/d_Generate_Geometry@4x.png - Importer: ScriptedImporter/UnityEditor.QuickSearchModule:UnityEditor.Search:ASIAI0B -> (ImportResultId: 'ab376f86b36b66eb284aaa2e2f6e4bc0') in 0.009188834 seconds
[Worker1] Imported GUID: b892ef76b3d1b46f2b3d4ba33d5d588c - Path: Packages/com.unity.2d.aseprite/Editor/Common/InternalBridge/InternalBridgeRef.asmref - Importer: ScriptedImporter/UnityEditor.QuickSearchModule:UnityEditor.Search:ASIAI0B -> (ImportResultId: 'ae3658ed9e05df5a731147643a2b8975') in 0.007838333 seconds
[Worker0] Imported GUID: caccfbdb442cdc64fa722b4c5585521f - Path: Packages/com.unity.2d.spriteshape/Runtime/Unity.2D.SpriteShape.Runtime.asmdef - Importer: ScriptedImporter/UnityEditor.QuickSearchModule:UnityEditor.Search:ASIAI0B -> (ImportResultId: '78ad1f74dd85f3580f06bb58f0d8b86e') in 0.007224875 seconds
[Worker1] Imported GUID: 326d53b2fd514a84b69ee80aa0ba5493 - Path: Packages/com.unity.2d.aseprite/Editor/Inspector/ExportAssetsPopup.cs - Importer: ScriptedImporter/UnityEditor.QuickSearchModule:UnityEditor.Search:ASIAI0B -> (ImportResultId: 'd00b9ea92958d4db164a03030ff0bfbd') in 0.007438084 seconds
[Worker0] Imported GUID: a855026b258150c418b14e56540f642a - Path: Packages/com.unity.2d.animation/Editor/Assets/EditorIcons/d_Edit_Geometry.png - Importer: ScriptedImporter/UnityEditor.QuickSearchModule:UnityEditor.Search:ASIAI0B -> (ImportResultId: 'a8407bff7038c1923b08afccfc18e1cf') in 0.008972541 seconds
[Worker1] Imported GUID: a573a189e85fcd243a32fa6ac742ca44 - Path: Packages/com.unity.2d.tilemap.extras/Editor/Tiles/HexagonalRuleTile/HexagonalRuleTileEditor.cs - Importer: ScriptedImporter/UnityEditor.QuickSearchModule:UnityEditor.Search:ASIAI0B -> (ImportResultId: 'ae4aee0433c9fddffd20cce0215acd04') in 0.007794791 seconds
[Worker0] Imported GUID: 8a7d4bd6e93e45bba4d6067fcdc39f85 - Path: Packages/com.unity.2d.animation/Editor/EditorUtilities.cs - Importer: ScriptedImporter/UnityEditor.QuickSearchModule:UnityEditor.Search:ASIAI0B -> (ImportResultId: 'e0d4a2dbeb1092a5c58c8e85322123fa') in 0.008082833 seconds
[Worker1] Imported GUID: 3d834cd56fabc3447b5e84a6ad97d96a - Path: Packages/com.unity.2d.spriteshape/Runtime/External/LibTessDotNet/Mesh.cs - Importer: ScriptedImporter/UnityEditor.QuickSearchModule:UnityEditor.Search:ASIAI0B -> (ImportResultId: 'f91dc2db3360fb4b39aec0bd6011b7f9') in 0.007570916 seconds
[Worker0] Imported GUID: 441bdab385c714051a00808c9bfc1766 - Path: Packages/com.unity.2d.tilemap.extras/Editor/Brushes/RandomBrush/d_RandomBrush.png - Importer: ScriptedImporter/UnityEditor.QuickSearchModule:UnityEditor.Search:ASIAI0B -> (ImportResultId: 'f3811104051ef86c6ef062f09df17eaf') in 0.009374166 seconds
[Worker1] Imported GUID: e3dfa6de9ba76974d864f021fdb7d162 - Path: Packages/com.unity.2d.tilemap/Editor/EditorTools/GridSelection/GridSelectionTool.cs - Importer: ScriptedImporter/UnityEditor.QuickSearchModule:UnityEditor.Search:ASIAI0B -> (ImportResultId: '4bb7c467f5e7c5a69992b13ae37626c6') in 0.00741625 seconds
[Worker1] Imported GUID: 67c313dc248945dc9c62ded69fae5dee - Path: Packages/com.unity.2d.tilemap/Editor/TileSet/TileSetImporterEditor.cs - Importer: ScriptedImporter/UnityEditor.QuickSearchModule:UnityEditor.Search:ASIAI0B -> (ImportResultId: 'f120a7854a30932fd2b4814f1390a8e1') in 0.007591375 seconds
[Worker0] Imported GUID: 54a610f7c311dfd44ab29f9eaec16137 - Path: Packages/com.unity.2d.animation/Editor/Assets/EditorIcons/d_Locked.png - Importer: ScriptedImporter/UnityEditor.QuickSearchModule:UnityEditor.Search:ASIAI0B -> (ImportResultId: '3dba8d8d6754517b0a2250843d4b7baa') in 0.009592375 seconds
[Worker0] Imported GUID: bc6da4580f5514e458fe5def87e138be - Path: Packages/com.unity.2d.psdimporter/Editor/Assets/root-green.mat - Importer: ScriptedImporter/UnityEditor.QuickSearchModule:UnityEditor.Search:ASIAI0B -> (ImportResultId: '9074f673a4345cd7ebb10e77193980e7') in 0.008075958 seconds
[Worker1] Imported GUID: 0530bfa18fbf4a140b3a604c988a9a4b - Path: Packages/com.unity.2d.animation/Editor/Assets/EditorIcons/d_Split_Edge.png - Importer: ScriptedImporter/UnityEditor.QuickSearchModule:UnityEditor.Search:ASIAI0B -> (ImportResultId: 'a0189028d0f0a71c1a1cbe4b3c7e8eee') in 0.010208791 seconds
[Worker0] Imported GUID: a714f9a492de26847891e2833d0f9235 - Path: Packages/com.unity.2d.tilemap/Editor/GridPaintTargetsDropdown.cs - Importer: ScriptedImporter/UnityEditor.QuickSearchModule:UnityEditor.Search:ASIAI0B -> (ImportResultId: '351b4e1adb9d58ed037ce39ebc04fdc1') in 0.008065583 seconds
[Worker1] Imported GUID: 643691433f00ba14c9a7656af511f144 - Path: Packages/com.unity.2d.tilemap/Editor/UI/TilePaletteBrushInspectorPopup.cs - Importer: ScriptedImporter/UnityEditor.QuickSearchModule:UnityEditor.Search:ASIAI0B -> (ImportResultId: '481a3408e6c6af585d873a965cb7bc9f') in 0.007428292 seconds
[Worker1] Imported GUID: de89e38f975b648ee8a3157737d2e442 - Path: Packages/com.unity.2d.psdimporter/Editor/Assets/Icons/Selected - Importer: ScriptedImporter/UnityEditor.QuickSearchModule:UnityEditor.Search:ASIAI0B -> (ImportResultId: 'bf566a477a57634932c3f62afea77ba0') in 0.007812917 seconds
[Worker0] Imported GUID: af7181f404f1447c0a7a17b3070b952b - Path: Packages/com.unity.2d.spriteshape/Runtime/SpriteShape.cs - Importer: ScriptedImporter/UnityEditor.QuickSearchModule:UnityEditor.Search:ASIAI0B -> (ImportResultId: '945d100ec4baaed30b2aa1bc56bbfb39') in 0.008046125 seconds
[Worker1] Imported GUID: c8c72f5be5ed1d44b9a3bde2d9c137c8 - Path: Packages/com.unity.2d.tilemap.extras/Runtime/Tiles/IsometricRuleTile - Importer: ScriptedImporter/UnityEditor.QuickSearchModule:UnityEditor.Search:ASIAI0B -> (ImportResultId: 'a1056bc32c0c213c80375cad08e1f31e') in 0.00786575 seconds
[Worker0] Imported GUID: 04e6c3cc740a491458073f2f715066f6 - Path: Packages/com.unity.2d.tilemap/Editor/Icons/d_EditorUI.Target.png - Importer: ScriptedImporter/UnityEditor.QuickSearchModule:UnityEditor.Search:ASIAI0B -> (ImportResultId: '6e2dfb6f90309ad3ac2dcee627bb4cba') in 0.00950925 seconds
[Worker1] Imported GUID: aab45f472c6d49c39ebd1e06a629680e - Path: Packages/com.unity.2d.sprite/Editor/SpriteEditorModule/SpriteFrameModule/SpriteFrameEditor/SpriteFrameEditorModeToggle.cs - Importer: ScriptedImporter/UnityEditor.QuickSearchModule:UnityEditor.Search:ASIAI0B -> (ImportResultId: 'd9a426696c342ba7bcea1b53b59ddc47') in 0.007759417 seconds
[Worker0] Imported GUID: 13c8bd32c985e204eafd19f6360119db - Path: Packages/com.unity.2d.tilemap/Editor/Icons/Tilemap.EditPalette@2x.png - Importer: ScriptedImporter/UnityEditor.QuickSearchModule:UnityEditor.Search:ASIAI0B -> (ImportResultId: 'b97b0225cf24ad5bec00714c94bf51dc') in 0.009112333 seconds
[Worker1] Imported GUID: 603d454d711fe784cba9ce08dd22b881 - Path: Packages/com.unity.2d.spriteshape/Editor/Handles/Shaders/Sprites-Inspector.shader - Importer: ScriptedImporter/UnityEditor.QuickSearchModule:UnityEditor.Search:ASIAI0B -> (ImportResultId: 'bc6e21e8d9d1ce3c4278d84d86103594') in 0.007873625 seconds
[Worker0] Imported GUID: 343de650405d34e75bf52853707670d5 - Path: Packages/com.unity.2d.animation/Editor/Assets/ComponentIcons/d_Animation.IKFabrik@32.png - Importer: ScriptedImporter/UnityEditor.QuickSearchModule:UnityEditor.Search:ASIAI0B -> (ImportResultId: 'ca92b75ae90e8066d37612e83d692423') in 0.010211458 seconds
[Worker1] Imported GUID: 1c1fa730356b2f54e932bbcfe5507f93 - Path: Packages/com.unity.2d.animation/Editor/SkinningModule/OutlineGenerator/IOutlineGenerator.cs - Importer: ScriptedImporter/UnityEditor.QuickSearchModule:UnityEditor.Search:ASIAI0B -> (ImportResultId: '06c8d1b2bbfc9e4c4409cb758d6cff7a') in 0.007629125 seconds
[Worker0] Imported GUID: ef3672bed7321e34da872e8c2e205209 - Path: Packages/com.unity.2d.animation/Editor/Assets/EditorIcons/Generate_Weights@2x.png - Importer: ScriptedImporter/UnityEditor.QuickSearchModule:UnityEditor.Search:ASIAI0B -> (ImportResultId: '2d95c1be15b42773d89e31dd52674db3') in 0.009169292 seconds
[Worker1] Imported GUID: e5e3ba1225f594f54ba207cd108d2d69 - Path: Packages/com.unity.2d.common/Path/Editor/EditablePath/BezierUtility.cs - Importer: ScriptedImporter/UnityEditor.QuickSearchModule:UnityEditor.Search:ASIAI0B -> (ImportResultId: '54861b0fa88049f1d9076a5bb87550db') in 0.007539042 seconds
[Worker0] Imported GUID: 64ce47adfe8718046a27fd95ffeee1b1 - Path: Packages/com.unity.2d.spriteshape/Runtime/External/LibTessDotNet/Sweep.cs - Importer: ScriptedImporter/UnityEditor.QuickSearchModule:UnityEditor.Search:ASIAI0B -> (ImportResultId: 'cb3a0cad7206c2d24646ba51ac2269c4') in 0.007797166 seconds
[Worker1] Imported GUID: fa634564b74fbc74fa10950e7ac8e8d8 - Path: Packages/com.unity.2d.common/Runtime/UTess2D/UHull.cs - Importer: ScriptedImporter/UnityEditor.QuickSearchModule:UnityEditor.Search:ASIAI0B -> (ImportResultId: 'c5b19a8bcd54bd2b0fd35fac1da4b160') in 0.007272458 seconds
[Worker1] Imported GUID: f082b41644e404df69242fcd0ca2ff3c - Path: Packages/com.unity.2d.common/Path/Editor/EditablePath/IEditablePathController.cs - Importer: ScriptedImporter/UnityEditor.QuickSearchModule:UnityEditor.Search:ASIAI0B -> (ImportResultId: 'ef0aac949d65c718459da658fb37b3fd') in 0.007823875 seconds
[Worker0] Imported GUID: 66fa19194577350438c952106f661c2f - Path: Packages/com.unity.2d.animation/Editor/Assets/EditorIcons/Create_Vertex@3x.png - Importer: ScriptedImporter/UnityEditor.QuickSearchModule:UnityEditor.Search:ASIAI0B -> (ImportResultId: 'ec6d57478f298b74cb986a9baa4f014c') in 0.009659209 seconds
[Worker1] Imported GUID: 4a8c9a26423648b7886216545f1a319e - Path: Packages/com.unity.2d.tilemap.extras/Editor/Tiles/AutoTile/UI/AutoTileTextureImporterElement.cs - Importer: ScriptedImporter/UnityEditor.QuickSearchModule:UnityEditor.Search:ASIAI0B -> (ImportResultId: 'b62fdf87a2c62f0d1dd584062212621f') in 0.008131208 seconds
[Worker0] Imported GUID: fe95aee6edcd44a18bb5f5ff8269e300 - Path: Packages/com.unity.2d.common/Path/Editor/Handles/TangentBroken.png - Importer: ScriptedImporter/UnityEditor.QuickSearchModule:UnityEditor.Search:ASIAI0B -> (ImportResultId: '0fd6839ec22a90a8b090f79d05f1c3a5') in 0.009902917 seconds
[Worker1] Imported GUID: 7f0671c40ca5e46f5bf215ab8ac0464f - Path: Packages/com.unity.2d.sprite/Editor/SpriteEditorModule/SpriteFrameModule/DefaultSpriteNameFileIdDataProvider.cs - Importer: ScriptedImporter/UnityEditor.QuickSearchModule:UnityEditor.Search:ASIAI0B -> (ImportResultId: '9ca0b42bce83d551877c1d2613ef8a8a') in 0.007594125 seconds
[Worker0] Imported GUID: 03bfc083748b8452197dde3b8ea7f575 - Path: Packages/com.unity.2d.spriteshape/Tests/Editor/Unity.2D.SpriteShape.EditorTests.asmdef - Importer: ScriptedImporter/UnityEditor.QuickSearchModule:UnityEditor.Search:ASIAI0B -> (ImportResultId: '464f6a2bb637b780c69177337bca65b4') in 0.00719525 seconds
[Worker0] Imported GUID: daabb48969fe3724f80d2c96d89d710e - Path: Packages/com.unity.2d.animation/Editor/SkinningModule/CharacterModeTool/SwitchModeTool.cs - Importer: ScriptedImporter/UnityEditor.QuickSearchModule:UnityEditor.Search:ASIAI0B -> (ImportResultId: 'cb05210f260f18520e9a1c43681e0299') in 0.0074955 seconds
[Worker1] Imported GUID: f6d23106ef95d476889330aede914e93 - Path: Packages/com.unity.2d.animation/Editor/Assets/EditorIcons/True.png - Importer: ScriptedImporter/UnityEditor.QuickSearchModule:UnityEditor.Search:ASIAI0B -> (ImportResultId: '73e4c50ae425f85b599bafb3805a6674') in 0.009570375 seconds
[Worker0] Imported GUID: cdccb0d77f2e841e1bc2c5f367d4df33 - Path: Packages/com.unity.2d.tilemap/Editor/Icons/EditorUI.Filter.png - Importer: ScriptedImporter/UnityEditor.QuickSearchModule:UnityEditor.Search:ASIAI0B -> (ImportResultId: '32f747e798fabe895b5cf344ea04da2c') in 0.009471959 seconds
[Worker1] Imported GUID: 3706f0af0fd964c949932a2664734f23 - Path: Packages/com.unity.2d.animation/Editor/Assets/ComponentIcons/d_GreenCheck.png - Importer: ScriptedImporter/UnityEditor.QuickSearchModule:UnityEditor.Search:ASIAI0B -> (ImportResultId: '310e128bd2a7141cc2a094defbb21b91') in 0.008772583 seconds
[Worker0] Imported GUID: 4598ea5d00316445abd4ab7d202861fd - Path: Packages/com.unity.mathematics/Tests/Editor - Importer: ScriptedImporter/UnityEditor.QuickSearchModule:UnityEditor.Search:ASIAI0B -> (ImportResultId: 'd03ddc433e6fa67833be572695958401') in 0.007608083 seconds
[Worker1] Imported GUID: 2ba760cb26319f14f86529637445de30 - Path: Packages/com.unity.2d.spriteshape/Editor/Handles/Shaders - Importer: ScriptedImporter/UnityEditor.QuickSearchModule:UnityEditor.Search:ASIAI0B -> (ImportResultId: '6fd5452740da3b30d04d06b2c8afe5be') in 0.007512083 seconds
[Worker1] Imported GUID: 581429495f52d4087af4d3c4584955b5 - Path: Packages/com.unity.2d.animation/Editor/SkinningModule/SkinningCache/CharacterGroupCache.cs - Importer: ScriptedImporter/UnityEditor.QuickSearchModule:UnityEditor.Search:ASIAI0B -> (ImportResultId: '7183da951019da51839ab8e62da7abb1') in 0.007944292 seconds
[Worker0] Imported GUID: a39e33a7bab4436585a7d4bdeaa84efc - Path: Packages/com.unity.2d.animation/Editor/Assets/SkinningModule/PoseToolbarStyle.uss - Importer: ScriptedImporter/UnityEditor.QuickSearchModule:UnityEditor.Search:ASIAI0B -> (ImportResultId: '995391dd37831eec62b82e3ee1fcabb1') in 0.010487167 seconds
[Worker1] Imported GUID: e272669ad3c0d124e900b8216b156eb2 - Path: Packages/com.unity.2d.tilemap/Editor/TileSet - Importer: ScriptedImporter/UnityEditor.QuickSearchModule:UnityEditor.Search:ASIAI0B -> (ImportResultId: 'c800a43f2011293ce4f8b522866a775e') in 0.00753925 seconds
[Worker0] Imported GUID: c21e2663cf9e69a40b8ac0838a3f9ae1 - Path: Packages/com.unity.2d.psdimporter/Editor/PSDPlugin - Importer: ScriptedImporter/UnityEditor.QuickSearchModule:UnityEditor.Search:ASIAI0B -> (ImportResultId: '5010f990e700dfe952e16438cce2f5db') in 0.007367625 seconds
[Worker1] Imported GUID: 85a51339245d4c48bad2e2d97f9fa389 - Path: Packages/com.unity.2d.aseprite/Editor/Aseprite/Chunks/OldPaletteChunk.cs - Importer: ScriptedImporter/UnityEditor.QuickSearchModule:UnityEditor.Search:ASIAI0B -> (ImportResultId: '714fc55e53a20c55d1d08b6037c661e7') in 0.007637167 seconds
[Worker0] Imported GUID: 1da4b8d35afa8314198e7b69dc383431 - Path: Packages/com.unity.2d.animation/Editor/Assets/EditorIcons/Selected/Edit_Pose@2x.png - Importer: ScriptedImporter/UnityEditor.QuickSearchModule:UnityEditor.Search:ASIAI0B -> (ImportResultId: '1bda5213516cdd5f13e938f5331d08c8') in 0.008750042 seconds
[Worker1] Imported GUID: aa59961bf83f3b64f93ee898f3f51ec4 - Path: Packages/com.unity.2d.animation/Runtime/NativeCustomSlice.cs - Importer: ScriptedImporter/UnityEditor.QuickSearchModule:UnityEditor.Search:ASIAI0B -> (ImportResultId: '44fc9b0f5dec9a4900ac9551287e913e') in 0.007478333 seconds
[Worker0] Imported GUID: 0a2dae245e3ce6444a467f0c55afd6f2 - Path: Packages/com.unity.2d.animation/Editor/SkinningModule/SkinningCache/SkeletonCacheExtensions.cs - Importer: ScriptedImporter/UnityEditor.QuickSearchModule:UnityEditor.Search:ASIAI0B -> (ImportResultId: 'cef80e9b1db8d1de1386a741df383ebb') in 0.007702 seconds
[Worker1] Imported GUID: 9ec0dd685bf4644828c054d5c6ff15d3 - Path: Packages/com.unity.2d.spriteshape/Editor/ObjectMenuCreation/DefaultAssets/Sprite Shape Profiles - Importer: ScriptedImporter/UnityEditor.QuickSearchModule:UnityEditor.Search:ASIAI0B -> (ImportResultId: 'bd9e5f419c4d45a76009cd6e50cab6ac') in 0.007828583 seconds
[Worker0] Imported GUID: ebefc406fa7f065458cfccf8e07be2f9 - Path: Packages/com.unity.2d.animation/Editor/SkinningModule/ModuleToolGroup.cs - Importer: ScriptedImporter/UnityEditor.QuickSearchModule:UnityEditor.Search:ASIAI0B -> (ImportResultId: 'd04366f642f4a9cf2149cd4d1188e9d5') in 0.007770167 seconds
[Worker1] Imported GUID: 1c147ba63e8144fe8101e48bb19e3027 - Path: Packages/com.unity.2d.psdimporter/Editor/TextContent.cs - Importer: ScriptedImporter/UnityEditor.QuickSearchModule:UnityEditor.Search:ASIAI0B -> (ImportResultId: '295098aff88fec654b5c54dc2201edb4') in 0.008351333 seconds
[Worker0] Imported GUID: 80b572e0f086ba540b44ec45a404263a - Path: Packages/com.unity.2d.animation/Editor/SkinningModule/VisibilityTool/VisibilityToolBase.cs - Importer: ScriptedImporter/UnityEditor.QuickSearchModule:UnityEditor.Search:ASIAI0B -> (ImportResultId: '6f8905eef8044608b6cb36850a28eaa6') in 0.008438667 seconds
[Worker1] Imported GUID: 45612d93bb71d8f48bb1dba4b0f5caac - Path: Packages/com.unity.2d.tilemap/Editor/Icons/Tilemap.BrushPicks@4x.png - Importer: ScriptedImporter/UnityEditor.QuickSearchModule:UnityEditor.Search:ASIAI0B -> (ImportResultId: '05d65e4aa7004ffaae63eadd1da06916') in 0.01029625 seconds
[Worker0] Imported GUID: 3c84cd9c7ddd51c4b959d02c41aced07 - Path: Packages/com.unity.2d.animation/Editor/Assets/EditorIcons/Split_Edge@2x.png - Importer: ScriptedImporter/UnityEditor.QuickSearchModule:UnityEditor.Search:ASIAI0B -> (ImportResultId: '15041ef0485c173e6df83ef5c8ec070f') in 0.013178458 seconds
[Worker1] Imported GUID: 9fcfe7284d9f34b4eae286b83227271d - Path: Packages/com.unity.2d.psdimporter/Editor/PSDPlugin/PDNWrapper - Importer: ScriptedImporter/UnityEditor.QuickSearchModule:UnityEditor.Search:ASIAI0B -> (ImportResultId: '1dcea8d0730a1018ac2c8a9237b712a6') in 0.008652208 seconds
[Worker0] Imported GUID: 476f7c6c6dfeed041b063446a926e656 - Path: Packages/com.unity.2d.pixel-perfect/Runtime/Unity.2D.PixelPerfect.asmdef - Importer: ScriptedImporter/UnityEditor.QuickSearchModule:UnityEditor.Search:ASIAI0B -> (ImportResultId: '804d3be494bb47c162628a99e11cd59f') in 0.0084375 seconds
[Worker1] Imported GUID: 33af26bf23234fa5bd708d0441d6dcef - Path: Packages/com.unity.2d.tilemap/Editor/UI/TilePaletteClipboardErrorElement.cs - Importer: ScriptedImporter/UnityEditor.QuickSearchModule:UnityEditor.Search:ASIAI0B -> (ImportResultId: 'b310bb5bcf1cfeda84bac20fbdab20f8') in 0.008110375 seconds
[Worker0] Imported GUID: ae8222a77d2168b45b8a300c2ae1300b - Path: Packages/com.unity.2d.animation/Editor/SkinningModule/SpriteBoneInfluence - Importer: ScriptedImporter/UnityEditor.QuickSearchModule:UnityEditor.Search:ASIAI0B -> (ImportResultId: '318b13ab3b0dc137f14f501141897503') in 0.008270083 seconds
[Worker1] Imported GUID: c4e78ec955914854d9c9c68fa7af1742 - Path: Packages/com.unity.2d.psdimporter/Editor/PSDPlugin/PsdFile/PsdBlendMode.cs - Importer: ScriptedImporter/UnityEditor.QuickSearchModule:UnityEditor.Search:ASIAI0B -> (ImportResultId: '10ebf7cc07056599638d3ff70839e7c9') in 0.009317292 seconds
[Worker0] Imported GUID: 88550efdfb3734011ab1fc63037b4a20 - Path: Packages/com.unity.2d.animation/Editor/Assets/EditorIcons/EditorUI.Filter.png - Importer: ScriptedImporter/UnityEditor.QuickSearchModule:UnityEditor.Search:ASIAI0B -> (ImportResultId: '11080db88de30820eb4b9edb949058b8') in 0.010399333 seconds
[Worker1] Imported GUID: 3eaae332f5b546b586f9346fd2df4c2b - Path: Packages/com.unity.2d.aseprite/Editor/Aseprite/Chunks/UserDataChunk.cs - Importer: ScriptedImporter/UnityEditor.QuickSearchModule:UnityEditor.Search:ASIAI0B -> (ImportResultId: 'ff8ec005303f549fca836d8d3c8bea07') in 0.008040709 seconds
[Worker0] Imported GUID: 74d5c6e86f4a1214ca6e9737086f7468 - Path: Packages/com.unity.2d.common/Runtime/InternalBridge/InternalEngineBridge.cs - Importer: ScriptedImporter/UnityEditor.QuickSearchModule:UnityEditor.Search:ASIAI0B -> (ImportResultId: '53649087b9787fa5199356ef50cdcb46') in 0.008162959 seconds
[Worker1] Imported GUID: 1223ca7d04e5a4ad08a8d648c4e2a09e - Path: Packages/com.unity.2d.animation/Editor/Assets/ComponentIcons/Animation.SpriteResolver On@64.png - Importer: ScriptedImporter/UnityEditor.QuickSearchModule:UnityEditor.Search:ASIAI0B -> (ImportResultId: '6bf7a0cfe0b3e0ca234ca84308e302d8') in 0.009959833 seconds
[Worker0] Imported GUID: f1522af249bd249dc969942b2f9c4608 - Path: Packages/com.unity.2d.animation/Editor/Assets/ComponentIcons/d_Animation.IKLimb@32.png - Importer: ScriptedImporter/UnityEditor.QuickSearchModule:UnityEditor.Search:ASIAI0B -> (ImportResultId: '4787f8cd6621fa72073d9a37417a2a1d') in 0.010373459 seconds
[Worker1] Imported GUID: 1e8e9dfdc6cd4f8497f2f0b1060e9e26 - Path: Packages/com.unity.2d.animation/Profiler/Runtime/Animation2DProfilerMarkers.cs - Importer: ScriptedImporter/UnityEditor.QuickSearchModule:UnityEditor.Search:ASIAI0B -> (ImportResultId: 'c09c53c27327d167b4b8e05e4e2bc783') in 0.007991334 seconds
[Worker0] Imported GUID: 7974be9b5f0db0f41a7acc758375c648 - Path: Packages/com.unity.2d.spriteshape/Runtime/AssemblyInfo.cs - Importer: ScriptedImporter/UnityEditor.QuickSearchModule:UnityEditor.Search:ASIAI0B -> (ImportResultId: 'eff814eb3af3bd33b91493ca90a3720e') in 0.008348292 seconds
[Worker1] Imported GUID: ed130aac49764ad4f9d35454c297b75a - Path: Packages/com.unity.2d.animation/Editor/Assets/EditorIcons/d_Split_Edge@4x.png - Importer: ScriptedImporter/UnityEditor.QuickSearchModule:UnityEditor.Search:ASIAI0B -> (ImportResultId: 'fe6f6fe196653b861ea07afdefefbf31') in 0.009892792 seconds
[Worker1] Imported GUID: ae8c330bf6174923a364fa0270305d26 - Path: Packages/com.unity.2d.aseprite/Editor/Tasks/PixelBlends.cs - Importer: ScriptedImporter/UnityEditor.QuickSearchModule:UnityEditor.Search:ASIAI0B -> (ImportResultId: '337f1774518d77d672b2423f7891293e') in 0.007512417 seconds
[Worker0] Imported GUID: 6b35476d10ed5614a949de8f7c45b534 - Path: Packages/com.unity.2d.animation/Editor/Assets/EditorIcons/Split Bones@3x.png - Importer: ScriptedImporter/UnityEditor.QuickSearchModule:UnityEditor.Search:ASIAI0B -> (ImportResultId: 'b5b752da5bfd7b97e4e539cc2065e251') in 0.010199 seconds
[Worker0] Imported GUID: 4a4d0d0740dce7045a9925d5be120303 - Path: Packages/com.unity.2d.animation/IK/Editor/Inspectors/Solver2DEditor.cs - Importer: ScriptedImporter/UnityEditor.QuickSearchModule:UnityEditor.Search:ASIAI0B -> (ImportResultId: 'e79a616a4e05e07ca2c8302177d89f72') in 0.00787225 seconds
[Worker1] Imported GUID: f12ec30f9a76d4738bacb26b0c22165d - Path: Packages/com.unity.2d.psdimporter/Editor/Assets/Icons/Dark/Layers Mixed@2x.png - Importer: ScriptedImporter/UnityEditor.QuickSearchModule:UnityEditor.Search:ASIAI0B -> (ImportResultId: '1dc97156e40b49a6ea2d951ddb6b8328') in 0.010379625 seconds
[Worker1] Imported GUID: fdeb3f88d08262349a273cebdd343d57 - Path: Packages/com.unity.2d.tilemap/Editor/TileSet/TileSetImporter.cs - Importer: ScriptedImporter/UnityEditor.QuickSearchModule:UnityEditor.Search:ASIAI0B -> (ImportResultId: '4bf34e0435c61159b8f93d79e2176069') in 0.008008625 seconds
[Worker0] Imported GUID: 2870bda067c0e4d58911767e41709dd2 - Path: Packages/com.unity.2d.psdimporter/Editor/Assets/Icons/Selected/Layers Collapsed@1x.png - Importer: ScriptedImporter/UnityEditor.QuickSearchModule:UnityEditor.Search:ASIAI0B -> (ImportResultId: 'd221b07f8b23248c198103fc1b968938') in 0.010334583 seconds
[Worker1] Imported GUID: 3d0cb420882fe5d48ba544c0bb493094 - Path: Packages/com.unity.2d.tilemap.extras/Runtime/Tiles/HexagonalRuleTile - Importer: ScriptedImporter/UnityEditor.QuickSearchModule:UnityEditor.Search:ASIAI0B -> (ImportResultId: 'b2336ec20a171124178a52ead11557ba') in 0.008685208 seconds
[Worker0] Imported GUID: af1e44f72ff2436c93634dc6cba0ed8e - Path: Packages/com.unity.2d.tilemap/Editor/EditorTools/RotateTool.cs - Importer: ScriptedImporter/UnityEditor.QuickSearchModule:UnityEditor.Search:ASIAI0B -> (ImportResultId: 'eb7677fa6ea262c5e46fc7918d25c829') in 0.00804525 seconds
[Worker1] Imported GUID: b08ceb78e3b2495b8d808a5860e66794 - Path: Packages/com.unity.2d.tilemap.extras/Runtime/Tiles/AutoTile/AutoTile.cs - Importer: ScriptedImporter/UnityEditor.QuickSearchModule:UnityEditor.Search:ASIAI0B -> (ImportResultId: '8941b7d506b32529136a26cbdb40288c') in 0.00843575 seconds
[Worker0] Imported GUID: c33b82aa5373c4e1f8e2d43210c97c45 - Path: Packages/com.unity.2d.tilemap/Editor/Icons/d_EditorUI.Filter.png - Importer: ScriptedImporter/UnityEditor.QuickSearchModule:UnityEditor.Search:ASIAI0B -> (ImportResultId: 'b14d5d835c1182c85c5c0df55f2e4170') in 0.010225041 seconds
[Worker1] Imported GUID: 8884154dfe85442a3a3578be807dbcdf - Path: Packages/com.unity.2d.sprite/Editor/ObjectMenuCreation/DefaultAssets/Textures/v2/9Sliced.png - Importer: ScriptedImporter/UnityEditor.QuickSearchModule:UnityEditor.Search:ASIAI0B -> (ImportResultId: '77460429b15cb7d5eeb3a1ef84341bbc') in 0.011117291 seconds
[Worker0] Imported GUID: 6e2a81314a40c43849866fb7490cb521 - Path: Packages/com.unity.2d.animation/Editor/Assets/ComponentIcons/Animation.SpriteResolver On@32.png - Importer: ScriptedImporter/UnityEditor.QuickSearchModule:UnityEditor.Search:ASIAI0B -> (ImportResultId: 'e321845c6a39ce2ab0256e3af3dfeb09') in 0.010956 seconds
[Worker1] Imported GUID: 3e6e6fbbd946d0541923f45f4eaa2cf1 - Path: Packages/com.unity.2d.animation/Editor/Assets/EditorIcons/Selected/Weight_Brush@3x.png - Importer: ScriptedImporter/UnityEditor.QuickSearchModule:UnityEditor.Search:ASIAI0B -> (ImportResultId: 'fe662892bad4a7b46b09d989fe612e3e') in 0.010596167 seconds
[Worker0] Imported GUID: 953b8abb3b6548c4294b547c2f473be0 - Path: Packages/com.unity.2d.animation/Editor/Assets/EditorIcons/Mesh@4x.png - Importer: ScriptedImporter/UnityEditor.QuickSearchModule:UnityEditor.Search:ASIAI0B -> (ImportResultId: '05a3f7f8d51c58a8a39d135f357b561b') in 0.010023333 seconds
[Worker1] Imported GUID: 9aa06092e0908a84585e814e7c214a51 - Path: Packages/com.unity.2d.spriteshape/Runtime/SpriteShapeGeometryCache.cs - Importer: ScriptedImporter/UnityEditor.QuickSearchModule:UnityEditor.Search:ASIAI0B -> (ImportResultId: 'a2d96be5a3c9c48972ef3fb2eb64b194') in 0.009379834 seconds
[Worker0] Imported GUID: 05c5f13370d29414b9489151a4f5c666 - Path: Packages/com.unity.2d.animation/Editor/Assets/EditorIcons/d_Generate_Weights.png - Importer: ScriptedImporter/UnityEditor.QuickSearchModule:UnityEditor.Search:ASIAI0B -> (ImportResultId: '01e419f1f8f83e145cfb5169b8d1bc88') in 0.009745542 seconds
[Worker0] Imported GUID: dcf0b2fc1fc794a9f919ec1610b03a1f - Path: Packages/com.unity.2d.tilemap/Third Party Notices.md - Importer: ScriptedImporter/UnityEditor.QuickSearchModule:UnityEditor.Search:ASIAI0B -> (ImportResultId: 'e670ed50d60f4076ac43cc9af0d5788b') in 0.007943458 seconds
[Worker1] Imported GUID: 1e0f2b45945c8254abd59f40d783c11f - Path: Packages/com.unity.2d.animation/Editor/Assets/EditorIcons/d_Bone_Influence@4x.png - Importer: ScriptedImporter/UnityEditor.QuickSearchModule:UnityEditor.Search:ASIAI0B -> (ImportResultId: '6523244b372dce786df640b22111206a') in 0.010998125 seconds
[Worker0] Imported GUID: 2d273e946d0b400a8bc9d2cb4c1946c9 - Path: Packages/com.unity.2d.tilemap/Editor/UI/External/GridView.uss - Importer: ScriptedImporter/UnityEditor.QuickSearchModule:UnityEditor.Search:ASIAI0B -> (ImportResultId: 'a9a219112ff7dfef8b5a891fe96fa0c2') in 0.008866959 seconds
[Worker1] Imported GUID: 35be39f5c9654938acc9e21286d3080a - Path: Packages/com.unity.2d.tooling/Editor/Insider/SpriteAtlas/SpriteAtlasIssueReport/SpriteAtlasIssuesContainer - Importer: ScriptedImporter/UnityEditor.QuickSearchModule:UnityEditor.Search:ASIAI0B -> (ImportResultId: '48768923f499f34f48a7ad02072e00c0') in 0.007870042 seconds
[Worker1] Imported GUID: 744511170d2d3a7469a933bed4f61c03 - Path: Packages/com.unity.2d.tooling/CHANGELOG.md - Importer: ScriptedImporter/UnityEditor.QuickSearchModule:UnityEditor.Search:ASIAI0B -> (ImportResultId: 'f12d2a09a40e94008ffb8f3a2e286107') in 0.007962083 seconds
[Worker0] Imported GUID: 2de348482e4ae654d84449d90f5c7a34 - Path: Packages/com.unity.2d.animation/IK/Runtime/AssemblyInfo.cs - Importer: ScriptedImporter/UnityEditor.QuickSearchModule:UnityEditor.Search:ASIAI0B -> (ImportResultId: 'ae9d2d1a6e9d0f9c0815ac07e4e55c7a') in 0.008550458 seconds
[Worker1] Imported GUID: 6cf9bcb22d1f73e42a7abe79808d5902 - Path: Packages/com.unity.2d.tilemap/Editor/EditorTools/GridSelection/GridSelectionRotationTool.cs - Importer: ScriptedImporter/UnityEditor.QuickSearchModule:UnityEditor.Search:ASIAI0B -> (ImportResultId: 'c4d93850bba588c0ee00e1a2e1dcfbf6') in 0.008403458 seconds
[Worker0] Imported GUID: efd5d361c5243f44093e56522f66225a - Path: Packages/com.unity.2d.spriteshape/Editor/SpriteSelector.cs - Importer: ScriptedImporter/UnityEditor.QuickSearchModule:UnityEditor.Search:ASIAI0B -> (ImportResultId: '983ffd95577fcf4044bd8178b88b622a') in 0.008331917 seconds
[Worker0] Imported GUID: 9a0b4268ba5dc4df2be1d60b2d633c80 - Path: Assets/HelloWorld.cs - Importer: PreviewImporter -> (ImportResultId: '6f389b1f5e8ee0b0c8c01276c58cf2db') in 0.007731125 seconds
[Worker1] Imported GUID: 6259913e8d526e447bf2ff536882fa6c - Path: Packages/com.unity.2d.psdimporter/Editor/PSDPlugin/PsdFile/Compression/ZipPredict16Image.cs - Importer: ScriptedImporter/UnityEditor.QuickSearchModule:UnityEditor.Search:ASIAI0B -> (ImportResultId: '2dcdfa9dbc34cc9d4859d8aa806e36ac') in 0.008447708 seconds
[Worker0] Imported GUID: 453cfcbf89b424ad9a293b19d1e3d4bb - Path: Packages/com.unity.2d.sprite/Editor/UI/SpriteEditor/SpriteOutlineToolOverlayPanelStyle.uss - Importer: ScriptedImporter/UnityEditor.QuickSearchModule:UnityEditor.Search:ASIAI0B -> (ImportResultId: 'c67f9453d77f5952350a1f4e3394c55c') in 0.009367042 seconds
[Worker1] Imported GUID: a4a8b6ebb023f4786b192a65f264a697 - Path: Packages/com.unity.2d.psdimporter/Editor/Assets/Icons/Light/Layers Separated@4x.png - Importer: ScriptedImporter/UnityEditor.QuickSearchModule:UnityEditor.Search:ASIAI0B -> (ImportResultId: 'f77787297f0fe411f549e4f2c343d69f') in 0.010141333 seconds
[Worker1] Imported GUID: ae5924760c9fbf54d89df9f13435887e - Path: Packages/com.unity.2d.animation/Editor/Assets/EditorIcons/Generate_Geometry@2x.png - Importer: ScriptedImporter/UnityEditor.QuickSearchModule:UnityEditor.Search:ASIAI0B -> (ImportResultId: 'af9be9a0c62b674f1f71acdbbeeb82bd') in 0.009640958 seconds
[Worker0] Imported GUID: 900065f34a33d2e478bf93a0191f68de - Path: Packages/com.unity.2d.animation/Editor/Assets/EditorIcons/Split_Edge.png - Importer: ScriptedImporter/UnityEditor.QuickSearchModule:UnityEditor.Search:ASIAI0B -> (ImportResultId: 'bdd1acf5f706f3f6c381630246c5087a') in 0.009666875 seconds
[Worker0] Imported GUID: 0ae2b74b1edd14bb18dd7b65ae916a54 - Path: Packages/com.unity.2d.spriteshape/Editor/ObjectMenuCreation/DefaultAssets/Sprite Shapes/SpriteShapeEdge.png - Importer: ScriptedImporter/UnityEditor.QuickSearchModule:UnityEditor.Search:ASIAI0B -> (ImportResultId: 'c256fac871a840be23c48c140b87c9d8') in 0.009597417 seconds
[Worker1] Imported GUID: d1c2be2a893c441fca30fe5d470e0d3e - Path: Packages/com.unity.2d.animation/Editor/Assets/ComponentIcons/Animation.IKFabrik@32.png - Importer: ScriptedImporter/UnityEditor.QuickSearchModule:UnityEditor.Search:ASIAI0B -> (ImportResultId: '51f609d8338114b49e074175bb7ea0bc') in 0.009513208 seconds
[Worker1] Imported GUID: 738c3a248be1a42db9d2f2ce9265899c - Path: Packages/com.unity.2d.animation/Profiler/Editor/UI/SpriteSkinHierarchyView/SpriteSkinHierarchyView.uxml - Importer: ScriptedImporter/UnityEditor.QuickSearchModule:UnityEditor.Search:ASIAI0B -> (ImportResultId: 'dc3d64669f0c732775482caea09a1060') in 0.010511458 seconds
[Worker0] Imported GUID: dd81f55787e496249bb4111007562ef5 - Path: Packages/com.unity.2d.tilemap/Editor/Icons/d_EditorUI.TargetHover@4x.png - Importer: ScriptedImporter/UnityEditor.QuickSearchModule:UnityEditor.Search:ASIAI0B -> (ImportResultId: 'c0d04da51cc63217da15c752110be474') in 0.01108825 seconds
[Worker0] Imported GUID: e88839abd78a4233a27f8885c9c95714 - Path: Packages/com.unity.2d.tilemap/Editor/UI/TextUtility.cs - Importer: ScriptedImporter/UnityEditor.QuickSearchModule:UnityEditor.Search:ASIAI0B -> (ImportResultId: 'f43b929b6fee617aadd0d0112a179c11') in 0.007627834 seconds
[Worker1] Imported GUID: 806458e67991c7449a38f7d942188a0e - Path: Packages/com.unity.2d.psdimporter/Editor/PSDPlugin/PDNWrapper/PDNDecodeJob.cs - Importer: ScriptedImporter/UnityEditor.QuickSearchModule:UnityEditor.Search:ASIAI0B -> (ImportResultId: '2ab9485dbfaf41167c89f848dd970f24') in 0.009009417 seconds
[Worker0] Imported GUID: 74791f07064cb01408ec2b306c5bc798 - Path: Packages/com.unity.2d.animation/Editor/SkinningModule/VisibilityTool - Importer: ScriptedImporter/UnityEditor.QuickSearchModule:UnityEditor.Search:ASIAI0B -> (ImportResultId: '6e5ffa6b1fdba8578c178e6a98a6e5ff') in 0.007972958 seconds
[Worker1] Imported GUID: b1575b7a6ef047c4ab65d2fc455e5e22 - Path: Packages/com.unity.2d.psdimporter/Editor/Tasks - Importer: ScriptedImporter/UnityEditor.QuickSearchModule:UnityEditor.Search:ASIAI0B -> (ImportResultId: 'c55c632bfca6d36247bf0291f3ea8bcc') in 0.0073685 seconds
[Worker0] Imported GUID: 74ab527625c374ee2bd1e687a90f25d6 - Path: Packages/com.unity.2d.common/Path/Editor/Shapes - Importer: ScriptedImporter/UnityEditor.QuickSearchModule:UnityEditor.Search:ASIAI0B -> (ImportResultId: '61bd0ef00eefb5ff96c99a0203071a34') in 0.007806459 seconds
[Worker1] Imported GUID: 241898342fd2d2d478d8d74aff380666 - Path: Packages/com.unity.2d.tilemap/Editor/CreateTileFromPaletteAttribute.cs - Importer: ScriptedImporter/UnityEditor.QuickSearchModule:UnityEditor.Search:ASIAI0B -> (ImportResultId: '45737452062126cab4fe58117aba18ec') in 0.007593875 seconds
[Worker0] Imported GUID: 6210598a979f8724a8dac4531c428889 - Path: Packages/com.unity.2d.tilemap.extras/Editor/Brushes/LineBrush/LineBrush.cs - Importer: ScriptedImporter/UnityEditor.QuickSearchModule:UnityEditor.Search:ASIAI0B -> (ImportResultId: '0190f3e5309236fbc922d582ecf9fbb9') in 0.007417417 seconds
[Worker1] Imported GUID: e7ae402e1190249f4a2be52eb7ec09c5 - Path: Packages/com.unity.2d.animation/Editor/Assets/EditorIcons/SetPivot.png - Importer: ScriptedImporter/UnityEditor.QuickSearchModule:UnityEditor.Search:ASIAI0B -> (ImportResultId: 'dd206da56c78aa10be2b357c73b78cf5') in 0.009016916 seconds
[Worker0] Imported GUID: e60718119cec31e4190849292fcde068 - Path: Packages/com.unity.2d.animation/Editor/Assets/EditorIcons/Selected/character_Mode.png - Importer: ScriptedImporter/UnityEditor.QuickSearchModule:UnityEditor.Search:ASIAI0B -> (ImportResultId: 'b39092ae263aaa969dc6084b15e466e6') in 0.009853709 seconds
[Worker1] Imported GUID: 19fb86013d8c24d6cb8410c0aadf30fa - Path: Packages/com.unity.2d.sprite/Editor/ObjectMenuCreation/DefaultAssets/Textures/v2/IsometricDiamond.png - Importer: ScriptedImporter/UnityEditor.QuickSearchModule:UnityEditor.Search:ASIAI0B -> (ImportResultId: 'd5173ac55ae5c2e52aa70cf2bb2c6c37') in 0.009764666 seconds
[Worker0] Imported GUID: 8a2cf010fb12d5146a68fb9a7b4d89fe - Path: Packages/com.unity.2d.tilemap.extras/README.md - Importer: ScriptedImporter/UnityEditor.QuickSearchModule:UnityEditor.Search:ASIAI0B -> (ImportResultId: '36f4cead93840a549d0d7d8c1c2049c3') in 0.007758625 seconds
[Worker1] Imported GUID: acc0de355e663464684a1b81871fe30b - Path: Packages/com.unity.2d.animation/Editor/SkinningModule/SkeletonTool/SkeletonTool.cs - Importer: ScriptedImporter/UnityEditor.QuickSearchModule:UnityEditor.Search:ASIAI0B -> (ImportResultId: '70a56b3269c71df687d2b1a5fa933b03') in 0.007447875 seconds
[Worker0] Imported GUID: a4bd00ede69846b09887862b63441ab7 - Path: Packages/com.unity.2d.tooling/Editor/Insider/AnalyzerWindow - Importer: ScriptedImporter/UnityEditor.QuickSearchModule:UnityEditor.Search:ASIAI0B -> (ImportResultId: '36b1769b1751f31d14816df3b495c316') in 0.007826542 seconds
[Worker1] Imported GUID: 91006214ab79ae444b7ae4f0e018beb8 - Path: Packages/com.unity.2d.psdimporter/Editor/Tasks/FlattenImageTask.cs - Importer: ScriptedImporter/UnityEditor.QuickSearchModule:UnityEditor.Search:ASIAI0B -> (ImportResultId: '2d2e04b788a7938d7f08314c2fec9acf') in 0.00745975 seconds
[Worker1] Imported GUID: 415cd2cd116f59445a6667da7c21b4ac - Path: Packages/com.unity.2d.animation/IK/Editor/AssemblyInfo.cs - Importer: ScriptedImporter/UnityEditor.QuickSearchModule:UnityEditor.Search:ASIAI0B -> (ImportResultId: 'd59b88f9254173006d0640f4e3d016fd') in 0.007560666 seconds
[Worker0] Imported GUID: af04f3196abef440b94c03fbe3dab00f - Path: Packages/com.unity.2d.animation/Editor/Assets/ComponentIcons/Animation.SpriteLibraryVar@256.png - Importer: ScriptedImporter/UnityEditor.QuickSearchModule:UnityEditor.Search:ASIAI0B -> (ImportResultId: '2f029b53919c44d08bb382abd4680062') in 0.009736875 seconds
[Worker1] Imported GUID: 50d3cd2f336704fcf9cf5b293c10ba9c - Path: Packages/com.unity.2d.animation/Editor/Assets/ComponentIcons/Animation.IKCCD On@128.png - Importer: ScriptedImporter/UnityEditor.QuickSearchModule:UnityEditor.Search:ASIAI0B -> (ImportResultId: 'b283d07b9d5ea8e72abb6eeff13b0bbc') in 0.009819291 seconds
[Worker0] Imported GUID: b3f6a0922e3511840813c51882c0907b - Path: Packages/com.unity.2d.tilemap/Editor/Icons/d_Tilemap.ShowTilePalette@2x.png - Importer: ScriptedImporter/UnityEditor.QuickSearchModule:UnityEditor.Search:ASIAI0B -> (ImportResultId: '8854ebbd6f6961f295505cb6c83a6e79') in 0.009309667 seconds
[Worker0] Imported GUID: 3b1f1c1705419448398bbfafa99724cc - Path: Packages/com.unity.2d.tilemap.extras/Editor/Brushes/GameObjectBrush/GameObjectBrush@2x.png - Importer: ScriptedImporter/UnityEditor.QuickSearchModule:UnityEditor.Search:ASIAI0B -> (ImportResultId: '354251c4df7bce4a0b038f86da570719') in 0.008970125 seconds
[Worker1] Imported GUID: 7bbb98f319252794fab775275aa2632d - Path: Packages/com.unity.2d.animation/Editor/Assets/SkinningModule/PastePanel.uxml - Importer: ScriptedImporter/UnityEditor.QuickSearchModule:UnityEditor.Search:ASIAI0B -> (ImportResultId: '7693b4e4438b8fb7eed7d09e68bd15be') in 0.009958208 seconds
[Worker1] Imported GUID: 0d85df098cac143f6bca4a59cf2b1deb - Path: Packages/com.unity.2d.common/Path/Editor/IMGUI/CreatePointAction.cs - Importer: ScriptedImporter/UnityEditor.QuickSearchModule:UnityEditor.Search:ASIAI0B -> (ImportResultId: '13aa6ddfb0fd60887e44d29353e87d38') in 0.007532833 seconds
[Worker0] Imported GUID: 0779ad3feec52124e97114bcbb12ef13 - Path: Packages/com.unity.2d.animation/Editor/Assets/EditorIcons/Selected/Bone_Influence@2x.png - Importer: ScriptedImporter/UnityEditor.QuickSearchModule:UnityEditor.Search:ASIAI0B -> (ImportResultId: '0d493a9149fa5ab40e2a355def77e354') in 0.009238458 seconds
[Worker1] Imported GUID: 360cfd7debcd44adfbb69d1911de502d - Path: Packages/com.unity.2d.psdimporter/Editor/Assets/Icons/Dark/Layers Collapsed@2x.png - Importer: ScriptedImporter/UnityEditor.QuickSearchModule:UnityEditor.Search:ASIAI0B -> (ImportResultId: 'e8808970660231b73ec57091d6a4aaa6') in 0.009708416 seconds
[Worker0] Imported GUID: 216c53aef79eaaf40a1800cc5e542dc3 - Path: Packages/com.unity.2d.animation/Editor/Assets/EditorIcons/Visibility_Tool@4x.png - Importer: ScriptedImporter/UnityEditor.QuickSearchModule:UnityEditor.Search:ASIAI0B -> (ImportResultId: 'cc08b889c38b2a799ae452c876a01ad8') in 0.010292167 seconds
[Worker0] Imported GUID: c8b8e2589ccf4d3ba594afa054b8ccc0 - Path: Packages/com.unity.2d.aseprite/Editor/Aseprite/Chunks/ColorProfileChunk.cs - Importer: ScriptedImporter/UnityEditor.QuickSearchModule:UnityEditor.Search:ASIAI0B -> (ImportResultId: 'a494777c3eee2c0524fb286fbb8730cd') in 0.007312458 seconds
[Worker1] Imported GUID: 0f26b0f71c3344e8b8838eb64eb7d9e9 - Path: Packages/com.unity.2d.animation/Editor/Assets/EditorIcons/d_Sprite_Influence@2x.png - Importer: ScriptedImporter/UnityEditor.QuickSearchModule:UnityEditor.Search:ASIAI0B -> (ImportResultId: '35e8dafbd33506da3f00400738b6dd58') in 0.010051875 seconds
[Worker0] Imported GUID: bd1051621083e784fb548003ae41bf3d - Path: Packages/com.unity.2d.tilemap/Editor/TilemapPrefabStageHelper.cs - Importer: ScriptedImporter/UnityEditor.QuickSearchModule:UnityEditor.Search:ASIAI0B -> (ImportResultId: '7343cd8e12a22b66cd6ae16e34437303') in 0.007824084 seconds
[Worker1] Imported GUID: 1bb69cd91685d9248a58b144052746f3 - Path: Packages/com.unity.2d.animation/Editor/Assets/EditorIcons/Selected/d_Bone@4x.png - Importer: ScriptedImporter/UnityEditor.QuickSearchModule:UnityEditor.Search:ASIAI0B -> (ImportResultId: '7d8b6279b046cd96a009b7ab59f1aa66') in 0.009309792 seconds
[Worker0] Imported GUID: 8dc999fb86ea8ae49b4cc23cf7d6afd1 - Path: Packages/com.unity.2d.tilemap/Editor/UI/TilePaletteBrushesDropdownToggle.cs - Importer: ScriptedImporter/UnityEditor.QuickSearchModule:UnityEditor.Search:ASIAI0B -> (ImportResultId: '7bed659654a9416f6d8e7ab0ac8e712d') in 0.007505542 seconds
[Worker1] Imported GUID: aebb69cf5dff0af40889258ae645be7a - Path: Packages/com.unity.2d.tilemap.extras/Editor/Brushes/LineBrush - Importer: ScriptedImporter/UnityEditor.QuickSearchModule:UnityEditor.Search:ASIAI0B -> (ImportResultId: '9a407a22717e005f5a1f5e156a8eac6f') in 0.007377333 seconds
[Worker0] Imported GUID: 8f503e223cd1e624d9aae16f915047f3 - Path: Packages/com.unity.2d.animation/Editor/SkinningModule/MeshPreviewTool/MeshPreviewBehaviour.cs - Importer: ScriptedImporter/UnityEditor.QuickSearchModule:UnityEditor.Search:ASIAI0B -> (ImportResultId: 'd82600bc405f52f156ce90f48ed65da9') in 0.007784583 seconds
[Worker1] Imported GUID: 80f77a76467b24d1a856328afa989eb3 - Path: Packages/com.unity.2d.animation/Editor/Assets/EditorIcons/Selected/Sprite_Influence@2x.png - Importer: ScriptedImporter/UnityEditor.QuickSearchModule:UnityEditor.Search:ASIAI0B -> (ImportResultId: '260a0dce8e7d8c2ac460b74e4c3c823b') in 0.009070583 seconds
[Worker0] Imported GUID: ba26b3dd8fad470fa0cae38f46992d1a - Path: Packages/com.unity.2d.tooling/Editor/Insider/Utilities/LazyLoadReference.cs - Importer: ScriptedImporter/UnityEditor.QuickSearchModule:UnityEditor.Search:ASIAI0B -> (ImportResultId: 'ad6bf58369efeeb10795e913ff0535db') in 0.007772958 seconds
[Worker1] Imported GUID: b49189d5fba8b4ee597cd3301adbc47a - Path: Packages/com.unity.2d.animation/Runtime/BatchedDeformation/BoneTransformsChangeDetectionJob.cs - Importer: ScriptedImporter/UnityEditor.QuickSearchModule:UnityEditor.Search:ASIAI0B -> (ImportResultId: '6e4ed6d1a1a2f9a9fa7375a3e7ff668e') in 0.007607458 seconds
[Worker0] Imported GUID: 714529104297846e7bb63724eabddbdf - Path: Packages/com.unity.2d.tilemap.extras/Editor/Brushes/GameObjectBrush/d_GameObjectBrush.png - Importer: ScriptedImporter/UnityEditor.QuickSearchModule:UnityEditor.Search:ASIAI0B -> (ImportResultId: '7d4a8be94095091fef8b5b6f7f5201a4') in 0.009289291 seconds
[Worker1] Imported GUID: f497b12fab15d4d2eabb5029505fec1a - Path: Packages/com.unity.2d.animation/README.md - Importer: ScriptedImporter/UnityEditor.QuickSearchModule:UnityEditor.Search:ASIAI0B -> (ImportResultId: '962390e4150fe6acaa482da15df6b108') in 0.007641958 seconds
[Worker0] Imported GUID: 153945e6ec8e4034b8fd61439240b8f1 - Path: Packages/com.unity.2d.animation/Profiler/Runtime/SpriteSkinProfilerFrameData.cs - Importer: ScriptedImporter/UnityEditor.QuickSearchModule:UnityEditor.Search:ASIAI0B -> (ImportResultId: 'c01a16cac24f9946890bad06fff4d2e9') in 0.00775825 seconds
[Worker1] Imported GUID: 627558f812b9bb944851932d0a8d80d5 - Path: Packages/com.unity.2d.animation/Editor/SpriteSkin/BoneGizmoToggle.cs - Importer: ScriptedImporter/UnityEditor.QuickSearchModule:UnityEditor.Search:ASIAI0B -> (ImportResultId: 'cae010ef66cfb8e7cefc76c8365144e3') in 0.007323708 seconds
[Worker0] Imported GUID: ccdfa7b650f4fb642b56fe417d650188 - Path: Packages/com.unity.2d.animation/Editor/SkinningModule/Undo/DisabledUndo.cs - Importer: ScriptedImporter/UnityEditor.QuickSearchModule:UnityEditor.Search:ASIAI0B -> (ImportResultId: '7d6cabf8f90e6fb36bd92b2a5862cab7') in 0.007677209 seconds
[Worker1] Imported GUID: 2f12c9758dad4e34ea8bc886f1fdb0dd - Path: Packages/com.unity.2d.animation/Editor/Assets/EditorIcons/Selected/Split_Edge@2x.png - Importer: ScriptedImporter/UnityEditor.QuickSearchModule:UnityEditor.Search:ASIAI0B -> (ImportResultId: '7ac197185855aacd61540ebdef27395a') in 0.008827917 seconds
[Worker0] Imported GUID: c2c0fb0c74cf78d4a9e0138173ed725b - Path: Packages/com.unity.2d.animation/Editor/SpriteOutlineRenderer/SpriteOutlineRenderer.cs - Importer: ScriptedImporter/UnityEditor.QuickSearchModule:UnityEditor.Search:ASIAI0B -> (ImportResultId: '54dd67419e9eb38b18ce2a8494ebab0c') in 0.007759417 seconds
[Worker1] Imported GUID: 582e1cef5c8af4f0d8ce9f352b1c9c1a - Path: Packages/com.unity.2d.common/Path/Editor/EditablePath/EditablePathExtensions.cs - Importer: ScriptedImporter/UnityEditor.QuickSearchModule:UnityEditor.Search:ASIAI0B -> (ImportResultId: 'c706c7af69d81a6be62d7fa801bb6683') in 0.007546042 seconds
[Worker0] Imported GUID: e122fb55802f40378a1e60c988a9e3af - Path: Packages/com.unity.2d.animation/Editor/SkinningModule/UI/RigToolbar.cs - Importer: ScriptedImporter/UnityEditor.QuickSearchModule:UnityEditor.Search:ASIAI0B -> (ImportResultId: '48cbc6c2454bf57ec0d9fd8df9f1dc35') in 0.007795458 seconds
[Worker1] Imported GUID: a700028b9cda49fd94ebc3806a2185f9 - Path: Packages/com.unity.2d.tilemap/Editor/UI/TilePaletteBrushModalElement.cs - Importer: ScriptedImporter/UnityEditor.QuickSearchModule:UnityEditor.Search:ASIAI0B -> (ImportResultId: '176eccddfe1c55c30da920ba75e6b558') in 0.007448417 seconds
[Worker1] Imported GUID: 8eb4e2609b653584b88dc0ee64a2ba24 - Path: Packages/com.unity.2d.spriteshape/Runtime/External/LibTessDotNet/Geom.cs - Importer: ScriptedImporter/UnityEditor.QuickSearchModule:UnityEditor.Search:ASIAI0B -> (ImportResultId: 'ba8b3f69aaa8319262901d5658b430c0') in 0.007382 seconds
[Worker0] Imported GUID: c3672d163ecce403e98f81d012f95e33 - Path: Packages/com.unity.2d.animation/Editor/Assets/EditorIcons/d_ViewToolZoom@2x.png - Importer: ScriptedImporter/UnityEditor.QuickSearchModule:UnityEditor.Search:ASIAI0B -> (ImportResultId: 'be87e5261e539ccc1012722d54079db4') in 0.009203125 seconds
[Worker1] Imported GUID: b7007d815829e7644bb81d1f8004a340 - Path: Packages/com.unity.2d.sprite/CHANGELOG.md - Importer: ScriptedImporter/UnityEditor.QuickSearchModule:UnityEditor.Search:ASIAI0B -> (ImportResultId: '23d067cc88cfc4c13aaca688abeea2b0') in 0.007542208 seconds
[Worker0] Imported GUID: 92ca921ade6e944868364b1813c7568f - Path: Packages/com.unity.2d.psdimporter/Editor/Assets/Icons/Light/Layers Mixed@1x.png - Importer: ScriptedImporter/UnityEditor.QuickSearchModule:UnityEditor.Search:ASIAI0B -> (ImportResultId: '2b61838af36c2548ef0edc3d2dd0412e') in 0.008864125 seconds
[Worker1] Imported GUID: 2571b347a2ca442dad28c8b8bc0212f0 - Path: Packages/com.unity.2d.animation/Editor/Assets/SkinningModule/RigToolbarStyle.uss - Importer: ScriptedImporter/UnityEditor.QuickSearchModule:UnityEditor.Search:ASIAI0B -> (ImportResultId: '1685651c83d2b828265429751e38bf3a') in 0.009459625 seconds
[Worker0] Imported GUID: 374643871a39dd44880f1c0eff14f46c - Path: Packages/com.unity.2d.animation/Editor/Assets/EditorIcons/Selected/Create_Edge@3x.png - Importer: ScriptedImporter/UnityEditor.QuickSearchModule:UnityEditor.Search:ASIAI0B -> (ImportResultId: '81e09207ac375b879816bc25f5135ad8') in 0.008986667 seconds
[Worker1] Imported GUID: 8c7c7e69d9574cd6994b42e64fb32db2 - Path: Packages/com.unity.2d.aseprite/Editor/Aseprite/Chunks/TilesetChunk.cs - Importer: ScriptedImporter/UnityEditor.QuickSearchModule:UnityEditor.Search:ASIAI0B -> (ImportResultId: 'fbe535b7999c3ee9bc2e4f773aeed324') in 0.007643583 seconds
[Worker0] Imported GUID: 7f64a6e091143c0458506b559165cf72 - Path: Packages/com.unity.2d.animation/Editor/Assets/EditorIcons/Selected/Weight_Slider@2x.png - Importer: ScriptedImporter/UnityEditor.QuickSearchModule:UnityEditor.Search:ASIAI0B -> (ImportResultId: '53b79ec297ce876d901fbab71e29f991') in 0.00869575 seconds
[Worker1] Imported GUID: dacf17d0aeaf2425fa059e502832e81a - Path: Packages/com.unity.2d.common/Path/Editor/Handles/Path - Importer: ScriptedImporter/UnityEditor.QuickSearchModule:UnityEditor.Search:ASIAI0B -> (ImportResultId: '5a31baaabbe5818d41e83d03073423b0') in 0.007407084 seconds
[Worker0] Imported GUID: 7c2b4a813c92040a1a863d4ea635121d - Path: Packages/com.unity.2d.tilemap/Editor/Icons/Tilemap.CustomBrush@2x.png - Importer: ScriptedImporter/UnityEditor.QuickSearchModule:UnityEditor.Search:ASIAI0B -> (ImportResultId: '8b91cd76be9ec639e3d3db67ca3a4db9') in 0.010094958 seconds
[Worker1] Imported GUID: ac4a94776fb2dd74a910bef3649b5c84 - Path: Packages/com.unity.2d.animation/Editor/Assets/EditorIcons/d_Visibility_Tool.png - Importer: ScriptedImporter/UnityEditor.QuickSearchModule:UnityEditor.Search:ASIAI0B -> (ImportResultId: 'f48705ea37050b65973cbae94e20c25f') in 0.012044583 seconds
[Worker0] Imported GUID: 15cbf89e8ba92694cb870a55b60f1b81 - Path: Packages/com.unity.2d.spriteshape/Editor/Handles - Importer: ScriptedImporter/UnityEditor.QuickSearchModule:UnityEditor.Search:ASIAI0B -> (ImportResultId: '75dcff2612606bc8ea0746a984fc7ca2') in 0.007505417 seconds
[Worker1] Imported GUID: ed8b1ae4e4e52b34ea557c1c11e076fc - Path: Packages/com.unity.2d.animation/Runtime/SpriteLib/SpriteResolver.cs - Importer: ScriptedImporter/UnityEditor.QuickSearchModule:UnityEditor.Search:ASIAI0B -> (ImportResultId: '33d29b77cd9660ece621b71e321c5477') in 0.007855792 seconds
[Worker0] Imported GUID: 7360ac83b6bff7149836a436a4920d53 - Path: Packages/com.unity.2d.tilemap/Editor/Icons/Tilemap.FocusTilemap@4x.png - Importer: ScriptedImporter/UnityEditor.QuickSearchModule:UnityEditor.Search:ASIAI0B -> (ImportResultId: '0dcd1c22d9a86ae7655203ae5a0d702a') in 0.009534792 seconds
[Worker1] Imported GUID: bd443456a550044859583884e4baaff3 - Path: Packages/com.unity.2d.psdimporter/Editor/PSDImportData.cs - Importer: ScriptedImporter/UnityEditor.QuickSearchModule:UnityEditor.Search:ASIAI0B -> (ImportResultId: 'c8729a6c1534aeaa747e13703b6bcd27') in 0.008354209 seconds
[Worker0] Imported GUID: 8bdc63beda2cd4788a47515b6b348f17 - Path: Packages/com.unity.2d.sprite/Editor/ProjectSettings/SpriteEditorWindowProjectSettings.cs - Importer: ScriptedImporter/UnityEditor.QuickSearchModule:UnityEditor.Search:ASIAI0B -> (ImportResultId: 'bd9ff6e4f25d8f105e5b2ba9eacd909f') in 0.008335292 seconds
[Worker1] Imported GUID: 949e98ac1c07e424685f43f530864a7c - Path: Packages/com.unity.2d.tilemap/Editor/Icons/GridSelection@2x.png - Importer: ScriptedImporter/UnityEditor.QuickSearchModule:UnityEditor.Search:ASIAI0B -> (ImportResultId: '86cef71a2554bbb0dc209fa44e3cab64') in 0.009375833 seconds
[Worker0] Imported GUID: a9a5b304877d58a47859e53d2b2d9fe3 - Path: Packages/com.unity.2d.tilemap/Editor/Icons/d_Tilemap.FocusTilemap.png - Importer: ScriptedImporter/UnityEditor.QuickSearchModule:UnityEditor.Search:ASIAI0B -> (ImportResultId: 'e2b5b6b4f6e63f838219358aba3a749e') in 0.009480708 seconds
[Worker0] Imported GUID: 0bf67b4360dc1cd4caa0338c55219e9e - Path: Packages/com.unity.2d.animation/Editor/Assets/EditorIcons/d_Split Bones@4x.png - Importer: ScriptedImporter/UnityEditor.QuickSearchModule:UnityEditor.Search:ASIAI0B -> (ImportResultId: '846d60f511fa275c5390cb43b60e26a8') in 0.009534167 seconds
[Worker1] Imported GUID: 4567ce7a1cf16433196f2688091df4ca - Path: Packages/com.unity.2d.animation/Editor/Assets/ComponentIcons/Animation.IKLimb@32.png - Importer: ScriptedImporter/UnityEditor.QuickSearchModule:UnityEditor.Search:ASIAI0B -> (ImportResultId: '8028b8b7294ed18a4a9f960f7e26b1d9') in 0.009658042 seconds
[Worker0] Imported GUID: 9919eddc8d3d4729926ac96ef2b1e244 - Path: Packages/com.unity.2d.tilemap/Editor/UI/TilePaletteClipboardFirstUserElement.cs - Importer: ScriptedImporter/UnityEditor.QuickSearchModule:UnityEditor.Search:ASIAI0B -> (ImportResultId: 'c7a26bf561e82731360386070522a437') in 0.007652667 seconds
[Worker1] Imported GUID: f082e69f825d0aa44b687e592731c0a8 - Path: Packages/com.unity.2d.animation/Editor/Assets/EditorIcons/Selected/Visibility_Tool@4x.png - Importer: ScriptedImporter/UnityEditor.QuickSearchModule:UnityEditor.Search:ASIAI0B -> (ImportResultId: '4a1791a42ce48bfffa1eb8344aab7398') in 0.009215709 seconds
[Worker1] Imported GUID: 893b6fc79706f4a7cad3f07ed30c3f4c - Path: Packages/com.unity.2d.spriteshape/LICENSE.md - Importer: ScriptedImporter/UnityEditor.QuickSearchModule:UnityEditor.Search:ASIAI0B -> (ImportResultId: '2d2d90a995044409032ca9cdef3116ba') in 0.007524542 seconds
[Worker0] Imported GUID: a9716c16a44a94eed9b5c90fbf4d9bdd - Path: Packages/com.unity.2d.sprite/Editor/ObjectMenuCreation/DefaultAssets/Textures/HexagonFlatTopWithBorder.png - Importer: ScriptedImporter/UnityEditor.QuickSearchModule:UnityEditor.Search:ASIAI0B -> (ImportResultId: '0f541a272d2d5ae2c71ec424b479effa') in 0.009474083 seconds
[Worker0] Imported GUID: c5b7a6d3ca9063e4faeefb6613a86c7c - Path: Packages/com.unity.2d.spriteshape/Editor/AngleRangeGUI.cs - Importer: ScriptedImporter/UnityEditor.QuickSearchModule:UnityEditor.Search:ASIAI0B -> (ImportResultId: '883593d647dfdd2189c4eee6fa967200') in 0.00745275 seconds
[Worker1] Imported GUID: 7013f35dfb10340ecbb956ca7e17de0d - Path: Packages/com.unity.2d.sprite/Editor/Assets/SpriteEditor@2x.png - Importer: ScriptedImporter/UnityEditor.QuickSearchModule:UnityEditor.Search:ASIAI0B -> (ImportResultId: 'fe7f28957d66dc416b20e8bbd151e73d') in 0.009067042 seconds
[Worker1] Imported GUID: f4f814197752ea84db033f3822b113b2 - Path: Packages/com.unity.2d.common/Editor/TextureGenerator/TextureGeneratorHelper.cs - Importer: ScriptedImporter/UnityEditor.QuickSearchModule:UnityEditor.Search:ASIAI0B -> (ImportResultId: '36c12910cee5b049ffe6ba34d528e0d5') in 0.007365625 seconds
[Worker0] Imported GUID: ef9977ed07c438845a52c577f4ffcc3a - Path: Packages/com.unity.2d.animation/Editor/Assets/EditorIcons/Selected/Visibility_Tool@2x.png - Importer: ScriptedImporter/UnityEditor.QuickSearchModule:UnityEditor.Search:ASIAI0B -> (ImportResultId: '1e144a6931f8aad3852b2ed37b99f382') in 0.009140875 seconds
[Worker0] Imported GUID: 06ad00b5ea2c7a84d95aa576bf5b5b98 - Path: Packages/com.unity.2d.spriteshape/Runtime/SpriteShapeGeometryModifier.cs - Importer: ScriptedImporter/UnityEditor.QuickSearchModule:UnityEditor.Search:ASIAI0B -> (ImportResultId: '8116c3249996bebc24f919ce2f8da26e') in 0.007743041 seconds
[Worker1] Imported GUID: 5624c7cbaca684b9faada94188a2e7a1 - Path: Packages/com.unity.2d.animation/Editor/Assets/ComponentIcons/Animation.SpriteSkin.png - Importer: ScriptedImporter/UnityEditor.QuickSearchModule:UnityEditor.Search:ASIAI0B -> (ImportResultId: 'c5fe3736cd34297b146e7dc4dc7351b7') in 0.009680125 seconds
[Worker0] Imported GUID: 7e93558c536f24149a3181fbe0a14523 - Path: Packages/com.unity.2d.animation/Editor/Unity.2D.Animation.Editor.asmdef - Importer: ScriptedImporter/UnityEditor.QuickSearchModule:UnityEditor.Search:ASIAI0B -> (ImportResultId: '2182ed08fece3ca856482a93cbb0a774') in 0.00964825 seconds
[Worker1] Imported GUID: d5952b29970e2144780a7cd7b621f821 - Path: Packages/com.unity.2d.tilemap/Editor/EditorTools/FillTool.cs - Importer: ScriptedImporter/UnityEditor.QuickSearchModule:UnityEditor.Search:ASIAI0B -> (ImportResultId: '805b1ee5095557553caa002fd60bb7da') in 0.008663792 seconds
[Worker0] Imported GUID: ea854cdb9640e4ee7b7206951309a1ab - Path: Packages/com.unity.2d.aseprite/README.md - Importer: ScriptedImporter/UnityEditor.QuickSearchModule:UnityEditor.Search:ASIAI0B -> (ImportResultId: '4e32b6379116fb1cb44cfddb30a4cc31') in 0.008367667 seconds
[Worker1] Imported GUID: 2481b0bd772f54e48a4e5760f5cb0192 - Path: Packages/com.unity.2d.sprite/Editor/SpriteEditorModule/SpriteOutlineModule.cs - Importer: ScriptedImporter/UnityEditor.QuickSearchModule:UnityEditor.Search:ASIAI0B -> (ImportResultId: '56bac263b011d7baf2700b35b83a7410') in 0.007931959 seconds
[Worker1] Imported GUID: 3b4e88f5705085042a95960cdcef2561 - Path: Packages/com.unity.2d.animation/Editor/Assets/EditorIcons/Create_Edge@2x.png - Importer: ScriptedImporter/UnityEditor.QuickSearchModule:UnityEditor.Search:ASIAI0B -> (ImportResultId: '962e8417a43628bbf590c038cdf36cb0') in 0.009139333 seconds
[Worker0] Imported GUID: a220630d238d744a5a2cb385602d2498 - Path: Packages/com.unity.2d.animation/Editor/Assets/ComponentIcons/d_Animation.IKManager.png - Importer: ScriptedImporter/UnityEditor.QuickSearchModule:UnityEditor.Search:ASIAI0B -> (ImportResultId: '22e002b8044e91977ccbc1986e3de34a') in 0.009684666 seconds
[Worker0] Imported GUID: 71855e9e46fcdd7408882b24732e4808 - Path: Packages/com.unity.2d.animation/Editor/SkinningModule/IMGUI/GUIWrapper.cs - Importer: ScriptedImporter/UnityEditor.QuickSearchModule:UnityEditor.Search:ASIAI0B -> (ImportResultId: 'ee84e8a383a5ccb7da256c734ee8338a') in 0.007551792 seconds
[Worker1] Imported GUID: b670ab75dde984907b8570040daa08c5 - Path: Packages/com.unity.2d.sprite/Editor/ObjectMenuCreation/DefaultAssets/Textures/v2/HexagonFlatTop.png - Importer: ScriptedImporter/UnityEditor.QuickSearchModule:UnityEditor.Search:ASIAI0B -> (ImportResultId: 'c432be8e8c5d1a665c2a05abdd2d9757') in 0.009499167 seconds
[Worker0] Imported GUID: 73653b679fcd4ba6941afb0cda629d09 - Path: Packages/com.unity.2d.tilemap/Editor/UI/GridPaintPaletteWindowLight.uss - Importer: ScriptedImporter/UnityEditor.QuickSearchModule:UnityEditor.Search:ASIAI0B -> (ImportResultId: '7e508ed82e0dcaadc9b81c8b289552f4') in 0.008167917 seconds
[Worker1] Imported GUID: 1b80b16dc75034e6b82535f24cfb91a7 - Path: Packages/com.unity.2d.tooling/Editor/Unity.2D.Tooling.Editor.asmdef - Importer: ScriptedImporter/UnityEditor.QuickSearchModule:UnityEditor.Search:ASIAI0B -> (ImportResultId: '60899232526d570731c772fbd990f643') in 0.007204334 seconds
[Worker0] Imported GUID: a58dbe53d50694a1eaccbb98217fcc10 - Path: Packages/com.unity.2d.animation/Editor/Assets/BoneOverlay/BoneOverlay.uss - Importer: ScriptedImporter/UnityEditor.QuickSearchModule:UnityEditor.Search:ASIAI0B -> (ImportResultId: '32de9e4248674b965eb04746585a291b') in 0.008356375 seconds
[Worker1] Imported GUID: 443d05f2a4ae81a4297ac8ec762644c3 - Path: Packages/com.unity.2d.animation/Editor/Assets/EditorIcons/Selected/d_Bone@3x.png - Importer: ScriptedImporter/UnityEditor.QuickSearchModule:UnityEditor.Search:ASIAI0B -> (ImportResultId: '1fa6f5cccece0803638d264bd456a12f') in 0.008845666 seconds
[Worker0] Imported GUID: 9a0bf89d9a6d719479a816944f579291 - Path: Packages/com.unity.2d.psdimporter/Third Party Notices.md - Importer: ScriptedImporter/UnityEditor.QuickSearchModule:UnityEditor.Search:ASIAI0B -> (ImportResultId: 'e4aac258322da8b7efe73d52ce4215e9') in 0.007635542 seconds
[Worker1] Imported GUID: 5bf608e7cb56c4f44b49044e0fc738ec - Path: Packages/com.unity.2d.animation/Editor/SkinningModule/Selectors/ISelector.cs - Importer: ScriptedImporter/UnityEditor.QuickSearchModule:UnityEditor.Search:ASIAI0B -> (ImportResultId: 'ac28d68de709c369f16faf339363d2a2') in 0.007335958 seconds
[Worker0] Imported GUID: 1139f30c04130724d998e1bae48d15c6 - Path: Packages/com.unity.2d.animation/Editor/ClipperLib/clipper.cs - Importer: ScriptedImporter/UnityEditor.QuickSearchModule:UnityEditor.Search:ASIAI0B -> (ImportResultId: '8525abfdc8e42c8eeb5b1726747b64cf') in 0.007621084 seconds
[Worker1] Imported GUID: 35a64db21fde55046a6d60c50f766aa7 - Path: Packages/com.unity.2d.tilemap.extras/Editor/Tiles/IsometricRuleTile/IsometricRuleTileEditor.cs - Importer: ScriptedImporter/UnityEditor.QuickSearchModule:UnityEditor.Search:ASIAI0B -> (ImportResultId: 'fa73a3bdab4f0123b449bf257d059a45') in 0.007234708 seconds
[Worker1] Imported GUID: 2f948ecb81c850949a2725b1ba265844 - Path: Packages/com.unity.2d.psdimporter/package.json - Importer: ScriptedImporter/UnityEditor.QuickSearchModule:UnityEditor.Search:ASIAI0B -> (ImportResultId: '4769303a98960f7bb155aa8b8616c15c') in 0.00768375 seconds
[Worker0] Imported GUID: ee02d9ccf56046b698982b9d83315ff0 - Path: Packages/com.unity.2d.tilemap/Editor/TilePalettePrefabUtility.cs - Importer: ScriptedImporter/UnityEditor.QuickSearchModule:UnityEditor.Search:ASIAI0B -> (ImportResultId: '46d193f1a84312f7c59d5fd5a0cdf4b4') in 0.007928 seconds
[Worker0] Imported GUID: 66819b54b3c858446a1518b135b6514b - Path: Packages/com.unity.2d.psdimporter/Editor/PSDPlugin/PsdFile/Compression/RleImage.cs - Importer: ScriptedImporter/UnityEditor.QuickSearchModule:UnityEditor.Search:ASIAI0B -> (ImportResultId: '439413882dc8d156419cb5d9122bd2c5') in 0.007775917 seconds
[Worker1] Imported GUID: da729b8a61b9b17479b11396776d7651 - Path: Packages/com.unity.2d.tilemap/Editor/UI/GridPaintPaletteWindowSplitView.cs - Importer: ScriptedImporter/UnityEditor.QuickSearchModule:UnityEditor.Search:ASIAI0B -> (ImportResultId: '8c448ebabcdbdcd22c3c0e213cae9afe') in 0.007863917 seconds
[Worker1] Imported GUID: cd0250057a3f07346b60675b355c3e06 - Path: Packages/com.unity.2d.animation/Editor/Assets/EditorIcons/Selected/Paste@2x.png - Importer: ScriptedImporter/UnityEditor.QuickSearchModule:UnityEditor.Search:ASIAI0B -> (ImportResultId: '42f3359b291fe9cea7a2f70100c32ab1') in 0.009189834 seconds
[Worker0] Imported GUID: 8dfc24821a9794200b8d54e906e4b6da - Path: Packages/com.unity.2d.animation/Editor/Assets/ComponentIcons/d_Animation.IKFabrik@64.png - Importer: ScriptedImporter/UnityEditor.QuickSearchModule:UnityEditor.Search:ASIAI0B -> (ImportResultId: '7b5621e6dce4b4a38322d0d044199b14') in 0.009486708 seconds
[Worker0] Imported GUID: 9f1e0a9724743a74794256ebe791fd41 - Path: Packages/com.unity.2d.tilemap/Editor/PaintableSceneViewGrid.cs - Importer: ScriptedImporter/UnityEditor.QuickSearchModule:UnityEditor.Search:ASIAI0B -> (ImportResultId: '8a870623633a71fa97b155c3ebe9d587') in 0.007531834 seconds
[Worker1] Imported GUID: daf2ab606d4db0d4f9ecf4c02137d2a8 - Path: Packages/com.unity.2d.animation/Editor/Assets/EditorIcons/Selected/Bone_Influence@4x.png - Importer: ScriptedImporter/UnityEditor.QuickSearchModule:UnityEditor.Search:ASIAI0B -> (ImportResultId: '0bd98112848417af2311dd2cb8e2f9f5') in 0.009374125 seconds
[Worker0] Imported GUID: b2ba942b7d73347e898626debe5e7afa - Path: Packages/com.unity.2d.animation/Editor/Assets/SpriteLibraryEditor/EditorBottomToolbar.uxml - Importer: ScriptedImporter/UnityEditor.QuickSearchModule:UnityEditor.Search:ASIAI0B -> (ImportResultId: 'a719ebe8f8622297d551d0e208dd0394') in 0.008957041 seconds
[Worker1] Imported GUID: 33f954c4cbc334f2f92518b5f4a95a11 - Path: Packages/com.unity.2d.animation/Editor/Assets/ComponentIcons/Animation.SpriteLibrary.asset - Importer: ScriptedImporter/UnityEditor.QuickSearchModule:UnityEditor.Search:ASIAI0B -> (ImportResultId: '8248eb7a9a942a5a7c73bc37c07b9b0c') in 0.011881 seconds
[Worker0] Imported GUID: ec847c6dc93e9e6459ad61443ca36507 - Path: Packages/com.unity.2d.animation/Editor/SkinningModule/SkinningCache/MeshCache.cs - Importer: ScriptedImporter/UnityEditor.QuickSearchModule:UnityEditor.Search:ASIAI0B -> (ImportResultId: 'c22f0e40a9dd315847e021e22bf10bd5') in 0.007537333 seconds
[Worker1] Imported GUID: cd24657e741f79a4685b9a4a0b23b5b5 - Path: Packages/com.unity.2d.spriteshape/Editor/SceneDragAndDrop.cs - Importer: ScriptedImporter/UnityEditor.QuickSearchModule:UnityEditor.Search:ASIAI0B -> (ImportResultId: '46b22c2663d6e0971d259f5c2d6252dd') in 0.007333375 seconds
[Worker0] Imported GUID: c54623997d885f6499655af6031a3bf9 - Path: Packages/com.unity.2d.tilemap/Editor/Icons/Tilemap.GridPaint@4x.png - Importer: ScriptedImporter/UnityEditor.QuickSearchModule:UnityEditor.Search:ASIAI0B -> (ImportResultId: 'cca1568510700ba5f50eafc9fbd3bc14') in 0.009154084 seconds
[Worker1] Imported GUID: 0de3343905095ab4c9d52addc012a937 - Path: Packages/com.unity.2d.tilemap/Editor/EditorTools/EraseTool.cs - Importer: ScriptedImporter/UnityEditor.QuickSearchModule:UnityEditor.Search:ASIAI0B -> (ImportResultId: '3b7128510a4a9d541d58d6abfd18f0b2') in 0.0075785 seconds
[Worker0] Imported GUID: e92fc44f12c21dd44a49e390f39f7ffd - Path: Packages/com.unity.2d.animation/Editor/Assets/EditorIcons/Bone_Influence.png - Importer: ScriptedImporter/UnityEditor.QuickSearchModule:UnityEditor.Search:ASIAI0B -> (ImportResultId: '89e839d2729715328ed879160cae915d') in 0.008931208 seconds
[Worker1] Imported GUID: 334b0c5a2da656f4a9d2fe6b658cfd68 - Path: Packages/com.unity.2d.animation/Editor/Assets/EditorIcons/d_Edit_Pose@3x.png - Importer: ScriptedImporter/UnityEditor.QuickSearchModule:UnityEditor.Search:ASIAI0B -> (ImportResultId: 'cedaa5ce30ffbf52b3e38ac538c0263a') in 0.009000625 seconds
[Worker0] Imported GUID: ebaf5b914f751a142b6851d985adf69d - Path: Packages/com.unity.2d.animation/Editor/Assets/EditorIcons/d_Create_Edge@2x.png - Importer: ScriptedImporter/UnityEditor.QuickSearchModule:UnityEditor.Search:ASIAI0B -> (ImportResultId: '3d516182782dad1724a195a529ecca9b') in 0.010234834 seconds
[Worker1] Imported GUID: 35f5a927d239440c0a09f2ced66ba1f8 - Path: Packages/com.unity.2d.animation/Editor/SkinningModule/Selectors/RectVertexSelector.cs - Importer: ScriptedImporter/UnityEditor.QuickSearchModule:UnityEditor.Search:ASIAI0B -> (ImportResultId: '86a1c252b824441639dc644936ba7f5a') in 0.007535875 seconds
[Worker0] Imported GUID: b902a1aa4448c4637aee2c49d17a13fb - Path: Packages/com.unity.2d.common/Path/Editor/IMGUI/GUIFramework - Importer: ScriptedImporter/UnityEditor.QuickSearchModule:UnityEditor.Search:ASIAI0B -> (ImportResultId: 'd1ae68be49c1fe77e6252ff7a35e8a1a') in 0.008199375 seconds
[Worker1] Imported GUID: 8800032f7e7cdd544b74849c80ce05d4 - Path: Packages/com.unity.2d.animation/Editor/Assets/EditorIcons/Selected/Split_Edge.png - Importer: ScriptedImporter/UnityEditor.QuickSearchModule:UnityEditor.Search:ASIAI0B -> (ImportResultId: 'c442650030bc032bd4a23d69d081f720') in 0.009639875 seconds
[Worker0] Imported GUID: b551fead29cf4e679da6d8068cc13d07 - Path: Packages/com.unity.2d.aseprite/Editor/Inspector - Importer: ScriptedImporter/UnityEditor.QuickSearchModule:UnityEditor.Search:ASIAI0B -> (ImportResultId: '162172c74b7aaaa6859524bad05b72a5') in 0.007858625 seconds
[Worker1] Imported GUID: 60eebfa1ba55bfc4d973c4de75d40e99 - Path: Packages/com.unity.2d.common/Editor/InternalBridge/TexturePlatformSettings/TexturePlatformSettings.cs - Importer: ScriptedImporter/UnityEditor.QuickSearchModule:UnityEditor.Search:ASIAI0B -> (ImportResultId: 'd4771091703bc1be3bfe61bf36b3e397') in 0.007677208 seconds
[Worker0] Imported GUID: 1d814cba40e37284b8e04f5f06b68300 - Path: Packages/com.unity.2d.animation/Editor/LayoutOverlay/Manipulators/Draggable.cs - Importer: ScriptedImporter/UnityEditor.QuickSearchModule:UnityEditor.Search:ASIAI0B -> (ImportResultId: '0d404fed4889736bd58dff278af96ceb') in 0.008022167 seconds
[Worker1] Imported GUID: 292d07e9a14a40c889f5365d72ac8b89 - Path: Packages/com.unity.2d.aseprite/Editor/Aseprite/FrameData.cs - Importer: ScriptedImporter/UnityEditor.QuickSearchModule:UnityEditor.Search:ASIAI0B -> (ImportResultId: '3a3dd4ef77047780d55144d116d0e048') in 0.007511417 seconds
[Worker1] Imported GUID: 98caf1503e1ef65468fc96b334fee770 - Path: Packages/com.unity.2d.animation/Editor/SkinningModule/VisibilityTool/SpriteVisibilityTool.cs - Importer: ScriptedImporter/UnityEditor.QuickSearchModule:UnityEditor.Search:ASIAI0B -> (ImportResultId: 'ca58280605f80be0a614c70a40122776') in 0.007544542 seconds
[Worker0] Imported GUID: abbc28ff73b72b1438f893d41ca52fb0 - Path: Packages/com.unity.2d.tilemap/Editor/Icons/Tilemap.ActiveTargetLayers.png - Importer: ScriptedImporter/UnityEditor.QuickSearchModule:UnityEditor.Search:ASIAI0B -> (ImportResultId: '50660ceb083bcc827b25c822a8d5568f') in 0.009470875 seconds
[Worker1] Imported GUID: 350d0a33d0eff469e827fca813d0a6ad - Path: Packages/com.unity.2d.animation/IK - Importer: ScriptedImporter/UnityEditor.QuickSearchModule:UnityEditor.Search:ASIAI0B -> (ImportResultId: '8e6cb3ef51477456a9fd66dd8f189412') in 0.007457375 seconds
[Worker0] Imported GUID: eddc3b652f54848828296504ee94ec04 - Path: Packages/com.unity.2d.animation/Editor/Assets/ComponentIcons/d_Animation.IKManager@128.png - Importer: ScriptedImporter/UnityEditor.QuickSearchModule:UnityEditor.Search:ASIAI0B -> (ImportResultId: 'f7d91942354330f59650f76638d357f3') in 0.008821667 seconds
[Worker1] Imported GUID: 61f1168dfbac54f04b6068f199c35704 - Path: Packages/com.unity.2d.animation/Editor/SkinningModule/IMGUI/UnselectTool.cs - Importer: ScriptedImporter/UnityEditor.QuickSearchModule:UnityEditor.Search:ASIAI0B -> (ImportResultId: 'ac3c187a197b2b4ce028bf0ceeaf4b27') in 0.007519167 seconds
[Worker0] Imported GUID: b33cda1f9ac0ad7419bbe04d9cc4c8a5 - Path: Packages/com.unity.2d.tilemap/Editor/GridPaintSortingAttribute.cs - Importer: ScriptedImporter/UnityEditor.QuickSearchModule:UnityEditor.Search:ASIAI0B -> (ImportResultId: '8201d4a8d65ac886cf2dbb0a8d0116a4') in 0.007495458 seconds
[Worker1] Imported GUID: 8ba836b7a6b0c9a4a94c1d6c540b8962 - Path: Packages/com.unity.2d.psdimporter/Editor/PSDPlugin/PsdFile/ImageResources/UnicodeAlphaNames.cs - Importer: ScriptedImporter/UnityEditor.QuickSearchModule:UnityEditor.Search:ASIAI0B -> (ImportResultId: '8b0bfc084425b969c4d63eced510a909') in 0.007868625 seconds
[Worker0] Imported GUID: 1d8e2c9faf96409d876afd1ce3899514 - Path: Packages/com.unity.2d.tooling/Editor/Insider/SpriteAtlas/SpriteAtlasIssueReport/SourceTextureWithCompressionIssue/SourceTextureWithCompressionCellData.cs - Importer: ScriptedImporter/UnityEditor.QuickSearchModule:UnityEditor.Search:ASIAI0B -> (ImportResultId: '51fc22e16a3843c6bdc6b092128c23c5') in 0.007710833 seconds
[Worker0] Imported GUID: 65358ac9659a4c0f916ac86e735126b4 - Path: Packages/com.unity.2d.aseprite/Editor/Aseprite/Chunks/PathChunk.cs - Importer: ScriptedImporter/UnityEditor.QuickSearchModule:UnityEditor.Search:ASIAI0B -> (ImportResultId: '21ddfa1476e8e903c1137105db8996dc') in 0.007872 seconds
[Worker1] Imported GUID: 658c36822d7b5445b92a424af653281f - Path: Packages/com.unity.2d.animation/IK/Runtime/Culling/BaseCullingStrategy.cs - Importer: ScriptedImporter/UnityEditor.QuickSearchModule:UnityEditor.Search:ASIAI0B -> (ImportResultId: 'bd774a953a16daea272549d743e1de00') in 0.007824459 seconds
[Worker1] Imported GUID: 37f3979cbd2490a4c87552d59e76b1f6 - Path: Packages/com.unity.2d.animation/Editor/SkinningModule/Selectors - Importer: ScriptedImporter/UnityEditor.QuickSearchModule:UnityEditor.Search:ASIAI0B -> (ImportResultId: '144e158d10abfa62a99e89f1bae451b4') in 0.007625792 seconds
[Worker0] Imported GUID: fae3565ddb08f4977a823f5fb7e23f1e - Path: Packages/com.unity.2d.pixel-perfect/Editor/ObjectMenuCreation/GameObjectCreation.cs - Importer: ScriptedImporter/UnityEditor.QuickSearchModule:UnityEditor.Search:ASIAI0B -> (ImportResultId: '7274aa2bd3a03e84c38e0c493f8a0b1c') in 0.007766166 seconds
[Worker1] Imported GUID: d294f67c39974e25877326f1a68aeb99 - Path: Packages/com.unity.2d.tilemap/Editor/GridPaletteWhiteboxPalettesDropdown.cs - Importer: ScriptedImporter/UnityEditor.QuickSearchModule:UnityEditor.Search:ASIAI0B -> (ImportResultId: '81b48b5dd99706f7460343de1a62f7d9') in 0.007784709 seconds
[Worker0] Imported GUID: 6a7ac9e8c26b12440bf2b1da2ca97794 - Path: Packages/com.unity.2d.animation/Editor/Assets/EditorIcons/Selected/Create_Vertex@4x.png - Importer: ScriptedImporter/UnityEditor.QuickSearchModule:UnityEditor.Search:ASIAI0B -> (ImportResultId: 'b2acfdffadd09835c50bc1ec4fe4f62d') in 0.009494 seconds
[Worker1] Imported GUID: 5d3bb77bab9e1a343983ee641d146f99 - Path: Packages/com.unity.2d.animation/Editor/SkinningModule/UI/MeshToolbar.cs - Importer: ScriptedImporter/UnityEditor.QuickSearchModule:UnityEditor.Search:ASIAI0B -> (ImportResultId: 'e5ee955c4e2afb105fa4f6abdb8823ac') in 0.00754925 seconds
[Worker0] Imported GUID: 2f2c60f27061464ba01b5e2273842fb3 - Path: Packages/com.unity.2d.sprite/Editor/SpriteEditorModule/SpriteFrameModule/EditCapability.cs - Importer: ScriptedImporter/UnityEditor.QuickSearchModule:UnityEditor.Search:ASIAI0B -> (ImportResultId: '782343bb5f068293448b17deedafc8e1') in 0.007439875 seconds
[Worker1] Imported GUID: 6027031a7453da24f95d0af9a2308c52 - Path: Packages/com.unity.2d.animation/Editor/Assets/EditorIcons/d_Sprite_Mode@3x.png - Importer: ScriptedImporter/UnityEditor.QuickSearchModule:UnityEditor.Search:ASIAI0B -> (ImportResultId: 'b14340e5f376ef44cc4f4eebabd90560') in 0.009275375 seconds
[Worker0] Imported GUID: 045a46ed7fd32804eb02dc411be96859 - Path: Packages/com.unity.2d.animation/Editor/Assets/EditorIcons/d_Bone_Influence@2x.png - Importer: ScriptedImporter/UnityEditor.QuickSearchModule:UnityEditor.Search:ASIAI0B -> (ImportResultId: '898980f2447bf4a7949cb23bcd9690e3') in 0.008872375 seconds
[Worker1] Imported GUID: 9214d94ab547c5447a11c7a7c6a59482 - Path: Packages/com.unity.2d.spriteshape/Runtime/External/LibTessDotNet - Importer: ScriptedImporter/UnityEditor.QuickSearchModule:UnityEditor.Search:ASIAI0B -> (ImportResultId: '8acdfa6184212669a82bedb6ebbeb8ca') in 0.007884917 seconds
[Worker0] Imported GUID: b1640c283050b4d23a677c6a445f058c - Path: Packages/com.unity.2d.animation/Editor/Assets/ComponentIcons/Animation.SpriteResolver@64.png - Importer: ScriptedImporter/UnityEditor.QuickSearchModule:UnityEditor.Search:ASIAI0B -> (ImportResultId: '862c1dbc9a6363f1ebbcc94366542540') in 0.009231666 seconds
[Worker1] Imported GUID: 497003cbd9cf35349bb7a01db4d94b26 - Path: Packages/com.unity.2d.animation/Editor/SkinningModule/GenerateWeightsTool.cs - Importer: ScriptedImporter/UnityEditor.QuickSearchModule:UnityEditor.Search:ASIAI0B -> (ImportResultId: '15ba8b5695bdc8f8ec29ca8444110577') in 0.007414416 seconds
[Worker0] Imported GUID: c8294bd479889de41be97f5b6da01437 - Path: Packages/com.unity.2d.animation/Editor/Assets/EditorIcons/d_Sprite_Mode.png - Importer: ScriptedImporter/UnityEditor.QuickSearchModule:UnityEditor.Search:ASIAI0B -> (ImportResultId: 'ded88a9493e03e8c9ffac5efb120ca79') in 0.010098042 seconds
[Worker1] Imported GUID: c06100d8ae6a60d44ab25f318a154ce3 - Path: Packages/com.unity.2d.tilemap/Editor/Icons/d_Tilemap.DefaultBrush@2x.png - Importer: ScriptedImporter/UnityEditor.QuickSearchModule:UnityEditor.Search:ASIAI0B -> (ImportResultId: '998468e531808d58f28470719ba6f07d') in 0.010207833 seconds
[Worker0] Imported GUID: c311f45d67c23471eb8ec6ff391baa75 - Path: Packages/com.unity.2d.spriteshape/Editor/ObjectMenuCreation/DefaultAssets/Sprite Shapes - Importer: ScriptedImporter/UnityEditor.QuickSearchModule:UnityEditor.Search:ASIAI0B -> (ImportResultId: '9d403a05a847348b173d6611e76e40df') in 0.007802709 seconds
[Worker1] Imported GUID: 2dff4719950c8914097f7b77c9b07de9 - Path: Packages/com.unity.2d.psdimporter/Editor/PSDPlugin/PsdFile/Layers/Layer.cs - Importer: ScriptedImporter/UnityEditor.QuickSearchModule:UnityEditor.Search:ASIAI0B -> (ImportResultId: 'ace2899bc5970026be9d7920e986dd00') in 0.007558959 seconds
[Worker0] Imported GUID: cafadeef5bfa1499992661a7b64e12fb - Path: Packages/com.unity.2d.aseprite/Editor/Common/Unity.2D.Aseprite.Common.asmdef - Importer: ScriptedImporter/UnityEditor.QuickSearchModule:UnityEditor.Search:ASIAI0B -> (ImportResultId: 'cea8d52715991ef015b1c206ad6d7287') in 0.007370333 seconds
[Worker1] Imported GUID: 03f6794598fc4a85837037a0ba62759b - Path: Packages/com.unity.2d.animation/Runtime/UpdateOrder.cs - Importer: ScriptedImporter/UnityEditor.QuickSearchModule:UnityEditor.Search:ASIAI0B -> (ImportResultId: '49f8b299a728cbf042732dde5337520e') in 0.007554959 seconds
[Worker0] Imported GUID: d5b43421660b55349b6bb57288b4baf0 - Path: Packages/com.unity.2d.animation/Editor/SkinningModule/UI/WeightToolbar.cs - Importer: ScriptedImporter/UnityEditor.QuickSearchModule:UnityEditor.Search:ASIAI0B -> (ImportResultId: 'b9570bcd78f16924ada3bb85ea6b57d8') in 0.007430958 seconds
[Worker1] Imported GUID: bedd19944f451ba4d83e7ed69be98d5c - Path: Packages/com.unity.2d.animation/Editor/Assets/SkinningModule/SkinningModule-GUITextureClip.shader - Importer: ScriptedImporter/UnityEditor.QuickSearchModule:UnityEditor.Search:ASIAI0B -> (ImportResultId: '8bd30977979df9e4d798346bcd601bae') in 0.008122625 seconds
[Worker0] Imported GUID: eca47b8e551b04a0e8adc931893c60f4 - Path: Packages/com.unity.2d.animation/Editor/Assets/EditorIcons/d_Sprite_Influence.png - Importer: ScriptedImporter/UnityEditor.QuickSearchModule:UnityEditor.Search:ASIAI0B -> (ImportResultId: '8f9e3ddb13604d06adf600b65a9a53b9') in 0.00957225 seconds
[Worker1] Imported GUID: 934b23cc1699f467688d787b9d303561 - Path: Packages/com.unity.2d.animation/Editor/Assets/ComponentIcons/Animation.IKFabrik@64.png - Importer: ScriptedImporter/UnityEditor.QuickSearchModule:UnityEditor.Search:ASIAI0B -> (ImportResultId: '9e28c9fa214bd23e7d663e64dbdb1f4d') in 0.009880042 seconds
[Worker0] Imported GUID: d8b63aba1907145bea998dd612889d6b - Path: Packages/com.unity.mathematics/Unity.Mathematics/Unity.Mathematics.asmdef - Importer: ScriptedImporter/UnityEditor.QuickSearchModule:UnityEditor.Search:ASIAI0B -> (ImportResultId: '40248108866f91c2e10c8e63fef26de8') in 0.008023583 seconds
[Worker1] Imported GUID: 9db2daed973f4a7bac8075fb80ef61f1 - Path: Packages/com.unity.2d.tilemap.extras/Editor/Tiles/RuleTile/RuleTileTemplateUtility.cs - Importer: ScriptedImporter/UnityEditor.QuickSearchModule:UnityEditor.Search:ASIAI0B -> (ImportResultId: 'e268c76f06a0938dcdf06308a3f7b657') in 0.008146333 seconds
[Worker0] Imported GUID: 713f288c6a6fc4514a9403f26e82dc91 - Path: Packages/com.unity.2d.animation/Editor/Assets/ComponentIcons/Animation.SpriteLibraryVar On@64.png - Importer: ScriptedImporter/UnityEditor.QuickSearchModule:UnityEditor.Search:ASIAI0B -> (ImportResultId: '9cdda0dfed291ec0fc03386b78059109') in 0.009388125 seconds
[Worker1] Imported GUID: dd04679f252ec40a8b931fbb52bd3f8b - Path: Packages/com.unity.2d.psdimporter/Editor/Assets/Icons/Dark/Layers Collapsed@1x.png - Importer: ScriptedImporter/UnityEditor.QuickSearchModule:UnityEditor.Search:ASIAI0B -> (ImportResultId: '1f581f1327362bc2e96966a19f9de316') in 0.009303916 seconds
[Worker0] Imported GUID: b86d0db9457f24011888218122cc164a - Path: Packages/com.unity.2d.animation/Editor/Assets/ComponentIcons/Animation.IKFabrik@128.png - Importer: ScriptedImporter/UnityEditor.QuickSearchModule:UnityEditor.Search:ASIAI0B -> (ImportResultId: 'e2895ad5721fc71b1ada5a9915240575') in 0.009121458 seconds
[Worker1] Imported GUID: 2d95cf258837ba44896030e25b9f2dd7 - Path: Packages/com.unity.2d.animation/Editor/Assets/EditorIcons/Mesh@3x.png - Importer: ScriptedImporter/UnityEditor.QuickSearchModule:UnityEditor.Search:ASIAI0B -> (ImportResultId: 'b3ce1091a9c927ee0fdcb940c4c62279') in 0.009452625 seconds
[Worker0] Imported GUID: 30a9527ec1b074aca87fdc4fd12b0f0b - Path: Packages/com.unity.2d.animation/Editor/Assets/ComponentIcons/d_Animation.SpriteLibrary@256.png - Importer: ScriptedImporter/UnityEditor.QuickSearchModule:UnityEditor.Search:ASIAI0B -> (ImportResultId: '16e64a43f1c6bf778457c4478b8ccc2d') in 0.009154292 seconds
[Worker1] Imported GUID: a0e8a5f39ab443849ac34497669e976f - Path: Packages/com.unity.2d.animation/Editor/SkinningModule/VisibilityTool/BoneVisibilityTool.cs - Importer: ScriptedImporter/UnityEditor.QuickSearchModule:UnityEditor.Search:ASIAI0B -> (ImportResultId: 'c5fc2577e1310fd6bedd737a89d2e48d') in 0.007323375 seconds
[Worker0] Imported GUID: 40c6c4b2db0874b608f545e256a67283 - Path: Packages/com.unity.2d.animation/Editor/Assets/EditorIcons/EditorUI.Filter@2x.png - Importer: ScriptedImporter/UnityEditor.QuickSearchModule:UnityEditor.Search:ASIAI0B -> (ImportResultId: '58e1f9b5089cba9f4a59d21d74a9129e') in 0.009199541 seconds
[Worker1] Imported GUID: 6c7e9115f7d147358afe5f37134801db - Path: Packages/com.unity.2d.sprite/Editor/UI/SpriteEditor/SpriteFrameCapabilityWindow.uss - Importer: ScriptedImporter/UnityEditor.QuickSearchModule:UnityEditor.Search:ASIAI0B -> (ImportResultId: '9ea5baad446a1f9a4e31b4bc1cbca6e1') in 0.008218833 seconds
[Worker0] Imported GUID: 7cbb3655339ec401ca75ba5fe26884f4 - Path: Packages/com.unity.2d.animation/Editor/Assets/SkinningModule/SpriteEdgeOutline.shader - Importer: ScriptedImporter/UnityEditor.QuickSearchModule:UnityEditor.Search:ASIAI0B -> (ImportResultId: 'd55e79d2b51db986dd32fa26b10813bc') in 0.010481416 seconds
[Worker1] Imported GUID: bb668641abe10a64891e26613cf530ee - Path: Packages/com.unity.2d.animation/Editor/Assets/EditorIcons/Selected/Weight_Brush@2x.png - Importer: ScriptedImporter/UnityEditor.QuickSearchModule:UnityEditor.Search:ASIAI0B -> (ImportResultId: 'c87f1149943e9d8e80cf51f05f36246c') in 0.008890667 seconds
[Worker0] Imported GUID: 00c7de9129a3f41a3a38bd1c2d5a057f - Path: Packages/com.unity.2d.psdimporter/Editor/Assets/Icons/Light - Importer: ScriptedImporter/UnityEditor.QuickSearchModule:UnityEditor.Search:ASIAI0B -> (ImportResultId: '1538558a40411139929b6a3e320f3f36') in 0.008388416 seconds
[Worker1] Imported GUID: 0167a2d235421ca4f8095daaa1defd4f - Path: Packages/com.unity.2d.animation/Editor/Assets/EditorIcons/Selected/d_Visibility_Tool@4x.png - Importer: ScriptedImporter/UnityEditor.QuickSearchModule:UnityEditor.Search:ASIAI0B -> (ImportResultId: 'eef5a19a10bdfd56fa5d1260f2f6e050') in 0.010027625 seconds
[Worker0] Imported GUID: f58d83d2792f0450fb7aec0238f4a067 - Path: Packages/com.unity.2d.animation/Editor/Assets/ComponentIcons - Importer: ScriptedImporter/UnityEditor.QuickSearchModule:UnityEditor.Search:ASIAI0B -> (ImportResultId: 'a06a8143ae9416c0514a0eda59f93b71') in 0.007705459 seconds
[Worker1] Imported GUID: 2d35623559ffd044682af7e09affdcc8 - Path: Packages/com.unity.2d.tilemap/Editor/Icons/d_Tilemap.ShowGrid@4x.png - Importer: ScriptedImporter/UnityEditor.QuickSearchModule:UnityEditor.Search:ASIAI0B -> (ImportResultId: 'd27d8c21b4fecf7ef35f239b5f8d5139') in 0.009331084 seconds
[Worker0] Imported GUID: 52ba1e44dd745b7499ee3f8bb1fe60ce - Path: Packages/com.unity.2d.sprite/Editor/SpriteEditor/SpriteUtilityWindow.cs - Importer: ScriptedImporter/UnityEditor.QuickSearchModule:UnityEditor.Search:ASIAI0B -> (ImportResultId: 'a4a2d7387642db6b297355a0ea0aa0d5') in 0.007490625 seconds
[Worker1] Imported GUID: 465d9bad157c4de4994f6d05a8f9d38a - Path: Packages/com.unity.2d.spriteshape/Editor/SpriteShapeEditorUtility.cs - Importer: ScriptedImporter/UnityEditor.QuickSearchModule:UnityEditor.Search:ASIAI0B -> (ImportResultId: '9ab88e7a4acc757e10b627b3390596b4') in 0.007608791 seconds
[Worker0] Imported GUID: c7aa62ae78ffca0498c89e5f45f94c0e - Path: Packages/com.unity.2d.animation/Editor/Assets/EditorIcons/Bone_Influence@4x.png - Importer: ScriptedImporter/UnityEditor.QuickSearchModule:UnityEditor.Search:ASIAI0B -> (ImportResultId: '465287e528e31a30a5010209ca3b9ede') in 0.009260458 seconds
[Worker1] Imported GUID: 6a53be7c03b5414bbd50094b4e2edc5a - Path: Packages/com.unity.2d.tooling/Editor/Insider/SpriteAtlas/SpriteAtlasIssueReport/SpriteWithSecondaryTextureIssue/SpriteWithSecondayTextureCellData.cs - Importer: ScriptedImporter/UnityEditor.QuickSearchModule:UnityEditor.Search:ASIAI0B -> (ImportResultId: '72ddaa7bdff052a41a58132f81c8dac1') in 0.007757125 seconds
[Worker0] Imported GUID: a1bd3db90f5f7314e822ba2e38f901c6 - Path: Packages/com.unity.2d.tilemap/Editor/Icons/Tilemap.FocusGrid@4x.png - Importer: ScriptedImporter/UnityEditor.QuickSearchModule:UnityEditor.Search:ASIAI0B -> (ImportResultId: 'bdc76d8983d1ba4adccf5dd8bbcc4ff0') in 0.009027833 seconds
[Worker1] Imported GUID: 3230fdc399f8287488325e5941a00527 - Path: Packages/com.unity.2d.animation/Editor/Assets/SkinningModule/SpriteBitmask.shader - Importer: ScriptedImporter/UnityEditor.QuickSearchModule:UnityEditor.Search:ASIAI0B -> (ImportResultId: '40564449a85b043ff908ed2ce3a499b1') in 0.0074925 seconds
[Worker0] Imported GUID: d8c8210d3679b804d9f03049171735f2 - Path: Packages/com.unity.2d.animation/Editor/Assets/EditorIcons/Selected - Importer: ScriptedImporter/UnityEditor.QuickSearchModule:UnityEditor.Search:ASIAI0B -> (ImportResultId: 'acdc1e55b766430cee3a264ae00d43a2') in 0.007961291 seconds
[Worker1] Imported GUID: 1f3420e9f7420411a8aac27743b35e29 - Path: Packages/com.unity.2d.psdimporter/Editor/Assets/Icons/Dark/Layers Separated@16x.png - Importer: ScriptedImporter/UnityEditor.QuickSearchModule:UnityEditor.Search:ASIAI0B -> (ImportResultId: 'b5d99d11c56f02b252663dc0b230e034') in 0.009568417 seconds
[Worker0] Imported GUID: 645d52902e2241568a67dcecdcbb8934 - Path: Packages/com.unity.2d.tilemap/Editor/TileSet/TileSetUtility.cs - Importer: ScriptedImporter/UnityEditor.QuickSearchModule:UnityEditor.Search:ASIAI0B -> (ImportResultId: '72d8c6608ed05ee1e2b9251f5c22b6f8') in 0.007732334 seconds
[Worker1] Imported GUID: 2b6148b9ac6738b4999b4686f3820560 - Path: Packages/com.unity.2d.psdimporter/Editor/PSDPlugin/PsdFile/Layers/Mask.cs - Importer: ScriptedImporter/UnityEditor.QuickSearchModule:UnityEditor.Search:ASIAI0B -> (ImportResultId: '62f5866c3920134ab0a30f05604c57e0') in 0.007206042 seconds
[Worker0] Imported GUID: 41ba21739e79d42819811459918315b2 - Path: Packages/com.unity.2d.animation/Editor/Assets/ComponentIcons/d_Animation.SpriteSkin.asset - Importer: ScriptedImporter/UnityEditor.QuickSearchModule:UnityEditor.Search:ASIAI0B -> (ImportResultId: 'f80d73f46f9fdb29aed4e92960819972') in 0.011180083 seconds
[Worker1] Imported GUID: f95db4a471e2cb94badcf4b1271cfee1 - Path: Packages/com.unity.2d.animation/Editor/LayoutOverlay/LayoutOverlay.cs - Importer: ScriptedImporter/UnityEditor.QuickSearchModule:UnityEditor.Search:ASIAI0B -> (ImportResultId: '1b797711662a92f6e8304f76d2cd96a1') in 0.007424958 seconds
[Worker1] Imported GUID: 3a361ade0d5860841861f16877a7a43d - Path: Packages/com.unity.2d.animation/Editor/SkinningModule/SkinningCache/SkinningEnums.cs - Importer: ScriptedImporter/UnityEditor.QuickSearchModule:UnityEditor.Search:ASIAI0B -> (ImportResultId: '31b209320ba1d24cfe0a2cda38d76bee') in 0.007516375 seconds
[Worker0] Imported GUID: 9d68cf945428ac2448d4c657f30b31cc - Path: Packages/com.unity.2d.animation/Editor/Assets/EditorIcons/d_Create_Edge@3x.png - Importer: ScriptedImporter/UnityEditor.QuickSearchModule:UnityEditor.Search:ASIAI0B -> (ImportResultId: '48d6d0c3ba028d0199717fadeeaf8801') in 0.009288959 seconds
[Worker1] Imported GUID: 173a5eb1d13d68d4ea39f3e5d2c6e2c0 - Path: Packages/com.unity.2d.animation/Editor/Assets/SkinningModule/dotYellow.png - Importer: ScriptedImporter/UnityEditor.QuickSearchModule:UnityEditor.Search:ASIAI0B -> (ImportResultId: 'b94be442d43094713c568922d6a10c5d') in 0.009103625 seconds
[Worker0] Imported GUID: a775ce65fe4b55c46a628fa416f319d3 - Path: Packages/com.unity.2d.psdimporter/Editor/PSDLayer.cs - Importer: ScriptedImporter/UnityEditor.QuickSearchModule:UnityEditor.Search:ASIAI0B -> (ImportResultId: '7381bb742043ec9f81d94cd067fe19d0') in 0.007343208 seconds
[Worker1] Imported GUID: 11be01bfe5fde8f419a0ec4a38e1026e - Path: Packages/com.unity.2d.animation/Editor/SkinningModule/VisibilityTool/VisibilityToolColumnHeader.cs - Importer: ScriptedImporter/UnityEditor.QuickSearchModule:UnityEditor.Search:ASIAI0B -> (ImportResultId: '318f4afe8e7b079388963803036ea9d8') in 0.007352583 seconds
[Worker0] Imported GUID: 190c43ac8c7af48e2ae7663a44f1c7ec - Path: Packages/com.unity.2d.animation/Editor/Assets/ComponentIcons/Animation.IKLimb On@256.png - Importer: ScriptedImporter/UnityEditor.QuickSearchModule:UnityEditor.Search:ASIAI0B -> (ImportResultId: '52ebcd50b079f6285be819e1cf144705') in 0.009059042 seconds
[Worker1] Imported GUID: e099a9a50d79b464db71bd8aeda04a6f - Path: Packages/com.unity.2d.animation/Editor/SkinningModule/UserSettings.cs - Importer: ScriptedImporter/UnityEditor.QuickSearchModule:UnityEditor.Search:ASIAI0B -> (ImportResultId: 'd908eaf32d3f235078c3f0ce1dc18a1e') in 0.007674 seconds
[Worker0] Imported GUID: 3f2d8e263d8314a48a35859e01318f35 - Path: Packages/com.unity.2d.animation/Editor/Assets/ComponentIcons/d_WarningIcon_Small@2x.png - Importer: ScriptedImporter/UnityEditor.QuickSearchModule:UnityEditor.Search:ASIAI0B -> (ImportResultId: '6115bb24762e6864cbb02a6c28138d7a') in 0.009251375 seconds
[Worker1] Imported GUID: f54e83c8629dc4757841524122bc62c6 - Path: Packages/com.unity.2d.animation/Editor/SpriteLib/SpriteLibraryUtilitiesEditor.cs - Importer: ScriptedImporter/UnityEditor.QuickSearchModule:UnityEditor.Search:ASIAI0B -> (ImportResultId: 'beb3bb8efc26f7a861618d126ff3e12b') in 0.007304125 seconds
[Worker0] Imported GUID: 9f04076907b646c8a460227609400dc7 - Path: Packages/com.unity.2d.tooling/Editor/Insider/AnalyzerWindow/DataSourceListItem/DataSourceListItem.cs - Importer: ScriptedImporter/UnityEditor.QuickSearchModule:UnityEditor.Search:ASIAI0B -> (ImportResultId: '747d2175e87862a6d3b1f5b304d71e0d') in 0.007421208 seconds
[Worker1] Imported GUID: e59e9fe7abf273d468dc9e55f8a8acaa - Path: Packages/com.unity.2d.psdimporter/Editor/PSDPlugin/PsdFile - Importer: ScriptedImporter/UnityEditor.QuickSearchModule:UnityEditor.Search:ASIAI0B -> (ImportResultId: 'b7c026c297f1192d01fd1ff52420dae4') in 0.007349541 seconds
[Worker0] Imported GUID: 86ae7de409eb54f619fb1328e4d42480 - Path: Packages/com.unity.2d.spriteshape/Editor/ObjectMenuCreation/DefaultAssets/Sprite Shapes/Open Sprite Shape.prefab - Importer: ScriptedImporter/UnityEditor.QuickSearchModule:UnityEditor.Search:ASIAI0B -> (ImportResultId: '190983b74e4b1c4db7dff1e53d1fad22') in 0.010919791 seconds
[Worker1] Imported GUID: 61ac40b257b3a994f841856ad38b2b6b - Path: Packages/com.unity.2d.animation/Editor/Assets/EditorIcons/Selected/Create Bones@4x.png - Importer: ScriptedImporter/UnityEditor.QuickSearchModule:UnityEditor.Search:ASIAI0B -> (ImportResultId: '1a28414a549e51f73abbb06b82809a3b') in 0.009080791 seconds
[Worker0] Imported GUID: a1d7068dd95acae4982f310c40f16a20 - Path: Packages/com.unity.2d.pixel-perfect/Tests - Importer: ScriptedImporter/UnityEditor.QuickSearchModule:UnityEditor.Search:ASIAI0B -> (ImportResultId: 'b5db1169f42e22b04aca21b15f409312') in 0.008117666 seconds
[Worker1] Imported GUID: d1a4629d5a3d147978a3fe8af3b6a935 - Path: Packages/com.unity.2d.sprite/Editor/Assets/d_LockedOptions@2x.png - Importer: ScriptedImporter/UnityEditor.QuickSearchModule:UnityEditor.Search:ASIAI0B -> (ImportResultId: '7f9190f6dca5436e8f2a0adead9dbe44') in 0.010470958 seconds
[Worker0] Imported GUID: 7a5950bc69d34eaa8b69e23a0219af0e - Path: Packages/com.unity.2d.tilemap/Editor/UI/External/RenameableLabel.uss - Importer: ScriptedImporter/UnityEditor.QuickSearchModule:UnityEditor.Search:ASIAI0B -> (ImportResultId: 'cd085ceb8f863d1284c0a507c920cc5e') in 0.007886166 seconds
[Worker1] Imported GUID: 0594f3299f18e6f41908492f9b359f6c - Path: Packages/com.unity.2d.tilemap/Editor/Icons/d_GridSelection.png - Importer: ScriptedImporter/UnityEditor.QuickSearchModule:UnityEditor.Search:ASIAI0B -> (ImportResultId: '33d7d108d5ae42a9cafd154ce91b4955') in 0.0088195 seconds
[Worker0] Imported GUID: ce009ee7a4fb24c1da2f07064894e6c4 - Path: Packages/com.unity.2d.animation/Editor/Assets/ComponentIcons/Animation.SpriteResolver@128.png - Importer: ScriptedImporter/UnityEditor.QuickSearchModule:UnityEditor.Search:ASIAI0B -> (ImportResultId: '410bbae357477409c4bf5f151afa75b8') in 0.009668708 seconds
[Worker1] Imported GUID: 8f7bde1696e5f8947bda3a63b8f05bfe - Path: Packages/com.unity.2d.tilemap/Editor/UI/TilePaletteMouseCursorUtility.cs - Importer: ScriptedImporter/UnityEditor.QuickSearchModule:UnityEditor.Search:ASIAI0B -> (ImportResultId: 'd53ddc8e29354fcd8e00ebfc3179ab6e') in 0.007633833 seconds
[Worker0] Imported GUID: b8f7402084fe2cf4d884952adeac1114 - Path: Packages/com.unity.2d.sprite/Editor/UI/SpriteEditor - Importer: ScriptedImporter/UnityEditor.QuickSearchModule:UnityEditor.Search:ASIAI0B -> (ImportResultId: '873e3c7a3dbf2d6f186f7f7fe3577e6a') in 0.007740459 seconds
[Worker1] Imported GUID: 75f5f34dc1b5347e0b8351032682f224 - Path: Packages/com.unity.2d.sprite/Editor/ObjectMenuCreation/DefaultAssets/Textures/v2/Triangle.png - Importer: ScriptedImporter/UnityEditor.QuickSearchModule:UnityEditor.Search:ASIAI0B -> (ImportResultId: 'd0f82d00688d2857d06039b0118b63d7') in 0.009209125 seconds
[Worker0] Imported GUID: 7c1d940f1184e44269a954817b343570 - Path: Packages/com.unity.2d.animation/Editor/Assets/ComponentIcons/d_Animation.SpriteLibrary@128.png - Importer: ScriptedImporter/UnityEditor.QuickSearchModule:UnityEditor.Search:ASIAI0B -> (ImportResultId: '4426b93953902d85a1a7b48793c39d43') in 0.009208625 seconds
[Worker1] Imported GUID: 455f18c8a1cd7574f84ff7236cfaadea - Path: Packages/com.unity.2d.animation/Editor/SkinningModule/Cache/Cache.cs - Importer: ScriptedImporter/UnityEditor.QuickSearchModule:UnityEditor.Search:ASIAI0B -> (ImportResultId: '87de3af395303cbbaea449c61f82e2e5') in 0.00739625 seconds
[Worker0] Imported GUID: 74fa967f55c32124c86b5f4f945e92f7 - Path: Packages/com.unity.2d.psdimporter/Editor/SpriteData.cs - Importer: ScriptedImporter/UnityEditor.QuickSearchModule:UnityEditor.Search:ASIAI0B -> (ImportResultId: '6cb30d0a003694008abb95b50e591924') in 0.008178708 seconds
[Worker1] Imported GUID: 031a31877f2d04a4dac4146c804dbde9 - Path: Packages/com.unity.2d.common/Runtime/InternalBridge/AssemblyInfo.cs - Importer: ScriptedImporter/UnityEditor.QuickSearchModule:UnityEditor.Search:ASIAI0B -> (ImportResultId: '0e1b9a1160cd04b4dd0955b466c80026') in 0.007689083 seconds
[Worker1] Imported GUID: ead923a851f6c425988ea44cb2cec0dd - Path: Packages/com.unity.2d.animation/Editor/SpriteSkin/BoneOverlay/BoneOverlay.cs - Importer: ScriptedImporter/UnityEditor.QuickSearchModule:UnityEditor.Search:ASIAI0B -> (ImportResultId: 'd8fd94f609923946e133d777a308911c') in 0.008291875 seconds
[Worker0] Imported GUID: ada7faed6fbdf4a409392af3cfb70479 - Path: Packages/com.unity.2d.spriteshape/Runtime/External/LibTessDotNet/MeshUtils.cs - Importer: ScriptedImporter/UnityEditor.QuickSearchModule:UnityEditor.Search:ASIAI0B -> (ImportResultId: '8bdafc56fd0958e3b31bfa77942ca29f') in 0.008388292 seconds
[Worker1] Imported GUID: 7e00d2a7fc6d13b49bacb9663abfa3ae - Path: Packages/com.unity.2d.animation/Editor/Assets/EditorIcons/d_Paste.png - Importer: ScriptedImporter/UnityEditor.QuickSearchModule:UnityEditor.Search:ASIAI0B -> (ImportResultId: '6fca574e8f568b0ff68cbb96bb4c2fa6') in 0.010362625 seconds
[Worker0] Imported GUID: f2df2ca130cfb4705ae418741cb26ff7 - Path: Packages/com.unity.2d.animation/Editor/Assets/ComponentIcons/d_Animation.IKCCD@256.png - Importer: ScriptedImporter/UnityEditor.QuickSearchModule:UnityEditor.Search:ASIAI0B -> (ImportResultId: '183bba446fd59b97dff908c074d37a88') in 0.010729334 seconds
[Worker0] Imported GUID: 1e9f96df9c9c45e4b70e98b154ff98ee - Path: Packages/com.unity.2d.tooling/Editor/Insider/SpriteAtlas/SpriteAtlasIssueReport/UIElement/CellLabelWithIcon/CellLabelWithIcon.uss - Importer: ScriptedImporter/UnityEditor.QuickSearchModule:UnityEditor.Search:ASIAI0B -> (ImportResultId: '8cd8cb91a850bb77ce055bc76bd75f30') in 0.008692041 seconds
[Worker1] Imported GUID: f8e23945cefaa614da36fe203225170a - Path: Packages/com.unity.2d.tilemap/Editor/Icons/d_Tilemap.TilePalette@2x.png - Importer: ScriptedImporter/UnityEditor.QuickSearchModule:UnityEditor.Search:ASIAI0B -> (ImportResultId: 'bc354d9cab880837480cdaa978dcd2ce') in 0.0103485 seconds
[Worker0] Imported GUID: 52e377fdfecaf4cdc8397ccc1139ffe6 - Path: Packages/com.unity.2d.common/Path/Editor/Selection/SerializableSelection.cs - Importer: ScriptedImporter/UnityEditor.QuickSearchModule:UnityEditor.Search:ASIAI0B -> (ImportResultId: '99afe918396f300f2e344dfcc21715c1') in 0.009095666 seconds
[Worker1] Imported GUID: baab1bab0820d0942bb79c6da94b1688 - Path: Packages/com.unity.2d.tilemap/Editor/Icons/Grid.FlipY@2x.png - Importer: ScriptedImporter/UnityEditor.QuickSearchModule:UnityEditor.Search:ASIAI0B -> (ImportResultId: '248b9dbf1d9bb9562e0bd2d5012bc835') in 0.01017625 seconds
[Worker0] Imported GUID: ec3b1665f977e4f47816871bca3df963 - Path: Packages/com.unity.2d.common/Path/Editor/Selection - Importer: ScriptedImporter/UnityEditor.QuickSearchModule:UnityEditor.Search:ASIAI0B -> (ImportResultId: '1dac44e1662182c8a4ca156bf14ccc68') in 0.008288084 seconds
[Worker1] Imported GUID: 02625be83abde4b498b0acf0df6237ff - Path: Packages/com.unity.2d.animation/Editor/SpriteLib/SpriteLibraryInspector.cs - Importer: ScriptedImporter/UnityEditor.QuickSearchModule:UnityEditor.Search:ASIAI0B -> (ImportResultId: '697c28a126134f8e5f216075d31f9e02') in 0.008788583 seconds
[Worker0] Imported GUID: 1b467712e18b40c4f90510e9d0364faf - Path: Packages/com.unity.2d.psdimporter/Editor/PSDPlugin/PDNWrapper/Surface.cs - Importer: ScriptedImporter/UnityEditor.QuickSearchModule:UnityEditor.Search:ASIAI0B -> (ImportResultId: '1cac6139df567a964e967f3e6a644b1f') in 0.008107542 seconds
[Worker1] Imported GUID: 503b817aa45fa4a43abb42801b56b1e3 - Path: Packages/com.unity.2d.animation/Editor/SkinningModule/SkinningCache/SpriteCacheExtensions.cs - Importer: ScriptedImporter/UnityEditor.QuickSearchModule:UnityEditor.Search:ASIAI0B -> (ImportResultId: 'f1f8efac4779e92790f63b1083c3a3f2') in 0.0079285 seconds
[Worker0] Imported GUID: 62a9f0aa5b59740cfbadc7e5f9823bb0 - Path: Packages/com.unity.2d.aseprite/Editor/AsepriteImporter.cs - Importer: ScriptedImporter/UnityEditor.QuickSearchModule:UnityEditor.Search:ASIAI0B -> (ImportResultId: 'e79457749866044f2e68a69885570730') in 0.008189 seconds
[Worker1] Imported GUID: 83a049cd282c44dd3ba1c44001c8a6d5 - Path: Packages/com.unity.2d.animation/Editor/SkinningModule/Lib/x86_64/BoundedBiharmonicWeightsModule.bundle - Importer: ScriptedImporter/UnityEditor.QuickSearchModule:UnityEditor.Search:ASIAI0B -> (ImportResultId: '5a91b82428c28cb29bd5fb8028a25326') in 0.009367041 seconds
[Worker0] Imported GUID: 2d8829bed74ac1940856f77a49d02bfb - Path: Packages/com.unity.2d.tilemap/Editor/Icons/d_Tilemap.ShowTilePalette@4x.png - Importer: ScriptedImporter/UnityEditor.QuickSearchModule:UnityEditor.Search:ASIAI0B -> (ImportResultId: '946ed6bd3f1e41f1b0d8467012ff04aa') in 0.009766958 seconds
[Worker1] Imported GUID: b5ea83a04894a434f9b5e5b5d91c75e5 - Path: Packages/com.unity.2d.spriteshape/Runtime/External/LibTessDotNet/LICENSE.txt - Importer: ScriptedImporter/UnityEditor.QuickSearchModule:UnityEditor.Search:ASIAI0B -> (ImportResultId: '8d806ee5652897177586f03a7453870d') in 0.007584292 seconds
[Worker0] Imported GUID: 9718fdfb7e2ff4a7cb44fc9e84468a8f - Path: Packages/com.unity.2d.animation/Editor/SpritePostProcess.cs - Importer: ScriptedImporter/UnityEditor.QuickSearchModule:UnityEditor.Search:ASIAI0B -> (ImportResultId: 'e9607d0934fc7be0ecae85e1b68af960') in 0.00742675 seconds
[Worker1] Imported GUID: 5bf7c34a0dc4e6348bea04faa70406ee - Path: Packages/com.unity.2d.animation/Runtime/SpriteLib/SpriteLibraryAsset.cs - Importer: ScriptedImporter/UnityEditor.QuickSearchModule:UnityEditor.Search:ASIAI0B -> (ImportResultId: '2b9e4cdece0c7a035184766c7bee58e2') in 0.009007625 seconds
[Worker0] Imported GUID: 57a11bd3b74944590a908c57a0fbd415 - Path: Packages/com.unity.2d.animation/Editor/SpriteSkin/BoneEditor.cs - Importer: ScriptedImporter/UnityEditor.QuickSearchModule:UnityEditor.Search:ASIAI0B -> (ImportResultId: 'e5f4bc0c7b792892c9384d514229f6c7') in 0.0080845 seconds
[Worker1] Imported GUID: 3ca460f439284e95845bbe6636e829aa - Path: Packages/com.unity.2d.psdimporter/Editor/PSDSpriteEditorDataProvider.cs - Importer: ScriptedImporter/UnityEditor.QuickSearchModule:UnityEditor.Search:ASIAI0B -> (ImportResultId: '07a75cf3dfdb7a20baf8dbed6d83c8fc') in 0.007813458 seconds
[Worker0] Imported GUID: fc5a15cac6c6c4b09a6095ac03bf2473 - Path: Packages/com.unity.2d.tooling/Editor/Insider/SpriteAtlas/SpriteAtlasIssueReport/AllSpriteAtlasReport/SpriteAtlasRawData.uxml - Importer: ScriptedImporter/UnityEditor.QuickSearchModule:UnityEditor.Search:ASIAI0B -> (ImportResultId: 'ade4c8779f2786d0ce9e398359a9183e') in 0.010947042 seconds
[Worker1] Imported GUID: a33833072bf90f34c856623b67d0e897 - Path: Packages/com.unity.2d.animation/Editor/Assets/EditorIcons/d_character_Mode.png - Importer: ScriptedImporter/UnityEditor.QuickSearchModule:UnityEditor.Search:ASIAI0B -> (ImportResultId: 'e7aedeb6a376f9524c727af1ab0397e3') in 0.008877125 seconds
[Worker0] Imported GUID: 831c95a008fa0fd478a97a3ea977d036 - Path: Packages/com.unity.2d.animation/Editor/SkinningModule/Selectors/RectBoneSelector.cs - Importer: ScriptedImporter/UnityEditor.QuickSearchModule:UnityEditor.Search:ASIAI0B -> (ImportResultId: '85632145bde661e41a492a80ac08c666') in 0.007892666 seconds
[Worker1] Imported GUID: 72bf58aecc1877e48b77ac8a0408b0c6 - Path: Packages/com.unity.2d.animation/Editor/SkinningModule/MeshTool/MeshTool.cs - Importer: ScriptedImporter/UnityEditor.QuickSearchModule:UnityEditor.Search:ASIAI0B -> (ImportResultId: '33d35c09d64925bc4782bf44cd0749cb') in 0.007582709 seconds
[Worker1] Imported GUID: 9b3f77b5965944b8ba5c1beefa1eb533 - Path: Packages/com.unity.2d.animation/Editor/SkinningModule/DrawingUtility.cs - Importer: ScriptedImporter/UnityEditor.QuickSearchModule:UnityEditor.Search:ASIAI0B -> (ImportResultId: '7c8aa58cdf78a223ee909e065e278abd') in 0.007596917 seconds
[Worker0] Imported GUID: 1cea3c0d30c40344881603d28240cfd3 - Path: Packages/com.unity.2d.tilemap/Editor/Icons/d_Tilemap.BrushSettings.png - Importer: ScriptedImporter/UnityEditor.QuickSearchModule:UnityEditor.Search:ASIAI0B -> (ImportResultId: '39c7369ea7dcf2844ca875125ae5bb58') in 0.009434792 seconds
[Worker1] Imported GUID: 6d6a2e9f511f84ef6ac33f00e4698a8d - Path: Packages/com.unity.2d.animation/Editor/SpriteLib/SpriteLibraryEditor/SpriteLibraryAssetPostprocessor.cs - Importer: ScriptedImporter/UnityEditor.QuickSearchModule:UnityEditor.Search:ASIAI0B -> (ImportResultId: 'f24469c7c751245593a7f460e0a26277') in 0.0073075 seconds
[Worker0] Imported GUID: b533c652136df4744a089524507a44c6 - Path: Packages/com.unity.2d.animation/Editor/Assets/ComponentIcons/Animation.IKFabrik On@256.png - Importer: ScriptedImporter/UnityEditor.QuickSearchModule:UnityEditor.Search:ASIAI0B -> (ImportResultId: '3ece8e9c5545659d51d6354eecc0aea8') in 0.009251375 seconds
[Worker1] Imported GUID: 2fd4f13c38edc483ba5fce64269a434a - Path: Packages/com.unity.2d.common/Path/Editor/Handles/ShapeTool.png - Importer: ScriptedImporter/UnityEditor.QuickSearchModule:UnityEditor.Search:ASIAI0B -> (ImportResultId: '9d3dd76a6dd898eefea2323ee0392248') in 0.009348292 seconds
[Worker0] Imported GUID: 6816bbef55b2e9847b5e4f06c5475d8b - Path: Packages/com.unity.2d.animation/Editor/Assets/EditorIcons/d_Weight_Slider@4x.png - Importer: ScriptedImporter/UnityEditor.QuickSearchModule:UnityEditor.Search:ASIAI0B -> (ImportResultId: 'dca6c26df9b460d9026c184e734f74c4') in 0.009075375 seconds
[Worker1] Imported GUID: 268f3ff5d8d00475a958fe7112857e71 - Path: Packages/com.unity.2d.common/Path/Editor/Shapes/ShapeExtensions.cs - Importer: ScriptedImporter/UnityEditor.QuickSearchModule:UnityEditor.Search:ASIAI0B -> (ImportResultId: '4682dd78637b8b37a8acbb0dfa4b02fb') in 0.007601375 seconds
[Worker0] Imported GUID: 5dbd5be3ef1574c7e97b880d54c1fa76 - Path: Packages/com.unity.2d.psdimporter/Editor/Assets/Icons/Light/Layers Collapsed@4x.png - Importer: ScriptedImporter/UnityEditor.QuickSearchModule:UnityEditor.Search:ASIAI0B -> (ImportResultId: '86576d71f5b5b1afc724d49282c30827') in 0.009427 seconds
[Worker1] Imported GUID: b9da5ea5902f0ed42a2acecf3332a648 - Path: Packages/com.unity.2d.animation/Tests/Editor - Importer: ScriptedImporter/UnityEditor.QuickSearchModule:UnityEditor.Search:ASIAI0B -> (ImportResultId: '997f1927039948a37d793844371867e5') in 0.007602625 seconds
[Worker0] Imported GUID: dd24cbd77ecda46f5a2f8e7c832cf3fa - Path: Packages/com.unity.2d.tooling/Editor/Insider/SpriteAtlas/SpriteAtlasIssueReport/SpriteAtlasIssuesContainer/SpriteAtlasIssuesContainer.uxml - Importer: ScriptedImporter/UnityEditor.QuickSearchModule:UnityEditor.Search:ASIAI0B -> (ImportResultId: '5f9e093913982cca4c705a6944da4b4e') in 0.008670542 seconds
[Worker1] Imported GUID: f47213af7e996497b96c4b5df3e6b613 - Path: Packages/com.unity.2d.psdimporter/Editor/Assets/Icons/Selected/Layers Collapsed@8x.png - Importer: ScriptedImporter/UnityEditor.QuickSearchModule:UnityEditor.Search:ASIAI0B -> (ImportResultId: '429466f7dfcae6a39ff5bc89360a32b3') in 0.009455458 seconds
[Worker0] Imported GUID: 888033bb6c1374d44a56c290bc991950 - Path: Packages/com.unity.2d.tilemap/Editor/UI/TilePaletteBrushPanelButton.cs - Importer: ScriptedImporter/UnityEditor.QuickSearchModule:UnityEditor.Search:ASIAI0B -> (ImportResultId: '62e795b2ab9a4636c42ef70bfc9e3457') in 0.007825458 seconds
[Worker1] Imported GUID: efae8c209fe26f541b3d560f2034287d - Path: Packages/com.unity.2d.tilemap/Editor/Icons/d_EditorUI.Target@2x.png - Importer: ScriptedImporter/UnityEditor.QuickSearchModule:UnityEditor.Search:ASIAI0B -> (ImportResultId: 'f4c2791b79632f367316c1fd6eecc252') in 0.009346333 seconds
[Worker0] Imported GUID: 059e899e67974cee918439343d2206a3 - Path: Packages/com.unity.2d.animation/Profiler/Editor/UI/SpriteSkinProfilerView - Importer: ScriptedImporter/UnityEditor.QuickSearchModule:UnityEditor.Search:ASIAI0B -> (ImportResultId: '0dbf9306099f4555c5510b100d4362e9') in 0.007526042 seconds
[Worker1] Imported GUID: 6a160d838ff8b4b4693ac20007e008c7 - Path: Packages/com.unity.2d.pixel-perfect/Runtime/PixelPerfectCamera.cs - Importer: ScriptedImporter/UnityEditor.QuickSearchModule:UnityEditor.Search:ASIAI0B -> (ImportResultId: 'dc88a60b7c4a923539c0f329f7d2094e') in 0.007862542 seconds
[Worker0] Imported GUID: 687acdc95675db149bf5de5771ecac18 - Path: Packages/com.unity.2d.sprite/Editor/SpriteEditor/SpriteEditorWindow.cs - Importer: ScriptedImporter/UnityEditor.QuickSearchModule:UnityEditor.Search:ASIAI0B -> (ImportResultId: 'acc2178d656ed429b9c657d5c73f207a') in 0.007449583 seconds
[Worker0] Imported GUID: bdab342e8f290224dbdbc33dd03605c4 - Path: Packages/com.unity.2d.tilemap/Editor/Icons/d_Tilemap.BrushPicks.png - Importer: ScriptedImporter/UnityEditor.QuickSearchModule:UnityEditor.Search:ASIAI0B -> (ImportResultId: 'e5512f29519f6b253dd9fbf2ac7bbe9b') in 0.009332458 seconds
[Worker0] Imported GUID: bbde88425e2d4dbfbcdd8d11d5002c3a - Path: Packages/com.unity.2d.sprite/Editor/SpriteEditorModule/SpriteFrameModule/UndoObject - Importer: ScriptedImporter/UnityEditor.QuickSearchModule:UnityEditor.Search:ASIAI0B -> (ImportResultId: '136aefce6bb315c74b52b6e8c879c59e') in 0.008866833 seconds
[Worker1] Imported GUID: 1c7762c9bce5f4ab7b060decb9e3002d - Path: Packages/com.unity.2d.psdimporter/Editor/Assets/pivot.fbx - Importer: ScriptedImporter/UnityEditor.QuickSearchModule:UnityEditor.Search:ASIAI0B -> (ImportResultId: 'c4b6ecf05e7f92f813eaf3eb626b8639') in 0.028482125 seconds
[Worker0] Imported GUID: 384ea3a769d6ffd44bcc7f03793e3adc - Path: Packages/com.unity.2d.tilemap/Editor/GridPaintPaletteClipboard.cs - Importer: ScriptedImporter/UnityEditor.QuickSearchModule:UnityEditor.Search:ASIAI0B -> (ImportResultId: '77c4393a8aa0619eaebcbae6948ecdb4') in 0.007960333 seconds
[Worker0] Imported GUID: ff827e3a021bd1b4493ddbcd90ed460f - Path: Packages/com.unity.2d.tilemap/Editor/Icons/Tilemap.BrushSettings@4x.png - Importer: ScriptedImporter/UnityEditor.QuickSearchModule:UnityEditor.Search:ASIAI0B -> (ImportResultId: '8f74854069c7fe11cae52c003d5deb2b') in 0.009486667 seconds
[Worker1] Imported GUID: 6dfa8a4e449dd46479d1788637b70811 - Path: Packages/com.unity.2d.animation/Editor/Assets/ComponentIcons/Animation.IKManager@128.png - Importer: ScriptedImporter/UnityEditor.QuickSearchModule:UnityEditor.Search:ASIAI0B -> (ImportResultId: '05e9172e5ceb03788b54a654cd37f228') in 0.009638042 seconds
[Worker1] Imported GUID: 6d082a477f1715f498c6a28543125ec8 - Path: Packages/com.unity.2d.animation/Editor/Assets/EditorIcons/d_Visibility_Hidded@3x.png - Importer: ScriptedImporter/UnityEditor.QuickSearchModule:UnityEditor.Search:ASIAI0B -> (ImportResultId: '77ffbd430460c39394d309c588577bf1') in 0.009618583 seconds
[Worker0] Imported GUID: 607b17a3f96ae4b97b6b24dcdb2012ee - Path: Packages/com.unity.2d.animation/Editor/Assets/ComponentIcons/Animation.SpriteSkin.asset - Importer: ScriptedImporter/UnityEditor.QuickSearchModule:UnityEditor.Search:ASIAI0B -> (ImportResultId: '3bbbb8b56042181827eb50dc7507ee71') in 0.011452667 seconds
[Worker0] Imported GUID: f49d8937111e99645adc3cc3b6c47215 - Path: Packages/com.unity.2d.tilemap/Editor/UI/TilePaletteActiveTargetsButton.cs - Importer: ScriptedImporter/UnityEditor.QuickSearchModule:UnityEditor.Search:ASIAI0B -> (ImportResultId: 'f77a8c8a3b3287c3d340013917072fe0') in 0.007404791 seconds
[Worker1] Imported GUID: ba345f2f643d842459447c374943401d - Path: Packages/com.unity.2d.animation/Editor/Assets/ComponentIcons/Animation.IKCCD On@256.png - Importer: ScriptedImporter/UnityEditor.QuickSearchModule:UnityEditor.Search:ASIAI0B -> (ImportResultId: '9e15d01ad079fba5fd765d88c9af627d') in 0.00967325 seconds
[Worker0] Imported GUID: cdca26d19b2de4028aec5c831f7e3854 - Path: Packages/com.unity.2d.animation/Editor/SpriteLib/SpriteLibraryEditor - Importer: ScriptedImporter/UnityEditor.QuickSearchModule:UnityEditor.Search:ASIAI0B -> (ImportResultId: '63f30368879e2b23c63af50c7afc8d2d') in 0.007913083 seconds
[Worker1] Imported GUID: 56b33ec0a3134afd8daba661edee9df3 - Path: Packages/com.unity.2d.aseprite/Editor/Utilities/ImportUtilities.cs - Importer: ScriptedImporter/UnityEditor.QuickSearchModule:UnityEditor.Search:ASIAI0B -> (ImportResultId: '263577eba14609e59911aaa888fe1049') in 0.007425083 seconds
[Worker0] Imported GUID: 08f15e56bdceb584f8b33ce6d6e22aa7 - Path: Packages/com.unity.2d.animation/Editor/SkinningModule/SkeletonTool - Importer: ScriptedImporter/UnityEditor.QuickSearchModule:UnityEditor.Search:ASIAI0B -> (ImportResultId: 'be942a61bb0134ceb3f0b4802e513f44') in 0.008211042 seconds
[Worker1] Imported GUID: 2b072f285a732f747b9be104aae155b2 - Path: Packages/com.unity.2d.animation/Editor/Assets/EditorIcons/Paste@3x.png - Importer: ScriptedImporter/UnityEditor.QuickSearchModule:UnityEditor.Search:ASIAI0B -> (ImportResultId: '9ae3cd3889b6d3de9ee4d797f18689f2') in 0.010805875 seconds
[Worker0] Imported GUID: a9354548f1d8e4015830a88081482039 - Path: Packages/com.unity.2d.animation/Editor/Assets/ComponentIcons/Animation.IKCCD On@32.png - Importer: ScriptedImporter/UnityEditor.QuickSearchModule:UnityEditor.Search:ASIAI0B -> (ImportResultId: '7e807e0878d7c1a10031ec8bcd90b61b') in 0.009427916 seconds
[Worker1] Imported GUID: 768531f76566d4b18bfe4ed7b21e5ce1 - Path: Packages/com.unity.2d.animation/Editor/Assets/EditorIcons/Sprite_Influence.png - Importer: ScriptedImporter/UnityEditor.QuickSearchModule:UnityEditor.Search:ASIAI0B -> (ImportResultId: '4b8fe6cabca92460add297d629a3a817') in 0.008811083 seconds
[Worker0] Imported GUID: 5242f1eff2245a741a7cec5ada97f9f2 - Path: Packages/com.unity.2d.animation/Editor/Assets/EditorIcons/Edit_Geometry.png - Importer: ScriptedImporter/UnityEditor.QuickSearchModule:UnityEditor.Search:ASIAI0B -> (ImportResultId: 'e8b15b4cdf7595ed61da92813ecf804e') in 0.009205959 seconds
[Worker1] Imported GUID: ee0407bcd37e40898951d92a9f60767d - Path: Packages/com.unity.2d.tilemap.extras/Editor/Tiles/AutoTile/UI/AutoTileSpriteSource.cs - Importer: ScriptedImporter/UnityEditor.QuickSearchModule:UnityEditor.Search:ASIAI0B -> (ImportResultId: '513e57aefc83d83669d29ee6f0d871c3') in 0.007383833 seconds
[Worker0] Imported GUID: 0c6d31f7fb009894b8cbfc066b3b337b - Path: Packages/com.unity.2d.tilemap.extras/Runtime/AssemblyInfo.cs - Importer: ScriptedImporter/UnityEditor.QuickSearchModule:UnityEditor.Search:ASIAI0B -> (ImportResultId: '47336c9b49623c0bd54367360e538a30') in 0.007961916 seconds
[Worker1] Imported GUID: 269eee5bd0392044cb38fd13171b84f6 - Path: Packages/com.unity.2d.animation/Editor/Assets/EditorIcons/d_Sprite_Mode@2x.png - Importer: ScriptedImporter/UnityEditor.QuickSearchModule:UnityEditor.Search:ASIAI0B -> (ImportResultId: '9d3fff19563ebb596cb9685634086685') in 0.009479042 seconds
[Worker0] Imported GUID: ba283300490772f4f8d1f69efcb7c60f - Path: Packages/com.unity.2d.animation/Tests/Editor/Unity.2D.Animation.EditorTests.asmdef - Importer: ScriptedImporter/UnityEditor.QuickSearchModule:UnityEditor.Search:ASIAI0B -> (ImportResultId: '34e515439f6cffeaf6262e7646827888') in 0.007462875 seconds
[Worker1] Imported GUID: e79a9e9d6396eba438900afb0357e808 - Path: Packages/com.unity.2d.animation/Editor/Assets/EditorIcons/Selected/d_Mesh@3x.png - Importer: ScriptedImporter/UnityEditor.QuickSearchModule:UnityEditor.Search:ASIAI0B -> (ImportResultId: 'cde7364463187966d3e8b1ad146752e1') in 0.009420667 seconds
[Worker0] Imported GUID: 4552552df830d44db8282bda5a044d65 - Path: Packages/com.unity.2d.tooling/Editor/Insider/AnalyzerWindow/DataSourceListItem/DataSourceListItem.uss - Importer: ScriptedImporter/UnityEditor.QuickSearchModule:UnityEditor.Search:ASIAI0B -> (ImportResultId: '941388e9fc4e9f4012e5c8958b8b6e01') in 0.008215583 seconds
[Worker1] Imported GUID: c1fb6449b0f3e438788093548d10bf57 - Path: Packages/com.unity.2d.common/Path/Editor/IMGUI/PathEditor.cs - Importer: ScriptedImporter/UnityEditor.QuickSearchModule:UnityEditor.Search:ASIAI0B -> (ImportResultId: '682b140d9c606c679402c80481621e05') in 0.007476042 seconds
[Worker0] Imported GUID: 8afb57fea8c4eea4a8085e91c810380b - Path: Packages/com.unity.2d.animation/Editor/Assets/EditorIcons/Selected/Create_Vertex@2x.png - Importer: ScriptedImporter/UnityEditor.QuickSearchModule:UnityEditor.Search:ASIAI0B -> (ImportResultId: '3981e80abbd98d863ab04cd90ec005e9') in 0.008951917 seconds
[Worker1] Imported GUID: 8018f7f22eae14c4b8c25d466fa0d8e8 - Path: Packages/com.unity.2d.animation/Editor/Assets/ComponentIcons/Animation.SpriteLibraryManager@64.png - Importer: ScriptedImporter/UnityEditor.QuickSearchModule:UnityEditor.Search:ASIAI0B -> (ImportResultId: '394e123201ca36aaf8f7bca6f19df0f7') in 0.00919975 seconds
[Worker0] Imported GUID: e7446a5d37e345a68c05da1ab90f0a69 - Path: Packages/com.unity.2d.animation/Runtime/SpriteLib/ISpriteLibraryLabel.cs - Importer: ScriptedImporter/UnityEditor.QuickSearchModule:UnityEditor.Search:ASIAI0B -> (ImportResultId: '9ee47de3836cd99068ec20bff2053039') in 0.007994 seconds
[Worker1] Imported GUID: 13b75c95f34a00d4e8c04f76b73312e6 - Path: Packages/com.unity.2d.tilemap.extras/Runtime/Tiles/AnimatedTile/AnimatedTile.cs - Importer: ScriptedImporter/UnityEditor.QuickSearchModule:UnityEditor.Search:ASIAI0B -> (ImportResultId: 'db8d8087d4be25516c09cddb9811e61b') in 0.007610334 seconds
[Worker0] Imported GUID: 85be10d80c20c4181b8d53e425fb92a4 - Path: Packages/com.unity.2d.animation/Editor/Assets/EditorIcons/d_Warning.png - Importer: ScriptedImporter/UnityEditor.QuickSearchModule:UnityEditor.Search:ASIAI0B -> (ImportResultId: '7fffbb9d5be3e793df13ff27603df9a3') in 0.009448125 seconds
[Worker1] Imported GUID: dc1f494fe190bd54bb487d11e639d5fc - Path: Packages/com.unity.2d.animation/Editor/Assets/EditorIcons/Selected/d_Visibility_Hidded@3x.png - Importer: ScriptedImporter/UnityEditor.QuickSearchModule:UnityEditor.Search:ASIAI0B -> (ImportResultId: '4ad60cd727f90b1d80c3a9b83bdde9f9') in 0.0123295 seconds
[Worker0] Imported GUID: e488644fbbbe40eba81116e5531e6d7a - Path: Packages/com.unity.2d.tooling/Editor/Insider/Utilities - Importer: ScriptedImporter/UnityEditor.QuickSearchModule:UnityEditor.Search:ASIAI0B -> (ImportResultId: '69593c9ae2e6d885efbd2ba2b93ebd76') in 0.007883042 seconds
[Worker1] Imported GUID: 4384403f435964352abe8f0ab8bebc76 - Path: Packages/com.unity.2d.common/Path/Editor/IMGUI/GUIFramework/DefaultControl.cs - Importer: ScriptedImporter/UnityEditor.QuickSearchModule:UnityEditor.Search:ASIAI0B -> (ImportResultId: '4129888da435182612eff0978e17eeba') in 0.007852792 seconds
[Worker0] Imported GUID: 2af1a7323d104499d992be9a2d8dc933 - Path: Packages/com.unity.2d.animation/Editor/Assets/ComponentIcons/Animation.SpriteLibraryVar On@256.png - Importer: ScriptedImporter/UnityEditor.QuickSearchModule:UnityEditor.Search:ASIAI0B -> (ImportResultId: 'b0fd7d5b3f7f085de9e41789829ecf8a') in 0.010395417 seconds
[Worker1] Imported GUID: 7e9a964572b8d49cb8164bd4b62c92f3 - Path: Packages/com.unity.2d.tilemap.extras/Editor/Brushes/LineBrush/LineBrush@4x.png - Importer: ScriptedImporter/UnityEditor.QuickSearchModule:UnityEditor.Search:ASIAI0B -> (ImportResultId: '18bcb8bb9dd62d3c939f2770b0d46b32') in 0.009301584 seconds
[Worker0] Imported GUID: 311e00422db8e4949bf926b0d039e05e - Path: Packages/com.unity.2d.animation/Editor/SkinningModule/CopyTool.cs - Importer: ScriptedImporter/UnityEditor.QuickSearchModule:UnityEditor.Search:ASIAI0B -> (ImportResultId: '77e871ceb2c62a4e92ab608fb009d2a0') in 0.008173959 seconds
[Worker1] Imported GUID: 766cfa1430bc448ed93c5817e7682f3b - Path: Packages/com.unity.2d.common/Path/Editor/Handles/ShapeToolPro.png - Importer: ScriptedImporter/UnityEditor.QuickSearchModule:UnityEditor.Search:ASIAI0B -> (ImportResultId: 'd3f44e3e2c67a95853ebb5aa7443c612') in 0.010232291 seconds
[Worker0] Imported GUID: 4c78d8667944f4116ba9dd56d2219e77 - Path: Packages/com.unity.2d.animation/Editor/Assets/ComponentIcons/d_Animation.SpriteResolver@256.png - Importer: ScriptedImporter/UnityEditor.QuickSearchModule:UnityEditor.Search:ASIAI0B -> (ImportResultId: '677213cb31036f09d59e30f9a9db22be') in 0.009964792 seconds
[Worker1] Imported GUID: 6afbd0924f0883548869d32b9d436d2e - Path: Packages/com.unity.2d.spriteshape/Editor/SpriteShapeObjectPlacementEditor.cs - Importer: ScriptedImporter/UnityEditor.QuickSearchModule:UnityEditor.Search:ASIAI0B -> (ImportResultId: 'e3926fdda05d0bf4e8d84f0e2d0f5e39') in 0.007956 seconds
[Worker0] Imported GUID: 1b8ac2bef8a060f4ca19b22a3720cb0e - Path: Packages/com.unity.2d.animation/Editor/Assets/EditorIcons/Selected/Parent_Bone.png - Importer: ScriptedImporter/UnityEditor.QuickSearchModule:UnityEditor.Search:ASIAI0B -> (ImportResultId: '27a47d7f2062c6850368c684858b1a08') in 0.009318792 seconds
[Worker1] Imported GUID: 2c61219a8c88e2b43a6637bc8fe558dc - Path: Packages/com.unity.2d.sprite/Editor/Interface/IAssetDatabase.cs - Importer: ScriptedImporter/UnityEditor.QuickSearchModule:UnityEditor.Search:ASIAI0B -> (ImportResultId: 'ff4e31553b47e969600d20703b5b2e2c') in 0.007907 seconds
[Worker0] Imported GUID: b94e074c751075841957558677e2e60e - Path: Packages/com.unity.2d.animation/Editor/Assets/SkinningModule/WeightPainterPanelStyle.uss - Importer: ScriptedImporter/UnityEditor.QuickSearchModule:UnityEditor.Search:ASIAI0B -> (ImportResultId: 'a42701e036b75a2f32c90caad43ed008') in 0.008326916 seconds
[Worker1] Imported GUID: 4b12a0470be043f3a46baaefe7bfdc44 - Path: Packages/com.unity.2d.animation/Editor/SpriteLib/SpriteSwapOverlay/CategoryContainer.cs - Importer: ScriptedImporter/UnityEditor.QuickSearchModule:UnityEditor.Search:ASIAI0B -> (ImportResultId: '93c13765072cb5a6fd61e93c6249f886') in 0.007659208 seconds
[Worker0] Imported GUID: 0634bb58ded65441189c135c92f1306c - Path: Packages/com.unity.2d.animation/Profiler - Importer: ScriptedImporter/UnityEditor.QuickSearchModule:UnityEditor.Search:ASIAI0B -> (ImportResultId: '75acaf23b168a839c777cc333e40e5c2') in 0.007736375 seconds
[Worker1] Imported GUID: 3b0299838696e2c4f9e31bdc0c8757f9 - Path: Packages/com.unity.2d.tilemap/Editor/TileDragAndDrop.cs - Importer: ScriptedImporter/UnityEditor.QuickSearchModule:UnityEditor.Search:ASIAI0B -> (ImportResultId: '5b189a26b1bba857f71045ef0758c151') in 0.007674583 seconds
[Worker0] Imported GUID: dd3db1e5b4263437aa298781bd55d726 - Path: Packages/com.unity.2d.animation/Editor/Assets/ComponentIcons/Animation.SpriteSkin@64.png - Importer: ScriptedImporter/UnityEditor.QuickSearchModule:UnityEditor.Search:ASIAI0B -> (ImportResultId: 'b4762e2929460e757fbfe7355aeb2d72') in 0.009547125 seconds
[Worker1] Imported GUID: 0502e3e0c944a4f71948552166af7b48 - Path: Packages/com.unity.2d.animation/Editor/Assets/ComponentIcons/Animation.IKManager@64.png - Importer: ScriptedImporter/UnityEditor.QuickSearchModule:UnityEditor.Search:ASIAI0B -> (ImportResultId: '999e93f1af4f9805a76bfd2e299dd2db') in 0.009262042 seconds
[Worker0] Imported GUID: 402c4dd21b2d45c2850b429170b6a888 - Path: Packages/com.unity.2d.aseprite/Editor/Tasks/TextureTasks.cs - Importer: ScriptedImporter/UnityEditor.QuickSearchModule:UnityEditor.Search:ASIAI0B -> (ImportResultId: '085de8adcecd8cfdbfaedbc12e8265c1') in 0.007736167 seconds
[Worker1] Imported GUID: 6735c3e859fb15b4191b28f225534760 - Path: Packages/com.unity.2d.animation/Editor/SkinningModule/CharacterModeTool - Importer: ScriptedImporter/UnityEditor.QuickSearchModule:UnityEditor.Search:ASIAI0B -> (ImportResultId: 'db590b28fa50007b01ef75f4380cfe0a') in 0.00738275 seconds
[Worker0] Imported GUID: 9aa1c187477fd364bb93e6f97f16c9fa - Path: Packages/com.unity.2d.animation/Editor/SkinningModule/SkinningSerializer/SkinningSerializerXML.cs - Importer: ScriptedImporter/UnityEditor.QuickSearchModule:UnityEditor.Search:ASIAI0B -> (ImportResultId: '6698924e7bf0422038da5e0cf82e1813') in 0.007979083 seconds
[Worker1] Imported GUID: 23318de62729646489ccb1545e7c5bbf - Path: Packages/com.unity.2d.psdimporter/Editor/PSDPlugin/PsdFile/Compression/ImageData.cs - Importer: ScriptedImporter/UnityEditor.QuickSearchModule:UnityEditor.Search:ASIAI0B -> (ImportResultId: '042cb79754261e9ad9cff7e70f35b988') in 0.007856459 seconds
[Worker0] Imported GUID: b276ded4b8314c24f801e98504841e79 - Path: Packages/com.unity.2d.animation/Editor/SkinningModule/Selectors/Unselector.cs - Importer: ScriptedImporter/UnityEditor.QuickSearchModule:UnityEditor.Search:ASIAI0B -> (ImportResultId: 'c152c2faa56872ff77fa960bcd7b5ecf') in 0.008818416 seconds
[Worker1] Imported GUID: b24e0bc58c3b8834dbb57d29d39752b7 - Path: Packages/com.unity.2d.sprite/Editor/SpriteEditorModule/SpriteEditorData.cs - Importer: ScriptedImporter/UnityEditor.QuickSearchModule:UnityEditor.Search:ASIAI0B -> (ImportResultId: '2bf033a2f7f882e42fc78d8c0e69a63e') in 0.008473791 seconds
[Worker0] Imported GUID: 3add3986a01573a4186a96dd45cd2f5b - Path: Packages/com.unity.2d.animation/Editor/SkinningModule/SpriteMeshData/SmoothingUtility.cs - Importer: ScriptedImporter/UnityEditor.QuickSearchModule:UnityEditor.Search:ASIAI0B -> (ImportResultId: 'b72d6ec865072eeff660c288970ab448') in 0.008483833 seconds
[Worker1] Imported GUID: 47be7fc01b3b54a1885426fe8707b1d7 - Path: Packages/com.unity.2d.tilemap.extras/Editor/Brushes/LineBrush/LineBrush@2x.png - Importer: ScriptedImporter/UnityEditor.QuickSearchModule:UnityEditor.Search:ASIAI0B -> (ImportResultId: '040d39bf93c4ce00bcd024ea412f5c0d') in 0.009432833 seconds
[Worker0] Imported GUID: 7f05a25b258e43f09384cfc0062723ed - Path: Packages/com.unity.2d.tilemap/Editor/TileSet/TileTemplate.cs - Importer: ScriptedImporter/UnityEditor.QuickSearchModule:UnityEditor.Search:ASIAI0B -> (ImportResultId: 'bda5185cd29dfa9a23b2aa069ff8b142') in 0.007770292 seconds
[Worker1] Imported GUID: ea5547bcdee4e4a8cb4705499aabe76d - Path: Packages/com.unity.2d.psdimporter/Editor/Assets/Icons/Dark/Layers Collapsed@4x.png - Importer: ScriptedImporter/UnityEditor.QuickSearchModule:UnityEditor.Search:ASIAI0B -> (ImportResultId: '14533c6e82452cb2f9671ce4c3c96c18') in 0.010025083 seconds
[Worker0] Imported GUID: 7e2656e167a517b4d8552ba38f4b7bbe - Path: Packages/com.unity.2d.sprite/Tests - Importer: ScriptedImporter/UnityEditor.QuickSearchModule:UnityEditor.Search:ASIAI0B -> (ImportResultId: '9e2394e838abe56bf301f1a06e4305ae') in 0.007554375 seconds
[Worker1] Imported GUID: f03b3016bcc582043b27ae775025ef88 - Path: Packages/com.unity.2d.tilemap.extras/Editor/Tiles - Importer: ScriptedImporter/UnityEditor.QuickSearchModule:UnityEditor.Search:ASIAI0B -> (ImportResultId: 'b6a381baabb1c0657e69353206344b06') in 0.00791725 seconds
[Worker0] Imported GUID: a5e6fedc2472449cead18ef23b5cb30d - Path: Packages/com.unity.2d.animation/Runtime/SpriteLib/SpriteLibrarySourceAsset.cs - Importer: ScriptedImporter/UnityEditor.QuickSearchModule:UnityEditor.Search:ASIAI0B -> (ImportResultId: '3acc7df4d9b47fed71541dae6d07dc5d') in 0.007825417 seconds
[Worker1] Imported GUID: 37d4d4c58ffbc8c41bb0cecb9c131ba9 - Path: Packages/com.unity.2d.sprite/Editor/Interface/IUndoSystem.cs - Importer: ScriptedImporter/UnityEditor.QuickSearchModule:UnityEditor.Search:ASIAI0B -> (ImportResultId: '2df04aad16de326fe822e2e9372f77d9') in 0.007905125 seconds
[Worker0] Imported GUID: af73899d5803d99448134360f184f348 - Path: Packages/com.unity.2d.animation/Editor/Assets/EditorIcons/Selected/Weight_Slider@3x.png - Importer: ScriptedImporter/UnityEditor.QuickSearchModule:UnityEditor.Search:ASIAI0B -> (ImportResultId: '71801e041d2f7f9ce97b6fa6a3cc3a94') in 0.009562416 seconds
[Worker1] Imported GUID: 5b0b70d745734efbbaf74be671053cbf - Path: Packages/com.unity.2d.aseprite/Editor/AssetGeneration/TextureGeneration.cs - Importer: ScriptedImporter/UnityEditor.QuickSearchModule:UnityEditor.Search:ASIAI0B -> (ImportResultId: '405911f79e5d78c9923939583688a4c4') in 0.007644459 seconds
[Worker0] Imported GUID: 2f9d111de785b4ae68314bf6d5ff71a2 - Path: Packages/com.unity.2d.common/Path/Editor/Selection/PointRectSelector.cs - Importer: ScriptedImporter/UnityEditor.QuickSearchModule:UnityEditor.Search:ASIAI0B -> (ImportResultId: '7b742fe4d231f6a0c0e2e8f57033ce0c') in 0.007644 seconds
[Worker1] Imported GUID: b74537feff4831541a8c3bf81913649d - Path: Packages/com.unity.2d.tilemap/Editor/GridEditorUtility.cs - Importer: ScriptedImporter/UnityEditor.QuickSearchModule:UnityEditor.Search:ASIAI0B -> (ImportResultId: '8ffaf5f2d6aab24d5f2d186ad720602a') in 0.007413333 seconds
[Worker0] Imported GUID: 41842964c48860f46b45e7b3d5986e07 - Path: Packages/com.unity.2d.animation/Editor/Assets/EditorIcons/Selected/Generate_Geometry.png - Importer: ScriptedImporter/UnityEditor.QuickSearchModule:UnityEditor.Search:ASIAI0B -> (ImportResultId: '812603bdc4aa876844b8a90c0263b96a') in 0.010171667 seconds
[Worker1] Imported GUID: 4bcd27377338b8440bda5ecf26ea2fb5 - Path: Packages/com.unity.2d.animation/Editor/Assets/EditorIcons/Edit_Geometry@2x.png - Importer: ScriptedImporter/UnityEditor.QuickSearchModule:UnityEditor.Search:ASIAI0B -> (ImportResultId: '47f80b21d992511ed9ec0915d4430e3d') in 0.009145709 seconds
[Worker0] Imported GUID: 2e12ff2cc7983784eab0dfe0bb7ff17e - Path: Packages/com.unity.2d.tilemap/Editor/Icons/EditorUI.TargetHover@2x.png - Importer: ScriptedImporter/UnityEditor.QuickSearchModule:UnityEditor.Search:ASIAI0B -> (ImportResultId: 'b2df14608cdae63a784a2cf93065a6d7') in 0.009928791 seconds
[Worker1] Imported GUID: 56431fa7b1b21794baaf8d8e47c78bdb - Path: Packages/com.unity.2d.animation/Editor/Assets/EditorIcons/d_Bone_Influence@3x.png - Importer: ScriptedImporter/UnityEditor.QuickSearchModule:UnityEditor.Search:ASIAI0B -> (ImportResultId: '0226dceaa06d015e2e570cb8cba4bae4') in 0.009322291 seconds
[Worker0] Imported GUID: 488b804e650114066b55d51eefc85775 - Path: Packages/com.unity.2d.common/Editor/ImagePacker/ImagePackNode.cs - Importer: ScriptedImporter/UnityEditor.QuickSearchModule:UnityEditor.Search:ASIAI0B -> (ImportResultId: '2f5b927ac40cf4c97aa1aba3daddc154') in 0.007882791 seconds
[Worker1] Imported GUID: c48d0173f2d2c40679bc236de8551a69 - Path: Packages/com.unity.2d.animation/Editor/Assets/ComponentIcons/Animation.SpriteSkin On@32.png - Importer: ScriptedImporter/UnityEditor.QuickSearchModule:UnityEditor.Search:ASIAI0B -> (ImportResultId: 'e79a13554efe3901ec6af8bc795141d4') in 0.009239708 seconds
[Worker1] Imported GUID: 3c89b25b03da4643898f9943d7eafa4c - Path: Packages/com.unity.2d.animation/IK/Runtime/Culling - Importer: ScriptedImporter/UnityEditor.QuickSearchModule:UnityEditor.Search:ASIAI0B -> (ImportResultId: '67df5522c0b2cb06bb33bbd09ddffd55') in 0.007226708 seconds
[Worker0] Imported GUID: cf11b38b95bcf4dac8b48952d4fd11b8 - Path: Packages/com.unity.2d.animation/Editor/Assets/ComponentIcons/Animation.IKLimb.png - Importer: ScriptedImporter/UnityEditor.QuickSearchModule:UnityEditor.Search:ASIAI0B -> (ImportResultId: 'a9e59360047d2c1e1f3a1927c4ec9d6d') in 0.009439458 seconds
[Worker0] Imported GUID: ea47ea935cf1ba94ba6feb6595cca8ba - Path: Packages/com.unity.2d.sprite/Editor/SpriteEditorModule/SpriteSecondaryTexturesModule.cs - Importer: ScriptedImporter/UnityEditor.QuickSearchModule:UnityEditor.Search:ASIAI0B -> (ImportResultId: '81bba4b7daefcd71a3558606100349ed') in 0.007720667 seconds
[Worker1] Imported GUID: ba56bf56723d427db8dd5af8836b2f48 - Path: Packages/com.unity.2d.sprite/Editor/ProjectSettings/SpriteFrameModuleSettings/SpriteFrameModuleSettings.uss - Importer: ScriptedImporter/UnityEditor.QuickSearchModule:UnityEditor.Search:ASIAI0B -> (ImportResultId: '6a278b0f82518b084fdd4019700c9d54') in 0.008249417 seconds
[Worker0] Imported GUID: b1c570008ebc15d4183516ca5722a39e - Path: Packages/com.unity.2d.pixel-perfect/package.json - Importer: ScriptedImporter/UnityEditor.QuickSearchModule:UnityEditor.Search:ASIAI0B -> (ImportResultId: '3687a2332c629fcfddf889e36f0de391') in 0.007947708 seconds
[Worker1] Imported GUID: a31658f0a7411474fa4e2be61c4f9df2 - Path: Packages/com.unity.2d.spriteshape/Editor/AngleRangeController.cs - Importer: ScriptedImporter/UnityEditor.QuickSearchModule:UnityEditor.Search:ASIAI0B -> (ImportResultId: '881c219dd8b9e18dac53e8f5cc7a4fd1') in 0.007584041 seconds
[Worker0] Imported GUID: cf94b5ae9bca88f4a97ce96847235ba3 - Path: Packages/com.unity.2d.tilemap/Editor/Icons/EditorUI.Target.png - Importer: ScriptedImporter/UnityEditor.QuickSearchModule:UnityEditor.Search:ASIAI0B -> (ImportResultId: '5fa59cf8aa6f8217062c88339946ffc6') in 0.00980225 seconds
[Worker1] Imported GUID: 27fcf2ee0895b467f980e5c3c57b655c - Path: Packages/com.unity.2d.tilemap.extras/Editor/Brushes/GameObjectBrush/GameObjectBrush@4x.png - Importer: ScriptedImporter/UnityEditor.QuickSearchModule:UnityEditor.Search:ASIAI0B -> (ImportResultId: 'd56e0584131e90394e260050ad191fa0') in 0.009822792 seconds
[Worker0] Imported GUID: 1bbf7e9905b18064197948bb9710c04d - Path: Packages/com.unity.2d.animation/IK/Editor/Inspectors/FabrikSolver2DEditor.cs - Importer: ScriptedImporter/UnityEditor.QuickSearchModule:UnityEditor.Search:ASIAI0B -> (ImportResultId: '4fdca24717f589b9ad7c279fbe54164c') in 0.007825208 seconds
[Worker1] Imported GUID: 3c6d402da5acb4d1da766701ce3753c6 - Path: Packages/com.unity.2d.psdimporter/Editor/Assets/Icons/Dark - Importer: ScriptedImporter/UnityEditor.QuickSearchModule:UnityEditor.Search:ASIAI0B -> (ImportResultId: '62479aea16ae4047407c77175998c918') in 0.0087945 seconds
[Worker0] Imported GUID: e27b4d98b1f4b490a89477e3c1897f83 - Path: Packages/com.unity.2d.aseprite/Editor/Common/InternalBridge - Importer: ScriptedImporter/UnityEditor.QuickSearchModule:UnityEditor.Search:ASIAI0B -> (ImportResultId: '650221c571957998c062baeb3f0e4def') in 0.008351875 seconds
[Worker1] Imported GUID: ac47ed8ccc79cf04dae198b9cc5b3a6f - Path: Packages/com.unity.2d.animation/Editor/Assets/EditorIcons/Selected/Weight_Slider@4x.png - Importer: ScriptedImporter/UnityEditor.QuickSearchModule:UnityEditor.Search:ASIAI0B -> (ImportResultId: '2a417ad578d73b3fc7b72fa78063fcc5') in 0.009711125 seconds
[Worker0] Imported GUID: fd3d7c275a0958b4fa0f26a0ee9b8481 - Path: Packages/com.unity.2d.sprite/Editor/UI/SpriteEditor/SpriteEditor.uss - Importer: ScriptedImporter/UnityEditor.QuickSearchModule:UnityEditor.Search:ASIAI0B -> (ImportResultId: '3497fa2f6eed8675654036330442cbe7') in 0.009210667 seconds
[Worker1] Imported GUID: 0b0f60aa75b9d024480f9aaad450723b - Path: Packages/com.unity.2d.animation/Editor/Assets/EditorIcons/Selected/Edit_Joints@3x.png - Importer: ScriptedImporter/UnityEditor.QuickSearchModule:UnityEditor.Search:ASIAI0B -> (ImportResultId: '2e2196ccb54987d1886df939e13f6697') in 0.009401583 seconds
[Worker0] Imported GUID: 2362443a3fd04784d9c18412e771c7fa - Path: Packages/com.unity.2d.animation/Editor/Assets/SkinningModule/PastePanelStyle.uss - Importer: ScriptedImporter/UnityEditor.QuickSearchModule:UnityEditor.Search:ASIAI0B -> (ImportResultId: '61685f1383e16cfeedee409fb44efc2d') in 0.008388417 seconds
[Worker1] Imported GUID: d4a1388a0d4ee9c44bcaa86e463a7b39 - Path: Packages/com.unity.2d.animation/Editor/Assets/EditorIcons/d_character_Mode@2x.png - Importer: ScriptedImporter/UnityEditor.QuickSearchModule:UnityEditor.Search:ASIAI0B -> (ImportResultId: '53628962f87f04c56533f8cf7dd18b35') in 0.009147208 seconds
[Worker0] Imported GUID: 8004118ba4145a74e823fedaa37acf3a - Path: Packages/com.unity.2d.animation/Editor/Assets/EditorIcons/Selected/Visibility_Tool@3x.png - Importer: ScriptedImporter/UnityEditor.QuickSearchModule:UnityEditor.Search:ASIAI0B -> (ImportResultId: '1d5d03b5f123c61df0b86561a266050b') in 0.009679459 seconds
[Worker1] Imported GUID: 3117700da371f4f3b932c026b648284d - Path: Packages/com.unity.2d.psdimporter/Editor/Assets/Icons/Selected/Layers Separated@4x.png - Importer: ScriptedImporter/UnityEditor.QuickSearchModule:UnityEditor.Search:ASIAI0B -> (ImportResultId: '9874ea9e25ccac83258fb8a8838a5e23') in 0.009265208 seconds
[Worker0] Imported GUID: 3a4e10ab16352fd4e9a36d87445caaa2 - Path: Packages/com.unity.2d.sprite/Editor/SpriteEditor/SpriteEditorUtility.cs - Importer: ScriptedImporter/UnityEditor.QuickSearchModule:UnityEditor.Search:ASIAI0B -> (ImportResultId: 'bcfa756e198163ac726baff8f1bb37e8') in 0.007639875 seconds
[Worker1] Imported GUID: 53d33bff0a9374b6db003552e5767cdb - Path: Packages/com.unity.2d.animation/Editor/Assets/ComponentIcons/Animation.IKFabrik.png - Importer: ScriptedImporter/UnityEditor.QuickSearchModule:UnityEditor.Search:ASIAI0B -> (ImportResultId: '5a7532a8d10a0c72e9e7a2394444ffd2') in 0.009190125 seconds
[Worker0] Imported GUID: 7311db2abcada4c1fa7f7d6f7dc8caf6 - Path: Packages/com.unity.2d.tilemap.extras/Editor/Brushes/GroupBrush/GroupBrush.png - Importer: ScriptedImporter/UnityEditor.QuickSearchModule:UnityEditor.Search:ASIAI0B -> (ImportResultId: '344349bd0decf0d43c6003f6d2ce195d') in 0.010363125 seconds
[Worker1] Imported GUID: bba3ad14ed4c2d64fbd090a846ffaaea - Path: Packages/com.unity.2d.animation/Editor/Assets/EditorIcons/d_Generate_Geometry.png - Importer: ScriptedImporter/UnityEditor.QuickSearchModule:UnityEditor.Search:ASIAI0B -> (ImportResultId: 'b0ad497a30cd0c41da3c2a6343cce805') in 0.00943375 seconds
[Worker0] Imported GUID: 7d4067dd1e595a64aa7286438069d37c - Path: Packages/com.unity.2d.tilemap/Editor/UI/TilePaletteOverlay.uss - Importer: ScriptedImporter/UnityEditor.QuickSearchModule:UnityEditor.Search:ASIAI0B -> (ImportResultId: 'e12c99dfe8cf6936c75f86d24570e2db') in 0.008182916 seconds
[Worker1] Imported GUID: 3dd5e5c693a816e4f96b869f6465955b - Path: Packages/com.unity.2d.animation/Editor/Assets/EditorIcons/Weight_Brush@4x.png - Importer: ScriptedImporter/UnityEditor.QuickSearchModule:UnityEditor.Search:ASIAI0B -> (ImportResultId: '3de92d330b07071bab76fe047930d784') in 0.0094715 seconds
[Worker0] Imported GUID: 5430b5412bcac5b4986be0a875a5e978 - Path: Packages/com.unity.2d.animation/Editor/Assets/EditorIcons/Copy@4x.png - Importer: ScriptedImporter/UnityEditor.QuickSearchModule:UnityEditor.Search:ASIAI0B -> (ImportResultId: '07c1610e8caa39b36de96009ec240848') in 0.009468167 seconds
[Worker1] Imported GUID: 50eb3d76f731b5e46a7b8a0a52d93ef9 - Path: Packages/com.unity.2d.animation/Editor/Assets/EditorIcons/Selected/Paste.png - Importer: ScriptedImporter/UnityEditor.QuickSearchModule:UnityEditor.Search:ASIAI0B -> (ImportResultId: '427c6dd8a2adbeb292d559119fe555d4') in 0.008939375 seconds
[Worker0] Imported GUID: 164d22a8da00e422a93e091c7bd338df - Path: Packages/com.unity.2d.animation/Editor - Importer: ScriptedImporter/UnityEditor.QuickSearchModule:UnityEditor.Search:ASIAI0B -> (ImportResultId: '38ac44610e581be5d2f243541f6d767f') in 0.007475708 seconds
[Worker1] Imported GUID: 4573e6fe13e8f4b68a6e290c779078cd - Path: Packages/com.unity.2d.animation/Editor/Assets/EditorIcons/d_True.png - Importer: ScriptedImporter/UnityEditor.QuickSearchModule:UnityEditor.Search:ASIAI0B -> (ImportResultId: '93269bf9cf3cfe4b13e4493096b69107') in 0.009388417 seconds
[Worker0] Imported GUID: 0b50c441780b142d9a7239adafa94cef - Path: Packages/com.unity.2d.animation/Editor/SpriteLib/SpriteLibraryEditor/WindowController.cs - Importer: ScriptedImporter/UnityEditor.QuickSearchModule:UnityEditor.Search:ASIAI0B -> (ImportResultId: '9491d95e0c37067866632ac67015af10') in 0.007665375 seconds
[Worker0] Imported GUID: ea6dbc5d03b50f148a26b55c617dcb22 - Path: Packages/com.unity.2d.sprite/Tests/Editor/SpritePackageTests.cs - Importer: ScriptedImporter/UnityEditor.QuickSearchModule:UnityEditor.Search:ASIAI0B -> (ImportResultId: 'c3f46b4e10a1553e6c734892d0afb107') in 0.007174708 seconds
[Worker1] Imported GUID: d62df6d8cd1bb504dbae262bb6d6efe6 - Path: Packages/com.unity.2d.animation/Editor/Assets/SkinningModule/GenerateGeometryPanel.uxml - Importer: ScriptedImporter/UnityEditor.QuickSearchModule:UnityEditor.Search:ASIAI0B -> (ImportResultId: '3024baa2f10d121c9a2b8ab953f6303b') in 0.009824417 seconds
[Worker0] Imported GUID: ae33c30ef3b5e474ca5a46d925273adc - Path: Packages/com.unity.2d.animation/Editor/SkinningModule/OutlineGenerator/OutlineGenerator.cs - Importer: ScriptedImporter/UnityEditor.QuickSearchModule:UnityEditor.Search:ASIAI0B -> (ImportResultId: '5ff1a87e1c3ebd63cdc1cc6f300e523f') in 0.007976041 seconds
[Worker1] Imported GUID: 4328211baea95405ab6b8d24456fcbc9 - Path: Packages/com.unity.2d.animation/Editor/Assets/ComponentIcons/d_Animation.IKLimb@128.png - Importer: ScriptedImporter/UnityEditor.QuickSearchModule:UnityEditor.Search:ASIAI0B -> (ImportResultId: '35979a30caf14ff649a1d78fc04e6f90') in 0.009795709 seconds
[Worker0] Imported GUID: 95b2d1ff151dd2f479bf1f6321b44179 - Path: Packages/com.unity.2d.tilemap/Editor/Icons/d_Tilemap.ShowTilePalette.png - Importer: ScriptedImporter/UnityEditor.QuickSearchModule:UnityEditor.Search:ASIAI0B -> (ImportResultId: '8fdfe3ef4857c2f3781de365d3cda4fe') in 0.009834875 seconds
[Worker1] Imported GUID: 3d9fb59c1fa00406ab971588842aa368 - Path: Packages/com.unity.2d.animation/Editor/Assets/ComponentIcons/Animation.SpriteLibraryManager@256.png - Importer: ScriptedImporter/UnityEditor.QuickSearchModule:UnityEditor.Search:ASIAI0B -> (ImportResultId: 'f42bcbb2c0963c2f9a5be8f382e7b9b7') in 0.010375042 seconds
[Worker0] Imported GUID: 943f98e6f10ab4d4883cdc5198a68118 - Path: Packages/com.unity.2d.tilemap/Editor/Icons/EditorUI.Filter@2x.png - Importer: ScriptedImporter/UnityEditor.QuickSearchModule:UnityEditor.Search:ASIAI0B -> (ImportResultId: '20ba2e25dee7d3630c45f7db795b906b') in 0.009559417 seconds
[Worker1] Imported GUID: 5ab572b9a7b33426c83f5ed08ca8c798 - Path: Packages/com.unity.2d.animation/Editor/Assets/ComponentIcons/d_Animation.IKManager@64.png - Importer: ScriptedImporter/UnityEditor.QuickSearchModule:UnityEditor.Search:ASIAI0B -> (ImportResultId: '3d936a08ad90a6deab369220fb6d9b8f') in 0.009259042 seconds
[Worker0] Imported GUID: f59542040dc5448459691fb41515f463 - Path: Packages/com.unity.2d.animation/Editor/Assets/ComponentIcons/Animation.IKFabrik On@32.png - Importer: ScriptedImporter/UnityEditor.QuickSearchModule:UnityEditor.Search:ASIAI0B -> (ImportResultId: '40508e3765824e2f492264e1e470aee4') in 0.009206167 seconds
[Worker1] Imported GUID: 9382c856352ae4001b0ec605e74a61de - Path: Packages/com.unity.2d.animation/Editor/Assets/ComponentIcons/Animation.IKLimb On@32.png - Importer: ScriptedImporter/UnityEditor.QuickSearchModule:UnityEditor.Search:ASIAI0B -> (ImportResultId: 'd57b12255be1c5a9427d3528328d9867') in 0.008771459 seconds
[Worker0] Imported GUID: 9806777faa990e24fb0a14a60ef2dbb1 - Path: Packages/com.unity.2d.tilemap/Editor/UI/TilePaletteBrushInspectorElement.cs - Importer: ScriptedImporter/UnityEditor.QuickSearchModule:UnityEditor.Search:ASIAI0B -> (ImportResultId: 'a5d454dfe3c4866a0ff891b73eaff057') in 0.007873625 seconds
[Worker1] Imported GUID: 4d2d8fb4fc2041441980b4ec253532b0 - Path: Packages/com.unity.2d.animation/Editor/Assets/EditorIcons/Split_Edge@3x.png - Importer: ScriptedImporter/UnityEditor.QuickSearchModule:UnityEditor.Search:ASIAI0B -> (ImportResultId: '0b8d4ceebf2e6c17151c787b1b22751a') in 0.009259792 seconds
[Worker0] Imported GUID: e5f81b6743b6421f9f8e6fb5ab26e7fe - Path: Packages/com.unity.2d.aseprite/Editor/Aseprite/Chunks/NoneChunk.cs - Importer: ScriptedImporter/UnityEditor.QuickSearchModule:UnityEditor.Search:ASIAI0B -> (ImportResultId: 'ba5371772ac66d2e61542ca7de48db34') in 0.007790042 seconds
[Worker1] Imported GUID: 86d54c3c2257e484f836f4f55e3d725b - Path: Packages/com.unity.2d.animation/Editor/Assets/ComponentIcons/d_Animation.SpriteLibrary@2x.png - Importer: ScriptedImporter/UnityEditor.QuickSearchModule:UnityEditor.Search:ASIAI0B -> (ImportResultId: '733da4ab5ebbfc70b593db00ecb41167') in 0.009275875 seconds
[Worker0] Imported GUID: 08b339ace3191aa409290fbb8bfe30b9 - Path: Packages/com.unity.2d.tilemap/Editor/EditorTools/SelectTool.cs - Importer: ScriptedImporter/UnityEditor.QuickSearchModule:UnityEditor.Search:ASIAI0B -> (ImportResultId: 'ed9dd6d97e8980db1b14f76a7591d6b9') in 0.007157208 seconds
[Worker1] Imported GUID: 4e560db51173b924aa59f1e95d7ed195 - Path: Packages/com.unity.2d.tilemap/Editor/UI/BoolFieldOverlayPopupWindow.cs - Importer: ScriptedImporter/UnityEditor.QuickSearchModule:UnityEditor.Search:ASIAI0B -> (ImportResultId: '5be5ac90fc7d2b7a5f518e0531afa97a') in 0.007575417 seconds
[Worker0] Imported GUID: 39d177597cd8a914ab266d4dec677b74 - Path: Packages/com.unity.2d.animation/Editor/SkinningModule/SkinningCache/SkinningEvents.cs - Importer: ScriptedImporter/UnityEditor.QuickSearchModule:UnityEditor.Search:ASIAI0B -> (ImportResultId: '4c898f8524c017c4b7477024b3d197c6') in 0.007441916 seconds
[Worker0] Imported GUID: 29c81981f22b24a2c8585a80ec3ee610 - Path: Packages/com.unity.2d.animation/CHANGELOG.md - Importer: ScriptedImporter/UnityEditor.QuickSearchModule:UnityEditor.Search:ASIAI0B -> (ImportResultId: '3bfe1bc17d5f5f159668c360912f25c2') in 0.007494625 seconds
[Worker1] Imported GUID: cc7e65fd16d39483aa18d865a68e9451 - Path: Packages/com.unity.2d.animation/Editor/Assets/ComponentIcons/Animation.IKCCD On@64.png - Importer: ScriptedImporter/UnityEditor.QuickSearchModule:UnityEditor.Search:ASIAI0B -> (ImportResultId: 'f31a1058f923823c3607e0a7059bdbf0') in 0.010354291 seconds
[Worker0] Imported GUID: 449db082dbe14ec4b97d3e130d5c71b4 - Path: Packages/com.unity.2d.animation/Editor/Assets/SkinningModule/ToolbarStyle.uss - Importer: ScriptedImporter/UnityEditor.QuickSearchModule:UnityEditor.Search:ASIAI0B -> (ImportResultId: 'b558d4d3734f52b522e07c90d610cbc3') in 0.008364959 seconds
[Worker1] Imported GUID: 26f3d342b8e95b24da7ec4638d7f2322 - Path: Packages/com.unity.2d.tilemap/Editor/Icons/d_Tilemap.GridPaint.png - Importer: ScriptedImporter/UnityEditor.QuickSearchModule:UnityEditor.Search:ASIAI0B -> (ImportResultId: 'cf9c880e2960c03b851955403d269527') in 0.009005916 seconds
[Worker0] Imported GUID: bd2461be96e5f744bbe6bdbc5276eb61 - Path: Packages/com.unity.2d.common/Editor/Unity.2D.Common.Editor.asmdef - Importer: ScriptedImporter/UnityEditor.QuickSearchModule:UnityEditor.Search:ASIAI0B -> (ImportResultId: 'fc8b4fd5758dce9260e5b043d7bbe1a6') in 0.007912208 seconds
[Worker1] Imported GUID: 698621c9178225f4b8fbaffd383d579e - Path: Packages/com.unity.2d.animation/Editor/Assets/EditorIcons/Selected/Parent_Bone@2x.png - Importer: ScriptedImporter/UnityEditor.QuickSearchModule:UnityEditor.Search:ASIAI0B -> (ImportResultId: '3b2064ecfe0f7934ad0f05a0879b0ca4') in 0.010160917 seconds
[Worker0] Imported GUID: 7764b2bf79a49894e8ea10f3d661a4ed - Path: Packages/com.unity.2d.animation/Editor/Assets/EditorIcons/Selected/Split_Edge@3x.png - Importer: ScriptedImporter/UnityEditor.QuickSearchModule:UnityEditor.Search:ASIAI0B -> (ImportResultId: 'f8e17f6f4cb1057430e8ab8a24e58f72') in 0.010787583 seconds
[Worker1] Imported GUID: e41a6ab3ac7354642a9006c03183e95e - Path: Packages/com.unity.2d.tilemap/Editor/Icons/d_Grid.RotateCW@2x.png - Importer: ScriptedImporter/UnityEditor.QuickSearchModule:UnityEditor.Search:ASIAI0B -> (ImportResultId: 'affe9bcd98bacd5332418666e6c332c5') in 0.009378291 seconds
[Worker1] Imported GUID: 3d7adf78a0bd60848be2470847fbf8ea - Path: Packages/com.unity.2d.animation/Editor/SkinningModule/Lib/x64 - Importer: ScriptedImporter/UnityEditor.QuickSearchModule:UnityEditor.Search:ASIAI0B -> (ImportResultId: '3d61d4a7c8df2fab49cea55e5ddf28ee') in 0.007338084 seconds
[Worker0] Imported GUID: 093d252d1d41041c8b4df35c330dcc59 - Path: Packages/com.unity.2d.animation/Editor/Assets/ComponentIcons/Animation.SpriteLibraryManager On@256.png - Importer: ScriptedImporter/UnityEditor.QuickSearchModule:UnityEditor.Search:ASIAI0B -> (ImportResultId: '15665b8c9286684ba87ed159cc03df3a') in 0.009632708 seconds
[Worker1] Imported GUID: f53b0034804e64815a9500a89a65cdb5 - Path: Packages/com.unity.2d.psdimporter/Editor/Assets/Icons - Importer: ScriptedImporter/UnityEditor.QuickSearchModule:UnityEditor.Search:ASIAI0B -> (ImportResultId: '7d6f069f18afe2341023d7fc2aeb54b7') in 0.007577792 seconds
[Worker0] Imported GUID: b65aa392762f2014299ba8fbc21b938a - Path: Packages/com.unity.2d.tilemap/Editor/GridPaintingState.cs - Importer: ScriptedImporter/UnityEditor.QuickSearchModule:UnityEditor.Search:ASIAI0B -> (ImportResultId: 'd38c87b03f0a8dcdaf1c6c2d6ce91213') in 0.007388791 seconds
[Worker1] Imported GUID: ccc2d535f9cd0b14392f98d74d1104b6 - Path: Packages/com.unity.2d.common/Runtime/UAi2D - Importer: ScriptedImporter/UnityEditor.QuickSearchModule:UnityEditor.Search:ASIAI0B -> (ImportResultId: '40ba4d89c5c5bdd627d66311e1b7d537') in 0.007937 seconds
[Worker0] Imported GUID: e5da66fa63839274dbffb877e43e888b - Path: Packages/com.unity.2d.animation/Editor/Assets/EditorIcons/Selected/Create_Edge@2x.png - Importer: ScriptedImporter/UnityEditor.QuickSearchModule:UnityEditor.Search:ASIAI0B -> (ImportResultId: 'f08bc7f63967fdb38c4b17334a9df608') in 0.00922125 seconds
[Worker0] Imported GUID: 20ef7441e2dc7954c9ba3a12ffbac4d9 - Path: Packages/com.unity.2d.sprite/LICENSE.md - Importer: ScriptedImporter/UnityEditor.QuickSearchModule:UnityEditor.Search:ASIAI0B -> (ImportResultId: '714919bf65a38d8c6c096eb6bfafc934') in 0.007696666 seconds
[Worker1] Imported GUID: e6fe7bda78bd09a46bb7f4a684a91927 - Path: Packages/com.unity.2d.animation/Editor/Assets/EditorIcons/Selected/Paste@3x.png - Importer: ScriptedImporter/UnityEditor.QuickSearchModule:UnityEditor.Search:ASIAI0B -> (ImportResultId: '7ed5d30e0c2010492658e9f3622dd829') in 0.009282042 seconds
[Worker0] Imported GUID: 7e09c332f0db14070a0fd6c669240470 - Path: Packages/com.unity.2d.common/Path/Editor/IMGUI/Drawer.cs - Importer: ScriptedImporter/UnityEditor.QuickSearchModule:UnityEditor.Search:ASIAI0B -> (ImportResultId: '6a53863a622232c46d97bdbdd9329783') in 0.007726833 seconds
[Worker1] Imported GUID: aeeab8c4e75a1e8419b0eed0716d850a - Path: Packages/com.unity.2d.animation/Editor/SkinningModule/MeshPreviewTool/IMeshPreviewBehaviour.cs - Importer: ScriptedImporter/UnityEditor.QuickSearchModule:UnityEditor.Search:ASIAI0B -> (ImportResultId: 'a05ece7dcb1fa94c55cd1cda554558b9') in 0.007635417 seconds
[Worker0] Imported GUID: f396654a3007906488e747d54ae80913 - Path: Packages/com.unity.2d.psdimporter/Editor/PSDPlugin/PDNWrapper/Enums.cs - Importer: ScriptedImporter/UnityEditor.QuickSearchModule:UnityEditor.Search:ASIAI0B -> (ImportResultId: '59529c436a31fd245b791ecd915d596a') in 0.0076235 seconds
[Worker1] Imported GUID: f6dd722ee2cfe46a6bddf89ead1edade - Path: Packages/com.unity.2d.animation/Editor/Assets/ComponentIcons/Animation.SpriteResolver@32.png - Importer: ScriptedImporter/UnityEditor.QuickSearchModule:UnityEditor.Search:ASIAI0B -> (ImportResultId: '1389bdbfa168a1f46bc170fbef49a4f2') in 0.009327 seconds
[Worker0] Imported GUID: da1b1e6ff4825254a9779ec5a75042e0 - Path: Packages/com.unity.2d.tooling/Editor - Importer: ScriptedImporter/UnityEditor.QuickSearchModule:UnityEditor.Search:ASIAI0B -> (ImportResultId: '199653282688ba97c909a8e4c2fb7a59') in 0.007647792 seconds
[Worker1] Imported GUID: 990b4a891c6849f98e0dd1915ec5eecc - Path: Packages/com.unity.2d.animation/Runtime/SpriteLib/SpriteResolverEditor.cs - Importer: ScriptedImporter/UnityEditor.QuickSearchModule:UnityEditor.Search:ASIAI0B -> (ImportResultId: 'd4fdb97ac4de8dcc3e7496e843a44464') in 0.007509958 seconds
[Worker0] Imported GUID: c4b88bdeab9b1418083e414b97e3f1cd - Path: Packages/com.unity.2d.animation/Editor/Assets/ComponentIcons/d_Animation.IKLimb@64.png - Importer: ScriptedImporter/UnityEditor.QuickSearchModule:UnityEditor.Search:ASIAI0B -> (ImportResultId: '1642de5b33b69d31bf9291b12ccfb714') in 0.009506833 seconds
[Worker1] Imported GUID: bf734b7184825b040837040cb93a8dc7 - Path: Packages/com.unity.2d.animation/Editor/Assets/EditorIcons/Selected/Weight_Brush.png - Importer: ScriptedImporter/UnityEditor.QuickSearchModule:UnityEditor.Search:ASIAI0B -> (ImportResultId: '4136cd2ba094d752bf9a5ed286164b01') in 0.008858542 seconds
[Worker1] Imported GUID: 9b92febd89128554b8579633a112c844 - Path: Packages/com.unity.2d.animation/Editor/SkinningModule/IMGUI - Importer: ScriptedImporter/UnityEditor.QuickSearchModule:UnityEditor.Search:ASIAI0B -> (ImportResultId: 'a2a4a2c08d75be185ab87f8301e5bc05') in 0.008138 seconds
[Worker0] Imported GUID: 3f683d99f24875748a6656966ca9cea0 - Path: Packages/com.unity.2d.tilemap/Editor/GridPaintPaletteWindow.cs - Importer: ScriptedImporter/UnityEditor.QuickSearchModule:UnityEditor.Search:ASIAI0B -> (ImportResultId: 'b70902d64d2fea840c82043fd9ef7a74') in 0.008158 seconds
[Worker0] Imported GUID: 2c6d6c64ec3d4b5789e8088016b649f4 - Path: Packages/com.unity.2d.animation/Profiler/Editor/UI/SpriteSkinStatisticView/SpriteSkinStatisticView.cs - Importer: ScriptedImporter/UnityEditor.QuickSearchModule:UnityEditor.Search:ASIAI0B -> (ImportResultId: '0cc0d51483bb378042cc60cd1310639e') in 0.007685042 seconds
[Worker1] Imported GUID: bc1106d4aa7a8f749b058b7c6a20ff36 - Path: Packages/com.unity.2d.tilemap/Editor/UI/GridPaintingToolbar.cs - Importer: ScriptedImporter/UnityEditor.QuickSearchModule:UnityEditor.Search:ASIAI0B -> (ImportResultId: '9e464366d59fa06b69ca7f9bf22d86a5') in 0.007769292 seconds
[Worker0] Imported GUID: d0b6740fd5e2466d9ea3b021a53d4211 - Path: Packages/com.unity.2d.tilemap.extras/Editor/AssemblyInfo.cs - Importer: ScriptedImporter/UnityEditor.QuickSearchModule:UnityEditor.Search:ASIAI0B -> (ImportResultId: '054c6ed7f3e1353b3d1e046f347edb73') in 0.007849083 seconds
[Worker1] Imported GUID: 4c962e26d197d4a78af313c9eba7f136 - Path: Packages/com.unity.2d.animation/Editor/Assets/ComponentIcons/Animation.SpriteLibrary@2x.png - Importer: ScriptedImporter/UnityEditor.QuickSearchModule:UnityEditor.Search:ASIAI0B -> (ImportResultId: 'd036075a978cb07673ec64fbe5d76720') in 0.009583 seconds
[Worker1] Imported GUID: dc99af6ad351838409126a573140507a - Path: Packages/com.unity.2d.tilemap/Editor/UI/TilePaletteElement.cs - Importer: ScriptedImporter/UnityEditor.QuickSearchModule:UnityEditor.Search:ASIAI0B -> (ImportResultId: '4e88482c9c3a99dbfc949d4abdb17f8e') in 0.007371167 seconds
[Worker0] Imported GUID: cf27adadd6b1f42eebc0e8ab8f0d091d - Path: Packages/com.unity.2d.animation/Editor/Assets/ComponentIcons/d_Animation.SpriteLibraryManager@256.png - Importer: ScriptedImporter/UnityEditor.QuickSearchModule:UnityEditor.Search:ASIAI0B -> (ImportResultId: 'f0bf805bfd14ec4cadc6f7ae582fd807') in 0.00936 seconds
[Worker1] Imported GUID: 9442a5ebd7410a94eba66a0d8ab64f1a - Path: Packages/com.unity.2d.pixel-perfect/Tests/Editor - Importer: ScriptedImporter/UnityEditor.QuickSearchModule:UnityEditor.Search:ASIAI0B -> (ImportResultId: 'a75aac01057a5d09d5850b9a328520a5') in 0.007917875 seconds
[Worker0] Imported GUID: b4b58192a0265df4980d56bf9054df08 - Path: Packages/com.unity.2d.animation/Editor/Assets/EditorIcons/d_Create Bones.png - Importer: ScriptedImporter/UnityEditor.QuickSearchModule:UnityEditor.Search:ASIAI0B -> (ImportResultId: '60aa4cbf767a9731315e042343a985c0') in 0.009412667 seconds
[Worker1] Imported GUID: a2d8694b191104c8cb1b7e715b3a5e47 - Path: Packages/com.unity.2d.animation/Editor/Assets/ComponentIcons/Animation.IKManager@32.png - Importer: ScriptedImporter/UnityEditor.QuickSearchModule:UnityEditor.Search:ASIAI0B -> (ImportResultId: '1a937091b46f5b006bc2aa8b7dbc78f7') in 0.011909166 seconds
[Worker0] Imported GUID: c7d31ce121f6d6841b01dbcf3d909854 - Path: Packages/com.unity.2d.tilemap/Editor/Icons/d_EditorUI.Target@4x.png - Importer: ScriptedImporter/UnityEditor.QuickSearchModule:UnityEditor.Search:ASIAI0B -> (ImportResultId: '525e35128a0e2aaf7c8f9067323a4f2a') in 0.010843833 seconds
[Worker0] Imported GUID: b6a96c7c65795c94abf54a62adbf5c38 - Path: Packages/com.unity.2d.animation/Editor/Assets/EditorIcons/Selected/Copy@4x.png - Importer: ScriptedImporter/UnityEditor.QuickSearchModule:UnityEditor.Search:ASIAI0B -> (ImportResultId: '664000066ab243ddb87a17a7af3a1e6a') in 0.009815542 seconds
[Worker1] Imported GUID: 58702b682724446469909705bca1de62 - Path: Packages/com.unity.2d.animation/Editor/Assets/EditorIcons/d_Sprite_Influence@4x.png - Importer: ScriptedImporter/UnityEditor.QuickSearchModule:UnityEditor.Search:ASIAI0B -> (ImportResultId: '06694b519fd9440381b0e7a69c451f4a') in 0.010333791 seconds
[Worker1] Imported GUID: a37449cb15b841deab3dda438bc0ecc9 - Path: Packages/com.unity.2d.tilemap/Editor/TilePaletteActiveTargetsProperties.cs - Importer: ScriptedImporter/UnityEditor.QuickSearchModule:UnityEditor.Search:ASIAI0B -> (ImportResultId: 'e48f32bc1daa36cf6c8dbfd5b7b0abb2') in 0.008405 seconds
[Worker0] Imported GUID: 0fe20938402424ba6bc9ee476ff7514e - Path: Packages/com.unity.2d.tilemap.extras/Editor/Brushes/LineBrush/d_LineBrush@4x.png - Importer: ScriptedImporter/UnityEditor.QuickSearchModule:UnityEditor.Search:ASIAI0B -> (ImportResultId: '5519dfd80a0e3ae4b6fca4acd0c3de04') in 0.010579417 seconds
[Worker1] Imported GUID: fefc1346845b43dea174260e066602f6 - Path: Packages/com.unity.2d.common/Editor/InternalBridge/Deprecated - Importer: ScriptedImporter/UnityEditor.QuickSearchModule:UnityEditor.Search:ASIAI0B -> (ImportResultId: '5db1fa6c43641d36c9e2633777e2125f') in 0.008696292 seconds
[Worker0] Imported GUID: 380fa4376c2924eee953520080e33491 - Path: Packages/com.unity.2d.common/Path/Editor/EditorTool/ScriptablePath.cs - Importer: ScriptedImporter/UnityEditor.QuickSearchModule:UnityEditor.Search:ASIAI0B -> (ImportResultId: 'f9cd345be3110dcb5b35354d069f96a4') in 0.008396625 seconds
[Worker1] Imported GUID: eb81c5f176e01b746be35f0aa3603593 - Path: Packages/com.unity.2d.animation/Editor/Assets/EditorIcons/Selected/Edit_Pose@4x.png - Importer: ScriptedImporter/UnityEditor.QuickSearchModule:UnityEditor.Search:ASIAI0B -> (ImportResultId: 'eb89d7a26db8751856f35bfbd0023986') in 0.010113875 seconds
[Worker0] Imported GUID: 7342ee656932e31489ea62e64e012645 - Path: Packages/com.unity.2d.animation/Editor/Assets/EditorIcons/Selected/Visibility_Tool.png - Importer: ScriptedImporter/UnityEditor.QuickSearchModule:UnityEditor.Search:ASIAI0B -> (ImportResultId: '9c023cd4e405c9d18be1c211b531c85d') in 0.010071292 seconds
[Worker1] Imported GUID: 7a602206d712e496b8b4f2c9fb6ce07c - Path: Packages/com.unity.2d.psdimporter/Editor/Pipeline.asset - Importer: ScriptedImporter/UnityEditor.QuickSearchModule:UnityEditor.Search:ASIAI0B -> (ImportResultId: 'a86707943feccbe2cb038ab70e802a84') in 0.009518666 seconds
[Worker0] Imported GUID: 3df425822b2a4161887e07035662ca58 - Path: Packages/com.unity.2d.sprite/Editor/SpriteEditorModule/SpriteFrameModule/Overlay/SpriteFrameModeOverlay.cs - Importer: ScriptedImporter/UnityEditor.QuickSearchModule:UnityEditor.Search:ASIAI0B -> (ImportResultId: '23ff631bee423d392494aaf01ed7e86d') in 0.008662875 seconds
[Worker1] Imported GUID: dc2acaac6c5d45c9b52f770dfd9e6bfb - Path: Packages/com.unity.2d.tilemap.extras/Editor/Tiles/AutoTile/AutoTileTemplate.cs - Importer: ScriptedImporter/UnityEditor.QuickSearchModule:UnityEditor.Search:ASIAI0B -> (ImportResultId: 'c2a0eda6a7437988b76cdd2de42a9f0e') in 0.008644916 seconds
[Worker0] Imported GUID: 6980eb2a267119340ba441b9f427461a - Path: Packages/com.unity.2d.sprite/Editor/SpriteEditorModule/SpritePhysicsShapeModule.cs - Importer: ScriptedImporter/UnityEditor.QuickSearchModule:UnityEditor.Search:ASIAI0B -> (ImportResultId: '400c0c7eb5c0c7da8c8e848c1500d20f') in 0.007876375 seconds
[Worker1] Imported GUID: f24bf92f845348649b7caef593bef4be - Path: Packages/com.unity.2d.common/Runtime/UAi2D/KMeans.cs - Importer: ScriptedImporter/UnityEditor.QuickSearchModule:UnityEditor.Search:ASIAI0B -> (ImportResultId: 'a09761eb1bab7ce1fc5f31b5a2be348d') in 0.008674625 seconds
[Worker0] Imported GUID: 652f381007a2d2247a40aa63c91c2565 - Path: Packages/com.unity.2d.animation/Editor/Assets/EditorIcons/Selected/Split Bones@2x.png - Importer: ScriptedImporter/UnityEditor.QuickSearchModule:UnityEditor.Search:ASIAI0B -> (ImportResultId: 'd413f4bd08913dde52da70da823ee6f5') in 0.0104075 seconds
[Worker1] Imported GUID: 77786fcb91a3fcd41a4b836be1f0276c - Path: Packages/com.unity.2d.tilemap/Editor/EditorTools/MoveTool.cs - Importer: ScriptedImporter/UnityEditor.QuickSearchModule:UnityEditor.Search:ASIAI0B -> (ImportResultId: '6d75bb97726385ffb2022d20a7634b35') in 0.009157667 seconds
[Worker0] Imported GUID: 858f94473ad913aff461287e3cd62bfe - Path: Packages/com.unity.2d.tilemap - Importer: ScriptedImporter/UnityEditor.QuickSearchModule:UnityEditor.Search:ASIAI0B -> (ImportResultId: 'bf35e7d5d09ff4d7f9884f6a2c25a850') in 0.008266 seconds
[Worker0] Imported GUID: 81ec2894805ff534395009ab7c13ea4c - Path: Packages/com.unity.2d.psdimporter/Editor/PSDPlugin/PsdFile/Layers/LayerInfo/InfoLayers.cs - Importer: ScriptedImporter/UnityEditor.QuickSearchModule:UnityEditor.Search:ASIAI0B -> (ImportResultId: '4439befcd5ce37410d79efc1cd718308') in 0.008024959 seconds
[Worker1] Imported GUID: 7413e47d65010fa4386b2cb8e5c3c0c1 - Path: Packages/com.unity.2d.animation/Editor/Assets/EditorIcons/d_Locked@2x.png - Importer: ScriptedImporter/UnityEditor.QuickSearchModule:UnityEditor.Search:ASIAI0B -> (ImportResultId: 'b23586feb2fe136b6f5d449e273d0db0') in 0.010477625 seconds
[Worker1] Imported GUID: 28638862ea1084726a3511cd325fc53d - Path: Packages/com.unity.2d.psdimporter/Editor/Assets/root-blue.mat - Importer: ScriptedImporter/UnityEditor.QuickSearchModule:UnityEditor.Search:ASIAI0B -> (ImportResultId: '0460105c90b010c52cf05ee9c1d5bab0') in 0.008249833 seconds
[Worker0] Imported GUID: e269a78d88d514e4c9bde97d573d7e45 - Path: Packages/com.unity.2d.psdimporter/Editor/Assets/Icons/Dark/Layers Separated@2x.png - Importer: ScriptedImporter/UnityEditor.QuickSearchModule:UnityEditor.Search:ASIAI0B -> (ImportResultId: 'a389be691d7492a54aac4bdb922355be') in 0.010469041 seconds
[Worker1] Imported GUID: 501233c9f1da3ef44b4ff7115f564d9b - Path: Packages/com.unity.2d.animation/Editor/Assets/EditorIcons/d_Create_Vertex@3x.png - Importer: ScriptedImporter/UnityEditor.QuickSearchModule:UnityEditor.Search:ASIAI0B -> (ImportResultId: '100816d5b1ff3c58570b789252e49a75') in 0.010275625 seconds
[Worker0] Imported GUID: e7b30dca77466b8478690c280b0010ea - Path: Packages/com.unity.2d.animation/Editor/Assets/EditorIcons/Edit_Joints.png - Importer: ScriptedImporter/UnityEditor.QuickSearchModule:UnityEditor.Search:ASIAI0B -> (ImportResultId: 'defd50b369a7bcb1470dee40369a6019') in 0.010849917 seconds
[Worker0] Imported GUID: b581e4fda8368f54987b99360c4b24e8 - Path: Packages/com.unity.2d.animation/Editor/SkinningModule/UI/PastePanel.cs - Importer: ScriptedImporter/UnityEditor.QuickSearchModule:UnityEditor.Search:ASIAI0B -> (ImportResultId: '42ebdaed19b29087e22b26fb3420d903') in 0.007951833 seconds
[Worker1] Imported GUID: 51ef52b256a104c0ca3268e10a1b1056 - Path: Packages/com.unity.2d.psdimporter/Editor/Assets/Icons/Dark/Layers Separated@8x.png - Importer: ScriptedImporter/UnityEditor.QuickSearchModule:UnityEditor.Search:ASIAI0B -> (ImportResultId: '3e207f56a8ede3012c96f46bf1532971') in 0.010572792 seconds
[Worker0] Imported GUID: 48179771067a4e00a357de587413b621 - Path: Packages/com.unity.2d.animation/Runtime/BufferManager.cs - Importer: ScriptedImporter/UnityEditor.QuickSearchModule:UnityEditor.Search:ASIAI0B -> (ImportResultId: '82bbbb38a2b2dedddbea53b0a4eea3b3') in 0.008630083 seconds
[Worker1] Imported GUID: 23888dc58bcb0814389c9fd915521b77 - Path: Packages/com.unity.2d.psdimporter/Editor - Importer: ScriptedImporter/UnityEditor.QuickSearchModule:UnityEditor.Search:ASIAI0B -> (ImportResultId: 'f929b0b0cff6b2d90c8d6c90efd6c07e') in 0.008037166 seconds
[Worker0] Imported GUID: 295e44cef6a724d4fa1d386ea35a8f49 - Path: Packages/com.unity.2d.tilemap.extras/Editor/Brushes/GroupBrush/d_GroupBrush@2x.png - Importer: ScriptedImporter/UnityEditor.QuickSearchModule:UnityEditor.Search:ASIAI0B -> (ImportResultId: 'c4bd60dd4c9f0823e03f6f773265ec93') in 0.010267875 seconds
[Worker1] Imported GUID: d9f2d0aff557fba4cb316f849b0ccdd1 - Path: Packages/com.unity.2d.tilemap/Editor/Icons/d_Tilemap.BrushSettings@4x.png - Importer: ScriptedImporter/UnityEditor.QuickSearchModule:UnityEditor.Search:ASIAI0B -> (ImportResultId: '72240ecc78c2382e3d66365902d5f6a9') in 0.010954084 seconds
[Worker0] Imported GUID: 395f6b9556f14704790df6035be6ee3a - Path: Packages/com.unity.2d.animation/Editor/Assets/EditorIcons/d_character_Mode@4x.png - Importer: ScriptedImporter/UnityEditor.QuickSearchModule:UnityEditor.Search:ASIAI0B -> (ImportResultId: '1d0acea51b0a86097f8c20cc4cc81d62') in 0.010725916 seconds
[Worker1] Imported GUID: 34587324d412940a79d530020c957dc0 - Path: Packages/com.unity.2d.sprite/Editor/ObjectMenuCreation/DefaultAssets/Textures/CapsuleWithBorder.png - Importer: ScriptedImporter/UnityEditor.QuickSearchModule:UnityEditor.Search:ASIAI0B -> (ImportResultId: '48949522d4a93d014cbb70b844bac24a') in 0.010067666 seconds
[Worker0] Imported GUID: aa91af43c72989f44bf937fd28243bc7 - Path: Packages/com.unity.2d.animation/Editor/Assets/EditorIcons/Weight_Slider.png - Importer: ScriptedImporter/UnityEditor.QuickSearchModule:UnityEditor.Search:ASIAI0B -> (ImportResultId: '8a0cb1b12894a0908c8898d36729c6af') in 0.00990475 seconds
[Worker1] Imported GUID: fa557b89ecf3d44f2b6cae783ce09806 - Path: Packages/com.unity.2d.animation/Editor/Assets/ComponentIcons/Animation.SpriteResolver On@256.png - Importer: ScriptedImporter/UnityEditor.QuickSearchModule:UnityEditor.Search:ASIAI0B -> (ImportResultId: 'd99bdbcdd2568661ac14fb6b88b8ff51') in 0.009643666 seconds
[Worker0] Imported GUID: 357726a1187b4365a8f9f5ead3600872 - Path: Packages/com.unity.2d.sprite/Editor/SpriteEditorModule/SpriteFrameModule/SpriteFameModuleDataProviderOverride.cs - Importer: ScriptedImporter/UnityEditor.QuickSearchModule:UnityEditor.Search:ASIAI0B -> (ImportResultId: '5498da7bc7414d9e5f3dc664d32f2b61') in 0.008564875 seconds
[Worker1] Imported GUID: a2b1f28643d1cfc45a70b6790bad94bb - Path: Packages/com.unity.2d.spriteshape/Editor/SpriteShapeEditorAnalytics.cs - Importer: ScriptedImporter/UnityEditor.QuickSearchModule:UnityEditor.Search:ASIAI0B -> (ImportResultId: '13508096b8bf73ee1ad2e865fb00476b') in 0.007917208 seconds
[Worker1] Imported GUID: 1ae93e85c98624948917679be12e485b - Path: Packages/com.unity.2d.animation/Editor/SkinningModule/Selectors/GenericVertexSelector.cs - Importer: ScriptedImporter/UnityEditor.QuickSearchModule:UnityEditor.Search:ASIAI0B -> (ImportResultId: 'b85f1ebcf860890f581439796f860cc9') in 0.008056416 seconds
[Worker0] Imported GUID: 6f1fe3cfc8aee410cb809a622c716eb6 - Path: Packages/com.unity.2d.animation/Editor/SpriteLib/SpriteLibraryEditor/UI/EditorWindowElements.cs - Importer: ScriptedImporter/UnityEditor.QuickSearchModule:UnityEditor.Search:ASIAI0B -> (ImportResultId: '0aaec7cf23a3f4171f228d3517312441') in 0.008247875 seconds
[Worker1] Imported GUID: 824c2f94aa6c451681f33b2f9dda7857 - Path: Packages/com.unity.2d.tooling/Editor/Insider/SpriteAtlas/SpriteAtlasIssueReport/UIElement/SpriteAtlasReportTable/SpriteAtlasReportTable.cs - Importer: ScriptedImporter/UnityEditor.QuickSearchModule:UnityEditor.Search:ASIAI0B -> (ImportResultId: '55fbdee44bf766f61326c7264d505a58') in 0.00841325 seconds
[Worker0] Imported GUID: 518b12f30bc1f1649a6c2c03b688eba9 - Path: Packages/com.unity.2d.animation/Editor/SkinningModule/WeightsGenerator/IWeightsGenerator.cs - Importer: ScriptedImporter/UnityEditor.QuickSearchModule:UnityEditor.Search:ASIAI0B -> (ImportResultId: '0f341f900e18027cb27aade8c9f8b774') in 0.008310583 seconds
[Worker0] Imported GUID: 3fc02dcfcd4e9ed4abdcb443df9146b5 - Path: Packages/com.unity.2d.tilemap/Editor/TileDragAndDropManager.cs - Importer: ScriptedImporter/UnityEditor.QuickSearchModule:UnityEditor.Search:ASIAI0B -> (ImportResultId: '8fbd2d3ab6bb6c03ea83ea4e957ca063') in 0.008178917 seconds
[Worker1] Imported GUID: 1f7c451487aff44e4998dc450e494a2c - Path: Packages/com.unity.2d.animation/IK/Runtime/IKMathUtility.cs - Importer: ScriptedImporter/UnityEditor.QuickSearchModule:UnityEditor.Search:ASIAI0B -> (ImportResultId: '94468e87c8aa15266cf61b9b8ec013e8') in 0.008278542 seconds
[Worker1] Imported GUID: b1649c99ea5544738af99076ffd96cd7 - Path: Packages/com.unity.2d.aseprite/Editor/Utilities/Zlib.cs - Importer: ScriptedImporter/UnityEditor.QuickSearchModule:UnityEditor.Search:ASIAI0B -> (ImportResultId: '4f01d6bff7432227c294530f572116cc') in 0.008248791 seconds
[Worker0] Imported GUID: 5bf52a9b627c3374385cbd0ccc5caacd - Path: Packages/com.unity.2d.psdimporter/Editor/PSDPlugin/PsdFile/Layers/LayerInfo.cs - Importer: ScriptedImporter/UnityEditor.QuickSearchModule:UnityEditor.Search:ASIAI0B -> (ImportResultId: '222dbb5215183b3058977a201abee2e1') in 0.008347125 seconds
[Worker0] Imported GUID: 7626aa8c66d3b4b2c850d8b2edec0bf1 - Path: Packages/com.unity.2d.animation/Editor/SpriteSkin/BoneHierarchy/BoneHierarchyContext.cs - Importer: ScriptedImporter/UnityEditor.QuickSearchModule:UnityEditor.Search:ASIAI0B -> (ImportResultId: 'a0fde42de4aa741157abf444c1440c0d') in 0.008208958 seconds
[Worker1] Imported GUID: 16fa2ad734f422245b86558310973ad1 - Path: Packages/com.unity.2d.sprite/Editor - Importer: ScriptedImporter/UnityEditor.QuickSearchModule:UnityEditor.Search:ASIAI0B -> (ImportResultId: '1db864fa8c89be175bc5825107c88ac2') in 0.008285917 seconds
[Worker1] Imported GUID: 95300005b236449d806b320297a7a41c - Path: Packages/com.unity.2d.tilemap/Editor/EditorTools/BrushToolsAttribute.cs - Importer: ScriptedImporter/UnityEditor.QuickSearchModule:UnityEditor.Search:ASIAI0B -> (ImportResultId: '08261c46724f6c9492b84ba69b9db59e') in 0.008289959 seconds
[Worker0] Imported GUID: 9efb82d91ad0e4fdfbf6a09635f9d78d - Path: Packages/com.unity.2d.animation/Editor/Assets/ComponentIcons/Animation.IKFabrik On.png - Importer: ScriptedImporter/UnityEditor.QuickSearchModule:UnityEditor.Search:ASIAI0B -> (ImportResultId: '70d651d12cc1efd66b9248f5530e9596') in 0.010679375 seconds
[Worker1] Imported GUID: b9102a9258b50f949a55f81945829f85 - Path: Packages/com.unity.2d.spriteshape/Editor/SpriteShapeAssetPostProcessor.cs - Importer: ScriptedImporter/UnityEditor.QuickSearchModule:UnityEditor.Search:ASIAI0B -> (ImportResultId: '767ecd444646722401d3186ab504e3cd') in 0.008643625 seconds
[Worker0] Imported GUID: 54781f6c2aca9442aa5976c5eda00707 - Path: Packages/com.unity.2d.common/Path/Editor/Shapes/Polygon.cs - Importer: ScriptedImporter/UnityEditor.QuickSearchModule:UnityEditor.Search:ASIAI0B -> (ImportResultId: 'b91012c5826f73a90ac0d504203c1879') in 0.00817225 seconds
[Worker0] Imported GUID: c13bf2f1d7eb24745a88ae9e39c4d921 - Path: Packages/com.unity.2d.common/Path/Editor/Shapes/Spline.cs - Importer: ScriptedImporter/UnityEditor.QuickSearchModule:UnityEditor.Search:ASIAI0B -> (ImportResultId: '8eddfd01a1638d94603a103eb32f8845') in 0.007857292 seconds
[Worker1] Imported GUID: 0219184e13f92e94896b4df6846db652 - Path: Packages/com.unity.2d.tilemap/Editor/Icons/d_Grid.FlipY.png - Importer: ScriptedImporter/UnityEditor.QuickSearchModule:UnityEditor.Search:ASIAI0B -> (ImportResultId: '1410ac210dffeec75250e5cf64fc02fd') in 0.010288 seconds
[Worker1] Imported GUID: c648df4b030040b3b82244c710a5279a - Path: Packages/com.unity.2d.animation/Profiler/Editor/UI/SpriteSkinHierarchyView/SpriteSkinHierarchyView.uss - Importer: ScriptedImporter/UnityEditor.QuickSearchModule:UnityEditor.Search:ASIAI0B -> (ImportResultId: '2d7261c8e1f148f3eca98951ceaf71ed') in 0.008742875 seconds
[Worker0] Imported GUID: 35f90efdb1e6d4fb29c4108de82bf1b2 - Path: Packages/com.unity.2d.animation/Editor/Assets/ComponentIcons/Animation.SpriteSkin@32.png - Importer: ScriptedImporter/UnityEditor.QuickSearchModule:UnityEditor.Search:ASIAI0B -> (ImportResultId: 'c7c140a4ae9a5797353d9a99edf3193f') in 0.010724833 seconds
[Worker0] Imported GUID: 5b0085fc7caad034f8513c17d7e40646 - Path: Packages/com.unity.2d.animation/Editor/SkinningModule/SpriteMeshData/SpriteMeshDataController.cs - Importer: ScriptedImporter/UnityEditor.QuickSearchModule:UnityEditor.Search:ASIAI0B -> (ImportResultId: '7ca23e5e4b6672a94c7a09bb27ce6a82') in 0.00977225 seconds
[Worker1] Imported GUID: 7befde712044bf34d8d765aba01a52c9 - Path: Packages/com.unity.2d.tilemap/Editor/Icons/Tilemap.BrushPicks@2x.png - Importer: ScriptedImporter/UnityEditor.QuickSearchModule:UnityEditor.Search:ASIAI0B -> (ImportResultId: 'a5b31797edc998c57e7911d590f46440') in 0.010546708 seconds
[Worker1] Imported GUID: 3e60cf5de87e1da4a8fa98713709fa00 - Path: Packages/com.unity.2d.common/Editor/ScriptablePacker/SpriteAtlasScriptablePacker.cs - Importer: ScriptedImporter/UnityEditor.QuickSearchModule:UnityEditor.Search:ASIAI0B -> (ImportResultId: 'c24f4aff99c26fdcbf1986deafe06b25') in 0.007708333 seconds
[Worker0] Imported GUID: 7d1ae2eb8a9204a208aa20a4d10ee087 - Path: Packages/com.unity.2d.tooling/Editor/Insider/SpriteAtlas/SpriteAtlasIssueReport/AllSpriteAtlasReport/SpriteAtlasRawData.uss - Importer: ScriptedImporter/UnityEditor.QuickSearchModule:UnityEditor.Search:ASIAI0B -> (ImportResultId: '1785068a63f451d9b5707b05073369f6') in 0.008903208 seconds
[Worker1] Imported GUID: 609d69ce95fbbe148aac9ed99bf92679 - Path: Packages/com.unity.2d.animation/Editor/SkinningModule/Undo/UnityEngineUndo.cs - Importer: ScriptedImporter/UnityEditor.QuickSearchModule:UnityEditor.Search:ASIAI0B -> (ImportResultId: '7c4e3945d711785328278fb3f17039da') in 0.008630833 seconds
[Worker0] Imported GUID: 73a61a380edacb34795f31a3ec21c2ef - Path: Packages/com.unity.2d.psdimporter/Editor/PSDPlugin/PsdPlugin.asmdef - Importer: ScriptedImporter/UnityEditor.QuickSearchModule:UnityEditor.Search:ASIAI0B -> (ImportResultId: '93dacf9133736361d909c111ed04bae2') in 0.008135458 seconds
[Worker1] Imported GUID: c66db58fd56e0a14690d99c115527f28 - Path: Packages/com.unity.2d.animation/Editor/SkinningModule/Selection/SkeletonSelection.cs - Importer: ScriptedImporter/UnityEditor.QuickSearchModule:UnityEditor.Search:ASIAI0B -> (ImportResultId: '242dfbeff5d50c40f4dae650cf9014de') in 0.008357709 seconds
[Worker0] Imported GUID: 878113f6c323f4d828318254f7a80a33 - Path: Packages/com.unity.2d.common/Path/Editor - Importer: ScriptedImporter/UnityEditor.QuickSearchModule:UnityEditor.Search:ASIAI0B -> (ImportResultId: '7ce68e6fc309cb2739ad8a9f1a3c640a') in 0.008289667 seconds
[Worker0] Imported GUID: c73c71eec52144acb15769f2b8b28809 - Path: Packages/com.unity.2d.aseprite/Editor/AsepriteImportData.cs - Importer: ScriptedImporter/UnityEditor.QuickSearchModule:UnityEditor.Search:ASIAI0B -> (ImportResultId: 'ce4c7bc2c1046ea78937294c710ea7ab') in 0.00833175 seconds
[Worker1] Imported GUID: b1af9c5cd2784371b5e5eed8f57efccd - Path: Packages/com.unity.2d.aseprite/Editor/Aseprite/Chunks/CellExtra.cs - Importer: ScriptedImporter/UnityEditor.QuickSearchModule:UnityEditor.Search:ASIAI0B -> (ImportResultId: 'd798a4885b50c0faa9b2b7588de923a7') in 0.008420833 seconds
[Worker0] Imported GUID: 7600825fd0008354ea24e17c94591a19 - Path: Packages/com.unity.2d.animation/Editor/SkinningModule/SkeletonTool/SkeletonStyles.cs - Importer: ScriptedImporter/UnityEditor.QuickSearchModule:UnityEditor.Search:ASIAI0B -> (ImportResultId: '6f01327e1172deaa9e17dc7507b4824e') in 0.008391375 seconds
[Worker1] Imported GUID: 4958637110c2244a691af18863ead786 - Path: Packages/com.unity.2d.animation/Editor/Assets/EditorIcons/d_False.png - Importer: ScriptedImporter/UnityEditor.QuickSearchModule:UnityEditor.Search:ASIAI0B -> (ImportResultId: '82042564fbc0f0083796d9046d62a1e0') in 0.010010166 seconds
[Worker0] Imported GUID: 3404b3ef5c8133646b532504aef95120 - Path: Packages/com.unity.2d.tilemap.extras/Runtime/Tiles/RuleOverrideTile - Importer: ScriptedImporter/UnityEditor.QuickSearchModule:UnityEditor.Search:ASIAI0B -> (ImportResultId: '6d447fc4e310d6033ff401413b20fe1c') in 0.008403708 seconds
[Worker1] Imported GUID: 69fdfe6d8e206134a83223383472ff48 - Path: Packages/com.unity.2d.animation/Editor/Assets/EditorIcons/d_Copy.png - Importer: ScriptedImporter/UnityEditor.QuickSearchModule:UnityEditor.Search:ASIAI0B -> (ImportResultId: '472cb6eafad1c3bf4ade5723f91cd086') in 0.010950875 seconds
[Worker0] Imported GUID: db2778f6d440c47ddacff25997d7c062 - Path: Packages/com.unity.2d.animation/Editor/SpriteLib/SpriteLibrarySourceAsset/SpriteLibrarySourceAssetImporter.cs - Importer: ScriptedImporter/UnityEditor.QuickSearchModule:UnityEditor.Search:ASIAI0B -> (ImportResultId: '393e2bf1d90e4fdcce5122d3125f72ee') in 0.008664084 seconds
[Worker1] Imported GUID: bd2c5ec8522954323aba72f213024f60 - Path: Packages/com.unity.2d.psdimporter/Editor/Assets/Icons/Light/Layers Mixed@2x.png - Importer: ScriptedImporter/UnityEditor.QuickSearchModule:UnityEditor.Search:ASIAI0B -> (ImportResultId: '54e0bbd8dc7716cd8115602fd0642381') in 0.01011725 seconds
[Worker0] Imported GUID: 0799df1a3fe414d198d40c6f6535e890 - Path: Packages/com.unity.2d.animation/Editor/SkinningModule/SpriteMeshData/EditableBoneWeightUtility.cs - Importer: ScriptedImporter/UnityEditor.QuickSearchModule:UnityEditor.Search:ASIAI0B -> (ImportResultId: 'efabc5e77432cc504c4debd7f115c50c') in 0.008497208 seconds
[Worker1] Imported GUID: a605ef4315d43d6438e211f589d2df38 - Path: Packages/com.unity.2d.tilemap/Editor/Icons/Tilemap.TilePalette.png - Importer: ScriptedImporter/UnityEditor.QuickSearchModule:UnityEditor.Search:ASIAI0B -> (ImportResultId: '5b47450bb876852cb1e418661862aa88') in 0.010195958 seconds
[Worker0] Imported GUID: d1c6278de296d42b6a5c6330b16ab729 - Path: Packages/com.unity.2d.animation/Editor/Assets/ComponentIcons/Animation.SpriteLibraryManager@128.png - Importer: ScriptedImporter/UnityEditor.QuickSearchModule:UnityEditor.Search:ASIAI0B -> (ImportResultId: '46c819e8ec2ceafefcb000c116c3c0ad') in 0.010091958 seconds
[Worker1] Imported GUID: 697cfdfbecf74341b95e4e53e01ebd6a - Path: Packages/com.unity.2d.sprite/Editor/Utilities.cs - Importer: ScriptedImporter/UnityEditor.QuickSearchModule:UnityEditor.Search:ASIAI0B -> (ImportResultId: '7ebaba5f76f7e57313fe001579b891c2') in 0.008354583 seconds
[Worker0] Imported GUID: 825aa2422a5cc4c60b5eb787fe31a9a6 - Path: Packages/com.unity.2d.spriteshape/Runtime - Importer: ScriptedImporter/UnityEditor.QuickSearchModule:UnityEditor.Search:ASIAI0B -> (ImportResultId: 'ee52fd9dcc7d25ac4ddd73bab5e2ea18') in 0.008416875 seconds
[Worker1] Imported GUID: 8cf26b17030744f44b4984670864cede - Path: Packages/com.unity.2d.animation/Editor/SkinningModule/Undo/ICacheUndo.cs - Importer: ScriptedImporter/UnityEditor.QuickSearchModule:UnityEditor.Search:ASIAI0B -> (ImportResultId: '1850b206c2b4c9b2b0aa182c3b4da3eb') in 0.008415041 seconds
[Worker0] Imported GUID: 2e891b338ba9c514b871d785976f600e - Path: Packages/com.unity.2d.psdimporter/CHANGELOG.md - Importer: ScriptedImporter/UnityEditor.QuickSearchModule:UnityEditor.Search:ASIAI0B -> (ImportResultId: 'c9be5a3630f8233b29440c2280ceed1e') in 0.008180875 seconds
[Worker1] Imported GUID: 59bc7a7ca0683ac439e255a533670885 - Path: Packages/com.unity.2d.animation/Editor/Assets/EditorIcons/Split Bones.png - Importer: ScriptedImporter/UnityEditor.QuickSearchModule:UnityEditor.Search:ASIAI0B -> (ImportResultId: 'b05f1f152097e8dc70be51897e781e41') in 0.009919917 seconds
[Worker0] Imported GUID: b976ddccf1109574c922e1aa8cdd48fb - Path: Packages/com.unity.2d.psdimporter/Editor/PSDPlugin/PsdFile/Compression/RawImage.cs - Importer: ScriptedImporter/UnityEditor.QuickSearchModule:UnityEditor.Search:ASIAI0B -> (ImportResultId: '05ebe41a9725a8c1ef9def4d3daaa43d') in 0.008235083 seconds
[Worker0] Imported GUID: 6c9a48b090d6541a7a8b1dd02a7bfe8e - Path: Packages/com.unity.2d.animation/Editor/UpgradeTools/SpriteLibUpgrader.cs - Importer: ScriptedImporter/UnityEditor.QuickSearchModule:UnityEditor.Search:ASIAI0B -> (ImportResultId: '18d6ff485a92a99ed84046981cdf2ab4') in 0.008116083 seconds
[Worker1] Imported GUID: bb51334c6930f864abac38001f7bdf6e - Path: Packages/com.unity.2d.animation/Editor/Assets/EditorIcons/Selected/Copy@3x.png - Importer: ScriptedImporter/UnityEditor.QuickSearchModule:UnityEditor.Search:ASIAI0B -> (ImportResultId: '3d0e81495538ac17c9c4490833379bae') in 0.010263416 seconds
[Worker0] Imported GUID: 4cb62f324c9e68643acade726b44b815 - Path: Packages/com.unity.2d.animation/Editor/Assets/LayoutOverlay/LayoutOverlayStyle.uss - Importer: ScriptedImporter/UnityEditor.QuickSearchModule:UnityEditor.Search:ASIAI0B -> (ImportResultId: '15fc191ae094aec6da6aa5d357a3dae9') in 0.008832833 seconds
[Worker1] Imported GUID: f169a69b888768d44906789625031d45 - Path: Packages/com.unity.2d.animation/Editor/Assets/EditorIcons/Edit_Pose@2x.png - Importer: ScriptedImporter/UnityEditor.QuickSearchModule:UnityEditor.Search:ASIAI0B -> (ImportResultId: '52d16230942a1e90cbc1a794bec5d4be') in 0.009444709 seconds
[Worker0] Imported GUID: 9ceaf8ef48b796342bb695b046536af8 - Path: Packages/com.unity.2d.animation/Editor/SkinningModule/Cache/BaseObject.cs - Importer: ScriptedImporter/UnityEditor.QuickSearchModule:UnityEditor.Search:ASIAI0B -> (ImportResultId: '9b3757fc2ea2a68a74396f4ada73d3dd') in 0.008556167 seconds
[Worker1] Imported GUID: 31f371f2dfe50c34081023094aed72c3 - Path: Packages/com.unity.2d.animation/Editor/Assets/EditorIcons/Create_Vertex.png - Importer: ScriptedImporter/UnityEditor.QuickSearchModule:UnityEditor.Search:ASIAI0B -> (ImportResultId: 'a4b668e508f0740649520bbe40d59208') in 0.009431584 seconds
[Worker0] Imported GUID: c5f1bbf2ed8ff4008890c2481ef4aaa9 - Path: Packages/com.unity.2d.aseprite/Tests/Editor/PlaceholderTests.cs - Importer: ScriptedImporter/UnityEditor.QuickSearchModule:UnityEditor.Search:ASIAI0B -> (ImportResultId: 'c3ce27e58f70294eb139dd740a5cbd09') in 0.008164792 seconds
[Worker1] Imported GUID: 31a4799fed00a4c1e8f79606e6418428 - Path: Packages/com.unity.2d.common/Path/Editor/IMGUI/GUIFramework/HoveredControlAction.cs - Importer: ScriptedImporter/UnityEditor.QuickSearchModule:UnityEditor.Search:ASIAI0B -> (ImportResultId: '725c21440fc4f2c4a0e563d7b959a1f0') in 0.008192834 seconds
[Worker0] Imported GUID: 5144a95e9623b4cffa393a92c688f9ec - Path: Packages/com.unity.2d.common/Path/Editor/IMGUI/GUIFramework/SliderAction.cs - Importer: ScriptedImporter/UnityEditor.QuickSearchModule:UnityEditor.Search:ASIAI0B -> (ImportResultId: '162d6e629944100bdba0d4d8ae611cb8') in 0.008409792 seconds
[Worker1] Imported GUID: 2ce4b92d8aa4ac14c9dd8eda0f422c89 - Path: Packages/com.unity.2d.sprite/Editor/SpriteEditorModule/TextureImporterDataProvider.cs - Importer: ScriptedImporter/UnityEditor.QuickSearchModule:UnityEditor.Search:ASIAI0B -> (ImportResultId: '44be867209aead508e43583212d06ec2') in 0.00828675 seconds
[Worker0] Imported GUID: 2ced226d9df062547882002f633ab6ee - Path: Packages/com.unity.2d.animation/Editor/Assets/EditorIcons/d_Create_Vertex@4x.png - Importer: ScriptedImporter/UnityEditor.QuickSearchModule:UnityEditor.Search:ASIAI0B -> (ImportResultId: '8cccddec4907a37c001746e6f072fd48') in 0.010250375 seconds
[Worker1] Imported GUID: 0d15278383d04786998d121cd31e71f4 - Path: Packages/com.unity.2d.sprite/Editor/Undo/UndoObject.cs - Importer: ScriptedImporter/UnityEditor.QuickSearchModule:UnityEditor.Search:ASIAI0B -> (ImportResultId: '44b94d49dc79d1bbda6e564d47d989d6') in 0.009153625 seconds
[Worker0] Imported GUID: 0ee23038cfcd84aea891e63558b06e1d - Path: Packages/com.unity.2d.psdimporter/Editor/UTK/Tooltips.cs - Importer: ScriptedImporter/UnityEditor.QuickSearchModule:UnityEditor.Search:ASIAI0B -> (ImportResultId: '8eb031fb9664776a341e73c30ae9b3a9') in 0.008626958 seconds
[Worker1] Imported GUID: 76beef9fdae7b48468ddf07d0400a374 - Path: Packages/com.unity.2d.animation/Editor/Assets/EditorIcons/Bone@3x.png - Importer: ScriptedImporter/UnityEditor.QuickSearchModule:UnityEditor.Search:ASIAI0B -> (ImportResultId: '88ff8f29e5edcbe1a9fc5e88b8e737c0') in 0.009936167 seconds
[Worker0] Imported GUID: a86c61e5bed184ddc884003f0c947bb4 - Path: Packages/com.unity.2d.animation/Editor/Assets/ComponentIcons/Animation.SpriteLibrary On.png - Importer: ScriptedImporter/UnityEditor.QuickSearchModule:UnityEditor.Search:ASIAI0B -> (ImportResultId: '6e3f0453ae9d820deb13f04f7bf36ca8') in 0.009862084 seconds
[Worker1] Imported GUID: d02b5650e6e0b4c45ab18d5a1d1fce97 - Path: Packages/com.unity.2d.sprite/Editor/UI/SpriteEditor/SpriteFrameModuleInspector.uxml - Importer: ScriptedImporter/UnityEditor.QuickSearchModule:UnityEditor.Search:ASIAI0B -> (ImportResultId: '81607b93b7e5779ec1585a768541d633') in 0.010231083 seconds
[Worker0] Imported GUID: 960d8526261647a9a1264b685b847459 - Path: Packages/com.unity.2d.aseprite/Editor/Aseprite/Chunks/PaletteChunk.cs - Importer: ScriptedImporter/UnityEditor.QuickSearchModule:UnityEditor.Search:ASIAI0B -> (ImportResultId: '63e4433e8faa904b967b29e8f42f336e') in 0.008323708 seconds
[Worker1] Imported GUID: c7d0fae3d3df9c14ea6be0ae8969062f - Path: Packages/com.unity.2d.common/Runtime/Triangulation - Importer: ScriptedImporter/UnityEditor.QuickSearchModule:UnityEditor.Search:ASIAI0B -> (ImportResultId: 'c7514627a452a77b1becb74849647bdd') in 0.008075416 seconds
[Worker0] Imported GUID: cd09d9cb85d9d904dba1ade9bded16de - Path: Packages/com.unity.2d.sprite/Editor/SpriteEditor/SpriteRect.cs - Importer: ScriptedImporter/UnityEditor.QuickSearchModule:UnityEditor.Search:ASIAI0B -> (ImportResultId: '76e0d2463e7964484d271a669777cb1c') in 0.008358292 seconds
[Worker1] Imported GUID: 0e3687ec2891348bd9068674698bbf5e - Path: Packages/com.unity.2d.animation/Editor/SpriteSkin/BoneHierarchy - Importer: ScriptedImporter/UnityEditor.QuickSearchModule:UnityEditor.Search:ASIAI0B -> (ImportResultId: '0dea817888c46f8de46f4370d0377b4c') in 0.008137667 seconds
[Worker0] Imported GUID: 13c5c1934f6f927419763b01ff95ed74 - Path: Packages/com.unity.2d.common/Editor/ImagePacker/ImagePackerDebugEditor.cs - Importer: ScriptedImporter/UnityEditor.QuickSearchModule:UnityEditor.Search:ASIAI0B -> (ImportResultId: 'e525168b8ac1c9c6b810a7c461848a4b') in 0.007974458 seconds
[Worker1] Imported GUID: 4bed23865b5d4bdb8c2d92698b7192fa - Path: Packages/com.unity.2d.tooling/Editor/AssemblyInfo.cs - Importer: ScriptedImporter/UnityEditor.QuickSearchModule:UnityEditor.Search:ASIAI0B -> (ImportResultId: '489bd4381ec86332365ab66cfed25e00') in 0.007929583 seconds
[Worker0] Imported GUID: 767ef4adccc592649bc3b2c17a97a6dc - Path: Packages/com.unity.2d.tilemap/Editor/UI/TilePaletteActiveTargetsDropdownMenu.cs - Importer: ScriptedImporter/UnityEditor.QuickSearchModule:UnityEditor.Search:ASIAI0B -> (ImportResultId: 'd09bc671e37674be219b4c5cc28fa390') in 0.0077805 seconds
[Worker1] Imported GUID: d7b52ee143e0c4bf09d482ec22428db2 - Path: Packages/com.unity.2d.psdimporter/Editor/Assets/Icons/Selected/Layers Mixed@2x.png - Importer: ScriptedImporter/UnityEditor.QuickSearchModule:UnityEditor.Search:ASIAI0B -> (ImportResultId: 'b72a1874a559aa1409e9fbde26c8ef24') in 0.010926833 seconds
[Worker0] Imported GUID: 6fcbb5d3e3f3adf479ac8a933b929a8a - Path: Packages/com.unity.2d.psdimporter/Editor/PSDPlugin/PsdFile/RleWriter.cs - Importer: ScriptedImporter/UnityEditor.QuickSearchModule:UnityEditor.Search:ASIAI0B -> (ImportResultId: '37842a6a53d7d76c89f252c85b3c8e57') in 0.00827725 seconds
[Worker1] Imported GUID: b5fde14964733764c8c198a418b2eaaf - Path: Packages/com.unity.2d.animation/IK/Runtime/IKUtility.cs - Importer: ScriptedImporter/UnityEditor.QuickSearchModule:UnityEditor.Search:ASIAI0B -> (ImportResultId: '6ee65b3dd83804fd9f639eaf45bbffd4') in 0.007948958 seconds
[Worker0] Imported GUID: cfe99a1afb609b4488d6fc9224a62f74 - Path: Packages/com.unity.2d.animation/Editor/Assets/EditorIcons/Sprite_Mode@2x.png - Importer: ScriptedImporter/UnityEditor.QuickSearchModule:UnityEditor.Search:ASIAI0B -> (ImportResultId: 'a6501ff25d879203269e5f9f90503958') in 0.01053225 seconds
[Worker1] Imported GUID: 4cdf803ccba4203428cf760a394d701f - Path: Packages/com.unity.2d.animation/Editor/Assets - Importer: ScriptedImporter/UnityEditor.QuickSearchModule:UnityEditor.Search:ASIAI0B -> (ImportResultId: '1ab99486ffc604a38a2abeb774366e55') in 0.007933542 seconds
[Worker0] Imported GUID: 4f3a106299767d146975053c7be09b97 - Path: Packages/com.unity.2d.animation/Editor/Assets/EditorIcons/d_Edit_Pose@4x.png - Importer: ScriptedImporter/UnityEditor.QuickSearchModule:UnityEditor.Search:ASIAI0B -> (ImportResultId: '567ad8b04216e89cc9eb3f1ae7e057bf') in 0.009820417 seconds
[Worker1] Imported GUID: 3e3d41c162ad74767b66168d4d94b99c - Path: Packages/com.unity.2d.animation/Editor/Assets/ComponentIcons/Animation.SpriteLibraryVar@32.png - Importer: ScriptedImporter/UnityEditor.QuickSearchModule:UnityEditor.Search:ASIAI0B -> (ImportResultId: '85377b08d48f6f993630dc8df22af2f6') in 0.009657417 seconds
[Worker0] Imported GUID: 71365d6492a2542dc9e34c1b312f722c - Path: Packages/com.unity.2d.animation/Editor/Assets/ComponentIcons/d_Animation.SpriteResolver@128.png - Importer: ScriptedImporter/UnityEditor.QuickSearchModule:UnityEditor.Search:ASIAI0B -> (ImportResultId: 'c72861e8d6cf83dda137d9254ef2a5ee') in 0.009972375 seconds
[Worker1] Imported GUID: 0d865d2c5503d6342891956184902996 - Path: Packages/com.unity.2d.animation/Runtime/BatchedDeformation/CpuDeformationSystem.cs - Importer: ScriptedImporter/UnityEditor.QuickSearchModule:UnityEditor.Search:ASIAI0B -> (ImportResultId: 'd46225807c29d0bbb5ec182a68868602') in 0.007657291 seconds
[Worker1] Imported GUID: 855a0facf66776c65bb54d2ba2c4f2b1 - Path: Packages/com.unity.2d.common - Importer: ScriptedImporter/UnityEditor.QuickSearchModule:UnityEditor.Search:ASIAI0B -> (ImportResultId: '50478b6fac095e2346fc34e84f8142db') in 0.008185833 seconds
[Worker0] Imported GUID: fb6fbaab21f6412da290025a44fe9ce3 - Path: Packages/com.unity.2d.tooling/Editor/Insider/SpriteAtlas/SpriteAtlasIssueReport/SourceTextureWithCompressionIssue/SourceTextureWithCompressionIssue.uss - Importer: ScriptedImporter/UnityEditor.QuickSearchModule:UnityEditor.Search:ASIAI0B -> (ImportResultId: '80c9b1052e819e171fd1e44eec86c920') in 0.008861625 seconds
[Worker1] Imported GUID: 6b80cdd1d5ce20c4189553f129f4d175 - Path: Packages/com.unity.2d.tilemap/Editor/Icons/Tilemap.FocusTilemap@2x.png - Importer: ScriptedImporter/UnityEditor.QuickSearchModule:UnityEditor.Search:ASIAI0B -> (ImportResultId: '7aebd4914f799cf3214109cd4b9db70b') in 0.010296667 seconds
[Worker0] Imported GUID: b6c49e41a57e648e9a16f44ce4b8d9b9 - Path: Packages/com.unity.2d.animation/Editor/Assets/ComponentIcons/Animation.SpriteLibrary@256.png - Importer: ScriptedImporter/UnityEditor.QuickSearchModule:UnityEditor.Search:ASIAI0B -> (ImportResultId: 'd986d391d6f7fff9e96f5252befdde73') in 0.009823 seconds
[Worker1] Imported GUID: f60779a06bec4f14a957237a7206b786 - Path: Packages/com.unity.2d.tilemap/Editor/GridPaletteAddPopup.cs - Importer: ScriptedImporter/UnityEditor.QuickSearchModule:UnityEditor.Search:ASIAI0B -> (ImportResultId: '491883ccc25848b6f6619410b45b2a24') in 0.008358709 seconds
[Worker0] Imported GUID: 362726c74a77471f81c57aa62d0ea5d7 - Path: Packages/com.unity.2d.tooling/Editor/Insider/SpriteAtlas/SpriteAtlasIssueReport/SpriteCountInAtlasIssue - Importer: ScriptedImporter/UnityEditor.QuickSearchModule:UnityEditor.Search:ASIAI0B -> (ImportResultId: 'd2d5bf340828adf00672144f993b2f42') in 0.008498125 seconds
[Worker1] Imported GUID: 7a5bb676bcccfea429f2138b6fbd005e - Path: Packages/com.unity.2d.animation/Editor/Assets/EditorIcons/d_Create_Edge.png - Importer: ScriptedImporter/UnityEditor.QuickSearchModule:UnityEditor.Search:ASIAI0B -> (ImportResultId: 'aab2d637c49684425476eb99c369315f') in 0.009678084 seconds
[Worker0] Imported GUID: 260d767878e2440d8f0d1bcc48bfbf9e - Path: Packages/com.unity.2d.animation/Editor/SpriteLib/SpriteSwapOverlay - Importer: ScriptedImporter/UnityEditor.QuickSearchModule:UnityEditor.Search:ASIAI0B -> (ImportResultId: '4b96e6bee3452c06c64a95c45f2c2a6f') in 0.008616333 seconds
[Worker1] Imported GUID: 0d267bc78a0864eb48358689b29ed20a - Path: Packages/com.unity.2d.sprite/Editor/ObjectMenuCreation/DefaultAssets/Textures/IsometricDiamondWithBorder.png - Importer: ScriptedImporter/UnityEditor.QuickSearchModule:UnityEditor.Search:ASIAI0B -> (ImportResultId: '5e659a7536c23c576ac292e6de719122') in 0.011549833 seconds
[Worker0] Imported GUID: dd86352faf4948147a8151de7488413d - Path: Packages/com.unity.2d.common/Runtime/UTess2D/Refinery.cs - Importer: ScriptedImporter/UnityEditor.QuickSearchModule:UnityEditor.Search:ASIAI0B -> (ImportResultId: '2f54c24f2c598e59dc1eab781bf9a85d') in 0.007870375 seconds
[Worker1] Imported GUID: 84b178f994f5f114889b2ea8d042fcad - Path: Packages/com.unity.2d.animation/Editor/SkinningModule/Selectors/IRectSelector.cs - Importer: ScriptedImporter/UnityEditor.QuickSearchModule:UnityEditor.Search:ASIAI0B -> (ImportResultId: 'cb4de94dbc6a762efda306335bd0a750') in 0.007837792 seconds
[Worker0] Imported GUID: b5650d2786c7443fe80be179cf75a907 - Path: Packages/com.unity.2d.tilemap.extras/Editor/Brushes/GroupBrush/d_GroupBrush.png - Importer: ScriptedImporter/UnityEditor.QuickSearchModule:UnityEditor.Search:ASIAI0B -> (ImportResultId: '3bf3b86d55227b25dcdd71d982039227') in 0.009685167 seconds
[Worker1] Imported GUID: e6751f2e877154dc285442203ad68bcc - Path: Packages/com.unity.2d.psdimporter/Editor/UTK/ImportColumnHeaderToggle.cs - Importer: ScriptedImporter/UnityEditor.QuickSearchModule:UnityEditor.Search:ASIAI0B -> (ImportResultId: '4b93bdc5868db2443c62ad5c12c8a6e8') in 0.007554166 seconds
[Worker0] Imported GUID: 03f9e3cee0dc4fd49b02a05316b012ca - Path: Packages/com.unity.2d.animation/Profiler/Editor/UI/SpriteSkinHierarchyView/SpriteSkinHierarchyView.cs - Importer: ScriptedImporter/UnityEditor.QuickSearchModule:UnityEditor.Search:ASIAI0B -> (ImportResultId: '9e3bb9d3459ccc1455d880b7beb88219') in 0.007877041 seconds
[Worker1] Imported GUID: 7b86a539750e1a44ca7ec5b7f690babd - Path: Packages/com.unity.2d.animation/Editor/Assets/EditorIcons/Selected/Create Bones.png - Importer: ScriptedImporter/UnityEditor.QuickSearchModule:UnityEditor.Search:ASIAI0B -> (ImportResultId: 'd12432ebee333c3f3288d085fad2e075') in 0.008992667 seconds
[Worker0] Imported GUID: 8b8fa969cc0cac04b97330905b3dd95b - Path: Packages/com.unity.2d.animation/Editor/Assets/EditorIcons/d_Parent_Bone.png - Importer: ScriptedImporter/UnityEditor.QuickSearchModule:UnityEditor.Search:ASIAI0B -> (ImportResultId: '4499c946635630f67fa3adebe11807b6') in 0.00938425 seconds
[Worker1] Imported GUID: 4b3e1d5f95a1a455c917ca9403d9283d - Path: Packages/com.unity.2d.psdimporter/Editor/Assets/Icons/Light/Layers Mixed@4x.png - Importer: ScriptedImporter/UnityEditor.QuickSearchModule:UnityEditor.Search:ASIAI0B -> (ImportResultId: 'e917428914cef595aff6379edc3847ef') in 0.009396 seconds
[Worker1] Imported GUID: 3c4c6b04b82bb68428942652e2972a8c - Path: Packages/com.unity.2d.spriteshape/Editor/SpriteShapeHandleUtility.cs - Importer: ScriptedImporter/UnityEditor.QuickSearchModule:UnityEditor.Search:ASIAI0B -> (ImportResultId: '6b12115329976d7ceeaa591df3d38ca1') in 0.007657541 seconds
[Worker0] Imported GUID: 17d971605cfbaea47b0d10b0b5dbc406 - Path: Packages/com.unity.2d.animation/Editor/Assets/EditorIcons/d_Bone@2x.png - Importer: ScriptedImporter/UnityEditor.QuickSearchModule:UnityEditor.Search:ASIAI0B -> (ImportResultId: '2257277c50576e366f33475fd9d7df82') in 0.012681208 seconds
[Worker1] Imported GUID: c4ddec556b20849e284a9159bc58b6dd - Path: Packages/com.unity.2d.animation/Editor/Assets/EditorIcons/Selected/SetPivot@3x.png - Importer: ScriptedImporter/UnityEditor.QuickSearchModule:UnityEditor.Search:ASIAI0B -> (ImportResultId: '94e3d3e60ca16d50d1dbf5c1bd70e4d9') in 0.009502917 seconds
[Worker0] Imported GUID: d349fb5fc6603f14baa6f6adceefbb13 - Path: Packages/com.unity.2d.tooling/LICENSE.md - Importer: ScriptedImporter/UnityEditor.QuickSearchModule:UnityEditor.Search:ASIAI0B -> (ImportResultId: 'bba371b18547fb2a354095e141ec2751') in 0.008073583 seconds
[Worker1] Imported GUID: 3a37c02e17e67be44b01952ad661991c - Path: Packages/com.unity.2d.psdimporter/Editor/PSDPlugin/PsdFile/Compression/ImageDataFactory.cs - Importer: ScriptedImporter/UnityEditor.QuickSearchModule:UnityEditor.Search:ASIAI0B -> (ImportResultId: '228b1c4925fdd21e2c0157eaf6359c91') in 0.008000125 seconds
[Worker0] Imported GUID: 03b3f669dc5706a4592344c6385af858 - Path: Packages/com.unity.2d.animation/Editor/Assets/EditorIcons/Selected/Parent_Bone@4x.png - Importer: ScriptedImporter/UnityEditor.QuickSearchModule:UnityEditor.Search:ASIAI0B -> (ImportResultId: '39669137159d38891d956906cab17c26') in 0.009340583 seconds
[Worker1] Imported GUID: 9f3e8a7a640b640feac66da51cc078c5 - Path: Packages/com.unity.2d.psdimporter/Editor/Assets/Icons/Selected/Layers Mixed@16x.png - Importer: ScriptedImporter/UnityEditor.QuickSearchModule:UnityEditor.Search:ASIAI0B -> (ImportResultId: 'd287a3f76cf93be3d6aaf9d30bfa6014') in 0.00944725 seconds
[Worker0] Imported GUID: fdb3ad5d765ec4a49906a82ea1fe3d06 - Path: Packages/com.unity.2d.animation/Tests/Editor/PlaceholderTests.cs - Importer: ScriptedImporter/UnityEditor.QuickSearchModule:UnityEditor.Search:ASIAI0B -> (ImportResultId: '8028640a1e739632901d2cc41630448c') in 0.007486458 seconds
[Worker1] Imported GUID: bfbb4a459210651499d21f444f9b55fd - Path: Packages/com.unity.2d.spriteshape/Editor/Unity.2D.SpriteShape.Editor.asmdef - Importer: ScriptedImporter/UnityEditor.QuickSearchModule:UnityEditor.Search:ASIAI0B -> (ImportResultId: 'b642a41cf30364126e41bd48771c9a46') in 0.007840792 seconds
[Worker0] Imported GUID: 5e7f946eb25bb4bc887edd4b4fb595eb - Path: Packages/com.unity.2d.common/Runtime/Triangulation/TriangulationUtility.cs - Importer: ScriptedImporter/UnityEditor.QuickSearchModule:UnityEditor.Search:ASIAI0B -> (ImportResultId: 'e78718034d79fe58fc45ff2c7207ea11') in 0.007563125 seconds
[Worker0] Imported GUID: 4e1477ca10434258932bedfbbc401205 - Path: Packages/com.unity.2d.tooling/Editor/Insider/SpriteAtlas/DataSource/SpriteAtlasDataSource.cs - Importer: ScriptedImporter/UnityEditor.QuickSearchModule:UnityEditor.Search:ASIAI0B -> (ImportResultId: '9cfe963c120218f6d2a6a85cecc57b01') in 0.00791575 seconds
[Worker1] Imported GUID: 03cb0f9b9d35a14499ccade97f1b3da1 - Path: Packages/com.unity.2d.animation/Editor/Assets/EditorIcons/d_Split_Edge@3x.png - Importer: ScriptedImporter/UnityEditor.QuickSearchModule:UnityEditor.Search:ASIAI0B -> (ImportResultId: '3e8051fd5cdd9cbe7b0467b7bb9c2c24') in 0.010148792 seconds
[Worker0] Imported GUID: 657c718566f84e1eb27528e98b7eb83e - Path: Packages/com.unity.2d.common/Editor/InternalBridge/SpriteEditorModuleModeBase.cs - Importer: ScriptedImporter/UnityEditor.QuickSearchModule:UnityEditor.Search:ASIAI0B -> (ImportResultId: '89b591411e5186c665a8b39a14dc24c1') in 0.0080635 seconds
[Worker1] Imported GUID: 08a04b12dd0d5ec4da08f074806d5bf7 - Path: Packages/com.unity.2d.pixel-perfect/Editor/Icons/PixelPerfectCamera.png - Importer: ScriptedImporter/UnityEditor.QuickSearchModule:UnityEditor.Search:ASIAI0B -> (ImportResultId: '8d40c998de0aa432bd3f37fbc1926ea8') in 0.010307833 seconds
[Worker0] Imported GUID: a14979d2b0467b14abf4467f248460fb - Path: Packages/com.unity.2d.animation/Editor/Assets/EditorIcons/Selected/d_Mesh@2x.png - Importer: ScriptedImporter/UnityEditor.QuickSearchModule:UnityEditor.Search:ASIAI0B -> (ImportResultId: 'b99e35a61ae3c48ac2789b3f50c3193e') in 0.010027459 seconds
[Worker1] Imported GUID: 99c3717808acc0f43b394ab3e10da8bb - Path: Packages/com.unity.2d.tilemap/Editor/Icons/d_Tilemap.ActiveTargetLayers.png - Importer: ScriptedImporter/UnityEditor.QuickSearchModule:UnityEditor.Search:ASIAI0B -> (ImportResultId: '0839c58bff69fd3127d07a70a258cc7e') in 0.009857875 seconds
[Worker0] Imported GUID: 828c97db470c4dc8899d9461ec3641ac - Path: Packages/com.unity.2d.tooling/Editor/Insider/SpriteAtlas/SpriteAtlasIssueReport/UIElement/SpriteAtlasReportTable - Importer: ScriptedImporter/UnityEditor.QuickSearchModule:UnityEditor.Search:ASIAI0B -> (ImportResultId: 'fd7183d37ef43ede74174684c4675af2') in 0.008538875 seconds
[Worker1] Imported GUID: 9a0b4268ba5dc4df2be1d60b2d633c80 - Path: Assets/HelloWorld.cs - Importer: ScriptedImporter/UnityEditor.QuickSearchModule:UnityEditor.Search:ASIAI0B -> (ImportResultId: '978721c573a76246b3c8572ab602f882') in 0.008600167 seconds
[Worker0] Imported GUID: 99c9720ab356a0642a771bea13969a05 - Path: Assets/Scenes/SampleScene.unity - Importer: ScriptedImporter/UnityEditor.QuickSearchModule:UnityEditor.Search:ASIAI0B -> (ImportResultId: '551d57867111d85167f9596f48a36030') in 0.008938417 seconds
[Worker1] Imported GUID: 1727104fdbd44a8493db8c40a5b406b3 - Path: Packages/com.unity.2d.sprite/Editor/SpriteEditorModule/SpriteFrameModule/SpritePivotUtility.cs - Importer: ScriptedImporter/UnityEditor.QuickSearchModule:UnityEditor.Search:ASIAI0B -> (ImportResultId: 'a6cbfd636bbdd7c26c79debe3b15f339') in 0.007983708 seconds
[Worker0] Imported GUID: 9804e134a7b174b679f94a53e992ea60 - Path: Packages/com.unity.2d.psdimporter/Editor/Assets/Icons/Light/Layers Separated@2x.png - Importer: ScriptedImporter/UnityEditor.QuickSearchModule:UnityEditor.Search:ASIAI0B -> (ImportResultId: 'b448c26d639db1712526f02809deaa2a') in 0.010152125 seconds
[Worker1] Imported GUID: 4a3eebea80ac54fd3818f6a36c36168d - Path: Packages/com.unity.2d.animation/Editor/Assets/ComponentIcons/Animation.IKLimb@256.png - Importer: ScriptedImporter/UnityEditor.QuickSearchModule:UnityEditor.Search:ASIAI0B -> (ImportResultId: '50837e3623c31c2171ff2ffa3d583c94') in 0.010075292 seconds
[Worker0] Imported GUID: 75f06dda60070420793cf5b254fcf8f7 - Path: Packages/com.unity.2d.animation/Editor/Assets/ComponentIcons/d_Animation.SpriteLibrary@32.png - Importer: ScriptedImporter/UnityEditor.QuickSearchModule:UnityEditor.Search:ASIAI0B -> (ImportResultId: '7cefe6f6b9446eb1ccfbce2654364616') in 0.010247375 seconds
[Worker1] Imported GUID: 77da60289a17475c8661370e98395a44 - Path: Packages/com.unity.2d.common/Editor/InternalBridge/SpriteEditorWindowBridge.cs - Importer: ScriptedImporter/UnityEditor.QuickSearchModule:UnityEditor.Search:ASIAI0B -> (ImportResultId: '0290e2ac421b4f49a3fade2e8791480a') in 0.008352208 seconds
[Worker0] Imported GUID: 0edd9d84d73c14b4fa94b44acc4c53d1 - Path: Packages/com.unity.2d.tilemap/Editor/SceneViewOpenTilePaletteHelper.cs - Importer: ScriptedImporter/UnityEditor.QuickSearchModule:UnityEditor.Search:ASIAI0B -> (ImportResultId: '4d92b9095f58cf78cd41d9054d529c80') in 0.0085465 seconds
[Worker1] Imported GUID: ff5bfc64209341d4f9e4517be1634f62 - Path: Packages/com.unity.2d.animation/Editor/SkinningModule/WeightPainterTool.cs - Importer: ScriptedImporter/UnityEditor.QuickSearchModule:UnityEditor.Search:ASIAI0B -> (ImportResultId: 'c460da3cb407a8459d811842c3d73f1b') in 0.008223875 seconds
[Worker1] Imported GUID: 429b971314d5f44d9ae47e60d89d49c6 - Path: Packages/com.unity.2d.common/Path/Editor/IMGUI/GUIFramework/CommandAction.cs - Importer: ScriptedImporter/UnityEditor.QuickSearchModule:UnityEditor.Search:ASIAI0B -> (ImportResultId: '4fce740db9a87017b181e25f0bb450c8') in 0.007889416 seconds
[Worker0] Imported GUID: 780f94cfcb317444289dc159309d8b07 - Path: Packages/com.unity.2d.animation/Editor/SkinningModule/Lib/x64/BoundedBiharmonicWeightsModule.dll - Importer: ScriptedImporter/UnityEditor.QuickSearchModule:UnityEditor.Search:ASIAI0B -> (ImportResultId: '792be844db541478e0dff4e0abe7bb89') in 0.008184417 seconds
[Worker0] Imported GUID: 45b71dc8c95b948dda09a52aac17a432 - Path: Packages/com.unity.2d.psdimporter/Editor/UTK - Importer: ScriptedImporter/UnityEditor.QuickSearchModule:UnityEditor.Search:ASIAI0B -> (ImportResultId: 'bd399b2f5f7c1e8568c17e2b6530d421') in 0.007990708 seconds
[Worker1] Imported GUID: 98cdbe3bc2f5646e8a17cb25f9d93d51 - Path: Packages/com.unity.2d.aseprite/Editor/Common/InternalBridge/InternalEditorBridge.cs - Importer: ScriptedImporter/UnityEditor.QuickSearchModule:UnityEditor.Search:ASIAI0B -> (ImportResultId: '4fa39e7baf106cb72afef64f73a92222') in 0.008135584 seconds
[Worker0] Imported GUID: dd427a5a6fffcba478ecfbccb81b5852 - Path: Packages/com.unity.2d.tilemap/Editor/EditorTools/GridSelection/GridSelectionToolEditor.cs - Importer: ScriptedImporter/UnityEditor.QuickSearchModule:UnityEditor.Search:ASIAI0B -> (ImportResultId: '5a258d16db7f9607decca72c563fea65') in 0.008055625 seconds
[Worker1] Imported GUID: cd39e260c575e3b4785b68fcdfc4c82f - Path: Packages/com.unity.2d.sprite/Editor/Interface/IGL.cs - Importer: ScriptedImporter/UnityEditor.QuickSearchModule:UnityEditor.Search:ASIAI0B -> (ImportResultId: '5dafd6f5afddf56659ac69b8be121af6') in 0.007971458 seconds
[Worker0] Imported GUID: a81bd8318454c4f4f9e22a9e00bb9e3d - Path: Packages/com.unity.2d.psdimporter/Editor/PSDPlugin/PDNWrapper/Size.cs - Importer: ScriptedImporter/UnityEditor.QuickSearchModule:UnityEditor.Search:ASIAI0B -> (ImportResultId: '3e43b61f2a82b286b5d837c6e6002ad1') in 0.008136209 seconds
[Worker1] Imported GUID: c65e3be88852b4770a869e7659be3821 - Path: Packages/com.unity.2d.tooling/Editor/Insider/SpriteAtlas/SpriteAtlasIssueReport/AllSpriteAtlasReport/AllSpriteAtlasReportCellData.cs - Importer: ScriptedImporter/UnityEditor.QuickSearchModule:UnityEditor.Search:ASIAI0B -> (ImportResultId: '600a34f7921e9fc544c7864de9c5ac89') in 0.008198084 seconds
[Worker1] Imported GUID: 47d4401cb6fd9f54b9c33acc7881703d - Path: Packages/com.unity.2d.animation/Editor/SpriteSkin/TransformExtensions.cs - Importer: ScriptedImporter/UnityEditor.QuickSearchModule:UnityEditor.Search:ASIAI0B -> (ImportResultId: '8f3c838f90f91a24d325cd2f56ca1dd3') in 0.008025 seconds
[Worker0] Imported GUID: 902d611ab43afe940bd891d4a3a480f3 - Path: Packages/com.unity.2d.animation/Editor/Assets/EditorIcons/Generate_Geometry@3x.png - Importer: ScriptedImporter/UnityEditor.QuickSearchModule:UnityEditor.Search:ASIAI0B -> (ImportResultId: 'bb0c714d896b63ed7ec4360fad9a082a') in 0.011262209 seconds
[Worker1] Imported GUID: 0909c6f06211781439495feaa76bfe3b - Path: Packages/com.unity.2d.tilemap/Editor/UI/TilePaletteBrushesLabel.cs - Importer: ScriptedImporter/UnityEditor.QuickSearchModule:UnityEditor.Search:ASIAI0B -> (ImportResultId: 'accc2a0eb5ea222bf693be05bc584d26') in 0.008264958 seconds
[Worker0] Imported GUID: b0560f6f4fbd3a341a3d14343c000889 - Path: Packages/com.unity.2d.tilemap/LICENSE.md - Importer: ScriptedImporter/UnityEditor.QuickSearchModule:UnityEditor.Search:ASIAI0B -> (ImportResultId: '22febd17518b06b8190d9968fcdd95fc') in 0.008297375 seconds
[Worker1] Imported GUID: 47c16fe602b307948b795c35fa79eb13 - Path: Packages/com.unity.2d.common/Path/Editor/UserSettings.cs - Importer: ScriptedImporter/UnityEditor.QuickSearchModule:UnityEditor.Search:ASIAI0B -> (ImportResultId: '47fe71646fcecfe9b05b140494e39757') in 0.008063375 seconds
[Worker0] Imported GUID: 37d0b95267ee84197baff47d4e23cb3c - Path: Packages/com.unity.2d.animation/Editor/SpriteSkin/BoneHierarchy/BoneHierarchyEvent.cs - Importer: ScriptedImporter/UnityEditor.QuickSearchModule:UnityEditor.Search:ASIAI0B -> (ImportResultId: '199f5ff0a35d4b5f1e5e9efed3614f6e') in 0.007990042 seconds
[Worker1] Imported GUID: 1fb0e05a5ca5a42ba8ffafe439520b8e - Path: Packages/com.unity.2d.sprite/Editor/Assets/SpriteEditorOn@2x.png - Importer: ScriptedImporter/UnityEditor.QuickSearchModule:UnityEditor.Search:ASIAI0B -> (ImportResultId: '5af27af2dd4249173665b7a7234be5c7') in 0.00954775 seconds
[Worker0] Imported GUID: c706f86f6fd02084f9a14727d08b844d - Path: Packages/com.unity.2d.animation/Editor/Assets/EditorIcons/Selected/Edit_Geometry@2x.png - Importer: ScriptedImporter/UnityEditor.QuickSearchModule:UnityEditor.Search:ASIAI0B -> (ImportResultId: '3370c4361184bda1b5eae2a4e5dde306') in 0.009481292 seconds
[Worker1] Imported GUID: ad7b296d426713b4593ee1a19fcbf9d1 - Path: Packages/com.unity.2d.animation/Editor/Assets/EditorIcons/Selected/Create_Edge.png - Importer: ScriptedImporter/UnityEditor.QuickSearchModule:UnityEditor.Search:ASIAI0B -> (ImportResultId: 'bd60def0e3a5eee1df201dcb5aaa0788') in 0.009904666 seconds
[Worker0] Imported GUID: d9a419daec90432458cae4e9ae74d26e - Path: Packages/com.unity.2d.animation/IK/Runtime/FabrikSolver2D.cs - Importer: ScriptedImporter/UnityEditor.QuickSearchModule:UnityEditor.Search:ASIAI0B -> (ImportResultId: 'efe0c8768376e8f3c561abfc51ea176f') in 0.007880292 seconds
[Worker0] Imported GUID: 171c69f47e06f2d47ab4225b6afbb5db - Path: Packages/com.unity.2d.animation/Editor/SkinningModule/SkinningSerializer/SkinningSerializerJSON.cs - Importer: ScriptedImporter/UnityEditor.QuickSearchModule:UnityEditor.Search:ASIAI0B -> (ImportResultId: '7a6c1edfe13ce995c1129b6fc2754a6a') in 0.007559792 seconds
[Worker1] Imported GUID: 9c68e002c59804ee7973df039508cc37 - Path: Packages/com.unity.2d.psdimporter/Editor/Assets/Icons/Dark/Layers Separated@1x.png - Importer: ScriptedImporter/UnityEditor.QuickSearchModule:UnityEditor.Search:ASIAI0B -> (ImportResultId: '2efcdaedcfbb3bf36505ca005108e223') in 0.009746875 seconds
[Worker0] Imported GUID: 007c4dbed3f8be9429c39de72ee3c2d7 - Path: Packages/com.unity.2d.animation/Editor/Assets/EditorIcons/Generate_Weights.png - Importer: ScriptedImporter/UnityEditor.QuickSearchModule:UnityEditor.Search:ASIAI0B -> (ImportResultId: '48984d7b060cf83d4c47075b62e6d6d9') in 0.008931625 seconds
TrimDiskCacheJob: Current cache size 0mb
Asset Pipeline Refresh (id=555b199085d314a8d9be30b15bb36776): Total: 0.191 seconds - Initiated by RefreshV2(AllowForceSynchronousImport)
[Worker0] Imported GUID: c0583b4e855c74b8c82e7b9b5efb5ce9 - Path: Packages/com.unity.2d.spriteshape/Editor/ObjectMenuCreation/DefaultAssets/Sprite Shapes/Closed Sprite Shape.prefab - Importer: PreviewImporter -> (ImportResultId: 'a78899bb3b35a92556631e671d2f9fef') in 0.201814042 seconds
[Worker1] Imported GUID: 86ae7de409eb54f619fb1328e4d42480 - Path: Packages/com.unity.2d.spriteshape/Editor/ObjectMenuCreation/DefaultAssets/Sprite Shapes/Open Sprite Shape.prefab - Importer: PreviewImporter -> (ImportResultId: 'b7d4e696681a5bd4922c808c09a21bf0') in 0.201656375 seconds
[Worker0] Imported GUID: 1c7762c9bce5f4ab7b060decb9e3002d - Path: Packages/com.unity.2d.psdimporter/Editor/Assets/pivot.fbx - Importer: PreviewImporter -> (ImportResultId: 'e6bf96ac7a40f28f3432b3eb9f6c3eab') in 0.099364542 seconds
[Worker0] Imported GUID: 99c9720ab356a0642a771bea13969a05 - Path: Assets/Scenes/SampleScene.unity - Importer: PreviewImporter -> (ImportResultId: 'fbbc364fd3e17eab9cb4f5ec0cb22f87') in 0.00807375 seconds
Opening scene 'Assets/Scenes/SampleScene.unity'
Unloading 82 Unused Serialized files (Serialized files now loaded: 0)
Loaded scene 'Assets/Scenes/SampleScene.unity'
	Deserialize:            0.672 ms
	Integration:            12.053 ms
	Integration of assets:  0.001 ms
	Thread Wait Time:       0.006 ms
	Total Operation Time:   12.732 ms
Unloading 173 unused Assets / (39.2 MB). Loaded Objects now: 9801.
Memory consumption went from 405.3 MB to 366.0 MB.
Total: 17.139334 ms (FindLiveObjects: 0.310875 ms CreateObjectMapping: 0.078208 ms MarkObjects: 12.221167 ms  DeleteObjects: 4.425500 ms)

Opening scene 'Assets/Scenes/SampleScene.unity'
Unloading 1 Unused Serialized files (Serialized files now loaded: 0)
Loaded scene 'Assets/Scenes/SampleScene.unity'
	Deserialize:            0.389 ms
	Integration:            9.499 ms
	Integration of assets:  0.001 ms
	Thread Wait Time:       0.006 ms
	Total Operation Time:   9.895 ms
Unloading 0 unused Assets / (30.4 KB). Loaded Objects now: 9799.
Memory consumption went from 363.4 MB to 363.3 MB.
Total: 11.247250 ms (FindLiveObjects: 0.286667 ms CreateObjectMapping: 0.066042 ms MarkObjects: 10.782209 ms  DeleteObjects: 0.007916 ms)

Opening scene 'Assets/Scenes/SampleScene.unity'
Unloading 1 Unused Serialized files (Serialized files now loaded: 0)
Loaded scene 'Assets/Scenes/SampleScene.unity'
	Deserialize:            0.440 ms
	Integration:            9.613 ms
	Integration of assets:  0.001 ms
	Thread Wait Time:       0.005 ms
	Total Operation Time:   10.060 ms
Unloading 0 unused Assets / (504 B). Loaded Objects now: 9799.
Memory consumption went from 363.0 MB to 363.0 MB.
Total: 11.865916 ms (FindLiveObjects: 0.282666 ms CreateObjectMapping: 0.061084 ms MarkObjects: 11.419875 ms  DeleteObjects: 0.007750 ms)

Opening scene 'Assets/Scenes/SampleScene.unity'
Unloading 1 Unused Serialized files (Serialized files now loaded: 0)
Loaded scene 'Assets/Scenes/SampleScene.unity'
	Deserialize:            0.345 ms
	Integration:            9.426 ms
	Integration of assets:  0.001 ms
	Thread Wait Time:       0.005 ms
	Total Operation Time:   9.776 ms
Unloading 0 unused Assets / (0 B). Loaded Objects now: 9799.
Memory consumption went from 363.0 MB to 363.0 MB.
Total: 11.811750 ms (FindLiveObjects: 0.287375 ms CreateObjectMapping: 0.062125 ms MarkObjects: 11.368208 ms  DeleteObjects: 0.006458 ms)

Opening scene 'Assets/Scenes/SampleScene.unity'
Unloading 1 Unused Serialized files (Serialized files now loaded: 0)
Loaded scene 'Assets/Scenes/SampleScene.unity'
	Deserialize:            0.355 ms
	Integration:            9.402 ms
	Integration of assets:  0.001 ms
	Thread Wait Time:       0.007 ms
	Total Operation Time:   9.765 ms
Unloading 0 unused Assets / (50.3 KB). Loaded Objects now: 9799.
Memory consumption went from 361.4 MB to 361.4 MB.
Total: 11.780917 ms (FindLiveObjects: 0.284083 ms CreateObjectMapping: 0.060625 ms MarkObjects: 11.332917 ms  DeleteObjects: 0.008333 ms)

Opening scene 'Assets/Scenes/SampleScene.unity'
Unloading 1 Unused Serialized files (Serialized files now loaded: 0)
Loaded scene 'Assets/Scenes/SampleScene.unity'
	Deserialize:            0.357 ms
	Integration:            9.454 ms
	Integration of assets:  0.001 ms
	Thread Wait Time:       0.008 ms
	Total Operation Time:   9.819 ms
Unloading 0 unused Assets / (0 B). Loaded Objects now: 9799.
Memory consumption went from 361.4 MB to 361.4 MB.
Total: 11.301500 ms (FindLiveObjects: 0.283083 ms CreateObjectMapping: 0.048708 ms MarkObjects: 10.881792 ms  DeleteObjects: 0.005958 ms)

2026-09-17 14:23:34.841 Unity[1293:18799] NSEventModifierFlagFunction specified to -setKeyEquivalentModifierMask: for item <NSMenuItem: 0xc6900e7f0 SDF, ke='Command-F12'>, but is only supported for system-provided menu items; will not be used
[Worker0] Imported GUID: 7dc5f1e5d04ac8549ac21802071e983b - Path: Packages/com.unity.2d.sprite/package.json - Importer: PreviewImporter -> (ImportResultId: '5caf075d289dacf4aa8e4c598f9a9087') in 0.008259708 seconds
EditorHelper: Attempting to open file (using Apple events): /Users/bindubk/First class/Library/PackageCache/com.unity.2d.sprite@947350d67f82/package.json.
Asset Pipeline Refresh (id=9f199238d0e0346dbbe15e735ffeefbf): Total: 0.089 seconds - Initiated by RefreshV2(AllowForceSynchronousImport)
[Worker0] Imported GUID: 9e83c20a8293f44ec8a375d3805f477d - Path: Packages/com.unity.2d.animation/package.json - Importer: PreviewImporter -> (ImportResultId: 'd36e43606d2d6975883e8f111c4cf406') in 0.008247208 seconds
[Worker0] Imported GUID: 16fa2ad734f422245b86558310973ad1 - Path: Packages/com.unity.2d.sprite/Editor - Importer: PreviewImporter -> (ImportResultId: 'd16ae3ed8a2166c2803db5d25e3ba923') in 0.00809725 seconds
[Worker0] Imported GUID: 20ef7441e2dc7954c9ba3a12ffbac4d9 - Path: Packages/com.unity.2d.sprite/LICENSE.md - Importer: PreviewImporter -> (ImportResultId: '6333009756b4e47cf4775f19d152c439') in 0.007606042 seconds
[Worker0] Imported GUID: e31c136ab48c1194184380e435f3936d - Path: Packages/com.unity.2d.sprite/README.md - Importer: PreviewImporter -> (ImportResultId: 'ea4cef9da8117fabea4562c88f53d099') in 0.0079105 seconds
[Worker0] Imported GUID: 7e2656e167a517b4d8552ba38f4b7bbe - Path: Packages/com.unity.2d.sprite/Tests - Importer: PreviewImporter -> (ImportResultId: 'fd87b21a0e7bc3ba2f5c7bb29188c610') in 0.007534042 seconds
[Worker0] Imported GUID: b7007d815829e7644bb81d1f8004a340 - Path: Packages/com.unity.2d.sprite/CHANGELOG.md - Importer: PreviewImporter -> (ImportResultId: '342b197136dbe722f48e605b3bb92198') in 0.007870625 seconds
[Worker0] Imported GUID: f9d56601f537268cc5e3c8a44a8e1dff - Path: Packages/com.unity.2d.sprite - Importer: PreviewImporter -> (ImportResultId: '318275bcd532199bb6f5f9fe73ef60ce') in 0.007583875 seconds
[Worker0] Imported GUID: 2c573e6b271651846a79655161004c5b - Path: Packages/com.unity.2d.sprite/Editor/Unity.2D.Sprite.Editor.asmdef - Importer: PreviewImporter -> (ImportResultId: 'b0db7269638f0229fcd4ff4af08569e2') in 0.007560333 seconds
[Worker0] Imported GUID: 20c685e07fa93400e9c30b0326f57bfd - Path: Packages/com.unity.2d.sprite/Editor/Assets - Importer: PreviewImporter -> (ImportResultId: '6d3395a2546755aedf03d88fcd0cc56e') in 0.007626916 seconds
[Worker0] Imported GUID: 40bde776259d14327bcda6275f7c21b3 - Path: Packages/com.unity.2d.sprite/Editor/Assets/d_LockedOptions.png - Importer: PreviewImporter -> (ImportResultId: 'df4616702563f2e39111fb655d94a4e2') in 0.019550167 seconds
[Worker0] Imported GUID: 74d9036aa1bb14ccfafb89d639870288 - Path: Packages/com.unity.2d.sprite/Editor/Assets/d_SpriteEditor@2x.png - Importer: PreviewImporter -> (ImportResultId: '364f7dce8cc5ea02efeef3f370383b0f') in 0.009835709 seconds
[Worker1] Imported GUID: d1a4629d5a3d147978a3fe8af3b6a935 - Path: Packages/com.unity.2d.sprite/Editor/Assets/d_LockedOptions@2x.png - Importer: PreviewImporter -> (ImportResultId: '28dd4852d7c9c1c637c51c7d7bbce77c') in 0.030610708 seconds
[Worker0] Imported GUID: a11d1252397454e6d90d7a5514e76ce5 - Path: Packages/com.unity.2d.sprite/Editor/Assets/SpriteFrameToggle@32.png - Importer: PreviewImporter -> (ImportResultId: '6dc41bec9b74a09ddba0e001de952fdd') in 0.010395958 seconds
[Worker1] Imported GUID: 1fb0e05a5ca5a42ba8ffafe439520b8e - Path: Packages/com.unity.2d.sprite/Editor/Assets/SpriteEditorOn@2x.png - Importer: PreviewImporter -> (ImportResultId: '6c8fdede2f559d4555a3d62b87cb2f3e') in 0.009358791 seconds
[Worker1] Imported GUID: 476369828d55a4032beead7444495b69 - Path: Packages/com.unity.2d.sprite/Editor/Assets/SpriteEditorOn.png - Importer: PreviewImporter -> (ImportResultId: '674111bcf910d11e8a5a15800b5ee777') in 0.009664709 seconds
[Worker0] Imported GUID: da5aa6ed6c9fc4b049dffa3da57eaf7b - Path: Packages/com.unity.2d.sprite/Editor/Assets/LockedOptions@2x.png - Importer: PreviewImporter -> (ImportResultId: '6477347d546917f240f2abfd7ca2ca74') in 0.009846958 seconds
[Worker0] Imported GUID: 9b243bd8491a24b2cbe5231468a93813 - Path: Packages/com.unity.2d.sprite/Editor/Assets/SpriteEditor.png - Importer: PreviewImporter -> (ImportResultId: 'ef524782eba279fa6400e82922a03def') in 0.009399083 seconds
[Worker1] Imported GUID: 492c70ec0e6ff4af48a6886e4e1608f8 - Path: Packages/com.unity.2d.sprite/Editor/Assets/LockedOptions.png - Importer: PreviewImporter -> (ImportResultId: 'c7c135727cc8e2c38b51bf3a10d8df8c') in 0.0099305 seconds
[Worker1] Imported GUID: 7013f35dfb10340ecbb956ca7e17de0d - Path: Packages/com.unity.2d.sprite/Editor/Assets/SpriteEditor@2x.png - Importer: PreviewImporter -> (ImportResultId: '452ece0bf6d8d3d5669e427d541db1f9') in 0.009652833 seconds
[Worker0] Imported GUID: b2bd41a7c30fc4ad796e452d755dbfb5 - Path: Packages/com.unity.2d.sprite/Editor/Assets/d_SpriteFrameToggle@32.png - Importer: PreviewImporter -> (ImportResultId: 'edde79ae598bd64b2e82d8688e32796e') in 0.009991375 seconds
[Worker1] Imported GUID: b7784190913354d4fb9b7f77888f915f - Path: Packages/com.unity.2d.sprite/Editor/Assets/d_SpriteEditor.png - Importer: PreviewImporter -> (ImportResultId: '45edb738430e8d5abc437e5b25807459') in 0.009679625 seconds
[Worker0] Imported GUID: fcf2f4964f64c4a0fa8c994d677d8bd9 - Path: Packages/com.unity.2d.aseprite/package.json - Importer: PreviewImporter -> (ImportResultId: 'da4d60bf31f8a9b510c4b5eb0c597ab1') in 0.0077065 seconds
[Worker0] Imported GUID: b1c570008ebc15d4183516ca5722a39e - Path: Packages/com.unity.2d.pixel-perfect/package.json - Importer: PreviewImporter -> (ImportResultId: '8574d6e88923d1c5814caf7e6e072464') in 0.007604625 seconds
Asset Pipeline Refresh (id=077d40dcf7ea14fe4864ec69d4a89172): Total: 0.157 seconds - Initiated by RefreshV2(AllowForceSynchronousImport)
2026-09-17 14:32:56.622 Unity[1293:18799] NSEventModifierFlagFunction specified to -setKeyEquivalentModifierMask: for item <NSMenuItem: 0xc9a316920 SDF, ke='Command-F12'>, but is only supported for system-provided menu items; will not be used
Importing 'GUID: c49798170dd554a12b2a765a7da4037f - Path: Assets/Script' with importer (DefaultImporter)
Imported 'GUID: c49798170dd554a12b2a765a7da4037f' -> (Import Result ID: '7f41a148639634d4ed9e6d4adfa0ccc7') in 0.002 seconds [static dependencies only]. Details - ImportResultOutputID=9ace75f0203dad8d64d6721fabc3e1b7 DependenciesID=72fffc1e1dc048df5d7910ca50cf2f31 StaticDependenciesID=36dff421c64718c27468bc8e36858230 
Asset Pipeline Refresh (id=6371a19ea9b4f4be4a9fbeda03311bfc): Total: 0.029 seconds - Initiated by StopAssetImportingV2(NoUpdateAssetOptions)
[Worker1] Imported GUID: c49798170dd554a12b2a765a7da4037f - Path: Assets/Script - Importer: PreviewImporter -> (ImportResultId: 'db445b90f0762a6e39c037aa03d0b00b') in 0.007374709 seconds
[Worker0] Imported GUID: c49798170dd554a12b2a765a7da4037f - Path: Assets/Script - Importer: ScriptedImporter/UnityEditor.QuickSearchModule:UnityEditor.Search:ASIAI0B -> (ImportResultId: '56b1033f50257debb1b817f2b03040c5') in 0.008752083 seconds
[ScriptCompilation] Requested script compilation because: AssetDatabase observed changes in script compilation related files
[Licensing::Client] Successfully resolved entitlement details
Asset Pipeline Refresh (id=01c5f29cb621d46de94999520146d97f): Total: 0.135 seconds - Initiated by StopAssetImportingV2(NoUpdateAssetOptions)
Asset Pipeline Refresh (id=1ef65294572cd4edfb972e4b6d9bacb1): Total: 0.001 seconds - Initiated by StopAssetImportingV2(NoUpdateAssetOptions)
Starting: /Applications/Unity/Hub/Editor/6000.6.0f1/Unity.app/Contents/Resources/BuildPipeline/bee_backend --ipc --defer-dag-verification --dagfile="Library/Bee/200b0aE.dag" --continue-on-failure --profile="Library/Bee/backend1.traceevents" ScriptAssemblies
WorkingDir: /Users/bindubk/First class
ExitCode: 4 Duration: 0s152ms
Rebuilding DAG because FileSignature timestamp changed: Library/Bee/200b0aE-inputdata.json
*** Tundra requires additional run (0.13 seconds), 0 items updated, 0 evaluated
Starting: /Applications/Unity/Hub/Editor/6000.6.0f1/Unity.app/Contents/Resources/Scripting/DotNetSdk/dotnet "/Applications/Unity/Hub/Editor/6000.6.0f1/Unity.app/Contents/Resources/BuildPipeline/ScriptCompilationBuildProgram.exe" "Library/Bee/200b0aE.dag.json" "Library/Bee/200b0aE-inputdata.json" "Library/Bee/buildprogram0.traceevents"
WorkingDir: /Users/bindubk/First class
[Worker0] Imported GUID: 9a0b4268ba5dc4df2be1d60b2d633c80 - Path: Assets/Script/HelloWorld.cs - Importer: ScriptedImporter/UnityEditor.QuickSearchModule:UnityEditor.Search:ASIAI0B -> (ImportResultId: '9df2d4394cfc8e1b5a2b3b7187bd4a43') in 0.00849825 seconds
ExitCode: 0 Duration: 1s158ms
Starting: /Applications/Unity/Hub/Editor/6000.6.0f1/Unity.app/Contents/Resources/BuildPipeline/bee_backend --ipc --defer-dag-verification --dagfile="Library/Bee/200b0aE.dag" --continue-on-failure --dagfilejson="Library/Bee/200b0aE.dag.json" --profile="Library/Bee/backend2.traceevents" ScriptAssemblies
WorkingDir: /Users/bindubk/First class
2026-09-17 14:33:26.040 Unity[1293:18799] NSEventModifierFlagFunction specified to -setKeyEquivalentModifierMask: for item <NSMenuItem: 0xc9ac5db40 SDF, ke='Command-F12'>, but is only supported for system-provided menu items; will not be used
ExitCode: 0 Duration: 1s596ms
Finished compiling graph: 1169 nodes, 26510 flattened edges (22044 ToBuild, 202 ToUse), maximum node priority 1454
[ 572/1166  0s] WriteText Library/Bee/artifacts/200b0aE.dag/Assembly-CSharp.rsp
[ 869/1166  0s] ILPP-Configuration Library/ilpp-configuration.nevergeneratedoutput
[1158/1166  1s] Csc Library/Bee/artifacts/200b0aE.dag/Assembly-CSharp.dll (+2 others)
[1159/1166  0s] ILPostProcess Library/Bee/artifacts/200b0aE.dag/post-processed/Assembly-CSharp.dll (+pdb)
Processing assembly Library/Bee/artifacts/200b0aE.dag/Assembly-CSharp.dll, with 143 defines and 377 references
processors: Unity.Jobs.CodeGen.JobsILPostProcessor, zzzUnity.Burst.CodeGen.BurstILPostProcessor
1 processor(s) skipped this assembly
running Unity.Jobs.CodeGen.JobsILPostProcessor
[1160/1166  0s] CopyFiles Library/ScriptAssemblies/Assembly-CSharp.pdb
[1161/1166  0s] CopyFiles Library/ScriptAssemblies/Assembly-CSharp.dll
[1162/1166  0s] Csc Library/Bee/artifacts/200b0aE.dag/Assembly-CSharp-Editor.dll (+2 others)
[1163/1166  0s] ILPostProcess Library/Bee/artifacts/200b0aE.dag/post-processed/Assembly-CSharp-Editor.dll (+pdb)
Processing assembly Library/Bee/artifacts/200b0aE.dag/Assembly-CSharp-Editor.dll, with 141 defines and 399 references
processors: Unity.Jobs.CodeGen.JobsILPostProcessor, zzzUnity.Burst.CodeGen.BurstILPostProcessor
1 processor(s) skipped this assembly
running Unity.Jobs.CodeGen.JobsILPostProcessor
[1164/1166  0s] CopyFiles Library/ScriptAssemblies/Assembly-CSharp-Editor.dll
[1165/1166  0s] CopyFiles Library/ScriptAssemblies/Assembly-CSharp-Editor.pdb
*** Tundra build success (1.58 seconds), 10 items updated, 1166 evaluated
Total cache size 100776008
Reloading assemblies after finishing script compilation.
Total cache size after purge 100776008, took 00:00:00.0538468
Reloading assemblies after forced synchronous recompile.
Begin MonoManager ReloadAssembly
Unloading 0 Unused Serialized files (Serialized files now loaded: 0)
GPU Resident Drawer disposed.
Unloading 44 unused Assets / (65.4 KB). Loaded Objects now: 9756.
Memory consumption went from 335.5 MB to 335.4 MB.
Total: 16.104333 ms (FindLiveObjects: 0.332375 ms CreateObjectMapping: 0.096458 ms MarkObjects: 15.361792 ms  DeleteObjects: 0.222041 ms)

Thread 0xc87347000 may have been prematurely finalized
<CFData 0xc69952360 [0x204146240]>{length = 6, capacity = 6, bytes = 0xac07751c5e34}
Native extension for OSXStandalone target not found
[MODES] ModeService[none].Initialize
[MODES] ModeService[none].LoadModes
2026-09-17 14:33:29.697 Unity[1293:18799] NSEventModifierFlagFunction specified to -setKeyEquivalentModifierMask: for item <NSMenuItem: 0xcb0e04880 SDF, ke='Command-F12'>, but is only supported for system-provided menu items; will not be used
ScheduleIndexationOnStartup MainProcess:True IndexOnStartup:True
Scripting: successfully reloaded assembly
- Finished resetting the current domain, in  0.903 seconds
Domain Reload Profiling: 1606ms
	BeginReloadAssembly (440ms)
		DisableScriptedObjects (65ms)
		CreateAndSetChildDomain (226ms)
	RebuildCommonClasses (5ms)
	RebuildNativeTypeToScriptingClass (10ms)
	initialDomainReloadingComplete (23ms)
	LoadAllAssembliesAndSetupDomain (225ms)
		LoadAssemblies (94ms)
		TypeCache.Refresh (10ms)
		AnalyzeDomain (101ms)
			BuildScriptInfoCaches (88ms)
			ResolveRequiredComponents (11ms)
	FinalizeReload (904ms)
		SetupLoadedEditorAssemblies (0ms)
			BeforeProcessingInitializeOnLoad (118ms)
			ProcessInitializeOnLoadAttributes (175ms)
			ProcessInitializeOnLoadMethodAttributes (40ms)
		AwakeInstancesAfterBackupRestoration (292ms)

Asset Pipeline Refresh (id=02e770f23931d452d8b89d1f14360c8c): Total: 1.764 seconds - Initiated by StopAssetImportingV2(ForceSynchronousImport | ForceDomainReload)
	(Values over 0.05ms)
	Summary:
		Imports: total=0 (actual=0, local cache=0, cache server=0)
		Asset DB Process Time: managed=0 ms, native=979 ms
		Asset DB Callback time: managed=38 ms, native=12 ms
		Scripting: domain reloads=1, domain reload time=733 ms, compile time=1 ms, other=0 ms
		Project Asset Count: scripts=1648, non-scripts=3207
		Asset File Changes: new=0, changed=0, moved=0, deleted=0
		Scan Filter Count: 0
	InvokePackagesCallback: 0.755ms
	ApplyChangesToAssetFolders: 0.154ms
	Collect global state as custom dependencies: 1.957ms
	ProcessAssetsWithTransientArtifactChanges: 2.339ms
	CategorizeAssets: 38.445ms
	CompileScripts: 0.804ms
	ImportOutOfDateAssets: 908.418ms (906.516ms without children)
		CollectScriptTypesHashes: 1.075ms
		ReloadNativeAssets: 0.535ms
		UnloadImportedAssets: 0.675ms
		EnsureUptoDateAssetsAreRegisteredWithGuidPM: 0.474ms
		ImportSchedulerStart: 0.208ms
	PostProcessAllAssets: 39.235ms
		XRBuildSystem.XRAssetImported 0.095ms
		MonoPostProcessAllAssets: 38.923ms
			UniversalRenderPipelineGlobalSettingsPostprocessor.OnPostprocessAllAssets 12.044ms
			BuilderAssetPostprocessor.OnPostprocessAllAssets 3.587ms
			SyncVS.PostprocessSyncProject 3.389ms
			AssetChangedListener.OnPostprocessAllAssets 2.584ms
			AssetPostprocessor.OnPostprocessAllAssets 1.653ms
			SpriteSlicePostprocessor.OnPostprocessAllAssets 1.027ms
			WindowAssetPostprocessingWatcher.OnPostprocessAllAssets 0.855ms
			SpeedTree9Postprocessor.OnPostprocessAllAssets 0.795ms
			ShaderGraphAssetPostProcessor.OnPostprocessAllAssets 0.637ms
			RetainedModeAssetPostprocessor.OnPostprocessAllAssets 0.586ms
			EditModeScopePostprocessor.OnPostprocessAllAssets 0.410ms
			ProjectSettingsPostprocessor.OnPostprocessAllAssets 0.338ms
			MaterialPostprocessor.OnPostprocessAllAssets 0.326ms
			RenderPipelineGlobalSettingsPostprocessor.OnPostprocessAllAssets 0.292ms
			TMPro_TexturePostProcessor.OnPostprocessAllAssets 0.253ms
			ShaderReflectionAssetPostProcessor.OnPostprocessAllAssets 0.249ms
			SpriteEditorTexturePostprocessor.OnPostprocessAllAssets 0.246ms
			ArtifactBrowserPostProcessor.OnPostprocessAllAssets 0.243ms
			SpriteShapeAssetPostProcessor.OnPostprocessAllAssets 0.240ms
			UVCSAssetPostprocessor.OnPostprocessAllAssets 0.148ms
			AudioMixerPostprocessor.OnPostprocessAllAssets 0.144ms
			InputActionAssetPostprocessor.OnPostprocessAllAssets 0.144ms
			TextAssetPostProcessor.OnPostprocessAllAssets 0.139ms
			PostProcessor.OnPostprocessAllAssets 0.126ms
			ReferencedClipsPostProcessor.OnPostprocessAllAssets 0.115ms
			InputActionJsonNameModifierAssetProcessor.OnPostprocessAllAssets 0.114ms
			StyleCatalogPostProcessor.OnPostprocessAllAssets 0.098ms
			AssetEvents.OnPostprocessAllAssets 0.091ms
			SpriteLibraryAssetPostprocessor.OnPostprocessAllAssets 0.086ms
			SpeedTreePostProcessor.OnPostprocessAllAssets 0.065ms
			TerrainToolbarOverlayPostProcessor.OnPostprocessAllAssets 0.062ms
			PSDImportPostProcessor.OnPostprocessAllAssets 0.059ms
			ThemePostprocessor.OnPostprocessAllAssets 0.059ms
			AssetDatabaseCallbacks.OnPostprocessAllAssets 0.057ms
			SamplePostprocessor.OnPostprocessAllAssets 0.055ms
			ConfigAssetsTracker.OnPostprocessAllAssets 0.053ms
	PostAssetChangesProfiler: 11.276ms
	GatherAllCurrentPrimaryImportResultRevisions: 0.118ms
	PersistCurrentRevisions: 0.085ms
	GenerateScriptTypeHashes: 1.824ms
	GenerateScriptTypeSerializationHashes: 3.204ms
	Untracked: 758.235ms

[Licensing::Client] Successfully resolved entitlement details
[Licensing::Client] Successfully resolved entitlement details
GPU Resident Drawer created.
Importing 'GUID: 43b0a937a9cb04f22bd015f08ff6e7ec - Path: Assets/Script/Wasd' with importer (DefaultImporter)
Imported 'GUID: 43b0a937a9cb04f22bd015f08ff6e7ec' -> (Import Result ID: '75701e01307eb55c511a9a343d8c6692') in 0.002 seconds [static dependencies only]. Details - ImportResultOutputID=ca1c65686380e281fcb2170db0cd4a94 DependenciesID=f353445d4174ea4b220d38b2e9e06acf StaticDependenciesID=671bc62383535c723c986faa345dbdbc 
Asset Pipeline Refresh (id=4b121d81216004b27a31868fd71636e8): Total: 0.028 seconds - Initiated by StopAssetImportingV2(NoUpdateAssetOptions)
[Worker0] Imported GUID: 43b0a937a9cb04f22bd015f08ff6e7ec - Path: Assets/Script/Wasd - Importer: PreviewImporter -> (ImportResultId: 'd6299af0fdd9c7da24c8b68cebac6cc5') in 0.008710791 seconds
2026-09-17 14:33:45.271 Unity[1293:18799] NSEventModifierFlagFunction specified to -setKeyEquivalentModifierMask: for item <NSMenuItem: 0xc97c82150 SDF, ke='Command-F12'>, but is only supported for system-provided menu items; will not be used
[Worker0] Imported GUID: 43b0a937a9cb04f22bd015f08ff6e7ec - Path: Assets/Script/Wasd - Importer: ScriptedImporter/UnityEditor.QuickSearchModule:UnityEditor.Search:ASIAI0B -> (ImportResultId: '20815c6d40fad8e4aaa76f98c78fecdc') in 0.0293895 seconds
[ScriptCompilation] Requested script compilation because: AssetDatabase observed changes in script compilation related files
Asset Pipeline Refresh (id=1b758e457043c465487f9dd3881b9e36): Total: 0.187 seconds - Initiated by StopAssetImportingV2(NoUpdateAssetOptions)
Starting: /Applications/Unity/Hub/Editor/6000.6.0f1/Unity.app/Contents/Resources/BuildPipeline/bee_backend --ipc --defer-dag-verification --dagfile="Library/Bee/200b0aE.dag" --continue-on-failure --profile="Library/Bee/backend1.traceevents" ScriptAssemblies
WorkingDir: /Users/bindubk/First class
Starting: /Applications/Unity/Hub/Editor/6000.6.0f1/Unity.app/Contents/Resources/Scripting/DotNetSdk/dotnet "/Applications/Unity/Hub/Editor/6000.6.0f1/Unity.app/Contents/Resources/BuildPipeline/ScriptCompilationBuildProgram.exe" "Library/Bee/200b0aE.dag.json" "Library/Bee/200b0aE-inputdata.json" "Library/Bee/buildprogram0.traceevents"
ExitCode: 4 Duration: 0s179ms
WorkingDir: /Users/bindubk/First class
Rebuilding DAG because FileSignature timestamp changed: Library/Bee/200b0aE-inputdata.json
[ 871/1166  0s] ILPP-Configuration Library/ilpp-configuration.nevergeneratedoutput
*** Tundra requires additional run (0.15 seconds), 1 items updated, 870 evaluated
[Worker0] Imported GUID: caf68e9d5f81b4c1cadd8047b441084d - Path: Assets/Script/Wasd/NewMonoBehaviourScript.cs - Importer: ScriptedImporter/UnityEditor.QuickSearchModule:UnityEditor.Search:ASIAI0B -> (ImportResultId: '0c73ed47bb90887e010e811368979ab9') in 0.024701083 seconds
ExitCode: 0 Duration: 1s91ms
Starting: /Applications/Unity/Hub/Editor/6000.6.0f1/Unity.app/Contents/Resources/BuildPipeline/bee_backend --ipc --defer-dag-verification --dagfile="Library/Bee/200b0aE.dag" --continue-on-failure --dagfilejson="Library/Bee/200b0aE.dag.json" --profile="Library/Bee/backend2.traceevents" ScriptAssemblies
WorkingDir: /Users/bindubk/First class
ExitCode: 0 Duration: 0s669ms
Finished compiling graph: 1169 nodes, 26510 flattened edges (22044 ToBuild, 202 ToUse), maximum node priority 1454
[ 572/1166  0s] WriteText Library/Bee/artifacts/200b0aE.dag/Assembly-CSharp.rsp
[ 869/1166  0s] ILPP-Configuration Library/ilpp-configuration.nevergeneratedoutput
[1158/1166  0s] Csc Library/Bee/artifacts/200b0aE.dag/Assembly-CSharp.dll (+2 others)
[1159/1166  0s] ILPostProcess Library/Bee/artifacts/200b0aE.dag/post-processed/Assembly-CSharp.dll (+pdb)
Processing assembly Library/Bee/artifacts/200b0aE.dag/Assembly-CSharp.dll, with 143 defines and 377 references
processors: Unity.Jobs.CodeGen.JobsILPostProcessor, zzzUnity.Burst.CodeGen.BurstILPostProcessor
1 processor(s) skipped this assembly
running Unity.Jobs.CodeGen.JobsILPostProcessor
[1160/1166  0s] CopyFiles Library/ScriptAssemblies/Assembly-CSharp.dll
[1161/1166  0s] CopyFiles Library/ScriptAssemblies/Assembly-CSharp.pdb
[1162/1166  0s] Csc Library/Bee/artifacts/200b0aE.dag/Assembly-CSharp-Editor.dll (+2 others)
[1163/1166  0s] ILPostProcess Library/Bee/artifacts/200b0aE.dag/post-processed/Assembly-CSharp-Editor.dll (+pdb)
Processing assembly Library/Bee/artifacts/200b0aE.dag/Assembly-CSharp-Editor.dll, with 141 defines and 399 references
processors: Unity.Jobs.CodeGen.JobsILPostProcessor, zzzUnity.Burst.CodeGen.BurstILPostProcessor
1 processor(s) skipped this assembly
running Unity.Jobs.CodeGen.JobsILPostProcessor
[1164/1166  0s] CopyFiles Library/ScriptAssemblies/Assembly-CSharp-Editor.dll
[1165/1166  0s] CopyFiles Library/ScriptAssemblies/Assembly-CSharp-Editor.pdb
*** Tundra build success (0.65 seconds), 10 items updated, 1166 evaluated
Total cache size 100776008
Total cache size after purge 100776008, took 00:00:00.0356372
Reloading assemblies after finishing script compilation.
Reloading assemblies after forced synchronous recompile.
Begin MonoManager ReloadAssembly
GPU Resident Drawer disposed.
Unloading 0 Unused Serialized files (Serialized files now loaded: 0)
Thread 0xc61b47000 may have been prematurely finalized
Unloading 47 unused Assets / (10.8 KB). Loaded Objects now: 9686.
Memory consumption went from 342.3 MB to 342.3 MB.
Total: 15.939500 ms (FindLiveObjects: 0.363583 ms CreateObjectMapping: 0.099292 ms MarkObjects: 15.239458 ms  DeleteObjects: 0.144750 ms)

Native extension for OSXStandalone target not found
[MODES] ModeService[none].Initialize
[MODES] ModeService[none].LoadModes
2026-09-17 14:34:01.255 Unity[1293:18799] NSEventModifierFlagFunction specified to -setKeyEquivalentModifierMask: for item <NSMenuItem: 0xc57bf98f0 SDF, ke='Command-F12'>, but is only supported for system-provided menu items; will not be used
ScheduleIndexationOnStartup MainProcess:True IndexOnStartup:True
Scripting: successfully reloaded assembly
- Finished resetting the current domain, in  0.929 seconds
Domain Reload Profiling: 1604ms
	BeginReloadAssembly (422ms)
		DisableScriptedObjects (64ms)
		CreateAndSetChildDomain (218ms)
	RebuildCommonClasses (5ms)
	RebuildNativeTypeToScriptingClass (9ms)
	initialDomainReloadingComplete (21ms)
	LoadAllAssembliesAndSetupDomain (217ms)
		LoadAssemblies (90ms)
		TypeCache.Refresh (7ms)
		AnalyzeDomain (102ms)
			BuildScriptInfoCaches (90ms)
			ResolveRequiredComponents (11ms)
	FinalizeReload (929ms)
		SetupLoadedEditorAssemblies (0ms)
			BeforeProcessingInitializeOnLoad (133ms)
			ProcessInitializeOnLoadAttributes (189ms)
			ProcessInitializeOnLoadMethodAttributes (38ms)
		AwakeInstancesAfterBackupRestoration (294ms)

Asset Pipeline Refresh (id=2019ce05d67194308950a37492eb6027): Total: 1.805 seconds - Initiated by StopAssetImportingV2(ForceSynchronousImport | ForceDomainReload)
	(Values over 0.05ms)
	Summary:
		Imports: total=0 (actual=0, local cache=0, cache server=0)
		Asset DB Process Time: managed=0 ms, native=994 ms
		Asset DB Callback time: managed=36 ms, native=44 ms
		Scripting: domain reloads=1, domain reload time=727 ms, compile time=1 ms, other=0 ms
		Project Asset Count: scripts=1649, non-scripts=3207
		Asset File Changes: new=0, changed=0, moved=0, deleted=0
		Scan Filter Count: 0
	InvokePackagesCallback: 0.787ms
	ApplyChangesToAssetFolders: 0.154ms
	Collect global state as custom dependencies: 1.931ms
	ProcessAssetsWithTransientArtifactChanges: 2.953ms
	CategorizeAssets: 38.991ms
	CompileScripts: 0.821ms
	ImportOutOfDateAssets: 933.536ms (932.272ms without children)
		CollectScriptTypesHashes: 0.605ms
		ReloadNativeAssets: 0.508ms
		UnloadImportedAssets: 0.077ms
		EnsureUptoDateAssetsAreRegisteredWithGuidPM: 0.416ms
		ImportSchedulerStart: 0.242ms
	PostProcessAllAssets: 36.725ms
		XRBuildSystem.XRAssetImported 0.084ms
		MonoPostProcessAllAssets: 36.470ms
			UniversalRenderPipelineGlobalSettingsPostprocessor.OnPostprocessAllAssets 10.769ms
			BuilderAssetPostprocessor.OnPostprocessAllAssets 3.457ms
			SyncVS.PostprocessSyncProject 3.396ms
			AssetChangedListener.OnPostprocessAllAssets 2.630ms
			AssetPostprocessor.OnPostprocessAllAssets 1.852ms
			SpriteSlicePostprocessor.OnPostprocessAllAssets 1.040ms
			SpeedTree9Postprocessor.OnPostprocessAllAssets 0.872ms
			WindowAssetPostprocessingWatcher.OnPostprocessAllAssets 0.807ms
			ShaderGraphAssetPostProcessor.OnPostprocessAllAssets 0.679ms
			RetainedModeAssetPostprocessor.OnPostprocessAllAssets 0.623ms
			EditModeScopePostprocessor.OnPostprocessAllAssets 0.409ms
			ProjectSettingsPostprocessor.OnPostprocessAllAssets 0.354ms
			MaterialPostprocessor.OnPostprocessAllAssets 0.347ms
			RenderPipelineGlobalSettingsPostprocessor.OnPostprocessAllAssets 0.294ms
			TMPro_TexturePostProcessor.OnPostprocessAllAssets 0.273ms
			SpriteEditorTexturePostprocessor.OnPostprocessAllAssets 0.265ms
			ShaderReflectionAssetPostProcessor.OnPostprocessAllAssets 0.253ms
			SpriteShapeAssetPostProcessor.OnPostprocessAllAssets 0.241ms
			ArtifactBrowserPostProcessor.OnPostprocessAllAssets 0.237ms
			InputActionAssetPostprocessor.OnPostprocessAllAssets 0.154ms
			UVCSAssetPostprocessor.OnPostprocessAllAssets 0.153ms
			TextAssetPostProcessor.OnPostprocessAllAssets 0.145ms
			AudioMixerPostprocessor.OnPostprocessAllAssets 0.145ms
			ReferencedClipsPostProcessor.OnPostprocessAllAssets 0.139ms
			PostProcessor.OnPostprocessAllAssets 0.134ms
			InputActionJsonNameModifierAssetProcessor.OnPostprocessAllAssets 0.125ms
			StyleCatalogPostProcessor.OnPostprocessAllAssets 0.113ms
			AssetEvents.OnPostprocessAllAssets 0.100ms
			SpriteLibraryAssetPostprocessor.OnPostprocessAllAssets 0.090ms
			SpeedTreePostProcessor.OnPostprocessAllAssets 0.073ms
			TerrainToolbarOverlayPostProcessor.OnPostprocessAllAssets 0.067ms
			ThemePostprocessor.OnPostprocessAllAssets 0.060ms
			AssetDatabaseCallbacks.OnPostprocessAllAssets 0.059ms
			PSDImportPostProcessor.OnPostprocessAllAssets 0.057ms
			SamplePostprocessor.OnPostprocessAllAssets 0.057ms
			ConfigAssetsTracker.OnPostprocessAllAssets 0.054ms
	PostAssetChangesProfiler: 43.595ms
	GatherAllCurrentPrimaryImportResultRevisions: 0.176ms
	PersistCurrentRevisions: 0.100ms
	GenerateScriptTypeHashes: 1.292ms
	GenerateScriptTypeSerializationHashes: 2.273ms
	Untracked: 743.032ms

[Licensing::Client] Successfully resolved entitlement details
[Licensing::Client] Successfully resolved entitlement details
GPU Resident Drawer created.
[Worker0] Imported GUID: caf68e9d5f81b4c1cadd8047b441084d - Path: Assets/Script/Wasd/NewMonoBehaviourScript.cs - Importer: PreviewImporter -> (ImportResultId: '6b4be019de69a9468bef3530b25526dd') in 0.007352042 seconds
Asset Pipeline Refresh (id=8d969897e09a740c6b85fbf6f15c718b): Total: 0.081 seconds - Initiated by RefreshV2(AllowForceSynchronousImport)
Asset Pipeline Refresh (id=2657b2a82b0ec44958508a51600560fe): Total: 0.160 seconds - Initiated by RefreshV2(AllowForceSynchronousImport)
GPU Resident Drawer disposed.
Entering Playmode with Reload Domain disabled.
If you experience any issues, please disable "Enter Play Mode Options" in Editor Settings
Entering Playmode with Reload Scene disabled. If you experience any issues, please disable "Enter Play Mode Options" in Editor Settings
GPU Resident Drawer created.
GPU Resident Drawer disposed.
Unloading 1 Unused Serialized files (Serialized files now loaded: 0)
Loaded scene 'Temp/__Backupscenes/0.backup'
	Deserialize:            2.363 ms
	Integration:            12.862 ms
	Integration of assets:  0.001 ms
	Thread Wait Time:       0.006 ms
	Total Operation Time:   15.232 ms
Unloading 18 unused Assets / (17.1 KB). Loaded Objects now: 9730.
Memory consumption went from 374.5 MB to 374.5 MB.
Total: 19.173250 ms (FindLiveObjects: 0.351958 ms CreateObjectMapping: 0.103875 ms MarkObjects: 18.471916 ms  DeleteObjects: 0.151333 ms)

[Licensing::Client] Successfully resolved entitlement details
GPU Resident Drawer created.
2026-09-17 14:48:01.476 Unity[1293:18799] CAMetalLayer ignoring invalid setDrawableSize width=0.000000 height=0.000000
2026-09-17 14:48:01.478 Unity[1293:18799] CAMetalLayer ignoring invalid setDrawableSize width=0.000000 height=0.000000
Thread 0xc860a7000 may have been prematurely finalized
GPU Resident Drawer disposed.
Entering Playmode with Reload Domain disabled.
If you experience any issues, please disable "Enter Play Mode Options" in Editor Settings
Entering Playmode with Reload Scene disabled. If you experience any issues, please disable "Enter Play Mode Options" in Editor Settings
GPU Resident Drawer created.
GPU Resident Drawer disposed.
Unloading 0 Unused Serialized files (Serialized files now loaded: 0)
Loaded scene 'Temp/__Backupscenes/0.backup'
	Deserialize:            0.218 ms
	Integration:            12.461 ms
	Integration of assets:  0.001 ms
	Thread Wait Time:       0.008 ms
	Total Operation Time:   12.688 ms
Unloading 0 unused Assets / (243.0 KB). Loaded Objects now: 9736.
Memory consumption went from 332.1 MB to 331.8 MB.
Total: 19.133083 ms (FindLiveObjects: 0.336709 ms CreateObjectMapping: 0.094583 ms MarkObjects: 18.600708 ms  DeleteObjects: 0.008875 ms)

GPU Resident Drawer created.
2026-09-17 14:48:08.106 Unity[1293:18799] CAMetalLayer ignoring invalid setDrawableSize width=0.000000 height=0.000000
2026-09-17 14:48:08.107 Unity[1293:18799] CAMetalLayer ignoring invalid setDrawableSize width=0.000000 height=0.000000
Thread 0xc5f5b7000 may have been prematurely finalized
GPU Resident Drawer disposed.
Entering Playmode with Reload Domain disabled.
If you experience any issues, please disable "Enter Play Mode Options" in Editor Settings
Entering Playmode with Reload Scene disabled. If you experience any issues, please disable "Enter Play Mode Options" in Editor Settings
GPU Resident Drawer created.
GPU Resident Drawer disposed.
Unloading 0 Unused Serialized files (Serialized files now loaded: 0)
Loaded scene 'Temp/__Backupscenes/0.backup'
	Deserialize:            0.196 ms
	Integration:            11.926 ms
	Integration of assets:  0.001 ms
	Thread Wait Time:       0.007 ms
	Total Operation Time:   12.130 ms
Unloading 0 unused Assets / (52.6 KB). Loaded Objects now: 9742.
Memory consumption went from 331.7 MB to 331.6 MB.
Total: 16.790708 ms (FindLiveObjects: 0.337625 ms CreateObjectMapping: 0.070375 ms MarkObjects: 16.279625 ms  DeleteObjects: 0.011375 ms)

GPU Resident Drawer created.
Thread 0xc84087000 may have been prematurely finalized
GPU Resident Drawer disposed.
Entering Playmode with Reload Domain disabled.
If you experience any issues, please disable "Enter Play Mode Options" in Editor Settings
Entering Playmode with Reload Scene disabled. If you experience any issues, please disable "Enter Play Mode Options" in Editor Settings
GPU Resident Drawer created.
GPU Resident Drawer disposed.
Unloading 0 Unused Serialized files (Serialized files now loaded: 0)
Loaded scene 'Temp/__Backupscenes/0.backup'
	Deserialize:            0.202 ms
	Integration:            11.184 ms
	Integration of assets:  0.001 ms
	Thread Wait Time:       0.006 ms
	Total Operation Time:   11.394 ms
Unloading 0 unused Assets / (0 B). Loaded Objects now: 9748.
Memory consumption went from 331.6 MB to 331.6 MB.
Total: 17.790333 ms (FindLiveObjects: 0.317167 ms CreateObjectMapping: 0.060750 ms MarkObjects: 17.311125 ms  DeleteObjects: 0.010291 ms)

GPU Resident Drawer created.
Thread 0xc84087000 may have been prematurely finalized
GPU Resident Drawer disposed.
Entering Playmode with Reload Domain disabled.
If you experience any issues, please disable "Enter Play Mode Options" in Editor Settings
Entering Playmode with Reload Scene disabled. If you experience any issues, please disable "Enter Play Mode Options" in Editor Settings
GPU Resident Drawer created.
Asset Pipeline Refresh (id=232d7c699066f4675a74bc68697b8815): Total: 0.161 seconds - Initiated by RefreshV2(NoUpdateAssetOptions)
GPU Resident Drawer disposed.
Unloading 1 Unused Serialized files (Serialized files now loaded: 0)
Loaded scene 'Temp/__Backupscenes/0.backup'
	Deserialize:            0.209 ms
	Integration:            12.553 ms
	Integration of assets:  0.001 ms
	Thread Wait Time:       0.007 ms
	Total Operation Time:   12.770 ms
Unloading 0 unused Assets / (225.9 KB). Loaded Objects now: 9758.
Memory consumption went from 332.2 MB to 331.9 MB.
Total: 18.108208 ms (FindLiveObjects: 0.347958 ms CreateObjectMapping: 0.095000 ms MarkObjects: 17.560792 ms  DeleteObjects: 0.010083 ms)

[Licensing::Client] Successfully resolved entitlement details
GPU Resident Drawer created.
2026-09-17 15:01:46.661 Unity[1293:18799] CAMetalLayer ignoring invalid setDrawableSize width=0.000000 height=0.000000
2026-09-17 15:01:46.662 Unity[1293:18799] CAMetalLayer ignoring invalid setDrawableSize width=0.000000 height=0.000000
Thread 0xc698f3000 may have been prematurely finalized
GPU Resident Drawer disposed.
Entering Playmode with Reload Domain disabled.
If you experience any issues, please disable "Enter Play Mode Options" in Editor Settings
Entering Playmode with Reload Scene disabled. If you experience any issues, please disable "Enter Play Mode Options" in Editor Settings
GPU Resident Drawer created.
GPU Resident Drawer disposed.
Unloading 0 Unused Serialized files (Serialized files now loaded: 0)
Loaded scene 'Temp/__Backupscenes/0.backup'
	Deserialize:            0.210 ms
	Integration:            12.728 ms
	Integration of assets:  0.001 ms
	Thread Wait Time:       0.009 ms
	Total Operation Time:   12.948 ms
Unloading 1 unused Assets / (251.9 KB). Loaded Objects now: 9761.
Memory consumption went from 332.1 MB to 331.9 MB.
Total: 18.193875 ms (FindLiveObjects: 0.341541 ms CreateObjectMapping: 0.067709 ms MarkObjects: 17.672833 ms  DeleteObjects: 0.016833 ms)

GPU Resident Drawer created.
2026-09-17 15:01:50.181 Unity[1293:18799] CAMetalLayer ignoring invalid setDrawableSize width=0.000000 height=0.000000
2026-09-17 15:01:50.182 Unity[1293:18799] CAMetalLayer ignoring invalid setDrawableSize width=0.000000 height=0.000000
Thread 0xc860a7000 may have been prematurely finalized
GPU Resident Drawer disposed.
Entering Playmode with Reload Domain disabled.
If you experience any issues, please disable "Enter Play Mode Options" in Editor Settings
Entering Playmode with Reload Scene disabled. If you experience any issues, please disable "Enter Play Mode Options" in Editor Settings
GPU Resident Drawer created.
2026-09-17 15:02:00.619 Unity[1293:18799] CAMetalLayer ignoring invalid setDrawableSize width=0.000000 height=0.000000
2026-09-17 15:02:00.621 Unity[1293:18799] CAMetalLayer ignoring invalid setDrawableSize width=0.000000 height=0.000000
GPU Resident Drawer disposed.
Unloading 1 Unused Serialized files (Serialized files now loaded: 0)
Loaded scene 'Temp/__Backupscenes/0.backup'
	Deserialize:            0.202 ms
	Integration:            12.785 ms
	Integration of assets:  0.001 ms
	Thread Wait Time:       0.007 ms
	Total Operation Time:   12.995 ms
Unloading 0 unused Assets / (220.8 KB). Loaded Objects now: 9769.
Memory consumption went from 332.1 MB to 331.9 MB.
Total: 18.395625 ms (FindLiveObjects: 0.334584 ms CreateObjectMapping: 0.065167 ms MarkObjects: 17.892333 ms  DeleteObjects: 0.009917 ms)

GPU Resident Drawer created.
2026-09-17 15:02:03.767 Unity[1293:18799] CAMetalLayer ignoring invalid setDrawableSize width=0.000000 height=0.000000
2026-09-17 15:02:03.768 Unity[1293:18799] CAMetalLayer ignoring invalid setDrawableSize width=0.000000 height=0.000000
Thread 0xc87347000 may have been prematurely finalized
GPU Resident Drawer disposed.
Entering Playmode with Reload Domain disabled.
If you experience any issues, please disable "Enter Play Mode Options" in Editor Settings
Entering Playmode with Reload Scene disabled. If you experience any issues, please disable "Enter Play Mode Options" in Editor Settings
GPU Resident Drawer created.
Asset Pipeline Refresh (id=0b579443177584c5cbcced9ef1757826): Total: 0.091 seconds - Initiated by RefreshV2(NoUpdateAssetOptions)
GPU Resident Drawer disposed.
Unloading 0 Unused Serialized files (Serialized files now loaded: 0)
Loaded scene 'Temp/__Backupscenes/0.backup'
	Deserialize:            0.234 ms
	Integration:            12.302 ms
	Integration of assets:  0.001 ms
	Thread Wait Time:       0.007 ms
	Total Operation Time:   12.544 ms
Unloading 0 unused Assets / (226.8 KB). Loaded Objects now: 9775.
Memory consumption went from 332.0 MB to 331.8 MB.
Total: 18.013834 ms (FindLiveObjects: 0.330750 ms CreateObjectMapping: 0.061083 ms MarkObjects: 17.518875 ms  DeleteObjects: 0.009541 ms)

[Licensing::Client] Successfully resolved entitlement details
GPU Resident Drawer created.
2026-09-17 15:03:25.904 Unity[1293:18799] CAMetalLayer ignoring invalid setDrawableSize width=0.000000 height=0.000000
2026-09-17 15:03:25.904 Unity[1293:18799] CAMetalLayer ignoring invalid setDrawableSize width=0.000000 height=0.000000
Thread 0xc68e97000 may have been prematurely finalized
GPU Resident Drawer disposed.
Entering Playmode with Reload Domain disabled.
If you experience any issues, please disable "Enter Play Mode Options" in Editor Settings
Entering Playmode with Reload Scene disabled. If you experience any issues, please disable "Enter Play Mode Options" in Editor Settings
GPU Resident Drawer created.
GPU Resident Drawer disposed.
Unloading 17 Unused Serialized files (Serialized files now loaded: 0)
Loaded scene 'Temp/__Backupscenes/0.backup'
	Deserialize:            0.198 ms
	Integration:            12.549 ms
	Integration of assets:  0.001 ms
	Thread Wait Time:       0.007 ms
	Total Operation Time:   12.755 ms
Unloading 21 unused Assets / (244.5 KB). Loaded Objects now: 9784.
Memory consumption went from 332.5 MB to 332.2 MB.
Total: 18.116709 ms (FindLiveObjects: 0.358958 ms CreateObjectMapping: 0.072208 ms MarkObjects: 17.560167 ms  DeleteObjects: 0.028667 ms)

GPU Resident Drawer created.
2026-09-17 15:03:55.168 Unity[1293:18799] CAMetalLayer ignoring invalid setDrawableSize width=0.000000 height=0.000000
2026-09-17 15:03:55.169 Unity[1293:18799] CAMetalLayer ignoring invalid setDrawableSize width=0.000000 height=0.000000
Thread 0xc9a28b000 may have been prematurely finalized
GPU Resident Drawer disposed.
Entering Playmode with Reload Domain disabled.
If you experience any issues, please disable "Enter Play Mode Options" in Editor Settings
Entering Playmode with Reload Scene disabled. If you experience any issues, please disable "Enter Play Mode Options" in Editor Settings
GPU Resident Drawer created.
GPU Resident Drawer disposed.
Unloading 0 Unused Serialized files (Serialized files now loaded: 0)
Loaded scene 'Temp/__Backupscenes/0.backup'
	Deserialize:            0.179 ms
	Integration:            11.152 ms
	Integration of assets:  0.001 ms
	Thread Wait Time:       0.006 ms
	Total Operation Time:   11.337 ms
Unloading 0 unused Assets / (0 B). Loaded Objects now: 9790.
Memory consumption went from 332.3 MB to 332.3 MB.
Total: 16.366084 ms (FindLiveObjects: 0.317917 ms CreateObjectMapping: 0.055875 ms MarkObjects: 15.888916 ms  DeleteObjects: 0.010666 ms)

GPU Resident Drawer created.
2026-09-17 15:04:16.047 Unity[1293:18799] CAMetalLayer ignoring invalid setDrawableSize width=0.000000 height=0.000000
2026-09-17 15:04:16.048 Unity[1293:18799] CAMetalLayer ignoring invalid setDrawableSize width=0.000000 height=0.000000
Thread 0xc9a2df000 may have been prematurely finalized
GPU Resident Drawer disposed.
Entering Playmode with Reload Domain disabled.
If you experience any issues, please disable "Enter Play Mode Options" in Editor Settings
Entering Playmode with Reload Scene disabled. If you experience any issues, please disable "Enter Play Mode Options" in Editor Settings
GPU Resident Drawer created.
GPU Resident Drawer disposed.
Unloading 0 Unused Serialized files (Serialized files now loaded: 0)
Loaded scene 'Temp/__Backupscenes/0.backup'
	Deserialize:            0.169 ms
	Integration:            11.308 ms
	Integration of assets:  0.001 ms
	Thread Wait Time:       0.008 ms
	Total Operation Time:   11.486 ms
Unloading 1 unused Assets / (1.7 KB). Loaded Objects now: 9795.
Memory consumption went from 332.3 MB to 332.3 MB.
Total: 17.854750 ms (FindLiveObjects: 0.323708 ms CreateObjectMapping: 0.055583 ms MarkObjects: 17.358375 ms  DeleteObjects: 0.019500 ms)

GPU Resident Drawer created.
2026-09-17 15:04:18.615 Unity[1293:18799] CAMetalLayer ignoring invalid setDrawableSize width=0.000000 height=0.000000
2026-09-17 15:04:18.616 Unity[1293:18799] CAMetalLayer ignoring invalid setDrawableSize width=0.000000 height=0.000000
Asset Pipeline Refresh (id=007427757818a4cf1a947d1292cf0592): Total: 0.080 seconds - Initiated by RefreshV2(AllowForceSynchronousImport)
Thread 0xc9a25f000 may have been prematurely finalized
GPU Resident Drawer disposed.
Entering Playmode with Reload Domain disabled.
If you experience any issues, please disable "Enter Play Mode Options" in Editor Settings
Entering Playmode with Reload Scene disabled. If you experience any issues, please disable "Enter Play Mode Options" in Editor Settings
GPU Resident Drawer created.
GPU Resident Drawer disposed.
Unloading 0 Unused Serialized files (Serialized files now loaded: 0)
Loaded scene 'Temp/__Backupscenes/0.backup'
	Deserialize:            0.196 ms
	Integration:            11.958 ms
	Integration of assets:  0.001 ms
	Thread Wait Time:       0.008 ms
	Total Operation Time:   12.163 ms
Unloading 0 unused Assets / (7.0 KB). Loaded Objects now: 9801.
Memory consumption went from 332.2 MB to 332.2 MB.
Total: 16.974625 ms (FindLiveObjects: 0.322667 ms CreateObjectMapping: 0.057500 ms MarkObjects: 16.493000 ms  DeleteObjects: 0.009375 ms)

[Licensing::Client] Successfully resolved entitlement details
GPU Resident Drawer created.
2026-09-17 15:07:38.336 Unity[1293:18799] NSEventModifierFlagFunction specified to -setKeyEquivalentModifierMask: for item <NSMenuItem: 0xc5969c220 SDF, ke='Command-F12'>, but is only supported for system-provided menu items; will not be used
Importing 'GUID: 00000000000000009000000000000000 - Path: ProjectSettings/QualitySettings.asset' with importer (LibraryAssetImporter)
Imported 'GUID: 00000000000000009000000000000000' -> (Import Result ID: '8151b601d05d3e12de314c2aa1f82962') in 0.002 seconds [static dependencies only]. Details - ImportResultOutputID=2a108b3da874f726c62fbe5f12be4a8a DependenciesID=6180c49ef29638684367d2893c04e070 StaticDependenciesID=5b19720d9149525484b40148944c8e26 
Asset Pipeline Refresh (id=f2eacef06cd1f484483097fd7ba5e523): Total: 0.014 seconds - Initiated by StopAssetImportingV2(NoUpdateAssetOptions)
Importing 'GUID: bccf2a74054e547049aaf6a81298387c - Path: Assets/Script/Triangle.png' with importer (TextureImporter)
Imported 'GUID: bccf2a74054e547049aaf6a81298387c' -> (Import Result ID: 'da61f4a1386b213de4231c678a63ce85') in 0.013 seconds [static and dynamic dependencies]. Details - ImportResultOutputID=4de1de26130a9d330721fbb645ddb540 DependenciesID=d89ae59246b632a6be2069d4e5c6458d StaticDependenciesID=91a0032434c64759c2a2d8b1e017a2e6 
Asset Pipeline Refresh (id=d77d582e4c1ab4875b09f08b66c05e66): Total: 0.039 seconds - Initiated by StopAssetImportingV2(NoUpdateAssetOptions)
[Worker0] Imported GUID: bccf2a74054e547049aaf6a81298387c - Path: Assets/Script/Triangle.png - Importer: PreviewImporter -> (ImportResultId: '473edb24b1f653dde7804ca0757af654') in 0.060259792 seconds
2026-09-17 15:08:02.913 Unity[1293:18799] NSEventModifierFlagFunction specified to -setKeyEquivalentModifierMask: for item <NSMenuItem: 0xc5960b770 SDF, ke='Command-F12'>, but is only supported for system-provided menu items; will not be used
Asset Pipeline Refresh (id=5aa1447cd0ab54f42b24ebe02d58630d): Total: 0.032 seconds - Initiated by StopAssetImportingV2(NoUpdateAssetOptions)
Asset Pipeline Refresh (id=93e973f446f4344d193362267856d21b): Total: 0.126 seconds - Initiated by RefreshV2(ForceSynchronousImport)
2026-09-17 15:08:10.324 Unity[1293:18799] CAMetalLayer ignoring invalid setDrawableSize width=0.000000 height=0.000000
2026-09-17 15:08:10.326 Unity[1293:18799] CAMetalLayer ignoring invalid setDrawableSize width=0.000000 height=0.000000
2026-09-17 15:08:16.555 Unity[1293:18799] NSEventModifierFlagFunction specified to -setKeyEquivalentModifierMask: for item <NSMenuItem: 0xc98e99bb0 SDF, ke='Command-F12'>, but is only supported for system-provided menu items; will not be used
2026-09-17 15:08:24.646 Unity[1293:18799] NSEventModifierFlagFunction specified to -setKeyEquivalentModifierMask: for item <NSMenuItem: 0xc9a00dc60 SDF, ke='Command-F12'>, but is only supported for system-provided menu items; will not be used
2026-09-17 15:08:27.696 Unity[1293:18799] NSEventModifierFlagFunction specified to -setKeyEquivalentModifierMask: for item <NSMenuItem: 0xc99933aa0 SDF, ke='Command-F12'>, but is only supported for system-provided menu items; will not be used
2026-09-17 15:08:33.255 Unity[1293:18799] CAMetalLayer ignoring invalid setDrawableSize width=0.000000 height=0.000000
2026-09-17 15:08:33.256 Unity[1293:18799] CAMetalLayer ignoring invalid setDrawableSize width=0.000000 height=0.000000
2026-09-17 15:08:38.098 Unity[1293:18799] NSEventModifierFlagFunction specified to -setKeyEquivalentModifierMask: for item <NSMenuItem: 0xc9a084f70 SDF, ke='Command-F12'>, but is only supported for system-provided menu items; will not be used
2026-09-17 15:08:47.671 Unity[1293:18799] NSEventModifierFlagFunction specified to -setKeyEquivalentModifierMask: for item <NSMenuItem: 0xc5964c4e0 SDF, ke='Command-F12'>, but is only supported for system-provided menu items; will not be used
Importing 'GUID: eefb54b20deeb4e00a3fe794cd2dcd61 - Path: Assets/Triangle.png' with importer (TextureImporter)
Imported 'GUID: eefb54b20deeb4e00a3fe794cd2dcd61' -> (Import Result ID: '1cd628af5ed0d41b33fff9bef5f20f3a') in 0.002 seconds [static and dynamic dependencies]. Details - ImportResultOutputID=34d25c4ddd9da922a80504f70b172551 DependenciesID=82f555949aedd316715d280c619bf171 StaticDependenciesID=f1a358bf55c2a9ce67e06cf10b6607ab 
Asset Pipeline Refresh (id=18717b7f9a0e24a869cccfa9a6761861): Total: 0.024 seconds - Initiated by StopAssetImportingV2(NoUpdateAssetOptions)
[Worker0] Imported GUID: eefb54b20deeb4e00a3fe794cd2dcd61 - Path: Assets/Triangle.png - Importer: PreviewImporter -> (ImportResultId: 'a1d64863390cf5ca52ac3891a2b0467f') in 0.014309542 seconds
[Worker0] Imported GUID: eefb54b20deeb4e00a3fe794cd2dcd61 - Path: Assets/Triangle.png - Importer: ScriptedImporter/UnityEditor.QuickSearchModule:UnityEditor.Search:ASIAI0B -> (ImportResultId: '5b316841cf7d027866467cd953c96090') in 0.063019083 seconds
2026-09-17 15:08:58.990 Unity[1293:18799] NSEventModifierFlagFunction specified to -setKeyEquivalentModifierMask: for item <NSMenuItem: 0xc99a40980 SDF, ke='Command-F12'>, but is only supported for system-provided menu items; will not be used
Asset Pipeline Refresh (id=bf0dec30acf894a1692d64acceb33492): Total: 0.037 seconds - Initiated by StopAssetImportingV2(NoUpdateAssetOptions)
Asset Pipeline Refresh (id=3d437ad6fa4c648c8891c4601d17b05a): Total: 0.067 seconds - Initiated by RefreshV2(ForceSynchronousImport)
2026-09-17 15:09:03.550 Unity[1293:18799] NSEventModifierFlagFunction specified to -setKeyEquivalentModifierMask: for item <NSMenuItem: 0xc69b7fc60 SDF, ke='Command-F12'>, but is only supported for system-provided menu items; will not be used
2026-09-17 15:09:07.702 Unity[1293:18799] NSEventModifierFlagFunction specified to -setKeyEquivalentModifierMask: for item <NSMenuItem: 0xc9973d400 SDF, ke='Command-F12'>, but is only supported for system-provided menu items; will not be used
2026-09-17 15:09:13.791 Unity[1293:18799] CAMetalLayer ignoring invalid setDrawableSize width=0.000000 height=0.000000
2026-09-17 15:09:13.792 Unity[1293:18799] CAMetalLayer ignoring invalid setDrawableSize width=0.000000 height=0.000000
2026-09-17 15:09:29.014 Unity[1293:18799] CAMetalLayer ignoring invalid setDrawableSize width=0.000000 height=0.000000
2026-09-17 15:09:29.016 Unity[1293:18799] CAMetalLayer ignoring invalid setDrawableSize width=0.000000 height=0.000000
Asset Pipeline Refresh (id=60df62ea57a1a465095f0fe118bef285): Total: 0.062 seconds - Initiated by RefreshV2(NoUpdateAssetOptions)
2026-09-17 15:09:33.005 Unity[1293:18799] CAMetalLayer ignoring invalid setDrawableSize width=0.000000 height=0.000000
2026-09-17 15:09:33.007 Unity[1293:18799] CAMetalLayer ignoring invalid setDrawableSize width=0.000000 height=0.000000
Thread 0xc9c3ef000 may have been prematurely finalized
GPU Resident Drawer disposed.
Entering Playmode with Reload Domain disabled.
If you experience any issues, please disable "Enter Play Mode Options" in Editor Settings
Entering Playmode with Reload Scene disabled. If you experience any issues, please disable "Enter Play Mode Options" in Editor Settings
GPU Resident Drawer created.
GPU Resident Drawer disposed.
Unloading 9 Unused Serialized files (Serialized files now loaded: 0)
Loaded scene 'Temp/__Backupscenes/0.backup'
	Deserialize:            0.187 ms
	Integration:            12.807 ms
	Integration of assets:  0.001 ms
	Thread Wait Time:       0.006 ms
	Total Operation Time:   13.001 ms
Unloading 36 unused Assets / (93.2 KB). Loaded Objects now: 9879.
Memory consumption went from 337.9 MB to 337.8 MB.
Total: 19.231584 ms (FindLiveObjects: 0.337208 ms CreateObjectMapping: 0.064459 ms MarkObjects: 18.696083 ms  DeleteObjects: 0.040875 ms)

[Licensing::Client] Successfully resolved entitlement details
GPU Resident Drawer created.
2026-09-17 15:10:06.226 Unity[1293:18799] CAMetalLayer ignoring invalid setDrawableSize width=0.000000 height=0.000000
2026-09-17 15:10:06.227 Unity[1293:18799] CAMetalLayer ignoring invalid setDrawableSize width=0.000000 height=0.000000
Thread 0xc9c507000 may have been prematurely finalized
GPU Resident Drawer disposed.
Entering Playmode with Reload Domain disabled.
If you experience any issues, please disable "Enter Play Mode Options" in Editor Settings
Entering Playmode with Reload Scene disabled. If you experience any issues, please disable "Enter Play Mode Options" in Editor Settings
GPU Resident Drawer created.
GPU Resident Drawer disposed.
Unloading 10 Unused Serialized files (Serialized files now loaded: 0)
Loaded scene 'Temp/__Backupscenes/0.backup'
	Deserialize:            0.174 ms
	Integration:            12.503 ms
	Integration of assets:  0.001 ms
	Thread Wait Time:       0.007 ms
	Total Operation Time:   12.684 ms
Unloading 19 unused Assets / (78.6 KB). Loaded Objects now: 9909.
Memory consumption went from 338.6 MB to 338.5 MB.
Total: 18.997292 ms (FindLiveObjects: 0.336584 ms CreateObjectMapping: 0.071875 ms MarkObjects: 18.453792 ms  DeleteObjects: 0.029000 ms)

GPU Resident Drawer created.
2026-09-17 15:10:21.145 Unity[1293:18799] CAMetalLayer ignoring invalid setDrawableSize width=0.000000 height=0.000000
2026-09-17 15:10:21.146 Unity[1293:18799] CAMetalLayer ignoring invalid setDrawableSize width=0.000000 height=0.000000
Thread 0xcb08c7000 may have been prematurely finalized
GPU Resident Drawer disposed.
Entering Playmode with Reload Domain disabled.
If you experience any issues, please disable "Enter Play Mode Options" in Editor Settings
Entering Playmode with Reload Scene disabled. If you experience any issues, please disable "Enter Play Mode Options" in Editor Settings
GPU Resident Drawer created.
GPU Resident Drawer disposed.
Unloading 10 Unused Serialized files (Serialized files now loaded: 0)
Loaded scene 'Temp/__Backupscenes/0.backup'
	Deserialize:            0.201 ms
	Integration:            13.493 ms
	Integration of assets:  0.001 ms
	Thread Wait Time:       0.008 ms
	Total Operation Time:   13.702 ms
Unloading 19 unused Assets / (236.1 KB). Loaded Objects now: 9893.
Memory consumption went from 338.3 MB to 338.1 MB.
Total: 19.515667 ms (FindLiveObjects: 0.347375 ms CreateObjectMapping: 0.080959 ms MarkObjects: 18.959875 ms  DeleteObjects: 0.030167 ms)

GPU Resident Drawer created.
2026-09-17 15:10:27.568 Unity[1293:18799] CAMetalLayer ignoring invalid setDrawableSize width=0.000000 height=0.000000
2026-09-17 15:10:27.569 Unity[1293:18799] CAMetalLayer ignoring invalid setDrawableSize width=0.000000 height=0.000000
Asset Pipeline Refresh (id=fcc837c68469742ea9e6e4ad8146a06e): Total: 0.130 seconds - Initiated by RefreshV2(AllowForceSynchronousImport)
2026-09-17 15:11:07.679 Unity[1293:18799] CAMetalLayer ignoring invalid setDrawableSize width=0.000000 height=0.000000
2026-09-17 15:11:07.680 Unity[1293:18799] CAMetalLayer ignoring invalid setDrawableSize width=0.000000 height=0.000000
2026-09-17 15:11:08.088 Unity[1293:18799] CAMetalLayer ignoring invalid setDrawableSize width=0.000000 height=0.000000
2026-09-17 15:11:08.089 Unity[1293:18799] CAMetalLayer ignoring invalid setDrawableSize width=0.000000 height=0.000000
2026-09-17 15:11:13.256 Unity[1293:18799] CAMetalLayer ignoring invalid setDrawableSize width=0.000000 height=0.000000
2026-09-17 15:11:13.257 Unity[1293:18799] CAMetalLayer ignoring invalid setDrawableSize width=0.000000 height=0.000000
Thread 0xcb08c7000 may have been prematurely finalized
GPU Resident Drawer disposed.
Entering Playmode with Reload Domain disabled.
If you experience any issues, please disable "Enter Play Mode Options" in Editor Settings
Entering Playmode with Reload Scene disabled. If you experience any issues, please disable "Enter Play Mode Options" in Editor Settings
GPU Resident Drawer created.
GPU Resident Drawer disposed.
Unloading 9 Unused Serialized files (Serialized files now loaded: 0)
Loaded scene 'Temp/__Backupscenes/0.backup'
	Deserialize:            0.190 ms
	Integration:            13.266 ms
	Integration of assets:  0.001 ms
	Thread Wait Time:       0.007 ms
	Total Operation Time:   13.464 ms
Unloading 19 unused Assets / (233.7 KB). Loaded Objects now: 9897.
Memory consumption went from 338.3 MB to 338.1 MB.
Total: 18.977000 ms (FindLiveObjects: 0.337708 ms CreateObjectMapping: 0.071084 ms MarkObjects: 18.443375 ms  DeleteObjects: 0.028000 ms)

[Licensing::Client] Successfully resolved entitlement details
GPU Resident Drawer created.
2026-09-17 15:11:34.858 Unity[1293:18799] CAMetalLayer ignoring invalid setDrawableSize width=0.000000 height=0.000000
2026-09-17 15:11:34.858 Unity[1293:18799] CAMetalLayer ignoring invalid setDrawableSize width=0.000000 height=0.000000
Asset Pipeline Refresh (id=da0f14e8b6fe040c8ab07e9e442134c6): Total: 0.108 seconds - Initiated by RefreshV2(AllowForceSynchronousImport)
Thread 0xc67c13000 may have been prematurely finalized
GPU Resident Drawer disposed.
Entering Playmode with Reload Domain disabled.
If you experience any issues, please disable "Enter Play Mode Options" in Editor Settings
Entering Playmode with Reload Scene disabled. If you experience any issues, please disable "Enter Play Mode Options" in Editor Settings
GPU Resident Drawer created.
Asset Pipeline Refresh (id=ca1202fa9efd647dd97ac6a84f92e8a6): Total: 0.085 seconds - Initiated by RefreshV2(NoUpdateAssetOptions)
2026-09-17 15:12:30.708 Unity[1293:18799] NSEventModifierFlagFunction specified to -setKeyEquivalentModifierMask: for item <NSMenuItem: 0xc5d0110d0 SDF, ke='Command-F12'>, but is only supported for system-provided menu items; will not be used
Asset Pipeline Refresh (id=d4428aaa3b56f47808deb8ef228e5b38): Total: 0.081 seconds - Initiated by RefreshV2(NoUpdateAssetOptions)
2026-09-17 15:13:49.059 Unity[1293:18799] NSEventModifierFlagFunction specified to -setKeyEquivalentModifierMask: for item <NSMenuItem: 0xc6900d440 SDF, ke='Command-F12'>, but is only supported for system-provided menu items; will not be used
[ScriptCompilation] Requested script compilation because: AssetDatabase observed changes in script compilation related files
Asset Pipeline Refresh (id=e4f3955aa5420403589467cb53ea203d): Total: 0.111 seconds - Initiated by RefreshV2(NoUpdateAssetOptions)
[Worker0] Imported GUID: caf68e9d5f81b4c1cadd8047b441084d - Path: Assets/Script/Wasd/NewMonoBehaviourScript.cs - Importer: PreviewImporter -> (ImportResultId: '42e1d9536d26210e115b6dad4bc3b9ae') in 0.007652125 seconds
[Licensing::Client] Successfully resolved entitlement details
Starting: /Applications/Unity/Hub/Editor/6000.6.0f1/Unity.app/Contents/Resources/BuildPipeline/bee_backend --ipc --defer-dag-verification --dagfile="Library/Bee/200b0aE.dag" --continue-on-failure --profile="Library/Bee/backend1.traceevents" ScriptAssemblies
WorkingDir: /Users/bindubk/First class
ExitCode: 3 Duration: 2s28ms
[ 869/1166  0s] ILPP-Configuration Library/ilpp-configuration.nevergeneratedoutput
[1158/1166  1s] Csc Library/Bee/artifacts/200b0aE.dag/Assembly-CSharp.dll (+2 others)
##### CommandLine
"/Applications/Unity/Hub/Editor/6000.6.0f1/Unity.app/Contents/Resources/Scripting/DotNetSdk/dotnet" exec "/Applications/Unity/Hub/Editor/6000.6.0f1/Unity.app/Contents/Resources/Scripting/DotNetSdk/sdk/8.0.318/Roslyn/bincore/csc.dll" /nostdlib /noconfig /shared "@Library/Bee/artifacts/200b0aE.dag/Assembly-CSharp.rsp" "@Library/Bee/artifacts/200b0aE.dag/Assembly-CSharp.rsp2"
##### Contents of Library/Bee/artifacts/200b0aE.dag/Assembly-CSharp.rsp
-target:library
-out:"Library/Bee/artifacts/200b0aE.dag/Assembly-CSharp.dll"
-refout:"Library/Bee/artifacts/200b0aE.dag/Assembly-CSharp.ref.dll"
-define:UNITY_6000_6_0
-define:UNITY_6000_6
-define:UNITY_6000
-define:UNITY_5_3_OR_NEWER
-define:UNITY_5_4_OR_NEWER
-define:UNITY_5_5_OR_NEWER
-define:UNITY_5_6_OR_NEWER
-define:UNITY_2017_1_OR_NEWER
-define:UNITY_2017_2_OR_NEWER
-define:UNITY_2017_3_OR_NEWER
-define:UNITY_2017_4_OR_NEWER
-define:UNITY_2018_1_OR_NEWER
-define:UNITY_2018_2_OR_NEWER
-define:UNITY_2018_3_OR_NEWER
-define:UNITY_2018_4_OR_NEWER
-define:UNITY_2019_1_OR_NEWER
-define:UNITY_2019_2_OR_NEWER
-define:UNITY_2019_3_OR_NEWER
-define:UNITY_2019_4_OR_NEWER
-define:UNITY_2020_1_OR_NEWER
-define:UNITY_2020_2_OR_NEWER
-define:UNITY_2020_3_OR_NEWER
-define:UNITY_2021_1_OR_NEWER
-define:UNITY_2021_2_OR_NEWER
-define:UNITY_2021_3_OR_NEWER
-define:UNITY_2022_1_OR_NEWER
-define:UNITY_2022_2_OR_NEWER
-define:UNITY_2022_3_OR_NEWER
-define:UNITY_2023_1_OR_NEWER
-define:UNITY_2023_2_OR_NEWER
-define:UNITY_2023_3_OR_NEWER
-define:UNITY_6000_0_OR_NEWER
-define:UNITY_6000_1_OR_NEWER
-define:UNITY_6000_2_OR_NEWER
-define:UNITY_6000_3_OR_NEWER
-define:UNITY_6000_4_OR_NEWER
-define:UNITY_6000_5_OR_NEWER
-define:UNITY_6000_6_OR_NEWER
-define:PLATFORM_ARCH_64
-define:UNITY_64
-define:UNITY_INCLUDE_TESTS
-define:UNITY_ENABLE_CLOUD_SERVICES_ENGINE_DIAGNOSTICS_MANAGED
-define:ENABLE_AR
-define:ENABLE_AUDIO
-define:ENABLE_AUDIO_SCRIPTABLE_PIPELINE
-define:ENABLE_BURST
-define:ENABLE_CACHING
-define:ENABLE_CLOTH
-define:ENABLE_MICROPHONE
-define:ENABLE_MULTIPLE_DISPLAYS
-define:ENABLE_PHYSICS
-define:ENABLE_TEXTURE_STREAMING
-define:ENABLE_VIRTUALTEXTURING
-define:ENABLE_LZMA
-define:ENABLE_UNITYEVENTS
-define:ENABLE_VR
-define:ENABLE_WEBCAM
-define:ENABLE_UNITYWEBREQUEST
-define:ENABLE_WWW
-define:ENABLE_CLOUD_SERVICES
-define:ENABLE_CLOUD_SERVICES_ADS
-define:ENABLE_CLOUD_SERVICES_USE_WEBREQUEST
-define:ENABLE_UNITY_CONSENT
-define:ENABLE_UNITY_CLOUD_IDENTIFIERS
-define:ENABLE_CLOUD_SERVICES_CRASH_REPORTING
-define:ENABLE_CLOUD_SERVICES_NATIVE_CRASH_REPORTING
-define:ENABLE_CLOUD_SERVICES_PURCHASING
-define:ENABLE_CLOUD_SERVICES_ANALYTICS
-define:ENABLE_CLOUD_SERVICES_BUILD
-define:ENABLE_EDITOR_GAME_SERVICES
-define:ENABLE_UNITY_GAME_SERVICES_ANALYTICS_SUPPORT
-define:ENABLE_CLOUD_LICENSE
-define:ENABLE_EDITOR_HUB_LICENSE
-define:ENABLE_WEBSOCKET_CLIENT
-define:ENABLE_GENERATE_NATIVE_PLUGINS_FOR_ASSEMBLIES_API
-define:ENABLE_DIRECTOR_AUDIO
-define:ENABLE_DIRECTOR_TEXTURE
-define:ENABLE_MANAGED_JOBS
-define:ENABLE_MANAGED_TRANSFORM_JOBS
-define:ENABLE_MANAGED_ANIMATION_JOBS
-define:ENABLE_MANAGED_AUDIO_JOBS
-define:ENABLE_MANAGED_UNITYTLS
-define:INCLUDE_DYNAMIC_GI
-define:ENABLE_SCRIPTING_GC_WBARRIERS
-define:PLATFORM_SUPPORTS_MONO
-define:RENDER_SOFTWARE_CURSOR
-define:ENABLE_MARSHALLING_TESTS
-define:ENABLE_VIDEO
-define:ENABLE_NAVIGATION_OFFMESHLINK_TO_NAVMESHLINK
-define:ENABLE_ACCELERATOR_CLIENT_DEBUGGING
-define:ENABLE_ACCESSIBILITY_SCREEN_READER
-define:TEXTCORE_1_0_OR_NEWER
-define:EDITOR_ONLY_NAVMESH_BUILDER_DEPRECATED
-define:INCLUDE_UNIFIED_RAYTRACING_COMPUTE_BACKEND
-define:INCLUDE_UNIFIED_RAYTRACING_HARDWARE_BACKEND
-define:PLATFORM_STANDALONE_OSX
-define:PLATFORM_STANDALONE
-define:UNITY_STANDALONE_OSX
-define:UNITY_STANDALONE
-define:ENABLE_GAMECENTER
-define:ENABLE_RUNTIME_GI
-define:ENABLE_MOVIES
-define:ENABLE_NETWORK
-define:ENABLE_CRUNCH_TEXTURE_COMPRESSION
-define:ENABLE_CLOUD_SERVICES_ENGINE_DIAGNOSTICS
-define:ENABLE_CLUSTER_SYNC
-define:ENABLE_CLUSTERINPUT
-define:ENABLE_SPATIALTRACKING
-define:PLATFORM_HAS_CUSTOM_MUTEX
-define:PLATFORM_UPDATES_TIME_OUTSIDE_OF_PLAYER_LOOP
-define:PLATFORM_SUPPORTS_SPLIT_GRAPHICS_JOBS
-define:PLATFORM_REQUIRES_PATH_NORMALIZATION
-define:ENABLE_MONO
-define:NET_STANDARD_2_0
-define:NET_STANDARD
-define:NET_STANDARD_2_1
-define:NETSTANDARD
-define:NETSTANDARD2_1
-define:ENABLE_PROFILER
-define:UNITY_INCLUDE_INSTRUMENTATION
-define:DEBUG
-define:TRACE
-define:UNITY_ASSERTIONS
-define:UNITY_ENABLE_CHECKS
-define:UNITY_EDITOR
-define:UNITY_EDITOR_64
-define:UNITY_EDITOR_OSX
-define:ENABLE_UNITY_COLLECTIONS_CHECKS
-define:ENABLE_BURST_AOT
-define:UNITY_TEAM_LICENSE
-define:ENABLE_CUSTOM_RENDER_TEXTURE
-define:ENABLE_DIRECTOR
-define:ENABLE_LOCALIZATION
-define:ENABLE_SPRITES
-define:ENABLE_TERRAIN
-define:ENABLE_TILEMAP
-define:ENABLE_TIMELINE
-define:ENABLE_INPUT_SYSTEM
-define:TEXTCORE_FONT_ENGINE_1_5_OR_NEWER
-define:TEXTCORE_TEXT_ENGINE_1_5_OR_NEWER
-define:TEXTCORE_FONT_ENGINE_1_6_OR_NEWER
-define:CSHARP_7_OR_LATER
-define:CSHARP_7_3_OR_NEWER
-r:"/Applications/Unity/Hub/Editor/6000.6.0f1/Unity.app/Contents/Resources/Scripting/BCLExtensions/TargetingPacks/netstandard2.1/ref/Microsoft.Bcl.AsyncInterfaces.dll"
-r:"/Applications/Unity/Hub/Editor/6000.6.0f1/Unity.app/Contents/Resources/Scripting/BCLExtensions/TargetingPacks/netstandard2.1/ref/Microsoft.Extensions.DependencyInjection.Abstractions.dll"
-r:"/Applications/Unity/Hub/Editor/6000.6.0f1/Unity.app/Contents/Resources/Scripting/BCLExtensions/TargetingPacks/netstandard2.1/ref/Microsoft.Extensions.Logging.Abstractions.dll"
-r:"/Applications/Unity/Hub/Editor/6000.6.0f1/Unity.app/Contents/Resources/Scripting/BCLExtensions/TargetingPacks/netstandard2.1/ref/System.Collections.Immutable.dll"
-r:"/Applications/Unity/Hub/Editor/6000.6.0f1/Unity.app/Contents/Resources/Scripting/BCLExtensions/TargetingPacks/netstandard2.1/ref/System.Diagnostics.DiagnosticSource.dll"
-r:"/Applications/Unity/Hub/Editor/6000.6.0f1/Unity.app/Contents/Resources/Scripting/BCLExtensions/TargetingPacks/netstandard2.1/ref/System.IO.Hashing.dll"
-r:"/Applications/Unity/Hub/Editor/6000.6.0f1/Unity.app/Contents/Resources/Scripting/BCLExtensions/TargetingPacks/netstandard2.1/ref/System.Reflection.Metadata.dll"
-r:"/Applications/Unity/Hub/Editor/6000.6.0f1/Unity.app/Contents/Resources/Scripting/BCLExtensions/TargetingPacks/netstandard2.1/ref/System.Runtime.CompilerServices.Unsafe.dll"
-r:"/Applications/Unity/Hub/Editor/6000.6.0f1/Unity.app/Contents/Resources/Scripting/BCLExtensions/TargetingPacks/netstandard2.1/ref/System.Text.Encodings.Web.dll"
-r:"/Applications/Unity/Hub/Editor/6000.6.0f1/Unity.app/Contents/Resources/Scripting/BCLExtensions/TargetingPacks/netstandard2.1/ref/System.Text.Json.dll"
-r:"/Applications/Unity/Hub/Editor/6000.6.0f1/PlaybackEngines/MacStandaloneSupport/UnityEditor.iOS.Extensions.Xcode.dll"
-r:"/Applications/Unity/Hub/Editor/6000.6.0f1/Unity.app/Contents/Resources/Scripting/Managed/UnityEngine/Unity.Scripting.dll"
-r:"/Applications/Unity/Hub/Editor/6000.6.0f1/Unity.app/Contents/Resources/Scripting/Managed/UnityEngine/UnityEditor.AIModule.dll"
-r:"/Applications/Unity/Hub/Editor/6000.6.0f1/Unity.app/Contents/Resources/Scripting/Managed/UnityEngine/UnityEditor.AccessibilityModule.dll"
-r:"/Applications/Unity/Hub/Editor/6000.6.0f1/Unity.app/Contents/Resources/Scripting/Managed/UnityEngine/UnityEditor.AdaptivePerformanceModule.dll"
-r:"/Applications/Unity/Hub/Editor/6000.6.0f1/Unity.app/Contents/Resources/Scripting/Managed/UnityEngine/UnityEditor.AnimationWindowModule.dll"
-r:"/Applications/Unity/Hub/Editor/6000.6.0f1/Unity.app/Contents/Resources/Scripting/Managed/UnityEngine/UnityEditor.AssetComplianceModule.dll"
-r:"/Applications/Unity/Hub/Editor/6000.6.0f1/Unity.app/Contents/Resources/Scripting/Managed/UnityEngine/UnityEditor.BuildAnalysisModule.dll"
-r:"/Applications/Unity/Hub/Editor/6000.6.0f1/Unity.app/Contents/Resources/Scripting/Managed/UnityEngine/UnityEditor.BuildProfileModule.dll"
-r:"/Applications/Unity/Hub/Editor/6000.6.0f1/Unity.app/Contents/Resources/Scripting/Managed/UnityEngine/UnityEditor.BurstModule.dll"
-r:"/Applications/Unity/Hub/Editor/6000.6.0f1/Unity.app/Contents/Resources/Scripting/Managed/UnityEngine/UnityEditor.ClothModule.dll"
-r:"/Applications/Unity/Hub/Editor/6000.6.0f1/Unity.app/Contents/Resources/Scripting/Managed/UnityEngine/UnityEditor.ContentLoadModule.dll"
-r:"/Applications/Unity/Hub/Editor/6000.6.0f1/Unity.app/Contents/Resources/Scripting/Managed/UnityEngine/UnityEditor.CoreBusinessMetricsModule.dll"
-r:"/Applications/Unity/Hub/Editor/6000.6.0f1/Unity.app/Contents/Resources/Scripting/Managed/UnityEngine/UnityEditor.CoreModule.dll"
-r:"/Applications/Unity/Hub/Editor/6000.6.0f1/Unity.app/Contents/Resources/Scripting/Managed/UnityEngine/UnityEditor.DeviceSimulatorModule.dll"
-r:"/Applications/Unity/Hub/Editor/6000.6.0f1/Unity.app/Contents/Resources/Scripting/Managed/UnityEngine/UnityEditor.DiagnosticsModule.dll"
-r:"/Applications/Unity/Hub/Editor/6000.6.0f1/Unity.app/Contents/Resources/Scripting/Managed/UnityEngine/UnityEditor.EditorToolbarModule.dll"
-r:"/Applications/Unity/Hub/Editor/6000.6.0f1/Unity.app/Contents/Resources/Scripting/Managed/UnityEngine/UnityEditor.EmbreeModule.dll"
-r:"/Applications/Unity/Hub/Editor/6000.6.0f1/Unity.app/Contents/Resources/Scripting/Managed/UnityEngine/UnityEditor.GIModule.dll"
-r:"/Applications/Unity/Hub/Editor/6000.6.0f1/Unity.app/Contents/Resources/Scripting/Managed/UnityEngine/UnityEditor.GenericRemoteModule.dll"
-r:"/Applications/Unity/Hub/Editor/6000.6.0f1/Unity.app/Contents/Resources/Scripting/Managed/UnityEngine/UnityEditor.GraphToolkitModule.dll"
-r:"/Applications/Unity/Hub/Editor/6000.6.0f1/Unity.app/Contents/Resources/Scripting/Managed/UnityEngine/UnityEditor.GraphViewModule.dll"
-r:"/Applications/Unity/Hub/Editor/6000.6.0f1/Unity.app/Contents/Resources/Scripting/Managed/UnityEngine/UnityEditor.GraphicsStateCollectionSerializerModule.dll"
-r:"/Applications/Unity/Hub/Editor/6000.6.0f1/Unity.app/Contents/Resources/Scripting/Managed/UnityEngine/UnityEditor.GridAndSnapModule.dll"
-r:"/Applications/Unity/Hub/Editor/6000.6.0f1/Unity.app/Contents/Resources/Scripting/Managed/UnityEngine/UnityEditor.GridModule.dll"
-r:"/Applications/Unity/Hub/Editor/6000.6.0f1/Unity.app/Contents/Resources/Scripting/Managed/UnityEngine/UnityEditor.HierarchyModule.dll"
-r:"/Applications/Unity/Hub/Editor/6000.6.0f1/Unity.app/Contents/Resources/Scripting/Managed/UnityEngine/UnityEditor.LightingModule.dll"
-r:"/Applications/Unity/Hub/Editor/6000.6.0f1/Unity.app/Contents/Resources/Scripting/Managed/UnityEngine/UnityEditor.MathematicsModule.dll"
-r:"/Applications/Unity/Hub/Editor/6000.6.0f1/Unity.app/Contents/Resources/Scripting/Managed/UnityEngine/UnityEditor.MediaModule.dll"
-r:"/Applications/Unity/Hub/Editor/6000.6.0f1/Unity.app/Contents/Resources/Scripting/Managed/UnityEngine/UnityEditor.MultiplayerModule.dll"
-r:"/Applications/Unity/Hub/Editor/6000.6.0f1/Unity.app/Contents/Resources/Scripting/Managed/UnityEngine/UnityEditor.Physics2DModule.dll"
-r:"/Applications/Unity/Hub/Editor/6000.6.0f1/Unity.app/Contents/Resources/Scripting/Managed/UnityEngine/UnityEditor.PhysicsCore2DModule.dll"
-r:"/Applications/Unity/Hub/Editor/6000.6.0f1/Unity.app/Contents/Resources/Scripting/Managed/UnityEngine/UnityEditor.PhysicsModule.dll"
-r:"/Applications/Unity/Hub/Editor/6000.6.0f1/Unity.app/Contents/Resources/Scripting/Managed/UnityEngine/UnityEditor.PlayModeModule.dll"
-r:"/Applications/Unity/Hub/Editor/6000.6.0f1/Unity.app/Contents/Resources/Scripting/Managed/UnityEngine/UnityEditor.PresetsUIModule.dll"
-r:"/Applications/Unity/Hub/Editor/6000.6.0f1/Unity.app/Contents/Resources/Scripting/Managed/UnityEngine/UnityEditor.ProjectAuditorModule.dll"
-r:"/Applications/Unity/Hub/Editor/6000.6.0f1/Unity.app/Contents/Resources/Scripting/Managed/UnityEngine/UnityEditor.PropertiesModule.dll"
-r:"/Applications/Unity/Hub/Editor/6000.6.0f1/Unity.app/Contents/Resources/Scripting/Managed/UnityEngine/UnityEditor.QuickInstallModule.dll"
-r:"/Applications/Unity/Hub/Editor/6000.6.0f1/Unity.app/Contents/Resources/Scripting/Managed/UnityEngine/UnityEditor.QuickSearchModule.dll"
-r:"/Applications/Unity/Hub/Editor/6000.6.0f1/Unity.app/Contents/Resources/Scripting/Managed/UnityEngine/UnityEditor.SafeModeModule.dll"
-r:"/Applications/Unity/Hub/Editor/6000.6.0f1/Unity.app/Contents/Resources/Scripting/Managed/UnityEngine/UnityEditor.SceneTemplateModule.dll"
-r:"/Applications/Unity/Hub/Editor/6000.6.0f1/Unity.app/Contents/Resources/Scripting/Managed/UnityEngine/UnityEditor.SceneViewModule.dll"
-r:"/Applications/Unity/Hub/Editor/6000.6.0f1/Unity.app/Contents/Resources/Scripting/Managed/UnityEngine/UnityEditor.ShaderBuildSettingsModule.dll"
-r:"/Applications/Unity/Hub/Editor/6000.6.0f1/Unity.app/Contents/Resources/Scripting/Managed/UnityEngine/UnityEditor.ShaderCompilationModule.dll"
-r:"/Applications/Unity/Hub/Editor/6000.6.0f1/Unity.app/Contents/Resources/Scripting/Managed/UnityEngine/UnityEditor.ShaderFoundryModule.dll"
-r:"/Applications/Unity/Hub/Editor/6000.6.0f1/Unity.app/Contents/Resources/Scripting/Managed/UnityEngine/UnityEditor.ShaderPreprocessorModule.dll"
-r:"/Applications/Unity/Hub/Editor/6000.6.0f1/Unity.app/Contents/Resources/Scripting/Managed/UnityEngine/UnityEditor.SketchUpModule.dll"
-r:"/Applications/Unity/Hub/Editor/6000.6.0f1/Unity.app/Contents/Resources/Scripting/Managed/UnityEngine/UnityEditor.SpriteMaskModule.dll"
-r:"/Applications/Unity/Hub/Editor/6000.6.0f1/Unity.app/Contents/Resources/Scripting/Managed/UnityEngine/UnityEditor.SpriteShapeModule.dll"
-r:"/Applications/Unity/Hub/Editor/6000.6.0f1/Unity.app/Contents/Resources/Scripting/Managed/UnityEngine/UnityEditor.SubstanceModule.dll"
-r:"/Applications/Unity/Hub/Editor/6000.6.0f1/Unity.app/Contents/Resources/Scripting/Managed/UnityEngine/UnityEditor.SyntaxTreeModule.dll"
-r:"/Applications/Unity/Hub/Editor/6000.6.0f1/Unity.app/Contents/Resources/Scripting/Managed/UnityEngine/UnityEditor.TerrainModule.dll"
-r:"/Applications/Unity/Hub/Editor/6000.6.0f1/Unity.app/Contents/Resources/Scripting/Managed/UnityEngine/UnityEditor.TextCoreFontEngineModule.dll"
-r:"/Applications/Unity/Hub/Editor/6000.6.0f1/Unity.app/Contents/Resources/Scripting/Managed/UnityEngine/UnityEditor.TextCoreTextEngineModule.dll"
-r:"/Applications/Unity/Hub/Editor/6000.6.0f1/Unity.app/Contents/Resources/Scripting/Managed/UnityEngine/UnityEditor.TextRenderingModule.dll"
-r:"/Applications/Unity/Hub/Editor/6000.6.0f1/Unity.app/Contents/Resources/Scripting/Managed/UnityEngine/UnityEditor.TilemapModule.dll"
-r:"/Applications/Unity/Hub/Editor/6000.6.0f1/Unity.app/Contents/Resources/Scripting/Managed/UnityEngine/UnityEditor.TimelineFoundationModule.dll"
-r:"/Applications/Unity/Hub/Editor/6000.6.0f1/Unity.app/Contents/Resources/Scripting/Managed/UnityEngine/UnityEditor.TreeModule.dll"
-r:"/Applications/Unity/Hub/Editor/6000.6.0f1/Unity.app/Contents/Resources/Scripting/Managed/UnityEngine/UnityEditor.U2DModule.dll"
-r:"/Applications/Unity/Hub/Editor/6000.6.0f1/Unity.app/Contents/Resources/Scripting/Managed/UnityEngine/UnityEditor.UIAutomationModule.dll"
-r:"/Applications/Unity/Hub/Editor/6000.6.0f1/Unity.app/Contents/Resources/Scripting/Managed/UnityEngine/UnityEditor.UIBuilderModule.dll"
-r:"/Applications/Unity/Hub/Editor/6000.6.0f1/Unity.app/Contents/Resources/Scripting/Managed/UnityEngine/UnityEditor.UIElementsModule.dll"
-r:"/Applications/Unity/Hub/Editor/6000.6.0f1/Unity.app/Contents/Resources/Scripting/Managed/UnityEngine/UnityEditor.UIElementsSamplesModule.dll"
-r:"/Applications/Unity/Hub/Editor/6000.6.0f1/Unity.app/Contents/Resources/Scripting/Managed/UnityEngine/UnityEditor.UIToolkitAuthoringModule.dll"
-r:"/Applications/Unity/Hub/Editor/6000.6.0f1/Unity.app/Contents/Resources/Scripting/Managed/UnityEngine/UnityEditor.UmbraModule.dll"
-r:"/Applications/Unity/Hub/Editor/6000.6.0f1/Unity.app/Contents/Resources/Scripting/Managed/UnityEngine/UnityEditor.UnityConnectModule.dll"
-r:"/Applications/Unity/Hub/Editor/6000.6.0f1/Unity.app/Contents/Resources/Scripting/Managed/UnityEngine/UnityEditor.VFXModule.dll"
-r:"/Applications/Unity/Hub/Editor/6000.6.0f1/Unity.app/Contents/Resources/Scripting/Managed/UnityEngine/UnityEditor.VectorGraphicsModule.dll"
-r:"/Applications/Unity/Hub/Editor/6000.6.0f1/Unity.app/Contents/Resources/Scripting/Managed/UnityEngine/UnityEditor.VideoModule.dll"
-r:"/Applications/Unity/Hub/Editor/6000.6.0f1/Unity.app/Contents/Resources/Scripting/Managed/UnityEngine/UnityEditor.XRModule.dll"
-r:"/Applications/Unity/Hub/Editor/6000.6.0f1/Unity.app/Contents/Resources/Scripting/Managed/UnityEngine/UnityEditor.dll"
-r:"/Applications/Unity/Hub/Editor/6000.6.0f1/Unity.app/Contents/Resources/Scripting/Managed/UnityEngine/UnityEngine.AIModule.dll"
-r:"/Applications/Unity/Hub/Editor/6000.6.0f1/Unity.app/Contents/Resources/Scripting/Managed/UnityEngine/UnityEngine.ARModule.dll"
-r:"/Applications/Unity/Hub/Editor/6000.6.0f1/Unity.app/Contents/Resources/Scripting/Managed/UnityEngine/UnityEngine.AccessibilityModule.dll"
-r:"/Applications/Unity/Hub/Editor/6000.6.0f1/Unity.app/Contents/Resources/Scripting/Managed/UnityEngine/UnityEngine.AdaptivePerformanceModule.dll"
-r:"/Applications/Unity/Hub/Editor/6000.6.0f1/Unity.app/Contents/Resources/Scripting/Managed/UnityEngine/UnityEngine.AndroidJNIModule.dll"
-r:"/Applications/Unity/Hub/Editor/6000.6.0f1/Unity.app/Contents/Resources/Scripting/Managed/UnityEngine/UnityEngine.AnimationModule.dll"
-r:"/Applications/Unity/Hub/Editor/6000.6.0f1/Unity.app/Contents/Resources/Scripting/Managed/UnityEngine/UnityEngine.AssetBundleModule.dll"
-r:"/Applications/Unity/Hub/Editor/6000.6.0f1/Unity.app/Contents/Resources/Scripting/Managed/UnityEngine/UnityEngine.AudioModule.dll"
-r:"/Applications/Unity/Hub/Editor/6000.6.0f1/Unity.app/Contents/Resources/Scripting/Managed/UnityEngine/UnityEngine.BurstModule.dll"
-r:"/Applications/Unity/Hub/Editor/6000.6.0f1/Unity.app/Contents/Resources/Scripting/Managed/UnityEngine/UnityEngine.ClothModule.dll"
-r:"/Applications/Unity/Hub/Editor/6000.6.0f1/Unity.app/Contents/Resources/Scripting/Managed/UnityEngine/UnityEngine.ClusterInputModule.dll"
-r:"/Applications/Unity/Hub/Editor/6000.6.0f1/Unity.app/Contents/Resources/Scripting/Managed/UnityEngine/UnityEngine.ClusterRendererModule.dll"
-r:"/Applications/Unity/Hub/Editor/6000.6.0f1/Unity.app/Contents/Resources/Scripting/Managed/UnityEngine/UnityEngine.ContentLoadModule.dll"
-r:"/Applications/Unity/Hub/Editor/6000.6.0f1/Unity.app/Contents/Resources/Scripting/Managed/UnityEngine/UnityEngine.CoreModule.dll"
-r:"/Applications/Unity/Hub/Editor/6000.6.0f1/Unity.app/Contents/Resources/Scripting/Managed/UnityEngine/UnityEngine.CrashReportingModule.dll"
-r:"/Applications/Unity/Hub/Editor/6000.6.0f1/Unity.app/Contents/Resources/Scripting/Managed/UnityEngine/UnityEngine.DSPGraphModule.dll"
-r:"/Applications/Unity/Hub/Editor/6000.6.0f1/Unity.app/Contents/Resources/Scripting/Managed/UnityEngine/UnityEngine.DirectorModule.dll"
-r:"/Applications/Unity/Hub/Editor/6000.6.0f1/Unity.app/Contents/Resources/Scripting/Managed/UnityEngine/UnityEngine.GIModule.dll"
-r:"/Applications/Unity/Hub/Editor/6000.6.0f1/Unity.app/Contents/Resources/Scripting/Managed/UnityEngine/UnityEngine.GameCenterModule.dll"
-r:"/Applications/Unity/Hub/Editor/6000.6.0f1/Unity.app/Contents/Resources/Scripting/Managed/UnityEngine/UnityEngine.GraphicsStateCollectionSerializerModule.dll"
-r:"/Applications/Unity/Hub/Editor/6000.6.0f1/Unity.app/Contents/Resources/Scripting/Managed/UnityEngine/UnityEngine.GridModule.dll"
-r:"/Applications/Unity/Hub/Editor/6000.6.0f1/Unity.app/Contents/Resources/Scripting/Managed/UnityEngine/UnityEngine.HierarchyCoreModule.dll"
-r:"/Applications/Unity/Hub/Editor/6000.6.0f1/Unity.app/Contents/Resources/Scripting/Managed/UnityEngine/UnityEngine.HotReloadModule.dll"
-r:"/Applications/Unity/Hub/Editor/6000.6.0f1/Unity.app/Contents/Resources/Scripting/Managed/UnityEngine/UnityEngine.IMGUIModule.dll"
-r:"/Applications/Unity/Hub/Editor/6000.6.0f1/Unity.app/Contents/Resources/Scripting/Managed/UnityEngine/UnityEngine.IdentifiersModule.dll"
-r:"/Applications/Unity/Hub/Editor/6000.6.0f1/Unity.app/Contents/Resources/Scripting/Managed/UnityEngine/UnityEngine.ImageConversionModule.dll"
-r:"/Applications/Unity/Hub/Editor/6000.6.0f1/Unity.app/Contents/Resources/Scripting/Managed/UnityEngine/UnityEngine.InputForUIModule.dll"
-r:"/Applications/Unity/Hub/Editor/6000.6.0f1/Unity.app/Contents/Resources/Scripting/Managed/UnityEngine/UnityEngine.InputLegacyModule.dll"
-r:"/Applications/Unity/Hub/Editor/6000.6.0f1/Unity.app/Contents/Resources/Scripting/Managed/UnityEngine/UnityEngine.InputModule.dll"
-r:"/Applications/Unity/Hub/Editor/6000.6.0f1/Unity.app/Contents/Resources/Scripting/Managed/UnityEngine/UnityEngine.InsightsModule.dll"
-r:"/Applications/Unity/Hub/Editor/6000.6.0f1/Unity.app/Contents/Resources/Scripting/Managed/UnityEngine/UnityEngine.JSONSerializeModule.dll"
-r:"/Applications/Unity/Hub/Editor/6000.6.0f1/Unity.app/Contents/Resources/Scripting/Managed/UnityEngine/UnityEngine.LocalizationModule.dll"
-r:"/Applications/Unity/Hub/Editor/6000.6.0f1/Unity.app/Contents/Resources/Scripting/Managed/UnityEngine/UnityEngine.ManagedKernelModule.dll"
-r:"/Applications/Unity/Hub/Editor/6000.6.0f1/Unity.app/Contents/Resources/Scripting/Managed/UnityEngine/UnityEngine.MarshallingModule.dll"
-r:"/Applications/Unity/Hub/Editor/6000.6.0f1/Unity.app/Contents/Resources/Scripting/Managed/UnityEngine/UnityEngine.MathematicsModule.dll"
-r:"/Applications/Unity/Hub/Editor/6000.6.0f1/Unity.app/Contents/Resources/Scripting/Managed/UnityEngine/UnityEngine.MultiplayerModule.dll"
-r:"/Applications/Unity/Hub/Editor/6000.6.0f1/Unity.app/Contents/Resources/Scripting/Managed/UnityEngine/UnityEngine.ParticleSystemModule.dll"
-r:"/Applications/Unity/Hub/Editor/6000.6.0f1/Unity.app/Contents/Resources/Scripting/Managed/UnityEngine/UnityEngine.PerformanceReportingModule.dll"
-r:"/Applications/Unity/Hub/Editor/6000.6.0f1/Unity.app/Contents/Resources/Scripting/Managed/UnityEngine/UnityEngine.Physics2DModule.dll"
-r:"/Applications/Unity/Hub/Editor/6000.6.0f1/Unity.app/Contents/Resources/Scripting/Managed/UnityEngine/UnityEngine.PhysicsBackendPhysXModule.dll"
-r:"/Applications/Unity/Hub/Editor/6000.6.0f1/Unity.app/Contents/Resources/Scripting/Managed/UnityEngine/UnityEngine.PhysicsCore2DModule.dll"
-r:"/Applications/Unity/Hub/Editor/6000.6.0f1/Unity.app/Contents/Resources/Scripting/Managed/UnityEngine/UnityEngine.PhysicsModule.dll"
-r:"/Applications/Unity/Hub/Editor/6000.6.0f1/Unity.app/Contents/Resources/Scripting/Managed/UnityEngine/UnityEngine.PropertiesModule.dll"
-r:"/Applications/Unity/Hub/Editor/6000.6.0f1/Unity.app/Contents/Resources/Scripting/Managed/UnityEngine/UnityEngine.RenderAs2DModule.dll"
-r:"/Applications/Unity/Hub/Editor/6000.6.0f1/Unity.app/Contents/Resources/Scripting/Managed/UnityEngine/UnityEngine.RuntimeInitializeOnLoadManagerInitializerModule.dll"
-r:"/Applications/Unity/Hub/Editor/6000.6.0f1/Unity.app/Contents/Resources/Scripting/Managed/UnityEngine/UnityEngine.ScreenCaptureModule.dll"
-r:"/Applications/Unity/Hub/Editor/6000.6.0f1/Unity.app/Contents/Resources/Scripting/Managed/UnityEngine/UnityEngine.ScriptingModule.dll"
-r:"/Applications/Unity/Hub/Editor/6000.6.0f1/Unity.app/Contents/Resources/Scripting/Managed/UnityEngine/UnityEngine.ShaderVariantAnalyticsModule.dll"
-r:"/Applications/Unity/Hub/Editor/6000.6.0f1/Unity.app/Contents/Resources/Scripting/Managed/UnityEngine/UnityEngine.SpriteMaskModule.dll"
-r:"/Applications/Unity/Hub/Editor/6000.6.0f1/Unity.app/Contents/Resources/Scripting/Managed/UnityEngine/UnityEngine.SpriteShapeModule.dll"
-r:"/Applications/Unity/Hub/Editor/6000.6.0f1/Unity.app/Contents/Resources/Scripting/Managed/UnityEngine/UnityEngine.StreamingModule.dll"
-r:"/Applications/Unity/Hub/Editor/6000.6.0f1/Unity.app/Contents/Resources/Scripting/Managed/UnityEngine/UnityEngine.SubstanceModule.dll"
-r:"/Applications/Unity/Hub/Editor/6000.6.0f1/Unity.app/Contents/Resources/Scripting/Managed/UnityEngine/UnityEngine.SubsystemsModule.dll"
-r:"/Applications/Unity/Hub/Editor/6000.6.0f1/Unity.app/Contents/Resources/Scripting/Managed/UnityEngine/UnityEngine.TLSModule.dll"
-r:"/Applications/Unity/Hub/Editor/6000.6.0f1/Unity.app/Contents/Resources/Scripting/Managed/UnityEngine/UnityEngine.TerrainModule.dll"
-r:"/Applications/Unity/Hub/Editor/6000.6.0f1/Unity.app/Contents/Resources/Scripting/Managed/UnityEngine/UnityEngine.TerrainPhysicsModule.dll"
-r:"/Applications/Unity/Hub/Editor/6000.6.0f1/Unity.app/Contents/Resources/Scripting/Managed/UnityEngine/UnityEngine.TetgenModule.dll"
-r:"/Applications/Unity/Hub/Editor/6000.6.0f1/Unity.app/Contents/Resources/Scripting/Managed/UnityEngine/UnityEngine.TextCoreFontEngineModule.dll"
-r:"/Applications/Unity/Hub/Editor/6000.6.0f1/Unity.app/Contents/Resources/Scripting/Managed/UnityEngine/UnityEngine.TextCoreTextEngineModule.dll"
-r:"/Applications/Unity/Hub/Editor/6000.6.0f1/Unity.app/Contents/Resources/Scripting/Managed/UnityEngine/UnityEngine.TextRenderingModule.dll"
-r:"/Applications/Unity/Hub/Editor/6000.6.0f1/Unity.app/Contents/Resources/Scripting/Managed/UnityEngine/UnityEngine.TilemapModule.dll"
-r:"/Applications/Unity/Hub/Editor/6000.6.0f1/Unity.app/Contents/Resources/Scripting/Managed/UnityEngine/UnityEngine.TimelineFoundationModule.dll"
-r:"/Applications/Unity/Hub/Editor/6000.6.0f1/Unity.app/Contents/Resources/Scripting/Managed/UnityEngine/UnityEngine.U2DRuntimeModule.dll"
-r:"/Applications/Unity/Hub/Editor/6000.6.0f1/Unity.app/Contents/Resources/Scripting/Managed/UnityEngine/UnityEngine.UIElementsModule.dll"
-r:"/Applications/Unity/Hub/Editor/6000.6.0f1/Unity.app/Contents/Resources/Scripting/Managed/UnityEngine/UnityEngine.UIModule.dll"
-r:"/Applications/Unity/Hub/Editor/6000.6.0f1/Unity.app/Contents/Resources/Scripting/Managed/UnityEngine/UnityEngine.UmbraModule.dll"
-r:"/Applications/Unity/Hub/Editor/6000.6.0f1/Unity.app/Contents/Resources/Scripting/Managed/UnityEngine/UnityEngine.UnityAnalyticsCommonModule.dll"
-r:"/Applications/Unity/Hub/Editor/6000.6.0f1/Unity.app/Contents/Resources/Scripting/Managed/UnityEngine/UnityEngine.UnityAnalyticsModule.dll"
-r:"/Applications/Unity/Hub/Editor/6000.6.0f1/Unity.app/Contents/Resources/Scripting/Managed/UnityEngine/UnityEngine.UnityConnectModule.dll"
-r:"/Applications/Unity/Hub/Editor/6000.6.0f1/Unity.app/Contents/Resources/Scripting/Managed/UnityEngine/UnityEngine.UnityConsentModule.dll"
-r:"/Applications/Unity/Hub/Editor/6000.6.0f1/Unity.app/Contents/Resources/Scripting/Managed/UnityEngine/UnityEngine.UnityCurlModule.dll"
-r:"/Applications/Unity/Hub/Editor/6000.6.0f1/Unity.app/Contents/Resources/Scripting/Managed/UnityEngine/UnityEngine.UnityWebRequestAssetBundleModule.dll"
-r:"/Applications/Unity/Hub/Editor/6000.6.0f1/Unity.app/Contents/Resources/Scripting/Managed/UnityEngine/UnityEngine.UnityWebRequestAudioModule.dll"
-r:"/Applications/Unity/Hub/Editor/6000.6.0f1/Unity.app/Contents/Resources/Scripting/Managed/UnityEngine/UnityEngine.UnityWebRequestModule.dll"
-r:"/Applications/Unity/Hub/Editor/6000.6.0f1/Unity.app/Contents/Resources/Scripting/Managed/UnityEngine/UnityEngine.UnityWebRequestTextureModule.dll"
-r:"/Applications/Unity/Hub/Editor/6000.6.0f1/Unity.app/Contents/Resources/Scripting/Managed/UnityEngine/UnityEngine.UnityWebRequestWWWModule.dll"
-r:"/Applications/Unity/Hub/Editor/6000.6.0f1/Unity.app/Contents/Resources/Scripting/Managed/UnityEngine/UnityEngine.VFXModule.dll"
-r:"/Applications/Unity/Hub/Editor/6000.6.0f1/Unity.app/Contents/Resources/Scripting/Managed/UnityEngine/UnityEngine.VectorGraphicsModule.dll"
-r:"/Applications/Unity/Hub/Editor/6000.6.0f1/Unity.app/Contents/Resources/Scripting/Managed/UnityEngine/UnityEngine.VehiclesModule.dll"
-r:"/Applications/Unity/Hub/Editor/6000.6.0f1/Unity.app/Contents/Resources/Scripting/Managed/UnityEngine/UnityEngine.VideoModule.dll"
-r:"/Applications/Unity/Hub/Editor/6000.6.0f1/Unity.app/Contents/Resources/Scripting/Managed/UnityEngine/UnityEngine.VirtualTexturingModule.dll"
-r:"/Applications/Unity/Hub/Editor/6000.6.0f1/Unity.app/Contents/Resources/Scripting/Managed/UnityEngine/UnityEngine.WindModule.dll"
-r:"/Applications/Unity/Hub/Editor/6000.6.0f1/Unity.app/Contents/Resources/Scripting/Managed/UnityEngine/UnityEngine.XRModule.dll"
-r:"/Applications/Unity/Hub/Editor/6000.6.0f1/Unity.app/Contents/Resources/Scripting/Managed/UnityEngine/UnityEngine.dll"
-r:"/Applications/Unity/Hub/Editor/6000.6.0f1/Unity.app/Contents/Resources/Scripting/NetStandard/Extensions/2.0.0/System.Runtime.InteropServices.WindowsRuntime.dll"
-r:"/Applications/Unity/Hub/Editor/6000.6.0f1/Unity.app/Contents/Resources/Scripting/NetStandard/compat/2.1.0/shims/netfx/System.ComponentModel.Composition.dll"
-r:"/Applications/Unity/Hub/Editor/6000.6.0f1/Unity.app/Contents/Resources/Scripting/NetStandard/compat/2.1.0/shims/netfx/System.Core.dll"
-r:"/Applications/Unity/Hub/Editor/6000.6.0f1/Unity.app/Contents/Resources/Scripting/NetStandard/compat/2.1.0/shims/netfx/System.Data.dll"
-r:"/Applications/Unity/Hub/Editor/6000.6.0f1/Unity.app/Contents/Resources/Scripting/NetStandard/compat/2.1.0/shims/netfx/System.Drawing.dll"
-r:"/Applications/Unity/Hub/Editor/6000.6.0f1/Unity.app/Contents/Resources/Scripting/NetStandard/compat/2.1.0/shims/netfx/System.IO.Compression.FileSystem.dll"
-r:"/Applications/Unity/Hub/Editor/6000.6.0f1/Unity.app/Contents/Resources/Scripting/NetStandard/compat/2.1.0/shims/netfx/System.Net.dll"
-r:"/Applications/Unity/Hub/Editor/6000.6.0f1/Unity.app/Contents/Resources/Scripting/NetStandard/compat/2.1.0/shims/netfx/System.Numerics.dll"
-r:"/Applications/Unity/Hub/Editor/6000.6.0f1/Unity.app/Contents/Resources/Scripting/NetStandard/compat/2.1.0/shims/netfx/System.Runtime.Serialization.dll"
-r:"/Applications/Unity/Hub/Editor/6000.6.0f1/Unity.app/Contents/Resources/Scripting/NetStandard/compat/2.1.0/shims/netfx/System.ServiceModel.Web.dll"
-r:"/Applications/Unity/Hub/Editor/6000.6.0f1/Unity.app/Contents/Resources/Scripting/NetStandard/compat/2.1.0/shims/netfx/System.Transactions.dll"
-r:"/Applications/Unity/Hub/Editor/6000.6.0f1/Unity.app/Contents/Resources/Scripting/NetStandard/compat/2.1.0/shims/netfx/System.Web.dll"
-r:"/Applications/Unity/Hub/Editor/6000.6.0f1/Unity.app/Contents/Resources/Scripting/NetStandard/compat/2.1.0/shims/netfx/System.Windows.dll"
-r:"/Applications/Unity/Hub/Editor/6000.6.0f1/Unity.app/Contents/Resources/Scripting/NetStandard/compat/2.1.0/shims/netfx/System.Xml.Linq.dll"
-r:"/Applications/Unity/Hub/Editor/6000.6.0f1/Unity.app/Contents/Resources/Scripting/NetStandard/compat/2.1.0/shims/netfx/System.Xml.Serialization.dll"
-r:"/Applications/Unity/Hub/Editor/6000.6.0f1/Unity.app/Contents/Resources/Scripting/NetStandard/compat/2.1.0/shims/netfx/System.Xml.dll"
-r:"/Applications/Unity/Hub/Editor/6000.6.0f1/Unity.app/Contents/Resources/Scripting/NetStandard/compat/2.1.0/shims/netfx/System.dll"
-r:"/Applications/Unity/Hub/Editor/6000.6.0f1/Unity.app/Contents/Resources/Scripting/NetStandard/compat/2.1.0/shims/netfx/mscorlib.dll"
-r:"/Applications/Unity/Hub/Editor/6000.6.0f1/Unity.app/Contents/Resources/Scripting/NetStandard/compat/2.1.0/shims/netstandard/Microsoft.Win32.Primitives.dll"
-r:"/Applications/Unity/Hub/Editor/6000.6.0f1/Unity.app/Contents/Resources/Scripting/NetStandard/compat/2.1.0/shims/netstandard/System.AppContext.dll"
-r:"/Applications/Unity/Hub/Editor/6000.6.0f1/Unity.app/Contents/Resources/Scripting/NetStandard/compat/2.1.0/shims/netstandard/System.Buffers.dll"
-r:"/Applications/Unity/Hub/Editor/6000.6.0f1/Unity.app/Contents/Resources/Scripting/NetStandard/compat/2.1.0/shims/netstandard/System.Collections.Concurrent.dll"
-r:"/Applications/Unity/Hub/Editor/6000.6.0f1/Unity.app/Contents/Resources/Scripting/NetStandard/compat/2.1.0/shims/netstandard/System.Collections.NonGeneric.dll"
-r:"/Applications/Unity/Hub/Editor/6000.6.0f1/Unity.app/Contents/Resources/Scripting/NetStandard/compat/2.1.0/shims/netstandard/System.Collections.Specialized.dll"
-r:"/Applications/Unity/Hub/Editor/6000.6.0f1/Unity.app/Contents/Resources/Scripting/NetStandard/compat/2.1.0/shims/netstandard/System.Collections.dll"
-r:"/Applications/Unity/Hub/Editor/6000.6.0f1/Unity.app/Contents/Resources/Scripting/NetStandard/compat/2.1.0/shims/netstandard/System.ComponentModel.EventBasedAsync.dll"
-r:"/Applications/Unity/Hub/Editor/6000.6.0f1/Unity.app/Contents/Resources/Scripting/NetStandard/compat/2.1.0/shims/netstandard/System.ComponentModel.Primitives.dll"
-r:"/Applications/Unity/Hub/Editor/6000.6.0f1/Unity.app/Contents/Resources/Scripting/NetStandard/compat/2.1.0/shims/netstandard/System.ComponentModel.TypeConverter.dll"
-r:"/Applications/Unity/Hub/Editor/6000.6.0f1/Unity.app/Contents/Resources/Scripting/NetStandard/compat/2.1.0/shims/netstandard/System.ComponentModel.dll"
-r:"/Applications/Unity/Hub/Editor/6000.6.0f1/Unity.app/Contents/Resources/Scripting/NetStandard/compat/2.1.0/shims/netstandard/System.Console.dll"
-r:"/Applications/Unity/Hub/Editor/6000.6.0f1/Unity.app/Contents/Resources/Scripting/NetStandard/compat/2.1.0/shims/netstandard/System.Data.Common.dll"
-r:"/Applications/Unity/Hub/Editor/6000.6.0f1/Unity.app/Contents/Resources/Scripting/NetStandard/compat/2.1.0/shims/netstandard/System.Diagnostics.Contracts.dll"
-r:"/Applications/Unity/Hub/Editor/6000.6.0f1/Unity.app/Contents/Resources/Scripting/NetStandard/compat/2.1.0/shims/netstandard/System.Diagnostics.Debug.dll"
-r:"/Applications/Unity/Hub/Editor/6000.6.0f1/Unity.app/Contents/Resources/Scripting/NetStandard/compat/2.1.0/shims/netstandard/System.Diagnostics.FileVersionInfo.dll"
-r:"/Applications/Unity/Hub/Editor/6000.6.0f1/Unity.app/Contents/Resources/Scripting/NetStandard/compat/2.1.0/shims/netstandard/System.Diagnostics.Process.dll"
-r:"/Applications/Unity/Hub/Editor/6000.6.0f1/Unity.app/Contents/Resources/Scripting/NetStandard/compat/2.1.0/shims/netstandard/System.Diagnostics.StackTrace.dll"
-r:"/Applications/Unity/Hub/Editor/6000.6.0f1/Unity.app/Contents/Resources/Scripting/NetStandard/compat/2.1.0/shims/netstandard/System.Diagnostics.TextWriterTraceListener.dll"
-r:"/Applications/Unity/Hub/Editor/6000.6.0f1/Unity.app/Contents/Resources/Scripting/NetStandard/compat/2.1.0/shims/netstandard/System.Diagnostics.Tools.dll"
-r:"/Applications/Unity/Hub/Editor/6000.6.0f1/Unity.app/Contents/Resources/Scripting/NetStandard/compat/2.1.0/shims/netstandard/System.Diagnostics.TraceSource.dll"
-r:"/Applications/Unity/Hub/Editor/6000.6.0f1/Unity.app/Contents/Resources/Scripting/NetStandard/compat/2.1.0/shims/netstandard/System.Diagnostics.Tracing.dll"
-r:"/Applications/Unity/Hub/Editor/6000.6.0f1/Unity.app/Contents/Resources/Scripting/NetStandard/compat/2.1.0/shims/netstandard/System.Drawing.Primitives.dll"
-r:"/Applications/Unity/Hub/Editor/6000.6.0f1/Unity.app/Contents/Resources/Scripting/NetStandard/compat/2.1.0/shims/netstandard/System.Dynamic.Runtime.dll"
-r:"/Applications/Unity/Hub/Editor/6000.6.0f1/Unity.app/Contents/Resources/Scripting/NetStandard/compat/2.1.0/shims/netstandard/System.Globalization.Calendars.dll"
-r:"/Applications/Unity/Hub/Editor/6000.6.0f1/Unity.app/Contents/Resources/Scripting/NetStandard/compat/2.1.0/shims/netstandard/System.Globalization.Extensions.dll"
-r:"/Applications/Unity/Hub/Editor/6000.6.0f1/Unity.app/Contents/Resources/Scripting/NetStandard/compat/2.1.0/shims/netstandard/System.Globalization.dll"
-r:"/Applications/Unity/Hub/Editor/6000.6.0f1/Unity.app/Contents/Resources/Scripting/NetStandard/compat/2.1.0/shims/netstandard/System.IO.Compression.ZipFile.dll"
-r:"/Applications/Unity/Hub/Editor/6000.6.0f1/Unity.app/Contents/Resources/Scripting/NetStandard/compat/2.1.0/shims/netstandard/System.IO.Compression.dll"
-r:"/Applications/Unity/Hub/Editor/6000.6.0f1/Unity.app/Contents/Resources/Scripting/NetStandard/compat/2.1.0/shims/netstandard/System.IO.FileSystem.DriveInfo.dll"
-r:"/Applications/Unity/Hub/Editor/6000.6.0f1/Unity.app/Contents/Resources/Scripting/NetStandard/compat/2.1.0/shims/netstandard/System.IO.FileSystem.Primitives.dll"
-r:"/Applications/Unity/Hub/Editor/6000.6.0f1/Unity.app/Contents/Resources/Scripting/NetStandard/compat/2.1.0/shims/netstandard/System.IO.FileSystem.Watcher.dll"
-r:"/Applications/Unity/Hub/Editor/6000.6.0f1/Unity.app/Contents/Resources/Scripting/NetStandard/compat/2.1.0/shims/netstandard/System.IO.FileSystem.dll"
-r:"/Applications/Unity/Hub/Editor/6000.6.0f1/Unity.app/Contents/Resources/Scripting/NetStandard/compat/2.1.0/shims/netstandard/System.IO.IsolatedStorage.dll"
-r:"/Applications/Unity/Hub/Editor/6000.6.0f1/Unity.app/Contents/Resources/Scripting/NetStandard/compat/2.1.0/shims/netstandard/System.IO.MemoryMappedFiles.dll"
-r:"/Applications/Unity/Hub/Editor/6000.6.0f1/Unity.app/Contents/Resources/Scripting/NetStandard/compat/2.1.0/shims/netstandard/System.IO.Pipes.dll"
-r:"/Applications/Unity/Hub/Editor/6000.6.0f1/Unity.app/Contents/Resources/Scripting/NetStandard/compat/2.1.0/shims/netstandard/System.IO.UnmanagedMemoryStream.dll"
-r:"/Applications/Unity/Hub/Editor/6000.6.0f1/Unity.app/Contents/Resources/Scripting/NetStandard/compat/2.1.0/shims/netstandard/System.IO.dll"
-r:"/Applications/Unity/Hub/Editor/6000.6.0f1/Unity.app/Contents/Resources/Scripting/NetStandard/compat/2.1.0/shims/netstandard/System.Linq.Expressions.dll"
-r:"/Applications/Unity/Hub/Editor/6000.6.0f1/Unity.app/Contents/Resources/Scripting/NetStandard/compat/2.1.0/shims/netstandard/System.Linq.Parallel.dll"
-r:"/Applications/Unity/Hub/Editor/6000.6.0f1/Unity.app/Contents/Resources/Scripting/NetStandard/compat/2.1.0/shims/netstandard/System.Linq.Queryable.dll"
-r:"/Applications/Unity/Hub/Editor/6000.6.0f1/Unity.app/Contents/Resources/Scripting/NetStandard/compat/2.1.0/shims/netstandard/System.Linq.dll"
-r:"/Applications/Unity/Hub/Editor/6000.6.0f1/Unity.app/Contents/Resources/Scripting/NetStandard/compat/2.1.0/shims/netstandard/System.Memory.dll"
-r:"/Applications/Unity/Hub/Editor/6000.6.0f1/Unity.app/Contents/Resources/Scripting/NetStandard/compat/2.1.0/shims/netstandard/System.Net.Http.dll"
-r:"/Applications/Unity/Hub/Editor/6000.6.0f1/Unity.app/Contents/Resources/Scripting/NetStandard/compat/2.1.0/shims/netstandard/System.Net.NameResolution.dll"
-r:"/Applications/Unity/Hub/Editor/6000.6.0f1/Unity.app/Contents/Resources/Scripting/NetStandard/compat/2.1.0/shims/netstandard/System.Net.NetworkInformation.dll"
-r:"/Applications/Unity/Hub/Editor/6000.6.0f1/Unity.app/Contents/Resources/Scripting/NetStandard/compat/2.1.0/shims/netstandard/System.Net.Ping.dll"
-r:"/Applications/Unity/Hub/Editor/6000.6.0f1/Unity.app/Contents/Resources/Scripting/NetStandard/compat/2.1.0/shims/netstandard/System.Net.Primitives.dll"
-r:"/Applications/Unity/Hub/Editor/6000.6.0f1/Unity.app/Contents/Resources/Scripting/NetStandard/compat/2.1.0/shims/netstandard/System.Net.Requests.dll"
-r:"/Applications/Unity/Hub/Editor/6000.6.0f1/Unity.app/Contents/Resources/Scripting/NetStandard/compat/2.1.0/shims/netstandard/System.Net.Security.dll"
-r:"/Applications/Unity/Hub/Editor/6000.6.0f1/Unity.app/Contents/Resources/Scripting/NetStandard/compat/2.1.0/shims/netstandard/System.Net.Sockets.dll"
-r:"/Applications/Unity/Hub/Editor/6000.6.0f1/Unity.app/Contents/Resources/Scripting/NetStandard/compat/2.1.0/shims/netstandard/System.Net.WebHeaderCollection.dll"
-r:"/Applications/Unity/Hub/Editor/6000.6.0f1/Unity.app/Contents/Resources/Scripting/NetStandard/compat/2.1.0/shims/netstandard/System.Net.WebSockets.Client.dll"
-r:"/Applications/Unity/Hub/Editor/6000.6.0f1/Unity.app/Contents/Resources/Scripting/NetStandard/compat/2.1.0/shims/netstandard/System.Net.WebSockets.dll"
-r:"/Applications/Unity/Hub/Editor/6000.6.0f1/Unity.app/Contents/Resources/Scripting/NetStandard/compat/2.1.0/shims/netstandard/System.Numerics.Vectors.dll"
-r:"/Applications/Unity/Hub/Editor/6000.6.0f1/Unity.app/Contents/Resources/Scripting/NetStandard/compat/2.1.0/shims/netstandard/System.ObjectModel.dll"
-r:"/Applications/Unity/Hub/Editor/6000.6.0f1/Unity.app/Contents/Resources/Scripting/NetStandard/compat/2.1.0/shims/netstandard/System.Reflection.DispatchProxy.dll"
-r:"/Applications/Unity/Hub/Editor/6000.6.0f1/Unity.app/Contents/Resources/Scripting/NetStandard/compat/2.1.0/shims/netstandard/System.Reflection.Emit.ILGeneration.dll"
-r:"/Applications/Unity/Hub/Editor/6000.6.0f1/Unity.app/Contents/Resources/Scripting/NetStandard/compat/2.1.0/shims/netstandard/System.Reflection.Emit.Lightweight.dll"
-r:"/Applications/Unity/Hub/Editor/6000.6.0f1/Unity.app/Contents/Resources/Scripting/NetStandard/compat/2.1.0/shims/netstandard/System.Reflection.Emit.dll"
-r:"/Applications/Unity/Hub/Editor/6000.6.0f1/Unity.app/Contents/Resources/Scripting/NetStandard/compat/2.1.0/shims/netstandard/System.Reflection.Extensions.dll"
-r:"/Applications/Unity/Hub/Editor/6000.6.0f1/Unity.app/Contents/Resources/Scripting/NetStandard/compat/2.1.0/shims/netstandard/System.Reflection.Primitives.dll"
-r:"/Applications/Unity/Hub/Editor/6000.6.0f1/Unity.app/Contents/Resources/Scripting/NetStandard/compat/2.1.0/shims/netstandard/System.Reflection.dll"
-r:"/Applications/Unity/Hub/Editor/6000.6.0f1/Unity.app/Contents/Resources/Scripting/NetStandard/compat/2.1.0/shims/netstandard/System.Resources.Reader.dll"
-r:"/Applications/Unity/Hub/Editor/6000.6.0f1/Unity.app/Contents/Resources/Scripting/NetStandard/compat/2.1.0/shims/netstandard/System.Resources.ResourceManager.dll"
-r:"/Applications/Unity/Hub/Editor/6000.6.0f1/Unity.app/Contents/Resources/Scripting/NetStandard/compat/2.1.0/shims/netstandard/System.Resources.Writer.dll"
-r:"/Applications/Unity/Hub/Editor/6000.6.0f1/Unity.app/Contents/Resources/Scripting/NetStandard/compat/2.1.0/shims/netstandard/System.Runtime.CompilerServices.VisualC.dll"
-r:"/Applications/Unity/Hub/Editor/6000.6.0f1/Unity.app/Contents/Resources/Scripting/NetStandard/compat/2.1.0/shims/netstandard/System.Runtime.Extensions.dll"
-r:"/Applications/Unity/Hub/Editor/6000.6.0f1/Unity.app/Contents/Resources/Scripting/NetStandard/compat/2.1.0/shims/netstandard/System.Runtime.Handles.dll"
-r:"/Applications/Unity/Hub/Editor/6000.6.0f1/Unity.app/Contents/Resources/Scripting/NetStandard/compat/2.1.0/shims/netstandard/System.Runtime.InteropServices.RuntimeInformation.dll"
-r:"/Applications/Unity/Hub/Editor/6000.6.0f1/Unity.app/Contents/Resources/Scripting/NetStandard/compat/2.1.0/shims/netstandard/System.Runtime.InteropServices.dll"
-r:"/Applications/Unity/Hub/Editor/6000.6.0f1/Unity.app/Contents/Resources/Scripting/NetStandard/compat/2.1.0/shims/netstandard/System.Runtime.Numerics.dll"
-r:"/Applications/Unity/Hub/Editor/6000.6.0f1/Unity.app/Contents/Resources/Scripting/NetStandard/compat/2.1.0/shims/netstandard/System.Runtime.Serialization.Formatters.dll"
-r:"/Applications/Unity/Hub/Editor/6000.6.0f1/Unity.app/Contents/Resources/Scripting/NetStandard/compat/2.1.0/shims/netstandard/System.Runtime.Serialization.Json.dll"
-r:"/Applications/Unity/Hub/Editor/6000.6.0f1/Unity.app/Contents/Resources/Scripting/NetStandard/compat/2.1.0/shims/netstandard/System.Runtime.Serialization.Primitives.dll"
-r:"/Applications/Unity/Hub/Editor/6000.6.0f1/Unity.app/Contents/Resources/Scripting/NetStandard/compat/2.1.0/shims/netstandard/System.Runtime.Serialization.Xml.dll"
-r:"/Applications/Unity/Hub/Editor/6000.6.0f1/Unity.app/Contents/Resources/Scripting/NetStandard/compat/2.1.0/shims/netstandard/System.Runtime.dll"
-r:"/Applications/Unity/Hub/Editor/6000.6.0f1/Unity.app/Contents/Resources/Scripting/NetStandard/compat/2.1.0/shims/netstandard/System.Security.Claims.dll"
-r:"/Applications/Unity/Hub/Editor/6000.6.0f1/Unity.app/Contents/Resources/Scripting/NetStandard/compat/2.1.0/shims/netstandard/System.Security.Cryptography.Algorithms.dll"
-r:"/Applications/Unity/Hub/Editor/6000.6.0f1/Unity.app/Contents/Resources/Scripting/NetStandard/compat/2.1.0/shims/netstandard/System.Security.Cryptography.Csp.dll"
-r:"/Applications/Unity/Hub/Editor/6000.6.0f1/Unity.app/Contents/Resources/Scripting/NetStandard/compat/2.1.0/shims/netstandard/System.Security.Cryptography.Encoding.dll"
-r:"/Applications/Unity/Hub/Editor/6000.6.0f1/Unity.app/Contents/Resources/Scripting/NetStandard/compat/2.1.0/shims/netstandard/System.Security.Cryptography.Primitives.dll"
-r:"/Applications/Unity/Hub/Editor/6000.6.0f1/Unity.app/Contents/Resources/Scripting/NetStandard/compat/2.1.0/shims/netstandard/System.Security.Cryptography.X509Certificates.dll"
-r:"/Applications/Unity/Hub/Editor/6000.6.0f1/Unity.app/Contents/Resources/Scripting/NetStandard/compat/2.1.0/shims/netstandard/System.Security.Principal.dll"
-r:"/Applications/Unity/Hub/Editor/6000.6.0f1/Unity.app/Contents/Resources/Scripting/NetStandard/compat/2.1.0/shims/netstandard/System.Security.SecureString.dll"
-r:"/Applications/Unity/Hub/Editor/6000.6.0f1/Unity.app/Contents/Resources/Scripting/NetStandard/compat/2.1.0/shims/netstandard/System.Text.Encoding.Extensions.dll"
-r:"/Applications/Unity/Hub/Editor/6000.6.0f1/Unity.app/Contents/Resources/Scripting/NetStandard/compat/2.1.0/shims/netstandard/System.Text.Encoding.dll"
-r:"/Applications/Unity/Hub/Editor/6000.6.0f1/Unity.app/Contents/Resources/Scripting/NetStandard/compat/2.1.0/shims/netstandard/System.Text.RegularExpressions.dll"
-r:"/Applications/Unity/Hub/Editor/6000.6.0f1/Unity.app/Contents/Resources/Scripting/NetStandard/compat/2.1.0/shims/netstandard/System.Threading.Overlapped.dll"
-r:"/Applications/Unity/Hub/Editor/6000.6.0f1/Unity.app/Contents/Resources/Scripting/NetStandard/compat/2.1.0/shims/netstandard/System.Threading.Tasks.Extensions.dll"
-r:"/Applications/Unity/Hub/Editor/6000.6.0f1/Unity.app/Contents/Resources/Scripting/NetStandard/compat/2.1.0/shims/netstandard/System.Threading.Tasks.Parallel.dll"
-r:"/Applications/Unity/Hub/Editor/6000.6.0f1/Unity.app/Contents/Resources/Scripting/NetStandard/compat/2.1.0/shims/netstandard/System.Threading.Tasks.dll"
-r:"/Applications/Unity/Hub/Editor/6000.6.0f1/Unity.app/Contents/Resources/Scripting/NetStandard/compat/2.1.0/shims/netstandard/System.Threading.Thread.dll"
-r:"/Applications/Unity/Hub/Editor/6000.6.0f1/Unity.app/Contents/Resources/Scripting/NetStandard/compat/2.1.0/shims/netstandard/System.Threading.ThreadPool.dll"
-r:"/Applications/Unity/Hub/Editor/6000.6.0f1/Unity.app/Contents/Resources/Scripting/NetStandard/compat/2.1.0/shims/netstandard/System.Threading.Timer.dll"
-r:"/Applications/Unity/Hub/Editor/6000.6.0f1/Unity.app/Contents/Resources/Scripting/NetStandard/compat/2.1.0/shims/netstandard/System.Threading.dll"
-r:"/Applications/Unity/Hub/Editor/6000.6.0f1/Unity.app/Contents/Resources/Scripting/NetStandard/compat/2.1.0/shims/netstandard/System.ValueTuple.dll"
-r:"/Applications/Unity/Hub/Editor/6000.6.0f1/Unity.app/Contents/Resources/Scripting/NetStandard/compat/2.1.0/shims/netstandard/System.Xml.ReaderWriter.dll"
-r:"/Applications/Unity/Hub/Editor/6000.6.0f1/Unity.app/Contents/Resources/Scripting/NetStandard/compat/2.1.0/shims/netstandard/System.Xml.XDocument.dll"
-r:"/Applications/Unity/Hub/Editor/6000.6.0f1/Unity.app/Contents/Resources/Scripting/NetStandard/compat/2.1.0/shims/netstandard/System.Xml.XPath.XDocument.dll"
-r:"/Applications/Unity/Hub/Editor/6000.6.0f1/Unity.app/Contents/Resources/Scripting/NetStandard/compat/2.1.0/shims/netstandard/System.Xml.XPath.dll"
-r:"/Applications/Unity/Hub/Editor/6000.6.0f1/Unity.app/Contents/Resources/Scripting/NetStandard/compat/2.1.0/shims/netstandard/System.Xml.XmlDocument.dll"
-r:"/Applications/Unity/Hub/Editor/6000.6.0f1/Unity.app/Contents/Resources/Scripting/NetStandard/compat/2.1.0/shims/netstandard/System.Xml.XmlSerializer.dll"
-r:"/Applications/Unity/Hub/Editor/6000.6.0f1/Unity.app/Contents/Resources/Scripting/NetStandard/ref/2.1.0/netstandard.dll"
-r:"Library/PackageCache/com.unity.collections@10fff0607388/Unity.Collections.LowLevel.ILSupport/Unity.Collections.LowLevel.ILSupport.dll"
-r:"Library/PackageCache/com.unity.ext.nunit@0198eae3b53e/net472/unity-custom/nunit.framework.dll"
-r:"Library/PackageCache/com.unity.nuget.mono-cecil@ecb9724e46ff/Mono.Cecil.dll"
-r:"Library/PackageCache/com.unity.visualscripting@4edfcc09512f/Runtime/VisualScripting.Flow/Dependencies/NCalc/Unity.VisualScripting.Antlr3.Runtime.dll"
-r:"Library/Bee/artifacts/200b0aE.dag/PsdPlugin.ref.dll"
-r:"Library/Bee/artifacts/200b0aE.dag/Unity.2D.Animation.Editor.ref.dll"
-r:"Library/Bee/artifacts/200b0aE.dag/Unity.2D.Animation.Profiler.Editor.ref.dll"
-r:"Library/Bee/artifacts/200b0aE.dag/Unity.2D.Animation.Profiler.ref.dll"
-r:"Library/Bee/artifacts/200b0aE.dag/Unity.2D.Animation.Runtime.ref.dll"
-r:"Library/Bee/artifacts/200b0aE.dag/Unity.2D.Aseprite.Common.ref.dll"
-r:"Library/Bee/artifacts/200b0aE.dag/Unity.2D.Aseprite.Editor.ref.dll"
-r:"Library/Bee/artifacts/200b0aE.dag/Unity.2D.Common.Editor.ref.dll"
-r:"Library/Bee/artifacts/200b0aE.dag/Unity.2D.Common.Path.Editor.ref.dll"
-r:"Library/Bee/artifacts/200b0aE.dag/Unity.2D.Common.Runtime.ref.dll"
-r:"Library/Bee/artifacts/200b0aE.dag/Unity.2D.IK.Editor.ref.dll"
-r:"Library/Bee/artifacts/200b0aE.dag/Unity.2D.IK.Runtime.ref.dll"
-r:"Library/Bee/artifacts/200b0aE.dag/Unity.2D.PixelPerfect.Editor.ref.dll"
-r:"Library/Bee/artifacts/200b0aE.dag/Unity.2D.PixelPerfect.ref.dll"
-r:"Library/Bee/artifacts/200b0aE.dag/Unity.2D.Psdimporter.Editor.ref.dll"
-r:"Library/Bee/artifacts/200b0aE.dag/Unity.2D.Sprite.Editor.ref.dll"
-r:"Library/Bee/artifacts/200b0aE.dag/Unity.2D.SpriteShape.Editor.ref.dll"
-r:"Library/Bee/artifacts/200b0aE.dag/Unity.2D.SpriteShape.Runtime.ref.dll"
-r:"Library/Bee/artifacts/200b0aE.dag/Unity.2D.Tilemap.Editor.ref.dll"
-r:"Library/Bee/artifacts/200b0aE.dag/Unity.2D.Tilemap.Extras.Editor.ref.dll"
-r:"Library/Bee/artifacts/200b0aE.dag/Unity.2D.Tilemap.Extras.ref.dll"
-r:"Library/Bee/artifacts/200b0aE.dag/Unity.2D.Tooling.Editor.ref.dll"
-r:"Library/Bee/artifacts/200b0aE.dag/Unity.AI.Navigation.Editor.ConversionSystem.ref.dll"
-r:"Library/Bee/artifacts/200b0aE.dag/Unity.AI.Navigation.Editor.ref.dll"
-r:"Library/Bee/artifacts/200b0aE.dag/Unity.AI.Navigation.ref.dll"
-r:"Library/Bee/artifacts/200b0aE.dag/Unity.AI.Navigation.Updater.ref.dll"
-r:"Library/Bee/artifacts/200b0aE.dag/Unity.Burst.ref.dll"
-r:"Library/Bee/artifacts/200b0aE.dag/Unity.Collections.Editor.ref.dll"
-r:"Library/Bee/artifacts/200b0aE.dag/Unity.Collections.ref.dll"
-r:"Library/Bee/artifacts/200b0aE.dag/Unity.Collections.Tests.CoreCLR.InternalJobNestedPrivate.ref.dll"
-r:"Library/Bee/artifacts/200b0aE.dag/Unity.Collections.Tests.CoreCLR.PrivateJobNested.ref.dll"
-r:"Library/Bee/artifacts/200b0aE.dag/Unity.Collections.Tests.CoreCLR.ProtectedJobNested.ref.dll"
-r:"Library/Bee/artifacts/200b0aE.dag/Unity.Collections.Tests.CoreCLR.PublicJobPrivateGeneric.ref.dll"
-r:"Library/Bee/artifacts/200b0aE.dag/Unity.GraphAuthoring.Editor.ref.dll"
-r:"Library/Bee/artifacts/200b0aE.dag/Unity.InputSystem.ForUI.Editor.ref.dll"
-r:"Library/Bee/artifacts/200b0aE.dag/Unity.InputSystem.ForUI.ref.dll"
-r:"Library/Bee/artifacts/200b0aE.dag/Unity.InputSystem.ref.dll"
-r:"Library/Bee/artifacts/200b0aE.dag/Unity.InternalAPIEditorBridge.001.ref.dll"
-r:"Library/Bee/artifacts/200b0aE.dag/Unity.InternalAPIEditorBridge.ShaderGraph.Editor.ref.dll"
-r:"Library/Bee/artifacts/200b0aE.dag/Unity.InternalAPIEngineBridge.001.ref.dll"
-r:"Library/Bee/artifacts/200b0aE.dag/Unity.InternalAPIEngineBridge.004.ref.dll"
-r:"Library/Bee/artifacts/200b0aE.dag/Unity.InternalAPIEngineBridge.ObjectDispatcher.Runtime.ref.dll"
-r:"Library/Bee/artifacts/200b0aE.dag/Unity.InternalAPIEngineBridge.RenderPipelines.Core.Editor.ref.dll"
-r:"Library/Bee/artifacts/200b0aE.dag/Unity.InternalAPIEngineBridge.RenderPipelines.Core.Runtime.Shared.ref.dll"
-r:"Library/Bee/artifacts/200b0aE.dag/Unity.Mathematics.ref.dll"
-r:"Library/Bee/artifacts/200b0aE.dag/Unity.PathTracing.Editor.ref.dll"
-r:"Library/Bee/artifacts/200b0aE.dag/Unity.PathTracing.Runtime.ref.dll"
-r:"Library/Bee/artifacts/200b0aE.dag/Unity.PlasticSCM.Editor.Assistant.ref.dll"
-r:"Library/Bee/artifacts/200b0aE.dag/Unity.PlasticSCM.Editor.ref.dll"
-r:"Library/Bee/artifacts/200b0aE.dag/Unity.Profiling.Core.ref.dll"
-r:"Library/Bee/artifacts/200b0aE.dag/Unity.Rendering.LightTransport.Editor.ref.dll"
-r:"Library/Bee/artifacts/200b0aE.dag/Unity.RenderPipeline.Universal.ShaderLibrary.ref.dll"
-r:"Library/Bee/artifacts/200b0aE.dag/Unity.RenderPipelines.Core.Editor.ref.dll"
-r:"Library/Bee/artifacts/200b0aE.dag/Unity.RenderPipelines.Core.Editor.Shared.ref.dll"
-r:"Library/Bee/artifacts/200b0aE.dag/Unity.RenderPipelines.Core.Runtime.ref.dll"
-r:"Library/Bee/artifacts/200b0aE.dag/Unity.RenderPipelines.Core.Runtime.Shared.ref.dll"
-r:"Library/Bee/artifacts/200b0aE.dag/Unity.RenderPipelines.Core.ShaderLibrary.ref.dll"
-r:"Library/Bee/artifacts/200b0aE.dag/Unity.RenderPipelines.GPUDriven.Runtime.ref.dll"
-r:"Library/Bee/artifacts/200b0aE.dag/Unity.RenderPipelines.ShaderGraph.ShaderGraphLibrary.ref.dll"
-r:"Library/Bee/artifacts/200b0aE.dag/Unity.RenderPipelines.Universal.2D.Editor.Overrides.ref.dll"
-r:"Library/Bee/artifacts/200b0aE.dag/Unity.RenderPipelines.Universal.2D.Runtime.ref.dll"
-r:"Library/Bee/artifacts/200b0aE.dag/Unity.RenderPipelines.Universal.Config.Runtime.ref.dll"
-r:"Library/Bee/artifacts/200b0aE.dag/Unity.RenderPipelines.Universal.Editor.ref.dll"
-r:"Library/Bee/artifacts/200b0aE.dag/Unity.RenderPipelines.Universal.Runtime.ref.dll"
-r:"Library/Bee/artifacts/200b0aE.dag/Unity.RenderPipelines.Universal.Shaders.ref.dll"
-r:"Library/Bee/artifacts/200b0aE.dag/Unity.Rider.Editor.ref.dll"
-r:"Library/Bee/artifacts/200b0aE.dag/Unity.Searcher.Editor.ref.dll"
-r:"Library/Bee/artifacts/200b0aE.dag/Unity.ShaderGraph.Editor.ref.dll"
-r:"Library/Bee/artifacts/200b0aE.dag/Unity.SurfaceCache.Runtime.ref.dll"
-r:"Library/Bee/artifacts/200b0aE.dag/Unity.TextMeshPro.Editor.ref.dll"
-r:"Library/Bee/artifacts/200b0aE.dag/Unity.TextMeshPro.ref.dll"
-r:"Library/Bee/artifacts/200b0aE.dag/Unity.Timeline.Editor.ref.dll"
-r:"Library/Bee/artifacts/200b0aE.dag/Unity.Timeline.ref.dll"
-r:"Library/Bee/artifacts/200b0aE.dag/Unity.UnifiedRayTracing.Runtime.ref.dll"
-r:"Library/Bee/artifacts/200b0aE.dag/Unity.VisualScripting.Core.Editor.ref.dll"
-r:"Library/Bee/artifacts/200b0aE.dag/Unity.VisualScripting.Core.ref.dll"
-r:"Library/Bee/artifacts/200b0aE.dag/Unity.VisualScripting.Flow.Editor.ref.dll"
-r:"Library/Bee/artifacts/200b0aE.dag/Unity.VisualScripting.Flow.ref.dll"
-r:"Library/Bee/artifacts/200b0aE.dag/Unity.VisualScripting.SettingsProvider.Editor.ref.dll"
-r:"Library/Bee/artifacts/200b0aE.dag/Unity.VisualScripting.Shared.Editor.ref.dll"
-r:"Library/Bee/artifacts/200b0aE.dag/Unity.VisualScripting.State.Editor.ref.dll"
-r:"Library/Bee/artifacts/200b0aE.dag/Unity.VisualScripting.State.ref.dll"
-r:"Library/Bee/artifacts/200b0aE.dag/Unity.VisualStudio.Editor.ref.dll"
-r:"Library/Bee/artifacts/200b0aE.dag/UnityEditor.UI.Analytics.ref.dll"
-r:"Library/Bee/artifacts/200b0aE.dag/UnityEditor.UI.ref.dll"
-r:"Library/Bee/artifacts/200b0aE.dag/UnityEngine.UI.ref.dll"
-analyzer:"/Applications/Unity/Hub/Editor/6000.6.0f1/Unity.app/Contents/Resources/BuildPipeline/Unity.Analyzers.Common/Unity.Analyzers.Common.dll"
-analyzer:"/Applications/Unity/Hub/Editor/6000.6.0f1/Unity.app/Contents/Resources/BuildPipeline/Unity.Analyzers.LongLiving/Unity.Analyzers.LongLiving.dll"
-analyzer:"/Applications/Unity/Hub/Editor/6000.6.0f1/Unity.app/Contents/Resources/BuildPipeline/Unity.SourceGenerators/Unity.Properties.SourceGenerator.dll"
-analyzer:"/Applications/Unity/Hub/Editor/6000.6.0f1/Unity.app/Contents/Resources/BuildPipeline/Unity.SourceGenerators/Unity.SourceGenerators.dll"
-analyzer:"/Applications/Unity/Hub/Editor/6000.6.0f1/Unity.app/Contents/Resources/BuildPipeline/Unity.SourceGenerators/Unity.UIToolkit.SourceGenerator.dll"
-analyzer:"/Applications/Unity/Hub/Editor/6000.6.0f1/Unity.app/Contents/Resources/Scripting/BCLExtensions/TargetingPacks/netstandard2.1/analyzers/dotnet/roslyn4.0/cs/Microsoft.Extensions.Logging.Generators.dll"
-analyzer:"/Applications/Unity/Hub/Editor/6000.6.0f1/Unity.app/Contents/Resources/Scripting/BCLExtensions/TargetingPacks/netstandard2.1/analyzers/dotnet/roslyn4.0/cs/System.Text.Json.SourceGeneration.dll"
"Assets/Script/HelloWorld.cs"
"Assets/Script/Wasd/NewMonoBehaviourScript.cs"
"Assets/TutorialInfo/Readme.cs"
-langversion:9.0
/deterministic
/optimize+
/debug:portable
/nologo
/RuntimeMetadataVersion:v4.0.30319
/nowarn:0169
/nowarn:0649
/nowarn:0282
/nowarn:1701
/nowarn:1702
/utf8output
/preferreduilang:en-US
/additionalfile:"Library/Bee/artifacts/200b0aE.dag/Assembly-CSharp.UnityAdditionalFile.txt"
##### Custom Environment Variables
DOTNET_HOST_PATH=/Applications/Unity/Hub/Editor/6000.6.0f1/Unity.app/Contents/Resources/Scripting/DotNetSdk/dotnet
DOTNET_MULTILEVEL_LOOKUP=0
##### ExitCode
1
##### Output
Assets/Script/Wasd/NewMonoBehaviourScript.cs(21,45): warning CS0642: Possible mistaken empty statement
Assets/Script/Wasd/NewMonoBehaviourScript.cs(25,30): error CS1061: 'Keyboard' does not contain a definition for 'skey' and no accessible extension method 'skey' accepting a first argument of type 'Keyboard' could be found (are you missing a using directive or an assembly reference?)
Assets/Script/Wasd/NewMonoBehaviourScript.cs(25,45): warning CS0642: Possible mistaken empty statement
Assets/Script/Wasd/NewMonoBehaviourScript.cs(29,29): error CS1061: 'Keyboard' does not contain a definition for 'akey' and no accessible extension method 'akey' accepting a first argument of type 'Keyboard' could be found (are you missing a using directive or an assembly reference?)
Assets/Script/Wasd/NewMonoBehaviourScript.cs(29,44): warning CS0642: Possible mistaken empty statement
Assets/Script/Wasd/NewMonoBehaviourScript.cs(33,30): error CS1061: 'Keyboard' does not contain a definition for 'dkey' and no accessible extension method 'dkey' accepting a first argument of type 'Keyboard' could be found (are you missing a using directive or an assembly reference?)
Assets/Script/Wasd/NewMonoBehaviourScript.cs(33,45): warning CS0642: Possible mistaken empty statement
Assets/Script/Wasd/NewMonoBehaviourScript.cs(38,19): error CS1061: 'Transform' does not contain a definition for 'translate' and no accessible extension method 'translate' accepting a first argument of type 'Transform' could be found (are you missing a using directive or an assembly reference?)
*** Tundra build failed (2.00 seconds), 2 items updated, 1166 evaluated
## Script Compilation Error for: Csc Library/Bee/artifacts/200b0aE.dag/Assembly-CSharp.dll (+2 others)
## CmdLine: "/Applications/Unity/Hub/Editor/6000.6.0f1/Unity.app/Contents/Resources/Scripting/DotNetSdk/dotnet" exec "/Applications/Unity/Hub/Editor/6000.6.0f1/Unity.app/Contents/Resources/Scripting/DotNetSdk/sdk/8.0.318/Roslyn/bincore/csc.dll" /nostdlib /noconfig /shared "@Library/Bee/artifacts/200b0aE.dag/Assembly-CSharp.rsp" "@Library/Bee/artifacts/200b0aE.dag/Assembly-CSharp.rsp2"
## Output:
Assets/Script/Wasd/NewMonoBehaviourScript.cs(21,45): warning CS0642: Possible mistaken empty statement
Assets/Script/Wasd/NewMonoBehaviourScript.cs(25,30): error CS1061: 'Keyboard' does not contain a definition for 'skey' and no accessible extension method 'skey' accepting a first argument of type 'Keyboard' could be found (are you missing a using directive or an assembly reference?)
Assets/Script/Wasd/NewMonoBehaviourScript.cs(25,45): warning CS0642: Possible mistaken empty statement
Assets/Script/Wasd/NewMonoBehaviourScript.cs(29,29): error CS1061: 'Keyboard' does not contain a definition for 'akey' and no accessible extension method 'akey' accepting a first argument of type 'Keyboard' could be found (are you missing a using directive or an assembly reference?)
Assets/Script/Wasd/NewMonoBehaviourScript.cs(29,44): warning CS0642: Possible mistaken empty statement
Assets/Script/Wasd/NewMonoBehaviourScript.cs(33,30): error CS1061: 'Keyboard' does not contain a definition for 'dkey' and no accessible extension method 'dkey' accepting a first argument of type 'Keyboard' could be found (are you missing a using directive or an assembly reference?)
Assets/Script/Wasd/NewMonoBehaviourScript.cs(33,45): warning CS0642: Possible mistaken empty statement
Assets/Script/Wasd/NewMonoBehaviourScript.cs(38,19): error CS1061: 'Transform' does not contain a definition for 'translate' and no accessible extension method 'translate' accepting a first argument of type 'Transform' could be found (are you missing a using directive or an assembly reference?)

Assets/Script/Wasd/NewMonoBehaviourScript.cs(21,45): warning CS0642: Possible mistaken empty statement
Assets/Script/Wasd/NewMonoBehaviourScript.cs(25,30): error CS1061: 'Keyboard' does not contain a definition for 'skey' and no accessible extension method 'skey' accepting a first argument of type 'Keyboard' could be found (are you missing a using directive or an assembly reference?)
Assets/Script/Wasd/NewMonoBehaviourScript.cs(25,45): warning CS0642: Possible mistaken empty statement
Assets/Script/Wasd/NewMonoBehaviourScript.cs(29,29): error CS1061: 'Keyboard' does not contain a definition for 'akey' and no accessible extension method 'akey' accepting a first argument of type 'Keyboard' could be found (are you missing a using directive or an assembly reference?)
Assets/Script/Wasd/NewMonoBehaviourScript.cs(29,44): warning CS0642: Possible mistaken empty statement
Assets/Script/Wasd/NewMonoBehaviourScript.cs(33,30): error CS1061: 'Keyboard' does not contain a definition for 'dkey' and no accessible extension method 'dkey' accepting a first argument of type 'Keyboard' could be found (are you missing a using directive or an assembly reference?)
Assets/Script/Wasd/NewMonoBehaviourScript.cs(33,45): warning CS0642: Possible mistaken empty statement
Assets/Script/Wasd/NewMonoBehaviourScript.cs(38,19): error CS1061: 'Transform' does not contain a definition for 'translate' and no accessible extension method 'translate' accepting a first argument of type 'Transform' could be found (are you missing a using directive or an assembly reference?)
Total cache size 100776008
Total cache size after purge 100776008, took 00:00:00.0546895
Asset Pipeline Refresh (id=19df22002123645e287058501cd88d10): Total: 0.131 seconds - Initiated by RefreshV2(NoUpdateAssetOptions)
Asset Pipeline Refresh (id=de552b88f27a64c41b5f8da56e6a6a86): Total: 0.109 seconds - Initiated by RefreshV2(NoUpdateAssetOptions)
GPU Resident Drawer disposed.
Unloading 0 Unused Serialized files (Serialized files now loaded: 0)
Loaded scene 'Temp/__Backupscenes/0.backup'
	Deserialize:            0.332 ms
	Integration:            46.014 ms
	Integration of assets:  0.001 ms
	Thread Wait Time:       0.007 ms
	Total Operation Time:   46.353 ms
Unloading 38 unused Assets / (175.2 KB). Loaded Objects now: 9909.
Memory consumption went from 340.7 MB to 340.5 MB.
Total: 20.912584 ms (FindLiveObjects: 0.335959 ms CreateObjectMapping: 0.067625 ms MarkObjects: 20.309166 ms  DeleteObjects: 0.098583 ms)

[Licensing::Client] Successfully resolved entitlement details
GPU Resident Drawer created.
[Worker0] Imported GUID: caf68e9d5f81b4c1cadd8047b441084d - Path: Assets/Script/Wasd/NewMonoBehaviourScript.cs - Importer: ScriptedImporter/UnityEditor.QuickSearchModule:UnityEditor.Search:ASIAI0B -> (ImportResultId: '4fc2f0f839fc04bf3dfc778184f5dc9d') in 0.013517625 seconds
2026-09-17 15:15:32.418 Unity[1293:18799] CAMetalLayer ignoring invalid setDrawableSize width=0.000000 height=0.000000
2026-09-17 15:15:32.419 Unity[1293:18799] CAMetalLayer ignoring invalid setDrawableSize width=0.000000 height=0.000000
[ScriptCompilation] Requested script compilation because: AssetDatabase observed changes in script compilation related files
Starting: /Applications/Unity/Hub/Editor/6000.6.0f1/Unity.app/Contents/Resources/BuildPipeline/bee_backend --ipc --defer-dag-verification --dagfile="Library/Bee/200b0aE.dag" --continue-on-failure --profile="Library/Bee/backend1.traceevents" ScriptAssemblies
WorkingDir: /Users/bindubk/First class
ExitCode: 0 Duration: 0s454ms
[ 869/1166  0s] ILPP-Configuration Library/ilpp-configuration.nevergeneratedoutput
[1158/1166  0s] Csc Library/Bee/artifacts/200b0aE.dag/Assembly-CSharp.dll (+2 others)
Assets/Script/Wasd/NewMonoBehaviourScript.cs(21,45): warning CS0642: Possible mistaken empty statement
Assets/Script/Wasd/NewMonoBehaviourScript.cs(25,45): warning CS0642: Possible mistaken empty statement
Assets/Script/Wasd/NewMonoBehaviourScript.cs(29,44): warning CS0642: Possible mistaken empty statement
Assets/Script/Wasd/NewMonoBehaviourScript.cs(33,45): warning CS0642: Possible mistaken empty statement
[1159/1166  0s] ILPostProcess Library/Bee/artifacts/200b0aE.dag/post-processed/Assembly-CSharp.dll (+pdb)
Processing assembly Library/Bee/artifacts/200b0aE.dag/Assembly-CSharp.dll, with 143 defines and 377 references
processors: Unity.Jobs.CodeGen.JobsILPostProcessor, zzzUnity.Burst.CodeGen.BurstILPostProcessor
1 processor(s) skipped this assembly
running Unity.Jobs.CodeGen.JobsILPostProcessor
[1160/1166  0s] CopyFiles Library/ScriptAssemblies/Assembly-CSharp.dll
[1161/1166  0s] CopyFiles Library/ScriptAssemblies/Assembly-CSharp.pdb
[1162/1166  0s] Csc Library/Bee/artifacts/200b0aE.dag/Assembly-CSharp-Editor.dll (+2 others)
[1163/1166  0s] ILPostProcess Library/Bee/artifacts/200b0aE.dag/post-processed/Assembly-CSharp-Editor.dll (+pdb)
Processing assembly Library/Bee/artifacts/200b0aE.dag/Assembly-CSharp-Editor.dll, with 141 defines and 399 references
processors: Unity.Jobs.CodeGen.JobsILPostProcessor, zzzUnity.Burst.CodeGen.BurstILPostProcessor
1 processor(s) skipped this assembly
running Unity.Jobs.CodeGen.JobsILPostProcessor
[1164/1166  0s] CopyFiles Library/ScriptAssemblies/Assembly-CSharp-Editor.pdb
[1165/1166  0s] CopyFiles Library/ScriptAssemblies/Assembly-CSharp-Editor.dll
*** Tundra build success (0.43 seconds), 9 items updated, 1166 evaluated
Assets/Script/Wasd/NewMonoBehaviourScript.cs(21,45): warning CS0642: Possible mistaken empty statement
Assets/Script/Wasd/NewMonoBehaviourScript.cs(25,45): warning CS0642: Possible mistaken empty statement
Assets/Script/Wasd/NewMonoBehaviourScript.cs(29,44): warning CS0642: Possible mistaken empty statement
Assets/Script/Wasd/NewMonoBehaviourScript.cs(33,45): warning CS0642: Possible mistaken empty statement
Total cache size 100776008
Total cache size after purge 100776008, took 00:00:00.0210828
Reloading assemblies after forced synchronous recompile.
Begin MonoManager ReloadAssembly
Unloading 29 Unused Serialized files (Serialized files now loaded: 0)
GPU Resident Drawer disposed.
Unloading 0 unused Assets / (0 B). Loaded Objects now: 9878.
Memory consumption went from 326.0 MB to 326.0 MB.
Total: 23.889458 ms (FindLiveObjects: 0.427334 ms CreateObjectMapping: 0.127875 ms MarkObjects: 23.093667 ms  DeleteObjects: 0.146125 ms)

Thread 0xc9f11b000 may have been prematurely finalized
Refreshing native plugins compatible for Editor in 2.01 ms, found 3 plugins.
Native extension for OSXStandalone target not found
[MODES] ModeService[none].Initialize
[MODES] ModeService[none].LoadModes
2026-09-17 15:15:56.095 Unity[1293:18799] NSEventModifierFlagFunction specified to -setKeyEquivalentModifierMask: for item <NSMenuItem: 0xc5d75a7e0 SDF, ke='Command-F12'>, but is only supported for system-provided menu items; will not be used
ScheduleIndexationOnStartup MainProcess:True IndexOnStartup:True
Scripting: successfully reloaded assembly
- Finished resetting the current domain, in  0.912 seconds
Domain Reload Profiling: 1503ms
	BeginReloadAssembly (334ms)
		DisableScriptedObjects (49ms)
		CreateAndSetChildDomain (135ms)
	RebuildCommonClasses (5ms)
	RebuildNativeTypeToScriptingClass (9ms)
	initialDomainReloadingComplete (21ms)
	LoadAllAssembliesAndSetupDomain (222ms)
		LoadAssemblies (87ms)
		TypeCache.Refresh (8ms)
		AnalyzeDomain (105ms)
			BuildScriptInfoCaches (92ms)
			ResolveRequiredComponents (12ms)
	FinalizeReload (912ms)
		SetupLoadedEditorAssemblies (0ms)
			BeforeProcessingInitializeOnLoad (127ms)
			ProcessInitializeOnLoadAttributes (177ms)
			ProcessInitializeOnLoadMethodAttributes (40ms)
		AwakeInstancesAfterBackupRestoration (290ms)

Asset Pipeline Refresh (id=580e5534947bc4476bee703f7d6fe283): Total: 2.681 seconds - Initiated by RefreshV2(AllowForceSynchronousImport)
	(Values over 0.05ms)
	Summary:
		Imports: total=0 (actual=0, local cache=0, cache server=0)
		Asset DB Process Time: managed=0 ms, native=1345 ms
		Asset DB Callback time: managed=32 ms, native=7 ms
		Scripting: domain reloads=1, domain reload time=642 ms, compile time=1 ms, other=0 ms
		Project Asset Count: scripts=1649, non-scripts=3207
		Asset File Changes: new=0, changed=1, moved=0, deleted=0
		Scan Filter Count: 1
	InvokePackagesCallback: 0.384ms
	ApplyChangesToAssetFolders: 0.129ms
	Scan: 265.059ms
	Collect global state as custom dependencies: 2.854ms
	ProcessAssetsWithTransientArtifactChanges: 2.423ms
	CategorizeAssets: 39.108ms
	CompileScripts: 0.927ms
	ImportOutOfDateAssets: 917.579ms (916.165ms without children)
		CollectScriptTypesHashes: 0.524ms
		ReloadNativeAssets: 0.522ms
		UnloadImportedAssets: 0.146ms
		EnsureUptoDateAssetsAreRegisteredWithGuidPM: 0.416ms
		ImportSchedulerStart: 0.314ms
	PostProcessAllAssets: 33.233ms
		XRBuildSystem.XRAssetImported 0.079ms
		MonoPostProcessAllAssets: 32.928ms
			UniversalRenderPipelineGlobalSettingsPostprocessor.OnPostprocessAllAssets 7.675ms
			SyncVS.PostprocessSyncProject 3.536ms
			BuilderAssetPostprocessor.OnPostprocessAllAssets 3.251ms
			AssetChangedListener.OnPostprocessAllAssets 2.582ms
			AssetPostprocessor.OnPostprocessAllAssets 1.629ms
			SpriteSlicePostprocessor.OnPostprocessAllAssets 1.021ms
			WindowAssetPostprocessingWatcher.OnPostprocessAllAssets 0.816ms
			SpeedTree9Postprocessor.OnPostprocessAllAssets 0.809ms
			ShaderGraphAssetPostProcessor.OnPostprocessAllAssets 0.644ms
			RetainedModeAssetPostprocessor.OnPostprocessAllAssets 0.595ms
			EditModeScopePostprocessor.OnPostprocessAllAssets 0.454ms
			MaterialPostprocessor.OnPostprocessAllAssets 0.343ms
			ProjectSettingsPostprocessor.OnPostprocessAllAssets 0.334ms
			RenderPipelineGlobalSettingsPostprocessor.OnPostprocessAllAssets 0.299ms
			TMPro_TexturePostProcessor.OnPostprocessAllAssets 0.256ms
			ShaderReflectionAssetPostProcessor.OnPostprocessAllAssets 0.250ms
			ArtifactBrowserPostProcessor.OnPostprocessAllAssets 0.240ms
			SpriteEditorTexturePostprocessor.OnPostprocessAllAssets 0.238ms
			SpriteShapeAssetPostProcessor.OnPostprocessAllAssets 0.234ms
			UVCSAssetPostprocessor.OnPostprocessAllAssets 0.155ms
			InputActionAssetPostprocessor.OnPostprocessAllAssets 0.154ms
			AudioMixerPostprocessor.OnPostprocessAllAssets 0.152ms
			TextAssetPostProcessor.OnPostprocessAllAssets 0.145ms
			PostProcessor.OnPostprocessAllAssets 0.128ms
			InputActionJsonNameModifierAssetProcessor.OnPostprocessAllAssets 0.121ms
			ReferencedClipsPostProcessor.OnPostprocessAllAssets 0.114ms
			StyleCatalogPostProcessor.OnPostprocessAllAssets 0.094ms
			AssetEvents.OnPostprocessAllAssets 0.092ms
			SpriteLibraryAssetPostprocessor.OnPostprocessAllAssets 0.089ms
			TerrainToolbarOverlayPostProcessor.OnPostprocessAllAssets 0.070ms
			SpeedTreePostProcessor.OnPostprocessAllAssets 0.066ms
			PSDImportPostProcessor.OnPostprocessAllAssets 0.060ms
			AssetDatabaseCallbacks.OnPostprocessAllAssets 0.059ms
			SamplePostprocessor.OnPostprocessAllAssets 0.058ms
			ConfigAssetsTracker.OnPostprocessAllAssets 0.057ms
			ThemePostprocessor.OnPostprocessAllAssets 0.055ms
	PostAssetChangesProfiler: 4.580ms
	PersistCurrentRevisions: 0.099ms
	GenerateScriptTypeHashes: 1.278ms
	GenerateScriptTypeSerializationHashes: 2.297ms
	Untracked: 656.311ms

[Licensing::Client] Successfully resolved entitlement details
GPU Resident Drawer created.
[Licensing::Client] Successfully resolved entitlement details
2026-09-17 15:15:57.470 Unity[1293:18799] CAMetalLayer ignoring invalid setDrawableSize width=0.000000 height=0.000000
2026-09-17 15:15:57.472 Unity[1293:18799] CAMetalLayer ignoring invalid setDrawableSize width=0.000000 height=0.000000
GPU Resident Drawer disposed.
Entering Playmode with Reload Domain disabled.
If you experience any issues, please disable "Enter Play Mode Options" in Editor Settings
Entering Playmode with Reload Scene disabled. If you experience any issues, please disable "Enter Play Mode Options" in Editor Settings
GPU Resident Drawer created.
2026-09-17 15:16:15.857 Unity[1293:18799] NSEventModifierFlagFunction specified to -setKeyEquivalentModifierMask: for item <NSMenuItem: 0xc841ccd60 SDF, ke='Command-F12'>, but is only supported for system-provided menu items; will not be used
[Worker0] Imported GUID: caf68e9d5f81b4c1cadd8047b441084d - Path: Assets/Script/Wasd/NewMonoBehaviourScript.cs - Importer: PreviewImporter -> (ImportResultId: '29d57a80ce59a8997ef8f7b34bb65fd7') in 0.008867209 seconds
Asset Pipeline Refresh (id=69956b305b5c04b15a349f9b53e2ea4b): Total: 0.087 seconds - Initiated by RefreshV2(NoUpdateAssetOptions)
GPU Resident Drawer disposed.
Unloading 0 Unused Serialized files (Serialized files now loaded: 0)
Loaded scene 'Temp/__Backupscenes/0.backup'
	Deserialize:            2.083 ms
	Integration:            13.902 ms
	Integration of assets:  0.001 ms
	Thread Wait Time:       0.006 ms
	Total Operation Time:   15.991 ms
Unloading 18 unused Assets / (27.7 KB). Loaded Objects now: 9919.
Memory consumption went from 340.3 MB to 340.3 MB.
Total: 18.880958 ms (FindLiveObjects: 0.328917 ms CreateObjectMapping: 0.069583 ms MarkObjects: 17.483500 ms  DeleteObjects: 0.901292 ms)

[Licensing::Client] Successfully resolved entitlement details
GPU Resident Drawer created.
2026-09-17 15:17:10.151 Unity[1293:18799] CAMetalLayer ignoring invalid setDrawableSize width=0.000000 height=0.000000
2026-09-17 15:17:10.152 Unity[1293:18799] CAMetalLayer ignoring invalid setDrawableSize width=0.000000 height=0.000000
2026-09-17 15:17:11.570 Unity[1293:18799] CAMetalLayer ignoring invalid setDrawableSize width=0.000000 height=0.000000
2026-09-17 15:17:11.571 Unity[1293:18799] CAMetalLayer ignoring invalid setDrawableSize width=0.000000 height=0.000000
Thread 0xc605ff000 may have been prematurely finalized
GPU Resident Drawer disposed.
Entering Playmode with Reload Domain disabled.
If you experience any issues, please disable "Enter Play Mode Options" in Editor Settings
Entering Playmode with Reload Scene disabled. If you experience any issues, please disable "Enter Play Mode Options" in Editor Settings
GPU Resident Drawer created.
GPU Resident Drawer disposed.
Unloading 1 Unused Serialized files (Serialized files now loaded: 0)
Loaded scene 'Temp/__Backupscenes/0.backup'
	Deserialize:            0.199 ms
	Integration:            13.208 ms
	Integration of assets:  0.001 ms
	Thread Wait Time:       0.007 ms
	Total Operation Time:   13.415 ms
Unloading 1 unused Assets / (230.6 KB). Loaded Objects now: 9930.
Memory consumption went from 341.1 MB to 340.9 MB.
Total: 18.431125 ms (FindLiveObjects: 0.338292 ms CreateObjectMapping: 0.068333 ms MarkObjects: 17.908875 ms  DeleteObjects: 0.019709 ms)

GPU Resident Drawer created.
2026-09-17 15:17:45.466 Unity[1293:18799] CAMetalLayer ignoring invalid setDrawableSize width=0.000000 height=0.000000
2026-09-17 15:17:45.467 Unity[1293:18799] CAMetalLayer ignoring invalid setDrawableSize width=0.000000 height=0.000000
2026-09-17 15:17:47.339 Unity[1293:18799] NSEventModifierFlagFunction specified to -setKeyEquivalentModifierMask: for item <NSMenuItem: 0xc5ecb9c90 SDF, ke='Command-F12'>, but is only supported for system-provided menu items; will not be used
Thread 0xc5f9ff000 may have been prematurely finalized
GPU Resident Drawer disposed.
Entering Playmode with Reload Domain disabled.
If you experience any issues, please disable "Enter Play Mode Options" in Editor Settings
Entering Playmode with Reload Scene disabled. If you experience any issues, please disable "Enter Play Mode Options" in Editor Settings
GPU Resident Drawer created.
Asset Pipeline Refresh (id=a93d849a434284e238846adba7c8a140): Total: 0.105 seconds - Initiated by RefreshV2(NoUpdateAssetOptions)
[Licensing::Client] Successfully resolved entitlement details
GPU Resident Drawer disposed.
Unloading 0 Unused Serialized files (Serialized files now loaded: 0)
Loaded scene 'Temp/__Backupscenes/0.backup'
	Deserialize:            0.213 ms
	Integration:            13.332 ms
	Integration of assets:  0.001 ms
	Thread Wait Time:       0.008 ms
	Total Operation Time:   13.553 ms
Unloading 1 unused Assets / (212.7 KB). Loaded Objects now: 9930.
Memory consumption went from 345.1 MB to 344.9 MB.
Total: 17.953792 ms (FindLiveObjects: 0.345917 ms CreateObjectMapping: 0.065250 ms MarkObjects: 17.427625 ms  DeleteObjects: 0.017750 ms)

[Licensing::Client] Successfully resolved entitlement details
GPU Resident Drawer created.
2026-09-17 15:20:38.130 Unity[1293:18799] CAMetalLayer ignoring invalid setDrawableSize width=0.000000 height=0.000000
2026-09-17 15:20:38.131 Unity[1293:18799] CAMetalLayer ignoring invalid setDrawableSize width=0.000000 height=0.000000
Thread 0xc5ff03000 may have been prematurely finalized
GPU Resident Drawer disposed.
Entering Playmode with Reload Domain disabled.
If you experience any issues, please disable "Enter Play Mode Options" in Editor Settings
Entering Playmode with Reload Scene disabled. If you experience any issues, please disable "Enter Play Mode Options" in Editor Settings
GPU Resident Drawer created.
2026-09-17 15:20:53.570 Unity[1293:18799] CAMetalLayer ignoring invalid setDrawableSize width=0.000000 height=0.000000
2026-09-17 15:20:53.574 Unity[1293:18799] CAMetalLayer ignoring invalid setDrawableSize width=0.000000 height=0.000000
2026-09-17 15:21:09.944 Unity[1293:18799] NSEventModifierFlagFunction specified to -setKeyEquivalentModifierMask: for item <NSMenuItem: 0xc6993c820 SDF, ke='Command-F12'>, but is only supported for system-provided menu items; will not be used
2026-09-17 15:21:10.000 Unity[1293:18799] CAMetalLayer ignoring invalid setDrawableSize width=0.000000 height=0.000000
2026-09-17 15:21:10.001 Unity[1293:18799] CAMetalLayer ignoring invalid setDrawableSize width=0.000000 height=0.000000
2026-09-17 15:21:44.072 Unity[1293:18799] NSEventModifierFlagFunction specified to -setKeyEquivalentModifierMask: for item <NSMenuItem: 0xc699d8030 SDF, ke='Command-F12'>, but is only supported for system-provided menu items; will not be used
GPU Resident Drawer disposed.
Unloading 28 Unused Serialized files (Serialized files now loaded: 0)
Loaded scene 'Temp/__Backupscenes/0.backup'
	Deserialize:            0.179 ms
	Integration:            13.791 ms
	Integration of assets:  0.001 ms
	Thread Wait Time:       0.006 ms
	Total Operation Time:   13.977 ms
Unloading 19 unused Assets / (2.3 MB). Loaded Objects now: 10330.
Memory consumption went from 0.52 GB to 0.52 GB.
Total: 20.097000 ms (FindLiveObjects: 0.346750 ms CreateObjectMapping: 0.059375 ms MarkObjects: 19.539875 ms  DeleteObjects: 0.057000 ms)

[Licensing::Client] Successfully resolved entitlement details
GPU Resident Drawer created.
2026-09-17 15:21:49.966 Unity[1293:18799] CAMetalLayer ignoring invalid setDrawableSize width=0.000000 height=0.000000
2026-09-17 15:21:49.967 Unity[1293:18799] CAMetalLayer ignoring invalid setDrawableSize width=0.000000 height=0.000000
2026-09-17 15:22:08.766 Unity[1293:18799] NSEventModifierFlagFunction specified to -setKeyEquivalentModifierMask: for item <NSMenuItem: 0xc9a552230 SDF, ke='Command-F12'>, but is only supported for system-provided menu items; will not be used
Importing 'GUID: 00000000000000009000000000000000 - Path: ProjectSettings/QualitySettings.asset' with importer (LibraryAssetImporter)
Imported 'GUID: 00000000000000009000000000000000' -> (Import Result ID: '8151b601d05d3e12de314c2aa1f82962') in 0.002 seconds [static dependencies only]. Details - ImportResultOutputID=2a108b3da874f726c62fbe5f12be4a8a DependenciesID=6180c49ef29638684367d2893c04e070 StaticDependenciesID=5b19720d9149525484b40148944c8e26 
Asset Pipeline Refresh (id=ab98879fbf6ff42c691e317ceb81953a): Total: 0.015 seconds - Initiated by StopAssetImportingV2(NoUpdateAssetOptions)
Importing 'GUID: 99c9720ab356a0642a771bea13969a05 - Path: Assets/Scenes/SampleScene.unity' with importer (DefaultImporter)
Imported 'GUID: 99c9720ab356a0642a771bea13969a05' -> (Import Result ID: '3bf402a6c541f2b32058b3fe67084d88') in 0.000 seconds [static dependencies only]. Details - ImportResultOutputID=b4491ddbae88a879b6308480a6079ca7 DependenciesID=7e606c2050b5bb7f25840b0bd2ca5519 StaticDependenciesID=23baa4428a140d81c400d77621785ef1 
Asset Pipeline Refresh (id=dac0472c26288406ab375a8337295d63): Total: 0.021 seconds - Initiated by StopAssetImportingV2(NoUpdateAssetOptions)
Thread 0xc84487000 may have been prematurely finalized
GPU Resident Drawer disposed.
Entering Playmode with Reload Domain disabled.
If you experience any issues, please disable "Enter Play Mode Options" in Editor Settings
Entering Playmode with Reload Scene disabled. If you experience any issues, please disable "Enter Play Mode Options" in Editor Settings
GPU Resident Drawer created.
GPU Resident Drawer disposed.
Unloading 25 Unused Serialized files (Serialized files now loaded: 0)
Loaded scene 'Temp/__Backupscenes/0.backup'
	Deserialize:            0.190 ms
	Integration:            12.695 ms
	Integration of assets:  0.001 ms
	Thread Wait Time:       0.006 ms
	Total Operation Time:   12.892 ms
Unloading 171 unused Assets / (205.7 KB). Loaded Objects now: 10337.
Memory consumption went from 0.52 GB to 0.52 GB.
Total: 19.979542 ms (FindLiveObjects: 0.341709 ms CreateObjectMapping: 0.074125 ms MarkObjects: 19.224834 ms  DeleteObjects: 0.239791 ms)

GPU Resident Drawer created.
2026-09-17 15:22:29.816 Unity[1293:18799] CAMetalLayer ignoring invalid setDrawableSize width=0.000000 height=0.000000
2026-09-17 15:22:29.817 Unity[1293:18799] CAMetalLayer ignoring invalid setDrawableSize width=0.000000 height=0.000000
2026-09-17 15:22:30.396 Unity[1293:18799] CAMetalLayer ignoring invalid setDrawableSize width=0.000000 height=0.000000
2026-09-17 15:22:30.397 Unity[1293:18799] CAMetalLayer ignoring invalid setDrawableSize width=0.000000 height=0.000000
Asset Pipeline Refresh (id=c8c73c479f6b9475e91f9e64a02fc2af): Total: 0.129 seconds - Initiated by RefreshV2(AllowForceSynchronousImport)
2026-09-17 15:26:08.849 Unity[1293:18799] CAMetalLayer ignoring invalid setDrawableSize width=0.000000 height=0.000000
2026-09-17 15:26:08.850 Unity[1293:18799] CAMetalLayer ignoring invalid setDrawableSize width=0.000000 height=0.000000
2026-09-17 15:26:10.167 Unity[1293:18799] CAMetalLayer ignoring invalid setDrawableSize width=0.000000 height=0.000000
2026-09-17 15:26:10.168 Unity[1293:18799] CAMetalLayer ignoring invalid setDrawableSize width=0.000000 height=0.000000
2026-09-17 15:26:16.513 Unity[1293:18799] CAMetalLayer ignoring invalid setDrawableSize width=0.000000 height=0.000000
2026-09-17 15:26:16.515 Unity[1293:18799] CAMetalLayer ignoring invalid setDrawableSize width=0.000000 height=0.000000
2026-09-17 15:26:18.845 Unity[1293:18799] CAMetalLayer ignoring invalid setDrawableSize width=0.000000 height=0.000000
2026-09-17 15:26:18.846 Unity[1293:18799] CAMetalLayer ignoring invalid setDrawableSize width=0.000000 height=0.000000
Destroying object multiple times. Don't use DestroyImmediate on the same object in OnDisable or OnDestroy.
UnityEngine.Debug:ExtractStackTraceNoAlloc (byte*,int,string)
UnityEngine.StackTraceUtility:ExtractStackTrace () (at /Users/bokken/build/output/unity/unity/Runtime/Export/Scripting/StackTrace.cs:23)
UnityEngine.Object:DestroyImmediate (UnityEngine.Object,bool)
UnityEditor.ContainerWindow:Close () (at /Users/bokken/build/output/unity/unity/Editor/Mono/ContainerWindow.cs:435)
UnityEditor.ContainerWindow:RequestCloseSentByNativeCode () (at /Users/bokken/build/output/unity/unity/Editor/Mono/ContainerWindow.cs:447)
UnityEditor.EditorUtility:Internal_SaveFilePanelInProject (string,string,string,string,string)
UnityEditor.EditorUtility:SaveFilePanelInProject (string,string,string,string,string) (at /Users/bokken/build/output/unity/unity/Editor/Mono/EditorUtility.cs:132)
UnityEditor.Presets.PresetSelector:CreatePresetDialog (UnityEditor.Presets.Preset&,UnityEngine.Object) (at /Users/bokken/build/output/unity/unity/Modules/PresetsUIEditor/PresetSelector.cs:327)
UnityEditor.Presets.PresetSelector:CreatePreset (UnityEngine.Object) (at /Users/bokken/build/output/unity/unity/Modules/PresetsUIEditor/PresetSelector.cs:346)
UnityEditor.Presets.PresetSelector/<>c__DisplayClass31_0:<ShowSelector>b__0 (UnityEditor.Search.SearchItem,bool) (at /Users/bokken/build/output/unity/unity/Modules/PresetsUIEditor/PresetSelector.cs:222)
UnityEditor.Search.SearchWindow:OnDisable () (at /Users/bokken/build/output/unity/unity/Modules/QuickSearch/Editor/UITK/SearchWindow.cs:712)
UnityEngine.Object:DestroyImmediate (UnityEngine.Object,bool)
UnityEditor.HostView:OnDestroy () (at /Users/bokken/build/output/unity/unity/Editor/Mono/HostView.cs:377)
UnityEngine.Object:DestroyImmediate (UnityEngine.Object,bool)
UnityEditor.ContainerWindow:Close () (at /Users/bokken/build/output/unity/unity/Editor/Mono/ContainerWindow.cs:435)
UnityEditor.ContainerWindow:RequestCloseSentByNativeCode () (at /Users/bokken/build/output/unity/unity/Editor/Mono/ContainerWindow.cs:447)

[/Users/bokken/build/output/unity/unity/Editor/Mono/ContainerWindow.cs line 435]

2026-09-17 15:26:49.977 Unity[1293:18799] CAMetalLayer ignoring invalid setDrawableSize width=0.000000 height=0.000000
2026-09-17 15:26:49.979 Unity[1293:18799] CAMetalLayer ignoring invalid setDrawableSize width=0.000000 height=0.000000
Thread 0xc60b67000 may have been prematurely finalized
GPU Resident Drawer disposed.
Entering Playmode with Reload Domain disabled.
If you experience any issues, please disable "Enter Play Mode Options" in Editor Settings
Entering Playmode with Reload Scene disabled. If you experience any issues, please disable "Enter Play Mode Options" in Editor Settings
GPU Resident Drawer created.
GPU Resident Drawer disposed.
Unloading 1 Unused Serialized files (Serialized files now loaded: 0)
Loaded scene 'Temp/__Backupscenes/0.backup'
	Deserialize:            0.199 ms
	Integration:            14.452 ms
	Integration of assets:  0.001 ms
	Thread Wait Time:       0.007 ms
	Total Operation Time:   14.660 ms
Unloading 2 unused Assets / (331.2 KB). Loaded Objects now: 10346.
Memory consumption went from 0.52 GB to 0.52 GB.
Total: 19.803333 ms (FindLiveObjects: 0.349417 ms CreateObjectMapping: 0.096667 ms MarkObjects: 19.234541 ms  DeleteObjects: 0.021375 ms)

[Licensing::Client] Successfully resolved entitlement details
GPU Resident Drawer created.
2026-09-17 15:27:03.038 Unity[1293:18799] CAMetalLayer ignoring invalid setDrawableSize width=0.000000 height=0.000000
2026-09-17 15:27:03.039 Unity[1293:18799] CAMetalLayer ignoring invalid setDrawableSize width=0.000000 height=0.000000
Asset Pipeline Refresh (id=e98360bfbe40e4141be9226a9d15ca60): Total: 0.096 seconds - Initiated by RefreshV2(AllowForceSynchronousImport)
Thread 0xc60b2f000 may have been prematurely finalized
GPU Resident Drawer disposed.
Entering Playmode with Reload Domain disabled.
If you experience any issues, please disable "Enter Play Mode Options" in Editor Settings
Entering Playmode with Reload Scene disabled. If you experience any issues, please disable "Enter Play Mode Options" in Editor Settings
GPU Resident Drawer created.
GPU Resident Drawer disposed.
Unloading 0 Unused Serialized files (Serialized files now loaded: 0)
Loaded scene 'Temp/__Backupscenes/0.backup'
	Deserialize:            0.211 ms
	Integration:            14.126 ms
	Integration of assets:  0.001 ms
	Thread Wait Time:       0.008 ms
	Total Operation Time:   14.346 ms
Unloading 0 unused Assets / (219.7 KB). Loaded Objects now: 10327.
Memory consumption went from 0.52 GB to 0.52 GB.
Total: 19.804500 ms (FindLiveObjects: 0.355375 ms CreateObjectMapping: 0.072042 ms MarkObjects: 19.274042 ms  DeleteObjects: 0.007458 ms)

[Licensing::Client] Successfully resolved entitlement details
GPU Resident Drawer created.
2026-09-17 15:30:39.974 Unity[1293:18799] CAMetalLayer ignoring invalid setDrawableSize width=0.000000 height=0.000000
2026-09-17 15:30:39.975 Unity[1293:18799] CAMetalLayer ignoring invalid setDrawableSize width=0.000000 height=0.000000
Asset Pipeline Refresh (id=6617529d9e126487e866fc79d8a14e1f): Total: 0.093 seconds - Initiated by RefreshV2(AllowForceSynchronousImport)
2026-09-17 15:31:50.225 Unity[1293:18799] CAMetalLayer ignoring invalid setDrawableSize width=0.000000 height=0.000000
2026-09-17 15:31:50.227 Unity[1293:18799] CAMetalLayer ignoring invalid setDrawableSize width=0.000000 height=0.000000
2026-09-17 15:31:50.802 Unity[1293:18799] CAMetalLayer ignoring invalid setDrawableSize width=0.000000 height=0.000000
2026-09-17 15:31:50.803 Unity[1293:18799] CAMetalLayer ignoring invalid setDrawableSize width=0.000000 height=0.000000
2026-09-17 15:31:51.595 Unity[1293:18799] CAMetalLayer ignoring invalid setDrawableSize width=0.000000 height=0.000000
2026-09-17 15:31:51.596 Unity[1293:18799] CAMetalLayer ignoring invalid setDrawableSize width=0.000000 height=0.000000
2026-09-17 15:31:53.016 Unity[1293:18799] CAMetalLayer ignoring invalid setDrawableSize width=0.000000 height=0.000000
2026-09-17 15:31:53.018 Unity[1293:18799] CAMetalLayer ignoring invalid setDrawableSize width=0.000000 height=0.000000
2026-09-17 15:31:53.913 Unity[1293:18799] CAMetalLayer ignoring invalid setDrawableSize width=0.000000 height=0.000000
2026-09-17 15:31:53.914 Unity[1293:18799] CAMetalLayer ignoring invalid setDrawableSize width=0.000000 height=0.000000
2026-09-17 15:31:54.699 Unity[1293:18799] CAMetalLayer ignoring invalid setDrawableSize width=0.000000 height=0.000000
2026-09-17 15:31:54.701 Unity[1293:18799] CAMetalLayer ignoring invalid setDrawableSize width=0.000000 height=0.000000
2026-09-17 15:31:55.275 Unity[1293:18799] CAMetalLayer ignoring invalid setDrawableSize width=0.000000 height=0.000000
2026-09-17 15:31:55.276 Unity[1293:18799] CAMetalLayer ignoring invalid setDrawableSize width=0.000000 height=0.000000
2026-09-17 15:31:55.378 Unity[1293:18799] CAMetalLayer ignoring invalid setDrawableSize width=0.000000 height=0.000000
2026-09-17 15:31:55.379 Unity[1293:18799] CAMetalLayer ignoring invalid setDrawableSize width=0.000000 height=0.000000
2026-09-17 15:31:55.797 Unity[1293:18799] CAMetalLayer ignoring invalid setDrawableSize width=0.000000 height=0.000000
2026-09-17 15:31:55.798 Unity[1293:18799] CAMetalLayer ignoring invalid setDrawableSize width=0.000000 height=0.000000
2026-09-17 15:31:56.849 Unity[1293:18799] CAMetalLayer ignoring invalid setDrawableSize width=0.000000 height=0.000000
2026-09-17 15:31:56.851 Unity[1293:18799] CAMetalLayer ignoring invalid setDrawableSize width=0.000000 height=0.000000
2026-09-17 15:31:56.952 Unity[1293:18799] CAMetalLayer ignoring invalid setDrawableSize width=0.000000 height=0.000000
2026-09-17 15:31:56.953 Unity[1293:18799] CAMetalLayer ignoring invalid setDrawableSize width=0.000000 height=0.000000
Thread 0xc6142f000 may have been prematurely finalized
GPU Resident Drawer disposed.
Entering Playmode with Reload Domain disabled.
If you experience any issues, please disable "Enter Play Mode Options" in Editor Settings
Entering Playmode with Reload Scene disabled. If you experience any issues, please disable "Enter Play Mode Options" in Editor Settings
GPU Resident Drawer created.
GPU Resident Drawer disposed.
Unloading 11 Unused Serialized files (Serialized files now loaded: 0)
Loaded scene 'Temp/__Backupscenes/0.backup'
	Deserialize:            0.196 ms
	Integration:            13.974 ms
	Integration of assets:  0.001 ms
	Thread Wait Time:       0.008 ms
	Total Operation Time:   14.179 ms
Unloading 19 unused Assets / (256.3 KB). Loaded Objects now: 10359.
Memory consumption went from 0.52 GB to 0.52 GB.
Total: 19.627500 ms (FindLiveObjects: 0.360416 ms CreateObjectMapping: 0.063750 ms MarkObjects: 19.074167 ms  DeleteObjects: 0.030375 ms)

[Licensing::Client] Successfully resolved entitlement details
GPU Resident Drawer created.
2026-09-17 15:32:18.702 Unity[1293:18799] CAMetalLayer ignoring invalid setDrawableSize width=0.000000 height=0.000000
2026-09-17 15:32:18.703 Unity[1293:18799] CAMetalLayer ignoring invalid setDrawableSize width=0.000000 height=0.000000
Asset Pipeline Refresh (id=0ae79dcf635b247babd2bf33b5d335aa): Total: 0.114 seconds - Initiated by RefreshV2(AllowForceSynchronousImport)
2026-09-17 15:33:08.192 Unity[1293:18799] CAMetalLayer ignoring invalid setDrawableSize width=0.000000 height=0.000000
2026-09-17 15:33:08.194 Unity[1293:18799] CAMetalLayer ignoring invalid setDrawableSize width=0.000000 height=0.000000
Asset Pipeline Refresh (id=e035112a16440468d9f09d164d953b77): Total: 0.087 seconds - Initiated by RefreshV2(AllowForceSynchronousImport)
2026-09-17 15:33:13.629 Unity[1293:18799] CAMetalLayer ignoring invalid setDrawableSize width=0.000000 height=0.000000
2026-09-17 15:33:13.630 Unity[1293:18799] CAMetalLayer ignoring invalid setDrawableSize width=0.000000 height=0.000000
2026-09-17 15:33:17.521 Unity[1293:18799] CAMetalLayer ignoring invalid setDrawableSize width=0.000000 height=0.000000
2026-09-17 15:33:17.522 Unity[1293:18799] CAMetalLayer ignoring invalid setDrawableSize width=0.000000 height=0.000000
Thread 0xc67c07000 may have been prematurely finalized
GPU Resident Drawer disposed.
Entering Playmode with Reload Domain disabled.
If you experience any issues, please disable "Enter Play Mode Options" in Editor Settings
Entering Playmode with Reload Scene disabled. If you experience any issues, please disable "Enter Play Mode Options" in Editor Settings
GPU Resident Drawer created.
[ScriptCompilation] Requested script compilation because: AssetDatabase observed changes in script compilation related files
Asset Pipeline Refresh (id=9dc164c22dfa34eb3aa5368eac893401): Total: 0.174 seconds - Initiated by RefreshV2(NoUpdateAssetOptions)
[Licensing::Client] Successfully resolved entitlement details
Starting: /Applications/Unity/Hub/Editor/6000.6.0f1/Unity.app/Contents/Resources/BuildPipeline/bee_backend --ipc --defer-dag-verification --dagfile="Library/Bee/200b0aE.dag" --continue-on-failure --profile="Library/Bee/backend1.traceevents" ScriptAssemblies
WorkingDir: /Users/bindubk/First class
GPU Resident Drawer disposed.
Unloading 0 Unused Serialized files (Serialized files now loaded: 0)
Loaded scene 'Temp/__Backupscenes/0.backup'
	Deserialize:            0.220 ms
	Integration:            13.245 ms
	Integration of assets:  0.001 ms
	Thread Wait Time:       0.007 ms
	Total Operation Time:   13.473 ms
Unloading 39 unused Assets / (204.5 KB). Loaded Objects now: 10341.
Memory consumption went from 0.51 GB to 0.51 GB.
Total: 22.936792 ms (FindLiveObjects: 0.348208 ms CreateObjectMapping: 0.109042 ms MarkObjects: 22.310541 ms  DeleteObjects: 0.073792 ms)

[Licensing::Client] Successfully resolved entitlement details
GPU Resident Drawer created.
2026-09-17 15:34:11.795 Unity[1293:18799] CAMetalLayer ignoring invalid setDrawableSize width=0.000000 height=0.000000
2026-09-17 15:34:11.796 Unity[1293:18799] CAMetalLayer ignoring invalid setDrawableSize width=0.000000 height=0.000000
ExitCode: 3 Duration: 1s571ms
[ 838/1166  0s] ILPP-Configuration Library/ilpp-configuration.nevergeneratedoutput
[1158/1166  1s] Csc Library/Bee/artifacts/200b0aE.dag/Assembly-CSharp.dll (+2 others)
##### CommandLine
"/Applications/Unity/Hub/Editor/6000.6.0f1/Unity.app/Contents/Resources/Scripting/DotNetSdk/dotnet" exec "/Applications/Unity/Hub/Editor/6000.6.0f1/Unity.app/Contents/Resources/Scripting/DotNetSdk/sdk/8.0.318/Roslyn/bincore/csc.dll" /nostdlib /noconfig /shared "@Library/Bee/artifacts/200b0aE.dag/Assembly-CSharp.rsp" "@Library/Bee/artifacts/200b0aE.dag/Assembly-CSharp.rsp2"
##### Contents of Library/Bee/artifacts/200b0aE.dag/Assembly-CSharp.rsp
-target:library
-out:"Library/Bee/artifacts/200b0aE.dag/Assembly-CSharp.dll"
-refout:"Library/Bee/artifacts/200b0aE.dag/Assembly-CSharp.ref.dll"
-define:UNITY_6000_6_0
-define:UNITY_6000_6
-define:UNITY_6000
-define:UNITY_5_3_OR_NEWER
-define:UNITY_5_4_OR_NEWER
-define:UNITY_5_5_OR_NEWER
-define:UNITY_5_6_OR_NEWER
-define:UNITY_2017_1_OR_NEWER
-define:UNITY_2017_2_OR_NEWER
-define:UNITY_2017_3_OR_NEWER
-define:UNITY_2017_4_OR_NEWER
-define:UNITY_2018_1_OR_NEWER
-define:UNITY_2018_2_OR_NEWER
-define:UNITY_2018_3_OR_NEWER
-define:UNITY_2018_4_OR_NEWER
-define:UNITY_2019_1_OR_NEWER
-define:UNITY_2019_2_OR_NEWER
-define:UNITY_2019_3_OR_NEWER
-define:UNITY_2019_4_OR_NEWER
-define:UNITY_2020_1_OR_NEWER
-define:UNITY_2020_2_OR_NEWER
-define:UNITY_2020_3_OR_NEWER
-define:UNITY_2021_1_OR_NEWER
-define:UNITY_2021_2_OR_NEWER
-define:UNITY_2021_3_OR_NEWER
-define:UNITY_2022_1_OR_NEWER
-define:UNITY_2022_2_OR_NEWER
-define:UNITY_2022_3_OR_NEWER
-define:UNITY_2023_1_OR_NEWER
-define:UNITY_2023_2_OR_NEWER
-define:UNITY_2023_3_OR_NEWER
-define:UNITY_6000_0_OR_NEWER
-define:UNITY_6000_1_OR_NEWER
-define:UNITY_6000_2_OR_NEWER
-define:UNITY_6000_3_OR_NEWER
-define:UNITY_6000_4_OR_NEWER
-define:UNITY_6000_5_OR_NEWER
-define:UNITY_6000_6_OR_NEWER
-define:PLATFORM_ARCH_64
-define:UNITY_64
-define:UNITY_INCLUDE_TESTS
-define:UNITY_ENABLE_CLOUD_SERVICES_ENGINE_DIAGNOSTICS_MANAGED
-define:ENABLE_AR
-define:ENABLE_AUDIO
-define:ENABLE_AUDIO_SCRIPTABLE_PIPELINE
-define:ENABLE_BURST
-define:ENABLE_CACHING
-define:ENABLE_CLOTH
-define:ENABLE_MICROPHONE
-define:ENABLE_MULTIPLE_DISPLAYS
-define:ENABLE_PHYSICS
-define:ENABLE_TEXTURE_STREAMING
-define:ENABLE_VIRTUALTEXTURING
-define:ENABLE_LZMA
-define:ENABLE_UNITYEVENTS
-define:ENABLE_VR
-define:ENABLE_WEBCAM
-define:ENABLE_UNITYWEBREQUEST
-define:ENABLE_WWW
-define:ENABLE_CLOUD_SERVICES
-define:ENABLE_CLOUD_SERVICES_ADS
-define:ENABLE_CLOUD_SERVICES_USE_WEBREQUEST
-define:ENABLE_UNITY_CONSENT
-define:ENABLE_UNITY_CLOUD_IDENTIFIERS
-define:ENABLE_CLOUD_SERVICES_CRASH_REPORTING
-define:ENABLE_CLOUD_SERVICES_NATIVE_CRASH_REPORTING
-define:ENABLE_CLOUD_SERVICES_PURCHASING
-define:ENABLE_CLOUD_SERVICES_ANALYTICS
-define:ENABLE_CLOUD_SERVICES_BUILD
-define:ENABLE_EDITOR_GAME_SERVICES
-define:ENABLE_UNITY_GAME_SERVICES_ANALYTICS_SUPPORT
-define:ENABLE_CLOUD_LICENSE
-define:ENABLE_EDITOR_HUB_LICENSE
-define:ENABLE_WEBSOCKET_CLIENT
-define:ENABLE_GENERATE_NATIVE_PLUGINS_FOR_ASSEMBLIES_API
-define:ENABLE_DIRECTOR_AUDIO
-define:ENABLE_DIRECTOR_TEXTURE
-define:ENABLE_MANAGED_JOBS
-define:ENABLE_MANAGED_TRANSFORM_JOBS
-define:ENABLE_MANAGED_ANIMATION_JOBS
-define:ENABLE_MANAGED_AUDIO_JOBS
-define:ENABLE_MANAGED_UNITYTLS
-define:INCLUDE_DYNAMIC_GI
-define:ENABLE_SCRIPTING_GC_WBARRIERS
-define:PLATFORM_SUPPORTS_MONO
-define:RENDER_SOFTWARE_CURSOR
-define:ENABLE_MARSHALLING_TESTS
-define:ENABLE_VIDEO
-define:ENABLE_NAVIGATION_OFFMESHLINK_TO_NAVMESHLINK
-define:ENABLE_ACCELERATOR_CLIENT_DEBUGGING
-define:ENABLE_ACCESSIBILITY_SCREEN_READER
-define:TEXTCORE_1_0_OR_NEWER
-define:EDITOR_ONLY_NAVMESH_BUILDER_DEPRECATED
-define:INCLUDE_UNIFIED_RAYTRACING_COMPUTE_BACKEND
-define:INCLUDE_UNIFIED_RAYTRACING_HARDWARE_BACKEND
-define:PLATFORM_STANDALONE_OSX
-define:PLATFORM_STANDALONE
-define:UNITY_STANDALONE_OSX
-define:UNITY_STANDALONE
-define:ENABLE_GAMECENTER
-define:ENABLE_RUNTIME_GI
-define:ENABLE_MOVIES
-define:ENABLE_NETWORK
-define:ENABLE_CRUNCH_TEXTURE_COMPRESSION
-define:ENABLE_CLOUD_SERVICES_ENGINE_DIAGNOSTICS
-define:ENABLE_CLUSTER_SYNC
-define:ENABLE_CLUSTERINPUT
-define:ENABLE_SPATIALTRACKING
-define:PLATFORM_HAS_CUSTOM_MUTEX
-define:PLATFORM_UPDATES_TIME_OUTSIDE_OF_PLAYER_LOOP
-define:PLATFORM_SUPPORTS_SPLIT_GRAPHICS_JOBS
-define:PLATFORM_REQUIRES_PATH_NORMALIZATION
-define:ENABLE_MONO
-define:NET_STANDARD_2_0
-define:NET_STANDARD
-define:NET_STANDARD_2_1
-define:NETSTANDARD
-define:NETSTANDARD2_1
-define:ENABLE_PROFILER
-define:UNITY_INCLUDE_INSTRUMENTATION
-define:DEBUG
-define:TRACE
-define:UNITY_ASSERTIONS
-define:UNITY_ENABLE_CHECKS
-define:UNITY_EDITOR
-define:UNITY_EDITOR_64
-define:UNITY_EDITOR_OSX
-define:ENABLE_UNITY_COLLECTIONS_CHECKS
-define:ENABLE_BURST_AOT
-define:UNITY_TEAM_LICENSE
-define:ENABLE_CUSTOM_RENDER_TEXTURE
-define:ENABLE_DIRECTOR
-define:ENABLE_LOCALIZATION
-define:ENABLE_SPRITES
-define:ENABLE_TERRAIN
-define:ENABLE_TILEMAP
-define:ENABLE_TIMELINE
-define:ENABLE_INPUT_SYSTEM
-define:TEXTCORE_FONT_ENGINE_1_5_OR_NEWER
-define:TEXTCORE_TEXT_ENGINE_1_5_OR_NEWER
-define:TEXTCORE_FONT_ENGINE_1_6_OR_NEWER
-define:CSHARP_7_OR_LATER
-define:CSHARP_7_3_OR_NEWER
-r:"/Applications/Unity/Hub/Editor/6000.6.0f1/Unity.app/Contents/Resources/Scripting/BCLExtensions/TargetingPacks/netstandard2.1/ref/Microsoft.Bcl.AsyncInterfaces.dll"
-r:"/Applications/Unity/Hub/Editor/6000.6.0f1/Unity.app/Contents/Resources/Scripting/BCLExtensions/TargetingPacks/netstandard2.1/ref/Microsoft.Extensions.DependencyInjection.Abstractions.dll"
-r:"/Applications/Unity/Hub/Editor/6000.6.0f1/Unity.app/Contents/Resources/Scripting/BCLExtensions/TargetingPacks/netstandard2.1/ref/Microsoft.Extensions.Logging.Abstractions.dll"
-r:"/Applications/Unity/Hub/Editor/6000.6.0f1/Unity.app/Contents/Resources/Scripting/BCLExtensions/TargetingPacks/netstandard2.1/ref/System.Collections.Immutable.dll"
-r:"/Applications/Unity/Hub/Editor/6000.6.0f1/Unity.app/Contents/Resources/Scripting/BCLExtensions/TargetingPacks/netstandard2.1/ref/System.Diagnostics.DiagnosticSource.dll"
-r:"/Applications/Unity/Hub/Editor/6000.6.0f1/Unity.app/Contents/Resources/Scripting/BCLExtensions/TargetingPacks/netstandard2.1/ref/System.IO.Hashing.dll"
-r:"/Applications/Unity/Hub/Editor/6000.6.0f1/Unity.app/Contents/Resources/Scripting/BCLExtensions/TargetingPacks/netstandard2.1/ref/System.Reflection.Metadata.dll"
-r:"/Applications/Unity/Hub/Editor/6000.6.0f1/Unity.app/Contents/Resources/Scripting/BCLExtensions/TargetingPacks/netstandard2.1/ref/System.Runtime.CompilerServices.Unsafe.dll"
-r:"/Applications/Unity/Hub/Editor/6000.6.0f1/Unity.app/Contents/Resources/Scripting/BCLExtensions/TargetingPacks/netstandard2.1/ref/System.Text.Encodings.Web.dll"
-r:"/Applications/Unity/Hub/Editor/6000.6.0f1/Unity.app/Contents/Resources/Scripting/BCLExtensions/TargetingPacks/netstandard2.1/ref/System.Text.Json.dll"
-r:"/Applications/Unity/Hub/Editor/6000.6.0f1/PlaybackEngines/MacStandaloneSupport/UnityEditor.iOS.Extensions.Xcode.dll"
-r:"/Applications/Unity/Hub/Editor/6000.6.0f1/Unity.app/Contents/Resources/Scripting/Managed/UnityEngine/Unity.Scripting.dll"
-r:"/Applications/Unity/Hub/Editor/6000.6.0f1/Unity.app/Contents/Resources/Scripting/Managed/UnityEngine/UnityEditor.AIModule.dll"
-r:"/Applications/Unity/Hub/Editor/6000.6.0f1/Unity.app/Contents/Resources/Scripting/Managed/UnityEngine/UnityEditor.AccessibilityModule.dll"
-r:"/Applications/Unity/Hub/Editor/6000.6.0f1/Unity.app/Contents/Resources/Scripting/Managed/UnityEngine/UnityEditor.AdaptivePerformanceModule.dll"
-r:"/Applications/Unity/Hub/Editor/6000.6.0f1/Unity.app/Contents/Resources/Scripting/Managed/UnityEngine/UnityEditor.AnimationWindowModule.dll"
-r:"/Applications/Unity/Hub/Editor/6000.6.0f1/Unity.app/Contents/Resources/Scripting/Managed/UnityEngine/UnityEditor.AssetComplianceModule.dll"
-r:"/Applications/Unity/Hub/Editor/6000.6.0f1/Unity.app/Contents/Resources/Scripting/Managed/UnityEngine/UnityEditor.BuildAnalysisModule.dll"
-r:"/Applications/Unity/Hub/Editor/6000.6.0f1/Unity.app/Contents/Resources/Scripting/Managed/UnityEngine/UnityEditor.BuildProfileModule.dll"
-r:"/Applications/Unity/Hub/Editor/6000.6.0f1/Unity.app/Contents/Resources/Scripting/Managed/UnityEngine/UnityEditor.BurstModule.dll"
-r:"/Applications/Unity/Hub/Editor/6000.6.0f1/Unity.app/Contents/Resources/Scripting/Managed/UnityEngine/UnityEditor.ClothModule.dll"
-r:"/Applications/Unity/Hub/Editor/6000.6.0f1/Unity.app/Contents/Resources/Scripting/Managed/UnityEngine/UnityEditor.ContentLoadModule.dll"
-r:"/Applications/Unity/Hub/Editor/6000.6.0f1/Unity.app/Contents/Resources/Scripting/Managed/UnityEngine/UnityEditor.CoreBusinessMetricsModule.dll"
-r:"/Applications/Unity/Hub/Editor/6000.6.0f1/Unity.app/Contents/Resources/Scripting/Managed/UnityEngine/UnityEditor.CoreModule.dll"
-r:"/Applications/Unity/Hub/Editor/6000.6.0f1/Unity.app/Contents/Resources/Scripting/Managed/UnityEngine/UnityEditor.DeviceSimulatorModule.dll"
-r:"/Applications/Unity/Hub/Editor/6000.6.0f1/Unity.app/Contents/Resources/Scripting/Managed/UnityEngine/UnityEditor.DiagnosticsModule.dll"
-r:"/Applications/Unity/Hub/Editor/6000.6.0f1/Unity.app/Contents/Resources/Scripting/Managed/UnityEngine/UnityEditor.EditorToolbarModule.dll"
-r:"/Applications/Unity/Hub/Editor/6000.6.0f1/Unity.app/Contents/Resources/Scripting/Managed/UnityEngine/UnityEditor.EmbreeModule.dll"
-r:"/Applications/Unity/Hub/Editor/6000.6.0f1/Unity.app/Contents/Resources/Scripting/Managed/UnityEngine/UnityEditor.GIModule.dll"
-r:"/Applications/Unity/Hub/Editor/6000.6.0f1/Unity.app/Contents/Resources/Scripting/Managed/UnityEngine/UnityEditor.GenericRemoteModule.dll"
-r:"/Applications/Unity/Hub/Editor/6000.6.0f1/Unity.app/Contents/Resources/Scripting/Managed/UnityEngine/UnityEditor.GraphToolkitModule.dll"
-r:"/Applications/Unity/Hub/Editor/6000.6.0f1/Unity.app/Contents/Resources/Scripting/Managed/UnityEngine/UnityEditor.GraphViewModule.dll"
-r:"/Applications/Unity/Hub/Editor/6000.6.0f1/Unity.app/Contents/Resources/Scripting/Managed/UnityEngine/UnityEditor.GraphicsStateCollectionSerializerModule.dll"
-r:"/Applications/Unity/Hub/Editor/6000.6.0f1/Unity.app/Contents/Resources/Scripting/Managed/UnityEngine/UnityEditor.GridAndSnapModule.dll"
-r:"/Applications/Unity/Hub/Editor/6000.6.0f1/Unity.app/Contents/Resources/Scripting/Managed/UnityEngine/UnityEditor.GridModule.dll"
-r:"/Applications/Unity/Hub/Editor/6000.6.0f1/Unity.app/Contents/Resources/Scripting/Managed/UnityEngine/UnityEditor.HierarchyModule.dll"
-r:"/Applications/Unity/Hub/Editor/6000.6.0f1/Unity.app/Contents/Resources/Scripting/Managed/UnityEngine/UnityEditor.LightingModule.dll"
-r:"/Applications/Unity/Hub/Editor/6000.6.0f1/Unity.app/Contents/Resources/Scripting/Managed/UnityEngine/UnityEditor.MathematicsModule.dll"
-r:"/Applications/Unity/Hub/Editor/6000.6.0f1/Unity.app/Contents/Resources/Scripting/Managed/UnityEngine/UnityEditor.MediaModule.dll"
-r:"/Applications/Unity/Hub/Editor/6000.6.0f1/Unity.app/Contents/Resources/Scripting/Managed/UnityEngine/UnityEditor.MultiplayerModule.dll"
-r:"/Applications/Unity/Hub/Editor/6000.6.0f1/Unity.app/Contents/Resources/Scripting/Managed/UnityEngine/UnityEditor.Physics2DModule.dll"
-r:"/Applications/Unity/Hub/Editor/6000.6.0f1/Unity.app/Contents/Resources/Scripting/Managed/UnityEngine/UnityEditor.PhysicsCore2DModule.dll"
-r:"/Applications/Unity/Hub/Editor/6000.6.0f1/Unity.app/Contents/Resources/Scripting/Managed/UnityEngine/UnityEditor.PhysicsModule.dll"
-r:"/Applications/Unity/Hub/Editor/6000.6.0f1/Unity.app/Contents/Resources/Scripting/Managed/UnityEngine/UnityEditor.PlayModeModule.dll"
-r:"/Applications/Unity/Hub/Editor/6000.6.0f1/Unity.app/Contents/Resources/Scripting/Managed/UnityEngine/UnityEditor.PresetsUIModule.dll"
-r:"/Applications/Unity/Hub/Editor/6000.6.0f1/Unity.app/Contents/Resources/Scripting/Managed/UnityEngine/UnityEditor.ProjectAuditorModule.dll"
-r:"/Applications/Unity/Hub/Editor/6000.6.0f1/Unity.app/Contents/Resources/Scripting/Managed/UnityEngine/UnityEditor.PropertiesModule.dll"
-r:"/Applications/Unity/Hub/Editor/6000.6.0f1/Unity.app/Contents/Resources/Scripting/Managed/UnityEngine/UnityEditor.QuickInstallModule.dll"
-r:"/Applications/Unity/Hub/Editor/6000.6.0f1/Unity.app/Contents/Resources/Scripting/Managed/UnityEngine/UnityEditor.QuickSearchModule.dll"
-r:"/Applications/Unity/Hub/Editor/6000.6.0f1/Unity.app/Contents/Resources/Scripting/Managed/UnityEngine/UnityEditor.SafeModeModule.dll"
-r:"/Applications/Unity/Hub/Editor/6000.6.0f1/Unity.app/Contents/Resources/Scripting/Managed/UnityEngine/UnityEditor.SceneTemplateModule.dll"
-r:"/Applications/Unity/Hub/Editor/6000.6.0f1/Unity.app/Contents/Resources/Scripting/Managed/UnityEngine/UnityEditor.SceneViewModule.dll"
-r:"/Applications/Unity/Hub/Editor/6000.6.0f1/Unity.app/Contents/Resources/Scripting/Managed/UnityEngine/UnityEditor.ShaderBuildSettingsModule.dll"
-r:"/Applications/Unity/Hub/Editor/6000.6.0f1/Unity.app/Contents/Resources/Scripting/Managed/UnityEngine/UnityEditor.ShaderCompilationModule.dll"
-r:"/Applications/Unity/Hub/Editor/6000.6.0f1/Unity.app/Contents/Resources/Scripting/Managed/UnityEngine/UnityEditor.ShaderFoundryModule.dll"
-r:"/Applications/Unity/Hub/Editor/6000.6.0f1/Unity.app/Contents/Resources/Scripting/Managed/UnityEngine/UnityEditor.ShaderPreprocessorModule.dll"
-r:"/Applications/Unity/Hub/Editor/6000.6.0f1/Unity.app/Contents/Resources/Scripting/Managed/UnityEngine/UnityEditor.SketchUpModule.dll"
-r:"/Applications/Unity/Hub/Editor/6000.6.0f1/Unity.app/Contents/Resources/Scripting/Managed/UnityEngine/UnityEditor.SpriteMaskModule.dll"
-r:"/Applications/Unity/Hub/Editor/6000.6.0f1/Unity.app/Contents/Resources/Scripting/Managed/UnityEngine/UnityEditor.SpriteShapeModule.dll"
-r:"/Applications/Unity/Hub/Editor/6000.6.0f1/Unity.app/Contents/Resources/Scripting/Managed/UnityEngine/UnityEditor.SubstanceModule.dll"
-r:"/Applications/Unity/Hub/Editor/6000.6.0f1/Unity.app/Contents/Resources/Scripting/Managed/UnityEngine/UnityEditor.SyntaxTreeModule.dll"
-r:"/Applications/Unity/Hub/Editor/6000.6.0f1/Unity.app/Contents/Resources/Scripting/Managed/UnityEngine/UnityEditor.TerrainModule.dll"
-r:"/Applications/Unity/Hub/Editor/6000.6.0f1/Unity.app/Contents/Resources/Scripting/Managed/UnityEngine/UnityEditor.TextCoreFontEngineModule.dll"
-r:"/Applications/Unity/Hub/Editor/6000.6.0f1/Unity.app/Contents/Resources/Scripting/Managed/UnityEngine/UnityEditor.TextCoreTextEngineModule.dll"
-r:"/Applications/Unity/Hub/Editor/6000.6.0f1/Unity.app/Contents/Resources/Scripting/Managed/UnityEngine/UnityEditor.TextRenderingModule.dll"
-r:"/Applications/Unity/Hub/Editor/6000.6.0f1/Unity.app/Contents/Resources/Scripting/Managed/UnityEngine/UnityEditor.TilemapModule.dll"
-r:"/Applications/Unity/Hub/Editor/6000.6.0f1/Unity.app/Contents/Resources/Scripting/Managed/UnityEngine/UnityEditor.TimelineFoundationModule.dll"
-r:"/Applications/Unity/Hub/Editor/6000.6.0f1/Unity.app/Contents/Resources/Scripting/Managed/UnityEngine/UnityEditor.TreeModule.dll"
-r:"/Applications/Unity/Hub/Editor/6000.6.0f1/Unity.app/Contents/Resources/Scripting/Managed/UnityEngine/UnityEditor.U2DModule.dll"
-r:"/Applications/Unity/Hub/Editor/6000.6.0f1/Unity.app/Contents/Resources/Scripting/Managed/UnityEngine/UnityEditor.UIAutomationModule.dll"
-r:"/Applications/Unity/Hub/Editor/6000.6.0f1/Unity.app/Contents/Resources/Scripting/Managed/UnityEngine/UnityEditor.UIBuilderModule.dll"
-r:"/Applications/Unity/Hub/Editor/6000.6.0f1/Unity.app/Contents/Resources/Scripting/Managed/UnityEngine/UnityEditor.UIElementsModule.dll"
-r:"/Applications/Unity/Hub/Editor/6000.6.0f1/Unity.app/Contents/Resources/Scripting/Managed/UnityEngine/UnityEditor.UIElementsSamplesModule.dll"
-r:"/Applications/Unity/Hub/Editor/6000.6.0f1/Unity.app/Contents/Resources/Scripting/Managed/UnityEngine/UnityEditor.UIToolkitAuthoringModule.dll"
-r:"/Applications/Unity/Hub/Editor/6000.6.0f1/Unity.app/Contents/Resources/Scripting/Managed/UnityEngine/UnityEditor.UmbraModule.dll"
-r:"/Applications/Unity/Hub/Editor/6000.6.0f1/Unity.app/Contents/Resources/Scripting/Managed/UnityEngine/UnityEditor.UnityConnectModule.dll"
-r:"/Applications/Unity/Hub/Editor/6000.6.0f1/Unity.app/Contents/Resources/Scripting/Managed/UnityEngine/UnityEditor.VFXModule.dll"
-r:"/Applications/Unity/Hub/Editor/6000.6.0f1/Unity.app/Contents/Resources/Scripting/Managed/UnityEngine/UnityEditor.VectorGraphicsModule.dll"
-r:"/Applications/Unity/Hub/Editor/6000.6.0f1/Unity.app/Contents/Resources/Scripting/Managed/UnityEngine/UnityEditor.VideoModule.dll"
-r:"/Applications/Unity/Hub/Editor/6000.6.0f1/Unity.app/Contents/Resources/Scripting/Managed/UnityEngine/UnityEditor.XRModule.dll"
-r:"/Applications/Unity/Hub/Editor/6000.6.0f1/Unity.app/Contents/Resources/Scripting/Managed/UnityEngine/UnityEditor.dll"
-r:"/Applications/Unity/Hub/Editor/6000.6.0f1/Unity.app/Contents/Resources/Scripting/Managed/UnityEngine/UnityEngine.AIModule.dll"
-r:"/Applications/Unity/Hub/Editor/6000.6.0f1/Unity.app/Contents/Resources/Scripting/Managed/UnityEngine/UnityEngine.ARModule.dll"
-r:"/Applications/Unity/Hub/Editor/6000.6.0f1/Unity.app/Contents/Resources/Scripting/Managed/UnityEngine/UnityEngine.AccessibilityModule.dll"
-r:"/Applications/Unity/Hub/Editor/6000.6.0f1/Unity.app/Contents/Resources/Scripting/Managed/UnityEngine/UnityEngine.AdaptivePerformanceModule.dll"
-r:"/Applications/Unity/Hub/Editor/6000.6.0f1/Unity.app/Contents/Resources/Scripting/Managed/UnityEngine/UnityEngine.AndroidJNIModule.dll"
-r:"/Applications/Unity/Hub/Editor/6000.6.0f1/Unity.app/Contents/Resources/Scripting/Managed/UnityEngine/UnityEngine.AnimationModule.dll"
-r:"/Applications/Unity/Hub/Editor/6000.6.0f1/Unity.app/Contents/Resources/Scripting/Managed/UnityEngine/UnityEngine.AssetBundleModule.dll"
-r:"/Applications/Unity/Hub/Editor/6000.6.0f1/Unity.app/Contents/Resources/Scripting/Managed/UnityEngine/UnityEngine.AudioModule.dll"
-r:"/Applications/Unity/Hub/Editor/6000.6.0f1/Unity.app/Contents/Resources/Scripting/Managed/UnityEngine/UnityEngine.BurstModule.dll"
-r:"/Applications/Unity/Hub/Editor/6000.6.0f1/Unity.app/Contents/Resources/Scripting/Managed/UnityEngine/UnityEngine.ClothModule.dll"
-r:"/Applications/Unity/Hub/Editor/6000.6.0f1/Unity.app/Contents/Resources/Scripting/Managed/UnityEngine/UnityEngine.ClusterInputModule.dll"
-r:"/Applications/Unity/Hub/Editor/6000.6.0f1/Unity.app/Contents/Resources/Scripting/Managed/UnityEngine/UnityEngine.ClusterRendererModule.dll"
-r:"/Applications/Unity/Hub/Editor/6000.6.0f1/Unity.app/Contents/Resources/Scripting/Managed/UnityEngine/UnityEngine.ContentLoadModule.dll"
-r:"/Applications/Unity/Hub/Editor/6000.6.0f1/Unity.app/Contents/Resources/Scripting/Managed/UnityEngine/UnityEngine.CoreModule.dll"
-r:"/Applications/Unity/Hub/Editor/6000.6.0f1/Unity.app/Contents/Resources/Scripting/Managed/UnityEngine/UnityEngine.CrashReportingModule.dll"
-r:"/Applications/Unity/Hub/Editor/6000.6.0f1/Unity.app/Contents/Resources/Scripting/Managed/UnityEngine/UnityEngine.DSPGraphModule.dll"
-r:"/Applications/Unity/Hub/Editor/6000.6.0f1/Unity.app/Contents/Resources/Scripting/Managed/UnityEngine/UnityEngine.DirectorModule.dll"
-r:"/Applications/Unity/Hub/Editor/6000.6.0f1/Unity.app/Contents/Resources/Scripting/Managed/UnityEngine/UnityEngine.GIModule.dll"
-r:"/Applications/Unity/Hub/Editor/6000.6.0f1/Unity.app/Contents/Resources/Scripting/Managed/UnityEngine/UnityEngine.GameCenterModule.dll"
-r:"/Applications/Unity/Hub/Editor/6000.6.0f1/Unity.app/Contents/Resources/Scripting/Managed/UnityEngine/UnityEngine.GraphicsStateCollectionSerializerModule.dll"
-r:"/Applications/Unity/Hub/Editor/6000.6.0f1/Unity.app/Contents/Resources/Scripting/Managed/UnityEngine/UnityEngine.GridModule.dll"
-r:"/Applications/Unity/Hub/Editor/6000.6.0f1/Unity.app/Contents/Resources/Scripting/Managed/UnityEngine/UnityEngine.HierarchyCoreModule.dll"
-r:"/Applications/Unity/Hub/Editor/6000.6.0f1/Unity.app/Contents/Resources/Scripting/Managed/UnityEngine/UnityEngine.HotReloadModule.dll"
-r:"/Applications/Unity/Hub/Editor/6000.6.0f1/Unity.app/Contents/Resources/Scripting/Managed/UnityEngine/UnityEngine.IMGUIModule.dll"
-r:"/Applications/Unity/Hub/Editor/6000.6.0f1/Unity.app/Contents/Resources/Scripting/Managed/UnityEngine/UnityEngine.IdentifiersModule.dll"
-r:"/Applications/Unity/Hub/Editor/6000.6.0f1/Unity.app/Contents/Resources/Scripting/Managed/UnityEngine/UnityEngine.ImageConversionModule.dll"
-r:"/Applications/Unity/Hub/Editor/6000.6.0f1/Unity.app/Contents/Resources/Scripting/Managed/UnityEngine/UnityEngine.InputForUIModule.dll"
-r:"/Applications/Unity/Hub/Editor/6000.6.0f1/Unity.app/Contents/Resources/Scripting/Managed/UnityEngine/UnityEngine.InputLegacyModule.dll"
-r:"/Applications/Unity/Hub/Editor/6000.6.0f1/Unity.app/Contents/Resources/Scripting/Managed/UnityEngine/UnityEngine.InputModule.dll"
-r:"/Applications/Unity/Hub/Editor/6000.6.0f1/Unity.app/Contents/Resources/Scripting/Managed/UnityEngine/UnityEngine.InsightsModule.dll"
-r:"/Applications/Unity/Hub/Editor/6000.6.0f1/Unity.app/Contents/Resources/Scripting/Managed/UnityEngine/UnityEngine.JSONSerializeModule.dll"
-r:"/Applications/Unity/Hub/Editor/6000.6.0f1/Unity.app/Contents/Resources/Scripting/Managed/UnityEngine/UnityEngine.LocalizationModule.dll"
-r:"/Applications/Unity/Hub/Editor/6000.6.0f1/Unity.app/Contents/Resources/Scripting/Managed/UnityEngine/UnityEngine.ManagedKernelModule.dll"
-r:"/Applications/Unity/Hub/Editor/6000.6.0f1/Unity.app/Contents/Resources/Scripting/Managed/UnityEngine/UnityEngine.MarshallingModule.dll"
-r:"/Applications/Unity/Hub/Editor/6000.6.0f1/Unity.app/Contents/Resources/Scripting/Managed/UnityEngine/UnityEngine.MathematicsModule.dll"
-r:"/Applications/Unity/Hub/Editor/6000.6.0f1/Unity.app/Contents/Resources/Scripting/Managed/UnityEngine/UnityEngine.MultiplayerModule.dll"
-r:"/Applications/Unity/Hub/Editor/6000.6.0f1/Unity.app/Contents/Resources/Scripting/Managed/UnityEngine/UnityEngine.ParticleSystemModule.dll"
-r:"/Applications/Unity/Hub/Editor/6000.6.0f1/Unity.app/Contents/Resources/Scripting/Managed/UnityEngine/UnityEngine.PerformanceReportingModule.dll"
-r:"/Applications/Unity/Hub/Editor/6000.6.0f1/Unity.app/Contents/Resources/Scripting/Managed/UnityEngine/UnityEngine.Physics2DModule.dll"
-r:"/Applications/Unity/Hub/Editor/6000.6.0f1/Unity.app/Contents/Resources/Scripting/Managed/UnityEngine/UnityEngine.PhysicsBackendPhysXModule.dll"
-r:"/Applications/Unity/Hub/Editor/6000.6.0f1/Unity.app/Contents/Resources/Scripting/Managed/UnityEngine/UnityEngine.PhysicsCore2DModule.dll"
-r:"/Applications/Unity/Hub/Editor/6000.6.0f1/Unity.app/Contents/Resources/Scripting/Managed/UnityEngine/UnityEngine.PhysicsModule.dll"
-r:"/Applications/Unity/Hub/Editor/6000.6.0f1/Unity.app/Contents/Resources/Scripting/Managed/UnityEngine/UnityEngine.PropertiesModule.dll"
-r:"/Applications/Unity/Hub/Editor/6000.6.0f1/Unity.app/Contents/Resources/Scripting/Managed/UnityEngine/UnityEngine.RenderAs2DModule.dll"
-r:"/Applications/Unity/Hub/Editor/6000.6.0f1/Unity.app/Contents/Resources/Scripting/Managed/UnityEngine/UnityEngine.RuntimeInitializeOnLoadManagerInitializerModule.dll"
-r:"/Applications/Unity/Hub/Editor/6000.6.0f1/Unity.app/Contents/Resources/Scripting/Managed/UnityEngine/UnityEngine.ScreenCaptureModule.dll"
-r:"/Applications/Unity/Hub/Editor/6000.6.0f1/Unity.app/Contents/Resources/Scripting/Managed/UnityEngine/UnityEngine.ScriptingModule.dll"
-r:"/Applications/Unity/Hub/Editor/6000.6.0f1/Unity.app/Contents/Resources/Scripting/Managed/UnityEngine/UnityEngine.ShaderVariantAnalyticsModule.dll"
-r:"/Applications/Unity/Hub/Editor/6000.6.0f1/Unity.app/Contents/Resources/Scripting/Managed/UnityEngine/UnityEngine.SpriteMaskModule.dll"
-r:"/Applications/Unity/Hub/Editor/6000.6.0f1/Unity.app/Contents/Resources/Scripting/Managed/UnityEngine/UnityEngine.SpriteShapeModule.dll"
-r:"/Applications/Unity/Hub/Editor/6000.6.0f1/Unity.app/Contents/Resources/Scripting/Managed/UnityEngine/UnityEngine.StreamingModule.dll"
-r:"/Applications/Unity/Hub/Editor/6000.6.0f1/Unity.app/Contents/Resources/Scripting/Managed/UnityEngine/UnityEngine.SubstanceModule.dll"
-r:"/Applications/Unity/Hub/Editor/6000.6.0f1/Unity.app/Contents/Resources/Scripting/Managed/UnityEngine/UnityEngine.SubsystemsModule.dll"
-r:"/Applications/Unity/Hub/Editor/6000.6.0f1/Unity.app/Contents/Resources/Scripting/Managed/UnityEngine/UnityEngine.TLSModule.dll"
-r:"/Applications/Unity/Hub/Editor/6000.6.0f1/Unity.app/Contents/Resources/Scripting/Managed/UnityEngine/UnityEngine.TerrainModule.dll"
-r:"/Applications/Unity/Hub/Editor/6000.6.0f1/Unity.app/Contents/Resources/Scripting/Managed/UnityEngine/UnityEngine.TerrainPhysicsModule.dll"
-r:"/Applications/Unity/Hub/Editor/6000.6.0f1/Unity.app/Contents/Resources/Scripting/Managed/UnityEngine/UnityEngine.TetgenModule.dll"
-r:"/Applications/Unity/Hub/Editor/6000.6.0f1/Unity.app/Contents/Resources/Scripting/Managed/UnityEngine/UnityEngine.TextCoreFontEngineModule.dll"
-r:"/Applications/Unity/Hub/Editor/6000.6.0f1/Unity.app/Contents/Resources/Scripting/Managed/UnityEngine/UnityEngine.TextCoreTextEngineModule.dll"
-r:"/Applications/Unity/Hub/Editor/6000.6.0f1/Unity.app/Contents/Resources/Scripting/Managed/UnityEngine/UnityEngine.TextRenderingModule.dll"
-r:"/Applications/Unity/Hub/Editor/6000.6.0f1/Unity.app/Contents/Resources/Scripting/Managed/UnityEngine/UnityEngine.TilemapModule.dll"
-r:"/Applications/Unity/Hub/Editor/6000.6.0f1/Unity.app/Contents/Resources/Scripting/Managed/UnityEngine/UnityEngine.TimelineFoundationModule.dll"
-r:"/Applications/Unity/Hub/Editor/6000.6.0f1/Unity.app/Contents/Resources/Scripting/Managed/UnityEngine/UnityEngine.U2DRuntimeModule.dll"
-r:"/Applications/Unity/Hub/Editor/6000.6.0f1/Unity.app/Contents/Resources/Scripting/Managed/UnityEngine/UnityEngine.UIElementsModule.dll"
-r:"/Applications/Unity/Hub/Editor/6000.6.0f1/Unity.app/Contents/Resources/Scripting/Managed/UnityEngine/UnityEngine.UIModule.dll"
-r:"/Applications/Unity/Hub/Editor/6000.6.0f1/Unity.app/Contents/Resources/Scripting/Managed/UnityEngine/UnityEngine.UmbraModule.dll"
-r:"/Applications/Unity/Hub/Editor/6000.6.0f1/Unity.app/Contents/Resources/Scripting/Managed/UnityEngine/UnityEngine.UnityAnalyticsCommonModule.dll"
-r:"/Applications/Unity/Hub/Editor/6000.6.0f1/Unity.app/Contents/Resources/Scripting/Managed/UnityEngine/UnityEngine.UnityAnalyticsModule.dll"
-r:"/Applications/Unity/Hub/Editor/6000.6.0f1/Unity.app/Contents/Resources/Scripting/Managed/UnityEngine/UnityEngine.UnityConnectModule.dll"
-r:"/Applications/Unity/Hub/Editor/6000.6.0f1/Unity.app/Contents/Resources/Scripting/Managed/UnityEngine/UnityEngine.UnityConsentModule.dll"
-r:"/Applications/Unity/Hub/Editor/6000.6.0f1/Unity.app/Contents/Resources/Scripting/Managed/UnityEngine/UnityEngine.UnityCurlModule.dll"
-r:"/Applications/Unity/Hub/Editor/6000.6.0f1/Unity.app/Contents/Resources/Scripting/Managed/UnityEngine/UnityEngine.UnityWebRequestAssetBundleModule.dll"
-r:"/Applications/Unity/Hub/Editor/6000.6.0f1/Unity.app/Contents/Resources/Scripting/Managed/UnityEngine/UnityEngine.UnityWebRequestAudioModule.dll"
-r:"/Applications/Unity/Hub/Editor/6000.6.0f1/Unity.app/Contents/Resources/Scripting/Managed/UnityEngine/UnityEngine.UnityWebRequestModule.dll"
-r:"/Applications/Unity/Hub/Editor/6000.6.0f1/Unity.app/Contents/Resources/Scripting/Managed/UnityEngine/UnityEngine.UnityWebRequestTextureModule.dll"
-r:"/Applications/Unity/Hub/Editor/6000.6.0f1/Unity.app/Contents/Resources/Scripting/Managed/UnityEngine/UnityEngine.UnityWebRequestWWWModule.dll"
-r:"/Applications/Unity/Hub/Editor/6000.6.0f1/Unity.app/Contents/Resources/Scripting/Managed/UnityEngine/UnityEngine.VFXModule.dll"
-r:"/Applications/Unity/Hub/Editor/6000.6.0f1/Unity.app/Contents/Resources/Scripting/Managed/UnityEngine/UnityEngine.VectorGraphicsModule.dll"
-r:"/Applications/Unity/Hub/Editor/6000.6.0f1/Unity.app/Contents/Resources/Scripting/Managed/UnityEngine/UnityEngine.VehiclesModule.dll"
-r:"/Applications/Unity/Hub/Editor/6000.6.0f1/Unity.app/Contents/Resources/Scripting/Managed/UnityEngine/UnityEngine.VideoModule.dll"
-r:"/Applications/Unity/Hub/Editor/6000.6.0f1/Unity.app/Contents/Resources/Scripting/Managed/UnityEngine/UnityEngine.VirtualTexturingModule.dll"
-r:"/Applications/Unity/Hub/Editor/6000.6.0f1/Unity.app/Contents/Resources/Scripting/Managed/UnityEngine/UnityEngine.WindModule.dll"
-r:"/Applications/Unity/Hub/Editor/6000.6.0f1/Unity.app/Contents/Resources/Scripting/Managed/UnityEngine/UnityEngine.XRModule.dll"
-r:"/Applications/Unity/Hub/Editor/6000.6.0f1/Unity.app/Contents/Resources/Scripting/Managed/UnityEngine/UnityEngine.dll"
-r:"/Applications/Unity/Hub/Editor/6000.6.0f1/Unity.app/Contents/Resources/Scripting/NetStandard/Extensions/2.0.0/System.Runtime.InteropServices.WindowsRuntime.dll"
-r:"/Applications/Unity/Hub/Editor/6000.6.0f1/Unity.app/Contents/Resources/Scripting/NetStandard/compat/2.1.0/shims/netfx/System.ComponentModel.Composition.dll"
-r:"/Applications/Unity/Hub/Editor/6000.6.0f1/Unity.app/Contents/Resources/Scripting/NetStandard/compat/2.1.0/shims/netfx/System.Core.dll"
-r:"/Applications/Unity/Hub/Editor/6000.6.0f1/Unity.app/Contents/Resources/Scripting/NetStandard/compat/2.1.0/shims/netfx/System.Data.dll"
-r:"/Applications/Unity/Hub/Editor/6000.6.0f1/Unity.app/Contents/Resources/Scripting/NetStandard/compat/2.1.0/shims/netfx/System.Drawing.dll"
-r:"/Applications/Unity/Hub/Editor/6000.6.0f1/Unity.app/Contents/Resources/Scripting/NetStandard/compat/2.1.0/shims/netfx/System.IO.Compression.FileSystem.dll"
-r:"/Applications/Unity/Hub/Editor/6000.6.0f1/Unity.app/Contents/Resources/Scripting/NetStandard/compat/2.1.0/shims/netfx/System.Net.dll"
-r:"/Applications/Unity/Hub/Editor/6000.6.0f1/Unity.app/Contents/Resources/Scripting/NetStandard/compat/2.1.0/shims/netfx/System.Numerics.dll"
-r:"/Applications/Unity/Hub/Editor/6000.6.0f1/Unity.app/Contents/Resources/Scripting/NetStandard/compat/2.1.0/shims/netfx/System.Runtime.Serialization.dll"
-r:"/Applications/Unity/Hub/Editor/6000.6.0f1/Unity.app/Contents/Resources/Scripting/NetStandard/compat/2.1.0/shims/netfx/System.ServiceModel.Web.dll"
-r:"/Applications/Unity/Hub/Editor/6000.6.0f1/Unity.app/Contents/Resources/Scripting/NetStandard/compat/2.1.0/shims/netfx/System.Transactions.dll"
-r:"/Applications/Unity/Hub/Editor/6000.6.0f1/Unity.app/Contents/Resources/Scripting/NetStandard/compat/2.1.0/shims/netfx/System.Web.dll"
-r:"/Applications/Unity/Hub/Editor/6000.6.0f1/Unity.app/Contents/Resources/Scripting/NetStandard/compat/2.1.0/shims/netfx/System.Windows.dll"
-r:"/Applications/Unity/Hub/Editor/6000.6.0f1/Unity.app/Contents/Resources/Scripting/NetStandard/compat/2.1.0/shims/netfx/System.Xml.Linq.dll"
-r:"/Applications/Unity/Hub/Editor/6000.6.0f1/Unity.app/Contents/Resources/Scripting/NetStandard/compat/2.1.0/shims/netfx/System.Xml.Serialization.dll"
-r:"/Applications/Unity/Hub/Editor/6000.6.0f1/Unity.app/Contents/Resources/Scripting/NetStandard/compat/2.1.0/shims/netfx/System.Xml.dll"
-r:"/Applications/Unity/Hub/Editor/6000.6.0f1/Unity.app/Contents/Resources/Scripting/NetStandard/compat/2.1.0/shims/netfx/System.dll"
-r:"/Applications/Unity/Hub/Editor/6000.6.0f1/Unity.app/Contents/Resources/Scripting/NetStandard/compat/2.1.0/shims/netfx/mscorlib.dll"
-r:"/Applications/Unity/Hub/Editor/6000.6.0f1/Unity.app/Contents/Resources/Scripting/NetStandard/compat/2.1.0/shims/netstandard/Microsoft.Win32.Primitives.dll"
-r:"/Applications/Unity/Hub/Editor/6000.6.0f1/Unity.app/Contents/Resources/Scripting/NetStandard/compat/2.1.0/shims/netstandard/System.AppContext.dll"
-r:"/Applications/Unity/Hub/Editor/6000.6.0f1/Unity.app/Contents/Resources/Scripting/NetStandard/compat/2.1.0/shims/netstandard/System.Buffers.dll"
-r:"/Applications/Unity/Hub/Editor/6000.6.0f1/Unity.app/Contents/Resources/Scripting/NetStandard/compat/2.1.0/shims/netstandard/System.Collections.Concurrent.dll"
-r:"/Applications/Unity/Hub/Editor/6000.6.0f1/Unity.app/Contents/Resources/Scripting/NetStandard/compat/2.1.0/shims/netstandard/System.Collections.NonGeneric.dll"
-r:"/Applications/Unity/Hub/Editor/6000.6.0f1/Unity.app/Contents/Resources/Scripting/NetStandard/compat/2.1.0/shims/netstandard/System.Collections.Specialized.dll"
-r:"/Applications/Unity/Hub/Editor/6000.6.0f1/Unity.app/Contents/Resources/Scripting/NetStandard/compat/2.1.0/shims/netstandard/System.Collections.dll"
-r:"/Applications/Unity/Hub/Editor/6000.6.0f1/Unity.app/Contents/Resources/Scripting/NetStandard/compat/2.1.0/shims/netstandard/System.ComponentModel.EventBasedAsync.dll"
-r:"/Applications/Unity/Hub/Editor/6000.6.0f1/Unity.app/Contents/Resources/Scripting/NetStandard/compat/2.1.0/shims/netstandard/System.ComponentModel.Primitives.dll"
-r:"/Applications/Unity/Hub/Editor/6000.6.0f1/Unity.app/Contents/Resources/Scripting/NetStandard/compat/2.1.0/shims/netstandard/System.ComponentModel.TypeConverter.dll"
-r:"/Applications/Unity/Hub/Editor/6000.6.0f1/Unity.app/Contents/Resources/Scripting/NetStandard/compat/2.1.0/shims/netstandard/System.ComponentModel.dll"
-r:"/Applications/Unity/Hub/Editor/6000.6.0f1/Unity.app/Contents/Resources/Scripting/NetStandard/compat/2.1.0/shims/netstandard/System.Console.dll"
-r:"/Applications/Unity/Hub/Editor/6000.6.0f1/Unity.app/Contents/Resources/Scripting/NetStandard/compat/2.1.0/shims/netstandard/System.Data.Common.dll"
-r:"/Applications/Unity/Hub/Editor/6000.6.0f1/Unity.app/Contents/Resources/Scripting/NetStandard/compat/2.1.0/shims/netstandard/System.Diagnostics.Contracts.dll"
-r:"/Applications/Unity/Hub/Editor/6000.6.0f1/Unity.app/Contents/Resources/Scripting/NetStandard/compat/2.1.0/shims/netstandard/System.Diagnostics.Debug.dll"
-r:"/Applications/Unity/Hub/Editor/6000.6.0f1/Unity.app/Contents/Resources/Scripting/NetStandard/compat/2.1.0/shims/netstandard/System.Diagnostics.FileVersionInfo.dll"
-r:"/Applications/Unity/Hub/Editor/6000.6.0f1/Unity.app/Contents/Resources/Scripting/NetStandard/compat/2.1.0/shims/netstandard/System.Diagnostics.Process.dll"
-r:"/Applications/Unity/Hub/Editor/6000.6.0f1/Unity.app/Contents/Resources/Scripting/NetStandard/compat/2.1.0/shims/netstandard/System.Diagnostics.StackTrace.dll"
-r:"/Applications/Unity/Hub/Editor/6000.6.0f1/Unity.app/Contents/Resources/Scripting/NetStandard/compat/2.1.0/shims/netstandard/System.Diagnostics.TextWriterTraceListener.dll"
-r:"/Applications/Unity/Hub/Editor/6000.6.0f1/Unity.app/Contents/Resources/Scripting/NetStandard/compat/2.1.0/shims/netstandard/System.Diagnostics.Tools.dll"
-r:"/Applications/Unity/Hub/Editor/6000.6.0f1/Unity.app/Contents/Resources/Scripting/NetStandard/compat/2.1.0/shims/netstandard/System.Diagnostics.TraceSource.dll"
-r:"/Applications/Unity/Hub/Editor/6000.6.0f1/Unity.app/Contents/Resources/Scripting/NetStandard/compat/2.1.0/shims/netstandard/System.Diagnostics.Tracing.dll"
-r:"/Applications/Unity/Hub/Editor/6000.6.0f1/Unity.app/Contents/Resources/Scripting/NetStandard/compat/2.1.0/shims/netstandard/System.Drawing.Primitives.dll"
-r:"/Applications/Unity/Hub/Editor/6000.6.0f1/Unity.app/Contents/Resources/Scripting/NetStandard/compat/2.1.0/shims/netstandard/System.Dynamic.Runtime.dll"
-r:"/Applications/Unity/Hub/Editor/6000.6.0f1/Unity.app/Contents/Resources/Scripting/NetStandard/compat/2.1.0/shims/netstandard/System.Globalization.Calendars.dll"
-r:"/Applications/Unity/Hub/Editor/6000.6.0f1/Unity.app/Contents/Resources/Scripting/NetStandard/compat/2.1.0/shims/netstandard/System.Globalization.Extensions.dll"
-r:"/Applications/Unity/Hub/Editor/6000.6.0f1/Unity.app/Contents/Resources/Scripting/NetStandard/compat/2.1.0/shims/netstandard/System.Globalization.dll"
-r:"/Applications/Unity/Hub/Editor/6000.6.0f1/Unity.app/Contents/Resources/Scripting/NetStandard/compat/2.1.0/shims/netstandard/System.IO.Compression.ZipFile.dll"
-r:"/Applications/Unity/Hub/Editor/6000.6.0f1/Unity.app/Contents/Resources/Scripting/NetStandard/compat/2.1.0/shims/netstandard/System.IO.Compression.dll"
-r:"/Applications/Unity/Hub/Editor/6000.6.0f1/Unity.app/Contents/Resources/Scripting/NetStandard/compat/2.1.0/shims/netstandard/System.IO.FileSystem.DriveInfo.dll"
-r:"/Applications/Unity/Hub/Editor/6000.6.0f1/Unity.app/Contents/Resources/Scripting/NetStandard/compat/2.1.0/shims/netstandard/System.IO.FileSystem.Primitives.dll"
-r:"/Applications/Unity/Hub/Editor/6000.6.0f1/Unity.app/Contents/Resources/Scripting/NetStandard/compat/2.1.0/shims/netstandard/System.IO.FileSystem.Watcher.dll"
-r:"/Applications/Unity/Hub/Editor/6000.6.0f1/Unity.app/Contents/Resources/Scripting/NetStandard/compat/2.1.0/shims/netstandard/System.IO.FileSystem.dll"
-r:"/Applications/Unity/Hub/Editor/6000.6.0f1/Unity.app/Contents/Resources/Scripting/NetStandard/compat/2.1.0/shims/netstandard/System.IO.IsolatedStorage.dll"
-r:"/Applications/Unity/Hub/Editor/6000.6.0f1/Unity.app/Contents/Resources/Scripting/NetStandard/compat/2.1.0/shims/netstandard/System.IO.MemoryMappedFiles.dll"
-r:"/Applications/Unity/Hub/Editor/6000.6.0f1/Unity.app/Contents/Resources/Scripting/NetStandard/compat/2.1.0/shims/netstandard/System.IO.Pipes.dll"
-r:"/Applications/Unity/Hub/Editor/6000.6.0f1/Unity.app/Contents/Resources/Scripting/NetStandard/compat/2.1.0/shims/netstandard/System.IO.UnmanagedMemoryStream.dll"
-r:"/Applications/Unity/Hub/Editor/6000.6.0f1/Unity.app/Contents/Resources/Scripting/NetStandard/compat/2.1.0/shims/netstandard/System.IO.dll"
-r:"/Applications/Unity/Hub/Editor/6000.6.0f1/Unity.app/Contents/Resources/Scripting/NetStandard/compat/2.1.0/shims/netstandard/System.Linq.Expressions.dll"
-r:"/Applications/Unity/Hub/Editor/6000.6.0f1/Unity.app/Contents/Resources/Scripting/NetStandard/compat/2.1.0/shims/netstandard/System.Linq.Parallel.dll"
-r:"/Applications/Unity/Hub/Editor/6000.6.0f1/Unity.app/Contents/Resources/Scripting/NetStandard/compat/2.1.0/shims/netstandard/System.Linq.Queryable.dll"
-r:"/Applications/Unity/Hub/Editor/6000.6.0f1/Unity.app/Contents/Resources/Scripting/NetStandard/compat/2.1.0/shims/netstandard/System.Linq.dll"
-r:"/Applications/Unity/Hub/Editor/6000.6.0f1/Unity.app/Contents/Resources/Scripting/NetStandard/compat/2.1.0/shims/netstandard/System.Memory.dll"
-r:"/Applications/Unity/Hub/Editor/6000.6.0f1/Unity.app/Contents/Resources/Scripting/NetStandard/compat/2.1.0/shims/netstandard/System.Net.Http.dll"
-r:"/Applications/Unity/Hub/Editor/6000.6.0f1/Unity.app/Contents/Resources/Scripting/NetStandard/compat/2.1.0/shims/netstandard/System.Net.NameResolution.dll"
-r:"/Applications/Unity/Hub/Editor/6000.6.0f1/Unity.app/Contents/Resources/Scripting/NetStandard/compat/2.1.0/shims/netstandard/System.Net.NetworkInformation.dll"
-r:"/Applications/Unity/Hub/Editor/6000.6.0f1/Unity.app/Contents/Resources/Scripting/NetStandard/compat/2.1.0/shims/netstandard/System.Net.Ping.dll"
-r:"/Applications/Unity/Hub/Editor/6000.6.0f1/Unity.app/Contents/Resources/Scripting/NetStandard/compat/2.1.0/shims/netstandard/System.Net.Primitives.dll"
-r:"/Applications/Unity/Hub/Editor/6000.6.0f1/Unity.app/Contents/Resources/Scripting/NetStandard/compat/2.1.0/shims/netstandard/System.Net.Requests.dll"
-r:"/Applications/Unity/Hub/Editor/6000.6.0f1/Unity.app/Contents/Resources/Scripting/NetStandard/compat/2.1.0/shims/netstandard/System.Net.Security.dll"
-r:"/Applications/Unity/Hub/Editor/6000.6.0f1/Unity.app/Contents/Resources/Scripting/NetStandard/compat/2.1.0/shims/netstandard/System.Net.Sockets.dll"
-r:"/Applications/Unity/Hub/Editor/6000.6.0f1/Unity.app/Contents/Resources/Scripting/NetStandard/compat/2.1.0/shims/netstandard/System.Net.WebHeaderCollection.dll"
-r:"/Applications/Unity/Hub/Editor/6000.6.0f1/Unity.app/Contents/Resources/Scripting/NetStandard/compat/2.1.0/shims/netstandard/System.Net.WebSockets.Client.dll"
-r:"/Applications/Unity/Hub/Editor/6000.6.0f1/Unity.app/Contents/Resources/Scripting/NetStandard/compat/2.1.0/shims/netstandard/System.Net.WebSockets.dll"
-r:"/Applications/Unity/Hub/Editor/6000.6.0f1/Unity.app/Contents/Resources/Scripting/NetStandard/compat/2.1.0/shims/netstandard/System.Numerics.Vectors.dll"
-r:"/Applications/Unity/Hub/Editor/6000.6.0f1/Unity.app/Contents/Resources/Scripting/NetStandard/compat/2.1.0/shims/netstandard/System.ObjectModel.dll"
-r:"/Applications/Unity/Hub/Editor/6000.6.0f1/Unity.app/Contents/Resources/Scripting/NetStandard/compat/2.1.0/shims/netstandard/System.Reflection.DispatchProxy.dll"
-r:"/Applications/Unity/Hub/Editor/6000.6.0f1/Unity.app/Contents/Resources/Scripting/NetStandard/compat/2.1.0/shims/netstandard/System.Reflection.Emit.ILGeneration.dll"
-r:"/Applications/Unity/Hub/Editor/6000.6.0f1/Unity.app/Contents/Resources/Scripting/NetStandard/compat/2.1.0/shims/netstandard/System.Reflection.Emit.Lightweight.dll"
-r:"/Applications/Unity/Hub/Editor/6000.6.0f1/Unity.app/Contents/Resources/Scripting/NetStandard/compat/2.1.0/shims/netstandard/System.Reflection.Emit.dll"
-r:"/Applications/Unity/Hub/Editor/6000.6.0f1/Unity.app/Contents/Resources/Scripting/NetStandard/compat/2.1.0/shims/netstandard/System.Reflection.Extensions.dll"
-r:"/Applications/Unity/Hub/Editor/6000.6.0f1/Unity.app/Contents/Resources/Scripting/NetStandard/compat/2.1.0/shims/netstandard/System.Reflection.Primitives.dll"
-r:"/Applications/Unity/Hub/Editor/6000.6.0f1/Unity.app/Contents/Resources/Scripting/NetStandard/compat/2.1.0/shims/netstandard/System.Reflection.dll"
-r:"/Applications/Unity/Hub/Editor/6000.6.0f1/Unity.app/Contents/Resources/Scripting/NetStandard/compat/2.1.0/shims/netstandard/System.Resources.Reader.dll"
-r:"/Applications/Unity/Hub/Editor/6000.6.0f1/Unity.app/Contents/Resources/Scripting/NetStandard/compat/2.1.0/shims/netstandard/System.Resources.ResourceManager.dll"
-r:"/Applications/Unity/Hub/Editor/6000.6.0f1/Unity.app/Contents/Resources/Scripting/NetStandard/compat/2.1.0/shims/netstandard/System.Resources.Writer.dll"
-r:"/Applications/Unity/Hub/Editor/6000.6.0f1/Unity.app/Contents/Resources/Scripting/NetStandard/compat/2.1.0/shims/netstandard/System.Runtime.CompilerServices.VisualC.dll"
-r:"/Applications/Unity/Hub/Editor/6000.6.0f1/Unity.app/Contents/Resources/Scripting/NetStandard/compat/2.1.0/shims/netstandard/System.Runtime.Extensions.dll"
-r:"/Applications/Unity/Hub/Editor/6000.6.0f1/Unity.app/Contents/Resources/Scripting/NetStandard/compat/2.1.0/shims/netstandard/System.Runtime.Handles.dll"
-r:"/Applications/Unity/Hub/Editor/6000.6.0f1/Unity.app/Contents/Resources/Scripting/NetStandard/compat/2.1.0/shims/netstandard/System.Runtime.InteropServices.RuntimeInformation.dll"
-r:"/Applications/Unity/Hub/Editor/6000.6.0f1/Unity.app/Contents/Resources/Scripting/NetStandard/compat/2.1.0/shims/netstandard/System.Runtime.InteropServices.dll"
-r:"/Applications/Unity/Hub/Editor/6000.6.0f1/Unity.app/Contents/Resources/Scripting/NetStandard/compat/2.1.0/shims/netstandard/System.Runtime.Numerics.dll"
-r:"/Applications/Unity/Hub/Editor/6000.6.0f1/Unity.app/Contents/Resources/Scripting/NetStandard/compat/2.1.0/shims/netstandard/System.Runtime.Serialization.Formatters.dll"
-r:"/Applications/Unity/Hub/Editor/6000.6.0f1/Unity.app/Contents/Resources/Scripting/NetStandard/compat/2.1.0/shims/netstandard/System.Runtime.Serialization.Json.dll"
-r:"/Applications/Unity/Hub/Editor/6000.6.0f1/Unity.app/Contents/Resources/Scripting/NetStandard/compat/2.1.0/shims/netstandard/System.Runtime.Serialization.Primitives.dll"
-r:"/Applications/Unity/Hub/Editor/6000.6.0f1/Unity.app/Contents/Resources/Scripting/NetStandard/compat/2.1.0/shims/netstandard/System.Runtime.Serialization.Xml.dll"
-r:"/Applications/Unity/Hub/Editor/6000.6.0f1/Unity.app/Contents/Resources/Scripting/NetStandard/compat/2.1.0/shims/netstandard/System.Runtime.dll"
-r:"/Applications/Unity/Hub/Editor/6000.6.0f1/Unity.app/Contents/Resources/Scripting/NetStandard/compat/2.1.0/shims/netstandard/System.Security.Claims.dll"
-r:"/Applications/Unity/Hub/Editor/6000.6.0f1/Unity.app/Contents/Resources/Scripting/NetStandard/compat/2.1.0/shims/netstandard/System.Security.Cryptography.Algorithms.dll"
-r:"/Applications/Unity/Hub/Editor/6000.6.0f1/Unity.app/Contents/Resources/Scripting/NetStandard/compat/2.1.0/shims/netstandard/System.Security.Cryptography.Csp.dll"
-r:"/Applications/Unity/Hub/Editor/6000.6.0f1/Unity.app/Contents/Resources/Scripting/NetStandard/compat/2.1.0/shims/netstandard/System.Security.Cryptography.Encoding.dll"
-r:"/Applications/Unity/Hub/Editor/6000.6.0f1/Unity.app/Contents/Resources/Scripting/NetStandard/compat/2.1.0/shims/netstandard/System.Security.Cryptography.Primitives.dll"
-r:"/Applications/Unity/Hub/Editor/6000.6.0f1/Unity.app/Contents/Resources/Scripting/NetStandard/compat/2.1.0/shims/netstandard/System.Security.Cryptography.X509Certificates.dll"
-r:"/Applications/Unity/Hub/Editor/6000.6.0f1/Unity.app/Contents/Resources/Scripting/NetStandard/compat/2.1.0/shims/netstandard/System.Security.Principal.dll"
-r:"/Applications/Unity/Hub/Editor/6000.6.0f1/Unity.app/Contents/Resources/Scripting/NetStandard/compat/2.1.0/shims/netstandard/System.Security.SecureString.dll"
-r:"/Applications/Unity/Hub/Editor/6000.6.0f1/Unity.app/Contents/Resources/Scripting/NetStandard/compat/2.1.0/shims/netstandard/System.Text.Encoding.Extensions.dll"
-r:"/Applications/Unity/Hub/Editor/6000.6.0f1/Unity.app/Contents/Resources/Scripting/NetStandard/compat/2.1.0/shims/netstandard/System.Text.Encoding.dll"
-r:"/Applications/Unity/Hub/Editor/6000.6.0f1/Unity.app/Contents/Resources/Scripting/NetStandard/compat/2.1.0/shims/netstandard/System.Text.RegularExpressions.dll"
-r:"/Applications/Unity/Hub/Editor/6000.6.0f1/Unity.app/Contents/Resources/Scripting/NetStandard/compat/2.1.0/shims/netstandard/System.Threading.Overlapped.dll"
-r:"/Applications/Unity/Hub/Editor/6000.6.0f1/Unity.app/Contents/Resources/Scripting/NetStandard/compat/2.1.0/shims/netstandard/System.Threading.Tasks.Extensions.dll"
-r:"/Applications/Unity/Hub/Editor/6000.6.0f1/Unity.app/Contents/Resources/Scripting/NetStandard/compat/2.1.0/shims/netstandard/System.Threading.Tasks.Parallel.dll"
-r:"/Applications/Unity/Hub/Editor/6000.6.0f1/Unity.app/Contents/Resources/Scripting/NetStandard/compat/2.1.0/shims/netstandard/System.Threading.Tasks.dll"
-r:"/Applications/Unity/Hub/Editor/6000.6.0f1/Unity.app/Contents/Resources/Scripting/NetStandard/compat/2.1.0/shims/netstandard/System.Threading.Thread.dll"
-r:"/Applications/Unity/Hub/Editor/6000.6.0f1/Unity.app/Contents/Resources/Scripting/NetStandard/compat/2.1.0/shims/netstandard/System.Threading.ThreadPool.dll"
-r:"/Applications/Unity/Hub/Editor/6000.6.0f1/Unity.app/Contents/Resources/Scripting/NetStandard/compat/2.1.0/shims/netstandard/System.Threading.Timer.dll"
-r:"/Applications/Unity/Hub/Editor/6000.6.0f1/Unity.app/Contents/Resources/Scripting/NetStandard/compat/2.1.0/shims/netstandard/System.Threading.dll"
-r:"/Applications/Unity/Hub/Editor/6000.6.0f1/Unity.app/Contents/Resources/Scripting/NetStandard/compat/2.1.0/shims/netstandard/System.ValueTuple.dll"
-r:"/Applications/Unity/Hub/Editor/6000.6.0f1/Unity.app/Contents/Resources/Scripting/NetStandard/compat/2.1.0/shims/netstandard/System.Xml.ReaderWriter.dll"
-r:"/Applications/Unity/Hub/Editor/6000.6.0f1/Unity.app/Contents/Resources/Scripting/NetStandard/compat/2.1.0/shims/netstandard/System.Xml.XDocument.dll"
-r:"/Applications/Unity/Hub/Editor/6000.6.0f1/Unity.app/Contents/Resources/Scripting/NetStandard/compat/2.1.0/shims/netstandard/System.Xml.XPath.XDocument.dll"
-r:"/Applications/Unity/Hub/Editor/6000.6.0f1/Unity.app/Contents/Resources/Scripting/NetStandard/compat/2.1.0/shims/netstandard/System.Xml.XPath.dll"
-r:"/Applications/Unity/Hub/Editor/6000.6.0f1/Unity.app/Contents/Resources/Scripting/NetStandard/compat/2.1.0/shims/netstandard/System.Xml.XmlDocument.dll"
-r:"/Applications/Unity/Hub/Editor/6000.6.0f1/Unity.app/Contents/Resources/Scripting/NetStandard/compat/2.1.0/shims/netstandard/System.Xml.XmlSerializer.dll"
-r:"/Applications/Unity/Hub/Editor/6000.6.0f1/Unity.app/Contents/Resources/Scripting/NetStandard/ref/2.1.0/netstandard.dll"
-r:"Library/PackageCache/com.unity.collections@10fff0607388/Unity.Collections.LowLevel.ILSupport/Unity.Collections.LowLevel.ILSupport.dll"
-r:"Library/PackageCache/com.unity.ext.nunit@0198eae3b53e/net472/unity-custom/nunit.framework.dll"
-r:"Library/PackageCache/com.unity.nuget.mono-cecil@ecb9724e46ff/Mono.Cecil.dll"
-r:"Library/PackageCache/com.unity.visualscripting@4edfcc09512f/Runtime/VisualScripting.Flow/Dependencies/NCalc/Unity.VisualScripting.Antlr3.Runtime.dll"
-r:"Library/Bee/artifacts/200b0aE.dag/PsdPlugin.ref.dll"
-r:"Library/Bee/artifacts/200b0aE.dag/Unity.2D.Animation.Editor.ref.dll"
-r:"Library/Bee/artifacts/200b0aE.dag/Unity.2D.Animation.Profiler.Editor.ref.dll"
-r:"Library/Bee/artifacts/200b0aE.dag/Unity.2D.Animation.Profiler.ref.dll"
-r:"Library/Bee/artifacts/200b0aE.dag/Unity.2D.Animation.Runtime.ref.dll"
-r:"Library/Bee/artifacts/200b0aE.dag/Unity.2D.Aseprite.Common.ref.dll"
-r:"Library/Bee/artifacts/200b0aE.dag/Unity.2D.Aseprite.Editor.ref.dll"
-r:"Library/Bee/artifacts/200b0aE.dag/Unity.2D.Common.Editor.ref.dll"
-r:"Library/Bee/artifacts/200b0aE.dag/Unity.2D.Common.Path.Editor.ref.dll"
-r:"Library/Bee/artifacts/200b0aE.dag/Unity.2D.Common.Runtime.ref.dll"
-r:"Library/Bee/artifacts/200b0aE.dag/Unity.2D.IK.Editor.ref.dll"
-r:"Library/Bee/artifacts/200b0aE.dag/Unity.2D.IK.Runtime.ref.dll"
-r:"Library/Bee/artifacts/200b0aE.dag/Unity.2D.PixelPerfect.Editor.ref.dll"
-r:"Library/Bee/artifacts/200b0aE.dag/Unity.2D.PixelPerfect.ref.dll"
-r:"Library/Bee/artifacts/200b0aE.dag/Unity.2D.Psdimporter.Editor.ref.dll"
-r:"Library/Bee/artifacts/200b0aE.dag/Unity.2D.Sprite.Editor.ref.dll"
-r:"Library/Bee/artifacts/200b0aE.dag/Unity.2D.SpriteShape.Editor.ref.dll"
-r:"Library/Bee/artifacts/200b0aE.dag/Unity.2D.SpriteShape.Runtime.ref.dll"
-r:"Library/Bee/artifacts/200b0aE.dag/Unity.2D.Tilemap.Editor.ref.dll"
-r:"Library/Bee/artifacts/200b0aE.dag/Unity.2D.Tilemap.Extras.Editor.ref.dll"
-r:"Library/Bee/artifacts/200b0aE.dag/Unity.2D.Tilemap.Extras.ref.dll"
-r:"Library/Bee/artifacts/200b0aE.dag/Unity.2D.Tooling.Editor.ref.dll"
-r:"Library/Bee/artifacts/200b0aE.dag/Unity.AI.Navigation.Editor.ConversionSystem.ref.dll"
-r:"Library/Bee/artifacts/200b0aE.dag/Unity.AI.Navigation.Editor.ref.dll"
-r:"Library/Bee/artifacts/200b0aE.dag/Unity.AI.Navigation.ref.dll"
-r:"Library/Bee/artifacts/200b0aE.dag/Unity.AI.Navigation.Updater.ref.dll"
-r:"Library/Bee/artifacts/200b0aE.dag/Unity.Burst.ref.dll"
-r:"Library/Bee/artifacts/200b0aE.dag/Unity.Collections.Editor.ref.dll"
-r:"Library/Bee/artifacts/200b0aE.dag/Unity.Collections.ref.dll"
-r:"Library/Bee/artifacts/200b0aE.dag/Unity.Collections.Tests.CoreCLR.InternalJobNestedPrivate.ref.dll"
-r:"Library/Bee/artifacts/200b0aE.dag/Unity.Collections.Tests.CoreCLR.PrivateJobNested.ref.dll"
-r:"Library/Bee/artifacts/200b0aE.dag/Unity.Collections.Tests.CoreCLR.ProtectedJobNested.ref.dll"
-r:"Library/Bee/artifacts/200b0aE.dag/Unity.Collections.Tests.CoreCLR.PublicJobPrivateGeneric.ref.dll"
-r:"Library/Bee/artifacts/200b0aE.dag/Unity.GraphAuthoring.Editor.ref.dll"
-r:"Library/Bee/artifacts/200b0aE.dag/Unity.InputSystem.ForUI.Editor.ref.dll"
-r:"Library/Bee/artifacts/200b0aE.dag/Unity.InputSystem.ForUI.ref.dll"
-r:"Library/Bee/artifacts/200b0aE.dag/Unity.InputSystem.ref.dll"
-r:"Library/Bee/artifacts/200b0aE.dag/Unity.InternalAPIEditorBridge.001.ref.dll"
-r:"Library/Bee/artifacts/200b0aE.dag/Unity.InternalAPIEditorBridge.ShaderGraph.Editor.ref.dll"
-r:"Library/Bee/artifacts/200b0aE.dag/Unity.InternalAPIEngineBridge.001.ref.dll"
-r:"Library/Bee/artifacts/200b0aE.dag/Unity.InternalAPIEngineBridge.004.ref.dll"
-r:"Library/Bee/artifacts/200b0aE.dag/Unity.InternalAPIEngineBridge.ObjectDispatcher.Runtime.ref.dll"
-r:"Library/Bee/artifacts/200b0aE.dag/Unity.InternalAPIEngineBridge.RenderPipelines.Core.Editor.ref.dll"
-r:"Library/Bee/artifacts/200b0aE.dag/Unity.InternalAPIEngineBridge.RenderPipelines.Core.Runtime.Shared.ref.dll"
-r:"Library/Bee/artifacts/200b0aE.dag/Unity.Mathematics.ref.dll"
-r:"Library/Bee/artifacts/200b0aE.dag/Unity.PathTracing.Editor.ref.dll"
-r:"Library/Bee/artifacts/200b0aE.dag/Unity.PathTracing.Runtime.ref.dll"
-r:"Library/Bee/artifacts/200b0aE.dag/Unity.PlasticSCM.Editor.Assistant.ref.dll"
-r:"Library/Bee/artifacts/200b0aE.dag/Unity.PlasticSCM.Editor.ref.dll"
-r:"Library/Bee/artifacts/200b0aE.dag/Unity.Profiling.Core.ref.dll"
-r:"Library/Bee/artifacts/200b0aE.dag/Unity.Rendering.LightTransport.Editor.ref.dll"
-r:"Library/Bee/artifacts/200b0aE.dag/Unity.RenderPipeline.Universal.ShaderLibrary.ref.dll"
-r:"Library/Bee/artifacts/200b0aE.dag/Unity.RenderPipelines.Core.Editor.ref.dll"
-r:"Library/Bee/artifacts/200b0aE.dag/Unity.RenderPipelines.Core.Editor.Shared.ref.dll"
-r:"Library/Bee/artifacts/200b0aE.dag/Unity.RenderPipelines.Core.Runtime.ref.dll"
-r:"Library/Bee/artifacts/200b0aE.dag/Unity.RenderPipelines.Core.Runtime.Shared.ref.dll"
-r:"Library/Bee/artifacts/200b0aE.dag/Unity.RenderPipelines.Core.ShaderLibrary.ref.dll"
-r:"Library/Bee/artifacts/200b0aE.dag/Unity.RenderPipelines.GPUDriven.Runtime.ref.dll"
-r:"Library/Bee/artifacts/200b0aE.dag/Unity.RenderPipelines.ShaderGraph.ShaderGraphLibrary.ref.dll"
-r:"Library/Bee/artifacts/200b0aE.dag/Unity.RenderPipelines.Universal.2D.Editor.Overrides.ref.dll"
-r:"Library/Bee/artifacts/200b0aE.dag/Unity.RenderPipelines.Universal.2D.Runtime.ref.dll"
-r:"Library/Bee/artifacts/200b0aE.dag/Unity.RenderPipelines.Universal.Config.Runtime.ref.dll"
-r:"Library/Bee/artifacts/200b0aE.dag/Unity.RenderPipelines.Universal.Editor.ref.dll"
-r:"Library/Bee/artifacts/200b0aE.dag/Unity.RenderPipelines.Universal.Runtime.ref.dll"
-r:"Library/Bee/artifacts/200b0aE.dag/Unity.RenderPipelines.Universal.Shaders.ref.dll"
-r:"Library/Bee/artifacts/200b0aE.dag/Unity.Rider.Editor.ref.dll"
-r:"Library/Bee/artifacts/200b0aE.dag/Unity.Searcher.Editor.ref.dll"
-r:"Library/Bee/artifacts/200b0aE.dag/Unity.ShaderGraph.Editor.ref.dll"
-r:"Library/Bee/artifacts/200b0aE.dag/Unity.SurfaceCache.Runtime.ref.dll"
-r:"Library/Bee/artifacts/200b0aE.dag/Unity.TextMeshPro.Editor.ref.dll"
-r:"Library/Bee/artifacts/200b0aE.dag/Unity.TextMeshPro.ref.dll"
-r:"Library/Bee/artifacts/200b0aE.dag/Unity.Timeline.Editor.ref.dll"
-r:"Library/Bee/artifacts/200b0aE.dag/Unity.Timeline.ref.dll"
-r:"Library/Bee/artifacts/200b0aE.dag/Unity.UnifiedRayTracing.Runtime.ref.dll"
-r:"Library/Bee/artifacts/200b0aE.dag/Unity.VisualScripting.Core.Editor.ref.dll"
-r:"Library/Bee/artifacts/200b0aE.dag/Unity.VisualScripting.Core.ref.dll"
-r:"Library/Bee/artifacts/200b0aE.dag/Unity.VisualScripting.Flow.Editor.ref.dll"
-r:"Library/Bee/artifacts/200b0aE.dag/Unity.VisualScripting.Flow.ref.dll"
-r:"Library/Bee/artifacts/200b0aE.dag/Unity.VisualScripting.SettingsProvider.Editor.ref.dll"
-r:"Library/Bee/artifacts/200b0aE.dag/Unity.VisualScripting.Shared.Editor.ref.dll"
-r:"Library/Bee/artifacts/200b0aE.dag/Unity.VisualScripting.State.Editor.ref.dll"
-r:"Library/Bee/artifacts/200b0aE.dag/Unity.VisualScripting.State.ref.dll"
-r:"Library/Bee/artifacts/200b0aE.dag/Unity.VisualStudio.Editor.ref.dll"
-r:"Library/Bee/artifacts/200b0aE.dag/UnityEditor.UI.Analytics.ref.dll"
-r:"Library/Bee/artifacts/200b0aE.dag/UnityEditor.UI.ref.dll"
-r:"Library/Bee/artifacts/200b0aE.dag/UnityEngine.UI.ref.dll"
-analyzer:"/Applications/Unity/Hub/Editor/6000.6.0f1/Unity.app/Contents/Resources/BuildPipeline/Unity.Analyzers.Common/Unity.Analyzers.Common.dll"
-analyzer:"/Applications/Unity/Hub/Editor/6000.6.0f1/Unity.app/Contents/Resources/BuildPipeline/Unity.Analyzers.LongLiving/Unity.Analyzers.LongLiving.dll"
-analyzer:"/Applications/Unity/Hub/Editor/6000.6.0f1/Unity.app/Contents/Resources/BuildPipeline/Unity.SourceGenerators/Unity.Properties.SourceGenerator.dll"
-analyzer:"/Applications/Unity/Hub/Editor/6000.6.0f1/Unity.app/Contents/Resources/BuildPipeline/Unity.SourceGenerators/Unity.SourceGenerators.dll"
-analyzer:"/Applications/Unity/Hub/Editor/6000.6.0f1/Unity.app/Contents/Resources/BuildPipeline/Unity.SourceGenerators/Unity.UIToolkit.SourceGenerator.dll"
-analyzer:"/Applications/Unity/Hub/Editor/6000.6.0f1/Unity.app/Contents/Resources/Scripting/BCLExtensions/TargetingPacks/netstandard2.1/analyzers/dotnet/roslyn4.0/cs/Microsoft.Extensions.Logging.Generators.dll"
-analyzer:"/Applications/Unity/Hub/Editor/6000.6.0f1/Unity.app/Contents/Resources/Scripting/BCLExtensions/TargetingPacks/netstandard2.1/analyzers/dotnet/roslyn4.0/cs/System.Text.Json.SourceGeneration.dll"
"Assets/Script/HelloWorld.cs"
"Assets/Script/Wasd/NewMonoBehaviourScript.cs"
"Assets/TutorialInfo/Readme.cs"
-langversion:9.0
/deterministic
/optimize+
/debug:portable
/nologo
/RuntimeMetadataVersion:v4.0.30319
/nowarn:0169
/nowarn:0649
/nowarn:0282
/nowarn:1701
/nowarn:1702
/utf8output
/preferreduilang:en-US
/additionalfile:"Library/Bee/artifacts/200b0aE.dag/Assembly-CSharp.UnityAdditionalFile.txt"
##### Custom Environment Variables
DOTNET_HOST_PATH=/Applications/Unity/Hub/Editor/6000.6.0f1/Unity.app/Contents/Resources/Scripting/DotNetSdk/dotnet
DOTNET_MULTILEVEL_LOOKUP=0
##### ExitCode
1
##### Output
Assets/Script/Wasd/NewMonoBehaviourScript.cs(40,19): error CS1003: Syntax error, ',' expected
Assets/Script/Wasd/NewMonoBehaviourScript.cs(41,8): error CS1002: ; expected
Assets/Script/Wasd/NewMonoBehaviourScript.cs(41,32): error CS1001: Identifier expected
Assets/Script/Wasd/NewMonoBehaviourScript.cs(41,32): error CS8124: Tuple must contain at least two elements.
Assets/Script/Wasd/NewMonoBehaviourScript.cs(41,32): error CS1026: ) expected
Assets/Script/Wasd/NewMonoBehaviourScript.cs(41,32): error CS1519: Invalid token 'is' in class, record, struct, or interface member declaration
Assets/Script/Wasd/NewMonoBehaviourScript.cs(41,42): error CS1519: Invalid token ')' in class, record, struct, or interface member declaration
Assets/Script/Wasd/NewMonoBehaviourScript.cs(43,12): error CS1519: Invalid token '+' in class, record, struct, or interface member declaration
Assets/Script/Wasd/NewMonoBehaviourScript.cs(45,5): error CS8803: Top-level statements must precede namespace and type declarations.
Assets/Script/Wasd/NewMonoBehaviourScript.cs(51,1): error CS1022: Type or namespace definition, or end-of-file expected
*** Tundra build failed (1.55 seconds), 2 items updated, 1166 evaluated
## Script Compilation Error for: Csc Library/Bee/artifacts/200b0aE.dag/Assembly-CSharp.dll (+2 others)
## CmdLine: "/Applications/Unity/Hub/Editor/6000.6.0f1/Unity.app/Contents/Resources/Scripting/DotNetSdk/dotnet" exec "/Applications/Unity/Hub/Editor/6000.6.0f1/Unity.app/Contents/Resources/Scripting/DotNetSdk/sdk/8.0.318/Roslyn/bincore/csc.dll" /nostdlib /noconfig /shared "@Library/Bee/artifacts/200b0aE.dag/Assembly-CSharp.rsp" "@Library/Bee/artifacts/200b0aE.dag/Assembly-CSharp.rsp2"
## Output:
Assets/Script/Wasd/NewMonoBehaviourScript.cs(40,19): error CS1003: Syntax error, ',' expected
Assets/Script/Wasd/NewMonoBehaviourScript.cs(41,8): error CS1002: ; expected
Assets/Script/Wasd/NewMonoBehaviourScript.cs(41,32): error CS1001: Identifier expected
Assets/Script/Wasd/NewMonoBehaviourScript.cs(41,32): error CS8124: Tuple must contain at least two elements.
Assets/Script/Wasd/NewMonoBehaviourScript.cs(41,32): error CS1026: ) expected
Assets/Script/Wasd/NewMonoBehaviourScript.cs(41,32): error CS1519: Invalid token 'is' in class, record, struct, or interface member declaration
Assets/Script/Wasd/NewMonoBehaviourScript.cs(41,42): error CS1519: Invalid token ')' in class, record, struct, or interface member declaration
Assets/Script/Wasd/NewMonoBehaviourScript.cs(43,12): error CS1519: Invalid token '+' in class, record, struct, or interface member declaration
Assets/Script/Wasd/NewMonoBehaviourScript.cs(45,5): error CS8803: Top-level statements must precede namespace and type declarations.
Assets/Script/Wasd/NewMonoBehaviourScript.cs(51,1): error CS1022: Type or namespace definition, or end-of-file expected

Assets/Script/Wasd/NewMonoBehaviourScript.cs(40,19): error CS1003: Syntax error, ',' expected
Assets/Script/Wasd/NewMonoBehaviourScript.cs(41,8): error CS1002: ; expected
Assets/Script/Wasd/NewMonoBehaviourScript.cs(41,32): error CS1001: Identifier expected
Assets/Script/Wasd/NewMonoBehaviourScript.cs(41,32): error CS8124: Tuple must contain at least two elements.
Assets/Script/Wasd/NewMonoBehaviourScript.cs(41,32): error CS1026: ) expected
Assets/Script/Wasd/NewMonoBehaviourScript.cs(41,32): error CS1519: Invalid token 'is' in class, record, struct, or interface member declaration
Assets/Script/Wasd/NewMonoBehaviourScript.cs(41,42): error CS1519: Invalid token ')' in class, record, struct, or interface member declaration
Assets/Script/Wasd/NewMonoBehaviourScript.cs(43,12): error CS1519: Invalid token '+' in class, record, struct, or interface member declaration
Assets/Script/Wasd/NewMonoBehaviourScript.cs(45,5): error CS8803: Top-level statements must precede namespace and type declarations.
Assets/Script/Wasd/NewMonoBehaviourScript.cs(51,1): error CS1022: Type or namespace definition, or end-of-file expected
Total cache size 100776008
Total cache size after purge 100776008, took 00:00:00.0547190
[ScriptCompilation] Requested script compilation because: AssetDatabase observed changes in script compilation related files
[Licensing::Client] Successfully resolved entitlement details
Starting: /Applications/Unity/Hub/Editor/6000.6.0f1/Unity.app/Contents/Resources/BuildPipeline/bee_backend --ipc --defer-dag-verification --dagfile="Library/Bee/200b0aE.dag" --continue-on-failure --profile="Library/Bee/backend1.traceevents" ScriptAssemblies
WorkingDir: /Users/bindubk/First class
## Script Compilation Error for: Csc Library/Bee/artifacts/200b0aE.dag/Assembly-CSharp.dll (+2 others)
## CmdLine: "/Applications/Unity/Hub/Editor/6000.6.0f1/Unity.app/Contents/Resources/Scripting/DotNetSdk/dotnet" exec "/Applications/Unity/Hub/Editor/6000.6.0f1/Unity.app/Contents/Resources/Scripting/DotNetSdk/sdk/8.0.318/Roslyn/bincore/csc.dll" /nostdlib /noconfig /shared "@Library/Bee/artifacts/200b0aE.dag/Assembly-CSharp.rsp" "@Library/Bee/artifacts/200b0aE.dag/Assembly-CSharp.rsp2"
## Output:
Assets/Script/Wasd/NewMonoBehaviourScript.cs(41,34): error CS1001: Identifier expected
Assets/Script/Wasd/NewMonoBehaviourScript.cs(43,14): error CS1525: Invalid expression term '='

ExitCode: 3 Duration: 0s237ms
[ 869/1166  0s] ILPP-Configuration Library/ilpp-configuration.nevergeneratedoutput
[1158/1166  0s] Csc Library/Bee/artifacts/200b0aE.dag/Assembly-CSharp.dll (+2 others)
##### CommandLine
"/Applications/Unity/Hub/Editor/6000.6.0f1/Unity.app/Contents/Resources/Scripting/DotNetSdk/dotnet" exec "/Applications/Unity/Hub/Editor/6000.6.0f1/Unity.app/Contents/Resources/Scripting/DotNetSdk/sdk/8.0.318/Roslyn/bincore/csc.dll" /nostdlib /noconfig /shared "@Library/Bee/artifacts/200b0aE.dag/Assembly-CSharp.rsp" "@Library/Bee/artifacts/200b0aE.dag/Assembly-CSharp.rsp2"
##### Contents of Library/Bee/artifacts/200b0aE.dag/Assembly-CSharp.rsp
-target:library
-out:"Library/Bee/artifacts/200b0aE.dag/Assembly-CSharp.dll"
-refout:"Library/Bee/artifacts/200b0aE.dag/Assembly-CSharp.ref.dll"
-define:UNITY_6000_6_0
-define:UNITY_6000_6
-define:UNITY_6000
-define:UNITY_5_3_OR_NEWER
-define:UNITY_5_4_OR_NEWER
-define:UNITY_5_5_OR_NEWER
-define:UNITY_5_6_OR_NEWER
-define:UNITY_2017_1_OR_NEWER
-define:UNITY_2017_2_OR_NEWER
-define:UNITY_2017_3_OR_NEWER
-define:UNITY_2017_4_OR_NEWER
-define:UNITY_2018_1_OR_NEWER
-define:UNITY_2018_2_OR_NEWER
-define:UNITY_2018_3_OR_NEWER
-define:UNITY_2018_4_OR_NEWER
-define:UNITY_2019_1_OR_NEWER
-define:UNITY_2019_2_OR_NEWER
-define:UNITY_2019_3_OR_NEWER
-define:UNITY_2019_4_OR_NEWER
-define:UNITY_2020_1_OR_NEWER
-define:UNITY_2020_2_OR_NEWER
-define:UNITY_2020_3_OR_NEWER
-define:UNITY_2021_1_OR_NEWER
-define:UNITY_2021_2_OR_NEWER
-define:UNITY_2021_3_OR_NEWER
-define:UNITY_2022_1_OR_NEWER
-define:UNITY_2022_2_OR_NEWER
-define:UNITY_2022_3_OR_NEWER
-define:UNITY_2023_1_OR_NEWER
-define:UNITY_2023_2_OR_NEWER
-define:UNITY_2023_3_OR_NEWER
-define:UNITY_6000_0_OR_NEWER
-define:UNITY_6000_1_OR_NEWER
-define:UNITY_6000_2_OR_NEWER
-define:UNITY_6000_3_OR_NEWER
-define:UNITY_6000_4_OR_NEWER
-define:UNITY_6000_5_OR_NEWER
-define:UNITY_6000_6_OR_NEWER
-define:PLATFORM_ARCH_64
-define:UNITY_64
-define:UNITY_INCLUDE_TESTS
-define:UNITY_ENABLE_CLOUD_SERVICES_ENGINE_DIAGNOSTICS_MANAGED
-define:ENABLE_AR
-define:ENABLE_AUDIO
-define:ENABLE_AUDIO_SCRIPTABLE_PIPELINE
-define:ENABLE_BURST
-define:ENABLE_CACHING
-define:ENABLE_CLOTH
-define:ENABLE_MICROPHONE
-define:ENABLE_MULTIPLE_DISPLAYS
-define:ENABLE_PHYSICS
-define:ENABLE_TEXTURE_STREAMING
-define:ENABLE_VIRTUALTEXTURING
-define:ENABLE_LZMA
-define:ENABLE_UNITYEVENTS
-define:ENABLE_VR
-define:ENABLE_WEBCAM
-define:ENABLE_UNITYWEBREQUEST
-define:ENABLE_WWW
-define:ENABLE_CLOUD_SERVICES
-define:ENABLE_CLOUD_SERVICES_ADS
-define:ENABLE_CLOUD_SERVICES_USE_WEBREQUEST
-define:ENABLE_UNITY_CONSENT
-define:ENABLE_UNITY_CLOUD_IDENTIFIERS
-define:ENABLE_CLOUD_SERVICES_CRASH_REPORTING
-define:ENABLE_CLOUD_SERVICES_NATIVE_CRASH_REPORTING
-define:ENABLE_CLOUD_SERVICES_PURCHASING
-define:ENABLE_CLOUD_SERVICES_ANALYTICS
-define:ENABLE_CLOUD_SERVICES_BUILD
-define:ENABLE_EDITOR_GAME_SERVICES
-define:ENABLE_UNITY_GAME_SERVICES_ANALYTICS_SUPPORT
-define:ENABLE_CLOUD_LICENSE
-define:ENABLE_EDITOR_HUB_LICENSE
-define:ENABLE_WEBSOCKET_CLIENT
-define:ENABLE_GENERATE_NATIVE_PLUGINS_FOR_ASSEMBLIES_API
-define:ENABLE_DIRECTOR_AUDIO
-define:ENABLE_DIRECTOR_TEXTURE
-define:ENABLE_MANAGED_JOBS
-define:ENABLE_MANAGED_TRANSFORM_JOBS
-define:ENABLE_MANAGED_ANIMATION_JOBS
-define:ENABLE_MANAGED_AUDIO_JOBS
-define:ENABLE_MANAGED_UNITYTLS
-define:INCLUDE_DYNAMIC_GI
-define:ENABLE_SCRIPTING_GC_WBARRIERS
-define:PLATFORM_SUPPORTS_MONO
-define:RENDER_SOFTWARE_CURSOR
-define:ENABLE_MARSHALLING_TESTS
-define:ENABLE_VIDEO
-define:ENABLE_NAVIGATION_OFFMESHLINK_TO_NAVMESHLINK
-define:ENABLE_ACCELERATOR_CLIENT_DEBUGGING
-define:ENABLE_ACCESSIBILITY_SCREEN_READER
-define:TEXTCORE_1_0_OR_NEWER
-define:EDITOR_ONLY_NAVMESH_BUILDER_DEPRECATED
-define:INCLUDE_UNIFIED_RAYTRACING_COMPUTE_BACKEND
-define:INCLUDE_UNIFIED_RAYTRACING_HARDWARE_BACKEND
-define:PLATFORM_STANDALONE_OSX
-define:PLATFORM_STANDALONE
-define:UNITY_STANDALONE_OSX
-define:UNITY_STANDALONE
-define:ENABLE_GAMECENTER
-define:ENABLE_RUNTIME_GI
-define:ENABLE_MOVIES
-define:ENABLE_NETWORK
-define:ENABLE_CRUNCH_TEXTURE_COMPRESSION
-define:ENABLE_CLOUD_SERVICES_ENGINE_DIAGNOSTICS
-define:ENABLE_CLUSTER_SYNC
-define:ENABLE_CLUSTERINPUT
-define:ENABLE_SPATIALTRACKING
-define:PLATFORM_HAS_CUSTOM_MUTEX
-define:PLATFORM_UPDATES_TIME_OUTSIDE_OF_PLAYER_LOOP
-define:PLATFORM_SUPPORTS_SPLIT_GRAPHICS_JOBS
-define:PLATFORM_REQUIRES_PATH_NORMALIZATION
-define:ENABLE_MONO
-define:NET_STANDARD_2_0
-define:NET_STANDARD
-define:NET_STANDARD_2_1
-define:NETSTANDARD
-define:NETSTANDARD2_1
-define:ENABLE_PROFILER
-define:UNITY_INCLUDE_INSTRUMENTATION
-define:DEBUG
-define:TRACE
-define:UNITY_ASSERTIONS
-define:UNITY_ENABLE_CHECKS
-define:UNITY_EDITOR
-define:UNITY_EDITOR_64
-define:UNITY_EDITOR_OSX
-define:ENABLE_UNITY_COLLECTIONS_CHECKS
-define:ENABLE_BURST_AOT
-define:UNITY_TEAM_LICENSE
-define:ENABLE_CUSTOM_RENDER_TEXTURE
-define:ENABLE_DIRECTOR
-define:ENABLE_LOCALIZATION
-define:ENABLE_SPRITES
-define:ENABLE_TERRAIN
-define:ENABLE_TILEMAP
-define:ENABLE_TIMELINE
-define:ENABLE_INPUT_SYSTEM
-define:TEXTCORE_FONT_ENGINE_1_5_OR_NEWER
-define:TEXTCORE_TEXT_ENGINE_1_5_OR_NEWER
-define:TEXTCORE_FONT_ENGINE_1_6_OR_NEWER
-define:CSHARP_7_OR_LATER
-define:CSHARP_7_3_OR_NEWER
-r:"/Applications/Unity/Hub/Editor/6000.6.0f1/Unity.app/Contents/Resources/Scripting/BCLExtensions/TargetingPacks/netstandard2.1/ref/Microsoft.Bcl.AsyncInterfaces.dll"
-r:"/Applications/Unity/Hub/Editor/6000.6.0f1/Unity.app/Contents/Resources/Scripting/BCLExtensions/TargetingPacks/netstandard2.1/ref/Microsoft.Extensions.DependencyInjection.Abstractions.dll"
-r:"/Applications/Unity/Hub/Editor/6000.6.0f1/Unity.app/Contents/Resources/Scripting/BCLExtensions/TargetingPacks/netstandard2.1/ref/Microsoft.Extensions.Logging.Abstractions.dll"
-r:"/Applications/Unity/Hub/Editor/6000.6.0f1/Unity.app/Contents/Resources/Scripting/BCLExtensions/TargetingPacks/netstandard2.1/ref/System.Collections.Immutable.dll"
-r:"/Applications/Unity/Hub/Editor/6000.6.0f1/Unity.app/Contents/Resources/Scripting/BCLExtensions/TargetingPacks/netstandard2.1/ref/System.Diagnostics.DiagnosticSource.dll"
-r:"/Applications/Unity/Hub/Editor/6000.6.0f1/Unity.app/Contents/Resources/Scripting/BCLExtensions/TargetingPacks/netstandard2.1/ref/System.IO.Hashing.dll"
-r:"/Applications/Unity/Hub/Editor/6000.6.0f1/Unity.app/Contents/Resources/Scripting/BCLExtensions/TargetingPacks/netstandard2.1/ref/System.Reflection.Metadata.dll"
-r:"/Applications/Unity/Hub/Editor/6000.6.0f1/Unity.app/Contents/Resources/Scripting/BCLExtensions/TargetingPacks/netstandard2.1/ref/System.Runtime.CompilerServices.Unsafe.dll"
-r:"/Applications/Unity/Hub/Editor/6000.6.0f1/Unity.app/Contents/Resources/Scripting/BCLExtensions/TargetingPacks/netstandard2.1/ref/System.Text.Encodings.Web.dll"
-r:"/Applications/Unity/Hub/Editor/6000.6.0f1/Unity.app/Contents/Resources/Scripting/BCLExtensions/TargetingPacks/netstandard2.1/ref/System.Text.Json.dll"
-r:"/Applications/Unity/Hub/Editor/6000.6.0f1/PlaybackEngines/MacStandaloneSupport/UnityEditor.iOS.Extensions.Xcode.dll"
-r:"/Applications/Unity/Hub/Editor/6000.6.0f1/Unity.app/Contents/Resources/Scripting/Managed/UnityEngine/Unity.Scripting.dll"
-r:"/Applications/Unity/Hub/Editor/6000.6.0f1/Unity.app/Contents/Resources/Scripting/Managed/UnityEngine/UnityEditor.AIModule.dll"
-r:"/Applications/Unity/Hub/Editor/6000.6.0f1/Unity.app/Contents/Resources/Scripting/Managed/UnityEngine/UnityEditor.AccessibilityModule.dll"
-r:"/Applications/Unity/Hub/Editor/6000.6.0f1/Unity.app/Contents/Resources/Scripting/Managed/UnityEngine/UnityEditor.AdaptivePerformanceModule.dll"
-r:"/Applications/Unity/Hub/Editor/6000.6.0f1/Unity.app/Contents/Resources/Scripting/Managed/UnityEngine/UnityEditor.AnimationWindowModule.dll"
-r:"/Applications/Unity/Hub/Editor/6000.6.0f1/Unity.app/Contents/Resources/Scripting/Managed/UnityEngine/UnityEditor.AssetComplianceModule.dll"
-r:"/Applications/Unity/Hub/Editor/6000.6.0f1/Unity.app/Contents/Resources/Scripting/Managed/UnityEngine/UnityEditor.BuildAnalysisModule.dll"
-r:"/Applications/Unity/Hub/Editor/6000.6.0f1/Unity.app/Contents/Resources/Scripting/Managed/UnityEngine/UnityEditor.BuildProfileModule.dll"
-r:"/Applications/Unity/Hub/Editor/6000.6.0f1/Unity.app/Contents/Resources/Scripting/Managed/UnityEngine/UnityEditor.BurstModule.dll"
-r:"/Applications/Unity/Hub/Editor/6000.6.0f1/Unity.app/Contents/Resources/Scripting/Managed/UnityEngine/UnityEditor.ClothModule.dll"
-r:"/Applications/Unity/Hub/Editor/6000.6.0f1/Unity.app/Contents/Resources/Scripting/Managed/UnityEngine/UnityEditor.ContentLoadModule.dll"
-r:"/Applications/Unity/Hub/Editor/6000.6.0f1/Unity.app/Contents/Resources/Scripting/Managed/UnityEngine/UnityEditor.CoreBusinessMetricsModule.dll"
-r:"/Applications/Unity/Hub/Editor/6000.6.0f1/Unity.app/Contents/Resources/Scripting/Managed/UnityEngine/UnityEditor.CoreModule.dll"
-r:"/Applications/Unity/Hub/Editor/6000.6.0f1/Unity.app/Contents/Resources/Scripting/Managed/UnityEngine/UnityEditor.DeviceSimulatorModule.dll"
-r:"/Applications/Unity/Hub/Editor/6000.6.0f1/Unity.app/Contents/Resources/Scripting/Managed/UnityEngine/UnityEditor.DiagnosticsModule.dll"
-r:"/Applications/Unity/Hub/Editor/6000.6.0f1/Unity.app/Contents/Resources/Scripting/Managed/UnityEngine/UnityEditor.EditorToolbarModule.dll"
-r:"/Applications/Unity/Hub/Editor/6000.6.0f1/Unity.app/Contents/Resources/Scripting/Managed/UnityEngine/UnityEditor.EmbreeModule.dll"
-r:"/Applications/Unity/Hub/Editor/6000.6.0f1/Unity.app/Contents/Resources/Scripting/Managed/UnityEngine/UnityEditor.GIModule.dll"
-r:"/Applications/Unity/Hub/Editor/6000.6.0f1/Unity.app/Contents/Resources/Scripting/Managed/UnityEngine/UnityEditor.GenericRemoteModule.dll"
-r:"/Applications/Unity/Hub/Editor/6000.6.0f1/Unity.app/Contents/Resources/Scripting/Managed/UnityEngine/UnityEditor.GraphToolkitModule.dll"
-r:"/Applications/Unity/Hub/Editor/6000.6.0f1/Unity.app/Contents/Resources/Scripting/Managed/UnityEngine/UnityEditor.GraphViewModule.dll"
-r:"/Applications/Unity/Hub/Editor/6000.6.0f1/Unity.app/Contents/Resources/Scripting/Managed/UnityEngine/UnityEditor.GraphicsStateCollectionSerializerModule.dll"
-r:"/Applications/Unity/Hub/Editor/6000.6.0f1/Unity.app/Contents/Resources/Scripting/Managed/UnityEngine/UnityEditor.GridAndSnapModule.dll"
-r:"/Applications/Unity/Hub/Editor/6000.6.0f1/Unity.app/Contents/Resources/Scripting/Managed/UnityEngine/UnityEditor.GridModule.dll"
-r:"/Applications/Unity/Hub/Editor/6000.6.0f1/Unity.app/Contents/Resources/Scripting/Managed/UnityEngine/UnityEditor.HierarchyModule.dll"
-r:"/Applications/Unity/Hub/Editor/6000.6.0f1/Unity.app/Contents/Resources/Scripting/Managed/UnityEngine/UnityEditor.LightingModule.dll"
-r:"/Applications/Unity/Hub/Editor/6000.6.0f1/Unity.app/Contents/Resources/Scripting/Managed/UnityEngine/UnityEditor.MathematicsModule.dll"
-r:"/Applications/Unity/Hub/Editor/6000.6.0f1/Unity.app/Contents/Resources/Scripting/Managed/UnityEngine/UnityEditor.MediaModule.dll"
-r:"/Applications/Unity/Hub/Editor/6000.6.0f1/Unity.app/Contents/Resources/Scripting/Managed/UnityEngine/UnityEditor.MultiplayerModule.dll"
-r:"/Applications/Unity/Hub/Editor/6000.6.0f1/Unity.app/Contents/Resources/Scripting/Managed/UnityEngine/UnityEditor.Physics2DModule.dll"
-r:"/Applications/Unity/Hub/Editor/6000.6.0f1/Unity.app/Contents/Resources/Scripting/Managed/UnityEngine/UnityEditor.PhysicsCore2DModule.dll"
-r:"/Applications/Unity/Hub/Editor/6000.6.0f1/Unity.app/Contents/Resources/Scripting/Managed/UnityEngine/UnityEditor.PhysicsModule.dll"
-r:"/Applications/Unity/Hub/Editor/6000.6.0f1/Unity.app/Contents/Resources/Scripting/Managed/UnityEngine/UnityEditor.PlayModeModule.dll"
-r:"/Applications/Unity/Hub/Editor/6000.6.0f1/Unity.app/Contents/Resources/Scripting/Managed/UnityEngine/UnityEditor.PresetsUIModule.dll"
-r:"/Applications/Unity/Hub/Editor/6000.6.0f1/Unity.app/Contents/Resources/Scripting/Managed/UnityEngine/UnityEditor.ProjectAuditorModule.dll"
-r:"/Applications/Unity/Hub/Editor/6000.6.0f1/Unity.app/Contents/Resources/Scripting/Managed/UnityEngine/UnityEditor.PropertiesModule.dll"
-r:"/Applications/Unity/Hub/Editor/6000.6.0f1/Unity.app/Contents/Resources/Scripting/Managed/UnityEngine/UnityEditor.QuickInstallModule.dll"
-r:"/Applications/Unity/Hub/Editor/6000.6.0f1/Unity.app/Contents/Resources/Scripting/Managed/UnityEngine/UnityEditor.QuickSearchModule.dll"
-r:"/Applications/Unity/Hub/Editor/6000.6.0f1/Unity.app/Contents/Resources/Scripting/Managed/UnityEngine/UnityEditor.SafeModeModule.dll"
-r:"/Applications/Unity/Hub/Editor/6000.6.0f1/Unity.app/Contents/Resources/Scripting/Managed/UnityEngine/UnityEditor.SceneTemplateModule.dll"
-r:"/Applications/Unity/Hub/Editor/6000.6.0f1/Unity.app/Contents/Resources/Scripting/Managed/UnityEngine/UnityEditor.SceneViewModule.dll"
-r:"/Applications/Unity/Hub/Editor/6000.6.0f1/Unity.app/Contents/Resources/Scripting/Managed/UnityEngine/UnityEditor.ShaderBuildSettingsModule.dll"
-r:"/Applications/Unity/Hub/Editor/6000.6.0f1/Unity.app/Contents/Resources/Scripting/Managed/UnityEngine/UnityEditor.ShaderCompilationModule.dll"
-r:"/Applications/Unity/Hub/Editor/6000.6.0f1/Unity.app/Contents/Resources/Scripting/Managed/UnityEngine/UnityEditor.ShaderFoundryModule.dll"
-r:"/Applications/Unity/Hub/Editor/6000.6.0f1/Unity.app/Contents/Resources/Scripting/Managed/UnityEngine/UnityEditor.ShaderPreprocessorModule.dll"
-r:"/Applications/Unity/Hub/Editor/6000.6.0f1/Unity.app/Contents/Resources/Scripting/Managed/UnityEngine/UnityEditor.SketchUpModule.dll"
-r:"/Applications/Unity/Hub/Editor/6000.6.0f1/Unity.app/Contents/Resources/Scripting/Managed/UnityEngine/UnityEditor.SpriteMaskModule.dll"
-r:"/Applications/Unity/Hub/Editor/6000.6.0f1/Unity.app/Contents/Resources/Scripting/Managed/UnityEngine/UnityEditor.SpriteShapeModule.dll"
-r:"/Applications/Unity/Hub/Editor/6000.6.0f1/Unity.app/Contents/Resources/Scripting/Managed/UnityEngine/UnityEditor.SubstanceModule.dll"
-r:"/Applications/Unity/Hub/Editor/6000.6.0f1/Unity.app/Contents/Resources/Scripting/Managed/UnityEngine/UnityEditor.SyntaxTreeModule.dll"
-r:"/Applications/Unity/Hub/Editor/6000.6.0f1/Unity.app/Contents/Resources/Scripting/Managed/UnityEngine/UnityEditor.TerrainModule.dll"
-r:"/Applications/Unity/Hub/Editor/6000.6.0f1/Unity.app/Contents/Resources/Scripting/Managed/UnityEngine/UnityEditor.TextCoreFontEngineModule.dll"
-r:"/Applications/Unity/Hub/Editor/6000.6.0f1/Unity.app/Contents/Resources/Scripting/Managed/UnityEngine/UnityEditor.TextCoreTextEngineModule.dll"
-r:"/Applications/Unity/Hub/Editor/6000.6.0f1/Unity.app/Contents/Resources/Scripting/Managed/UnityEngine/UnityEditor.TextRenderingModule.dll"
-r:"/Applications/Unity/Hub/Editor/6000.6.0f1/Unity.app/Contents/Resources/Scripting/Managed/UnityEngine/UnityEditor.TilemapModule.dll"
-r:"/Applications/Unity/Hub/Editor/6000.6.0f1/Unity.app/Contents/Resources/Scripting/Managed/UnityEngine/UnityEditor.TimelineFoundationModule.dll"
-r:"/Applications/Unity/Hub/Editor/6000.6.0f1/Unity.app/Contents/Resources/Scripting/Managed/UnityEngine/UnityEditor.TreeModule.dll"
-r:"/Applications/Unity/Hub/Editor/6000.6.0f1/Unity.app/Contents/Resources/Scripting/Managed/UnityEngine/UnityEditor.U2DModule.dll"
-r:"/Applications/Unity/Hub/Editor/6000.6.0f1/Unity.app/Contents/Resources/Scripting/Managed/UnityEngine/UnityEditor.UIAutomationModule.dll"
-r:"/Applications/Unity/Hub/Editor/6000.6.0f1/Unity.app/Contents/Resources/Scripting/Managed/UnityEngine/UnityEditor.UIBuilderModule.dll"
-r:"/Applications/Unity/Hub/Editor/6000.6.0f1/Unity.app/Contents/Resources/Scripting/Managed/UnityEngine/UnityEditor.UIElementsModule.dll"
-r:"/Applications/Unity/Hub/Editor/6000.6.0f1/Unity.app/Contents/Resources/Scripting/Managed/UnityEngine/UnityEditor.UIElementsSamplesModule.dll"
-r:"/Applications/Unity/Hub/Editor/6000.6.0f1/Unity.app/Contents/Resources/Scripting/Managed/UnityEngine/UnityEditor.UIToolkitAuthoringModule.dll"
-r:"/Applications/Unity/Hub/Editor/6000.6.0f1/Unity.app/Contents/Resources/Scripting/Managed/UnityEngine/UnityEditor.UmbraModule.dll"
-r:"/Applications/Unity/Hub/Editor/6000.6.0f1/Unity.app/Contents/Resources/Scripting/Managed/UnityEngine/UnityEditor.UnityConnectModule.dll"
-r:"/Applications/Unity/Hub/Editor/6000.6.0f1/Unity.app/Contents/Resources/Scripting/Managed/UnityEngine/UnityEditor.VFXModule.dll"
-r:"/Applications/Unity/Hub/Editor/6000.6.0f1/Unity.app/Contents/Resources/Scripting/Managed/UnityEngine/UnityEditor.VectorGraphicsModule.dll"
-r:"/Applications/Unity/Hub/Editor/6000.6.0f1/Unity.app/Contents/Resources/Scripting/Managed/UnityEngine/UnityEditor.VideoModule.dll"
-r:"/Applications/Unity/Hub/Editor/6000.6.0f1/Unity.app/Contents/Resources/Scripting/Managed/UnityEngine/UnityEditor.XRModule.dll"
-r:"/Applications/Unity/Hub/Editor/6000.6.0f1/Unity.app/Contents/Resources/Scripting/Managed/UnityEngine/UnityEditor.dll"
-r:"/Applications/Unity/Hub/Editor/6000.6.0f1/Unity.app/Contents/Resources/Scripting/Managed/UnityEngine/UnityEngine.AIModule.dll"
-r:"/Applications/Unity/Hub/Editor/6000.6.0f1/Unity.app/Contents/Resources/Scripting/Managed/UnityEngine/UnityEngine.ARModule.dll"
-r:"/Applications/Unity/Hub/Editor/6000.6.0f1/Unity.app/Contents/Resources/Scripting/Managed/UnityEngine/UnityEngine.AccessibilityModule.dll"
-r:"/Applications/Unity/Hub/Editor/6000.6.0f1/Unity.app/Contents/Resources/Scripting/Managed/UnityEngine/UnityEngine.AdaptivePerformanceModule.dll"
-r:"/Applications/Unity/Hub/Editor/6000.6.0f1/Unity.app/Contents/Resources/Scripting/Managed/UnityEngine/UnityEngine.AndroidJNIModule.dll"
-r:"/Applications/Unity/Hub/Editor/6000.6.0f1/Unity.app/Contents/Resources/Scripting/Managed/UnityEngine/UnityEngine.AnimationModule.dll"
-r:"/Applications/Unity/Hub/Editor/6000.6.0f1/Unity.app/Contents/Resources/Scripting/Managed/UnityEngine/UnityEngine.AssetBundleModule.dll"
-r:"/Applications/Unity/Hub/Editor/6000.6.0f1/Unity.app/Contents/Resources/Scripting/Managed/UnityEngine/UnityEngine.AudioModule.dll"
-r:"/Applications/Unity/Hub/Editor/6000.6.0f1/Unity.app/Contents/Resources/Scripting/Managed/UnityEngine/UnityEngine.BurstModule.dll"
-r:"/Applications/Unity/Hub/Editor/6000.6.0f1/Unity.app/Contents/Resources/Scripting/Managed/UnityEngine/UnityEngine.ClothModule.dll"
-r:"/Applications/Unity/Hub/Editor/6000.6.0f1/Unity.app/Contents/Resources/Scripting/Managed/UnityEngine/UnityEngine.ClusterInputModule.dll"
-r:"/Applications/Unity/Hub/Editor/6000.6.0f1/Unity.app/Contents/Resources/Scripting/Managed/UnityEngine/UnityEngine.ClusterRendererModule.dll"
-r:"/Applications/Unity/Hub/Editor/6000.6.0f1/Unity.app/Contents/Resources/Scripting/Managed/UnityEngine/UnityEngine.ContentLoadModule.dll"
-r:"/Applications/Unity/Hub/Editor/6000.6.0f1/Unity.app/Contents/Resources/Scripting/Managed/UnityEngine/UnityEngine.CoreModule.dll"
-r:"/Applications/Unity/Hub/Editor/6000.6.0f1/Unity.app/Contents/Resources/Scripting/Managed/UnityEngine/UnityEngine.CrashReportingModule.dll"
-r:"/Applications/Unity/Hub/Editor/6000.6.0f1/Unity.app/Contents/Resources/Scripting/Managed/UnityEngine/UnityEngine.DSPGraphModule.dll"
-r:"/Applications/Unity/Hub/Editor/6000.6.0f1/Unity.app/Contents/Resources/Scripting/Managed/UnityEngine/UnityEngine.DirectorModule.dll"
-r:"/Applications/Unity/Hub/Editor/6000.6.0f1/Unity.app/Contents/Resources/Scripting/Managed/UnityEngine/UnityEngine.GIModule.dll"
-r:"/Applications/Unity/Hub/Editor/6000.6.0f1/Unity.app/Contents/Resources/Scripting/Managed/UnityEngine/UnityEngine.GameCenterModule.dll"
-r:"/Applications/Unity/Hub/Editor/6000.6.0f1/Unity.app/Contents/Resources/Scripting/Managed/UnityEngine/UnityEngine.GraphicsStateCollectionSerializerModule.dll"
-r:"/Applications/Unity/Hub/Editor/6000.6.0f1/Unity.app/Contents/Resources/Scripting/Managed/UnityEngine/UnityEngine.GridModule.dll"
-r:"/Applications/Unity/Hub/Editor/6000.6.0f1/Unity.app/Contents/Resources/Scripting/Managed/UnityEngine/UnityEngine.HierarchyCoreModule.dll"
-r:"/Applications/Unity/Hub/Editor/6000.6.0f1/Unity.app/Contents/Resources/Scripting/Managed/UnityEngine/UnityEngine.HotReloadModule.dll"
-r:"/Applications/Unity/Hub/Editor/6000.6.0f1/Unity.app/Contents/Resources/Scripting/Managed/UnityEngine/UnityEngine.IMGUIModule.dll"
-r:"/Applications/Unity/Hub/Editor/6000.6.0f1/Unity.app/Contents/Resources/Scripting/Managed/UnityEngine/UnityEngine.IdentifiersModule.dll"
-r:"/Applications/Unity/Hub/Editor/6000.6.0f1/Unity.app/Contents/Resources/Scripting/Managed/UnityEngine/UnityEngine.ImageConversionModule.dll"
-r:"/Applications/Unity/Hub/Editor/6000.6.0f1/Unity.app/Contents/Resources/Scripting/Managed/UnityEngine/UnityEngine.InputForUIModule.dll"
-r:"/Applications/Unity/Hub/Editor/6000.6.0f1/Unity.app/Contents/Resources/Scripting/Managed/UnityEngine/UnityEngine.InputLegacyModule.dll"
-r:"/Applications/Unity/Hub/Editor/6000.6.0f1/Unity.app/Contents/Resources/Scripting/Managed/UnityEngine/UnityEngine.InputModule.dll"
-r:"/Applications/Unity/Hub/Editor/6000.6.0f1/Unity.app/Contents/Resources/Scripting/Managed/UnityEngine/UnityEngine.InsightsModule.dll"
-r:"/Applications/Unity/Hub/Editor/6000.6.0f1/Unity.app/Contents/Resources/Scripting/Managed/UnityEngine/UnityEngine.JSONSerializeModule.dll"
-r:"/Applications/Unity/Hub/Editor/6000.6.0f1/Unity.app/Contents/Resources/Scripting/Managed/UnityEngine/UnityEngine.LocalizationModule.dll"
-r:"/Applications/Unity/Hub/Editor/6000.6.0f1/Unity.app/Contents/Resources/Scripting/Managed/UnityEngine/UnityEngine.ManagedKernelModule.dll"
-r:"/Applications/Unity/Hub/Editor/6000.6.0f1/Unity.app/Contents/Resources/Scripting/Managed/UnityEngine/UnityEngine.MarshallingModule.dll"
-r:"/Applications/Unity/Hub/Editor/6000.6.0f1/Unity.app/Contents/Resources/Scripting/Managed/UnityEngine/UnityEngine.MathematicsModule.dll"
-r:"/Applications/Unity/Hub/Editor/6000.6.0f1/Unity.app/Contents/Resources/Scripting/Managed/UnityEngine/UnityEngine.MultiplayerModule.dll"
-r:"/Applications/Unity/Hub/Editor/6000.6.0f1/Unity.app/Contents/Resources/Scripting/Managed/UnityEngine/UnityEngine.ParticleSystemModule.dll"
-r:"/Applications/Unity/Hub/Editor/6000.6.0f1/Unity.app/Contents/Resources/Scripting/Managed/UnityEngine/UnityEngine.PerformanceReportingModule.dll"
-r:"/Applications/Unity/Hub/Editor/6000.6.0f1/Unity.app/Contents/Resources/Scripting/Managed/UnityEngine/UnityEngine.Physics2DModule.dll"
-r:"/Applications/Unity/Hub/Editor/6000.6.0f1/Unity.app/Contents/Resources/Scripting/Managed/UnityEngine/UnityEngine.PhysicsBackendPhysXModule.dll"
-r:"/Applications/Unity/Hub/Editor/6000.6.0f1/Unity.app/Contents/Resources/Scripting/Managed/UnityEngine/UnityEngine.PhysicsCore2DModule.dll"
-r:"/Applications/Unity/Hub/Editor/6000.6.0f1/Unity.app/Contents/Resources/Scripting/Managed/UnityEngine/UnityEngine.PhysicsModule.dll"
-r:"/Applications/Unity/Hub/Editor/6000.6.0f1/Unity.app/Contents/Resources/Scripting/Managed/UnityEngine/UnityEngine.PropertiesModule.dll"
-r:"/Applications/Unity/Hub/Editor/6000.6.0f1/Unity.app/Contents/Resources/Scripting/Managed/UnityEngine/UnityEngine.RenderAs2DModule.dll"
-r:"/Applications/Unity/Hub/Editor/6000.6.0f1/Unity.app/Contents/Resources/Scripting/Managed/UnityEngine/UnityEngine.RuntimeInitializeOnLoadManagerInitializerModule.dll"
-r:"/Applications/Unity/Hub/Editor/6000.6.0f1/Unity.app/Contents/Resources/Scripting/Managed/UnityEngine/UnityEngine.ScreenCaptureModule.dll"
-r:"/Applications/Unity/Hub/Editor/6000.6.0f1/Unity.app/Contents/Resources/Scripting/Managed/UnityEngine/UnityEngine.ScriptingModule.dll"
-r:"/Applications/Unity/Hub/Editor/6000.6.0f1/Unity.app/Contents/Resources/Scripting/Managed/UnityEngine/UnityEngine.ShaderVariantAnalyticsModule.dll"
-r:"/Applications/Unity/Hub/Editor/6000.6.0f1/Unity.app/Contents/Resources/Scripting/Managed/UnityEngine/UnityEngine.SpriteMaskModule.dll"
-r:"/Applications/Unity/Hub/Editor/6000.6.0f1/Unity.app/Contents/Resources/Scripting/Managed/UnityEngine/UnityEngine.SpriteShapeModule.dll"
-r:"/Applications/Unity/Hub/Editor/6000.6.0f1/Unity.app/Contents/Resources/Scripting/Managed/UnityEngine/UnityEngine.StreamingModule.dll"
-r:"/Applications/Unity/Hub/Editor/6000.6.0f1/Unity.app/Contents/Resources/Scripting/Managed/UnityEngine/UnityEngine.SubstanceModule.dll"
-r:"/Applications/Unity/Hub/Editor/6000.6.0f1/Unity.app/Contents/Resources/Scripting/Managed/UnityEngine/UnityEngine.SubsystemsModule.dll"
-r:"/Applications/Unity/Hub/Editor/6000.6.0f1/Unity.app/Contents/Resources/Scripting/Managed/UnityEngine/UnityEngine.TLSModule.dll"
-r:"/Applications/Unity/Hub/Editor/6000.6.0f1/Unity.app/Contents/Resources/Scripting/Managed/UnityEngine/UnityEngine.TerrainModule.dll"
-r:"/Applications/Unity/Hub/Editor/6000.6.0f1/Unity.app/Contents/Resources/Scripting/Managed/UnityEngine/UnityEngine.TerrainPhysicsModule.dll"
-r:"/Applications/Unity/Hub/Editor/6000.6.0f1/Unity.app/Contents/Resources/Scripting/Managed/UnityEngine/UnityEngine.TetgenModule.dll"
-r:"/Applications/Unity/Hub/Editor/6000.6.0f1/Unity.app/Contents/Resources/Scripting/Managed/UnityEngine/UnityEngine.TextCoreFontEngineModule.dll"
-r:"/Applications/Unity/Hub/Editor/6000.6.0f1/Unity.app/Contents/Resources/Scripting/Managed/UnityEngine/UnityEngine.TextCoreTextEngineModule.dll"
-r:"/Applications/Unity/Hub/Editor/6000.6.0f1/Unity.app/Contents/Resources/Scripting/Managed/UnityEngine/UnityEngine.TextRenderingModule.dll"
-r:"/Applications/Unity/Hub/Editor/6000.6.0f1/Unity.app/Contents/Resources/Scripting/Managed/UnityEngine/UnityEngine.TilemapModule.dll"
-r:"/Applications/Unity/Hub/Editor/6000.6.0f1/Unity.app/Contents/Resources/Scripting/Managed/UnityEngine/UnityEngine.TimelineFoundationModule.dll"
-r:"/Applications/Unity/Hub/Editor/6000.6.0f1/Unity.app/Contents/Resources/Scripting/Managed/UnityEngine/UnityEngine.U2DRuntimeModule.dll"
-r:"/Applications/Unity/Hub/Editor/6000.6.0f1/Unity.app/Contents/Resources/Scripting/Managed/UnityEngine/UnityEngine.UIElementsModule.dll"
-r:"/Applications/Unity/Hub/Editor/6000.6.0f1/Unity.app/Contents/Resources/Scripting/Managed/UnityEngine/UnityEngine.UIModule.dll"
-r:"/Applications/Unity/Hub/Editor/6000.6.0f1/Unity.app/Contents/Resources/Scripting/Managed/UnityEngine/UnityEngine.UmbraModule.dll"
-r:"/Applications/Unity/Hub/Editor/6000.6.0f1/Unity.app/Contents/Resources/Scripting/Managed/UnityEngine/UnityEngine.UnityAnalyticsCommonModule.dll"
-r:"/Applications/Unity/Hub/Editor/6000.6.0f1/Unity.app/Contents/Resources/Scripting/Managed/UnityEngine/UnityEngine.UnityAnalyticsModule.dll"
-r:"/Applications/Unity/Hub/Editor/6000.6.0f1/Unity.app/Contents/Resources/Scripting/Managed/UnityEngine/UnityEngine.UnityConnectModule.dll"
-r:"/Applications/Unity/Hub/Editor/6000.6.0f1/Unity.app/Contents/Resources/Scripting/Managed/UnityEngine/UnityEngine.UnityConsentModule.dll"
-r:"/Applications/Unity/Hub/Editor/6000.6.0f1/Unity.app/Contents/Resources/Scripting/Managed/UnityEngine/UnityEngine.UnityCurlModule.dll"
-r:"/Applications/Unity/Hub/Editor/6000.6.0f1/Unity.app/Contents/Resources/Scripting/Managed/UnityEngine/UnityEngine.UnityWebRequestAssetBundleModule.dll"
-r:"/Applications/Unity/Hub/Editor/6000.6.0f1/Unity.app/Contents/Resources/Scripting/Managed/UnityEngine/UnityEngine.UnityWebRequestAudioModule.dll"
-r:"/Applications/Unity/Hub/Editor/6000.6.0f1/Unity.app/Contents/Resources/Scripting/Managed/UnityEngine/UnityEngine.UnityWebRequestModule.dll"
-r:"/Applications/Unity/Hub/Editor/6000.6.0f1/Unity.app/Contents/Resources/Scripting/Managed/UnityEngine/UnityEngine.UnityWebRequestTextureModule.dll"
-r:"/Applications/Unity/Hub/Editor/6000.6.0f1/Unity.app/Contents/Resources/Scripting/Managed/UnityEngine/UnityEngine.UnityWebRequestWWWModule.dll"
-r:"/Applications/Unity/Hub/Editor/6000.6.0f1/Unity.app/Contents/Resources/Scripting/Managed/UnityEngine/UnityEngine.VFXModule.dll"
-r:"/Applications/Unity/Hub/Editor/6000.6.0f1/Unity.app/Contents/Resources/Scripting/Managed/UnityEngine/UnityEngine.VectorGraphicsModule.dll"
-r:"/Applications/Unity/Hub/Editor/6000.6.0f1/Unity.app/Contents/Resources/Scripting/Managed/UnityEngine/UnityEngine.VehiclesModule.dll"
-r:"/Applications/Unity/Hub/Editor/6000.6.0f1/Unity.app/Contents/Resources/Scripting/Managed/UnityEngine/UnityEngine.VideoModule.dll"
-r:"/Applications/Unity/Hub/Editor/6000.6.0f1/Unity.app/Contents/Resources/Scripting/Managed/UnityEngine/UnityEngine.VirtualTexturingModule.dll"
-r:"/Applications/Unity/Hub/Editor/6000.6.0f1/Unity.app/Contents/Resources/Scripting/Managed/UnityEngine/UnityEngine.WindModule.dll"
-r:"/Applications/Unity/Hub/Editor/6000.6.0f1/Unity.app/Contents/Resources/Scripting/Managed/UnityEngine/UnityEngine.XRModule.dll"
-r:"/Applications/Unity/Hub/Editor/6000.6.0f1/Unity.app/Contents/Resources/Scripting/Managed/UnityEngine/UnityEngine.dll"
-r:"/Applications/Unity/Hub/Editor/6000.6.0f1/Unity.app/Contents/Resources/Scripting/NetStandard/Extensions/2.0.0/System.Runtime.InteropServices.WindowsRuntime.dll"
-r:"/Applications/Unity/Hub/Editor/6000.6.0f1/Unity.app/Contents/Resources/Scripting/NetStandard/compat/2.1.0/shims/netfx/System.ComponentModel.Composition.dll"
-r:"/Applications/Unity/Hub/Editor/6000.6.0f1/Unity.app/Contents/Resources/Scripting/NetStandard/compat/2.1.0/shims/netfx/System.Core.dll"
-r:"/Applications/Unity/Hub/Editor/6000.6.0f1/Unity.app/Contents/Resources/Scripting/NetStandard/compat/2.1.0/shims/netfx/System.Data.dll"
-r:"/Applications/Unity/Hub/Editor/6000.6.0f1/Unity.app/Contents/Resources/Scripting/NetStandard/compat/2.1.0/shims/netfx/System.Drawing.dll"
-r:"/Applications/Unity/Hub/Editor/6000.6.0f1/Unity.app/Contents/Resources/Scripting/NetStandard/compat/2.1.0/shims/netfx/System.IO.Compression.FileSystem.dll"
-r:"/Applications/Unity/Hub/Editor/6000.6.0f1/Unity.app/Contents/Resources/Scripting/NetStandard/compat/2.1.0/shims/netfx/System.Net.dll"
-r:"/Applications/Unity/Hub/Editor/6000.6.0f1/Unity.app/Contents/Resources/Scripting/NetStandard/compat/2.1.0/shims/netfx/System.Numerics.dll"
-r:"/Applications/Unity/Hub/Editor/6000.6.0f1/Unity.app/Contents/Resources/Scripting/NetStandard/compat/2.1.0/shims/netfx/System.Runtime.Serialization.dll"
-r:"/Applications/Unity/Hub/Editor/6000.6.0f1/Unity.app/Contents/Resources/Scripting/NetStandard/compat/2.1.0/shims/netfx/System.ServiceModel.Web.dll"
-r:"/Applications/Unity/Hub/Editor/6000.6.0f1/Unity.app/Contents/Resources/Scripting/NetStandard/compat/2.1.0/shims/netfx/System.Transactions.dll"
-r:"/Applications/Unity/Hub/Editor/6000.6.0f1/Unity.app/Contents/Resources/Scripting/NetStandard/compat/2.1.0/shims/netfx/System.Web.dll"
-r:"/Applications/Unity/Hub/Editor/6000.6.0f1/Unity.app/Contents/Resources/Scripting/NetStandard/compat/2.1.0/shims/netfx/System.Windows.dll"
-r:"/Applications/Unity/Hub/Editor/6000.6.0f1/Unity.app/Contents/Resources/Scripting/NetStandard/compat/2.1.0/shims/netfx/System.Xml.Linq.dll"
-r:"/Applications/Unity/Hub/Editor/6000.6.0f1/Unity.app/Contents/Resources/Scripting/NetStandard/compat/2.1.0/shims/netfx/System.Xml.Serialization.dll"
-r:"/Applications/Unity/Hub/Editor/6000.6.0f1/Unity.app/Contents/Resources/Scripting/NetStandard/compat/2.1.0/shims/netfx/System.Xml.dll"
-r:"/Applications/Unity/Hub/Editor/6000.6.0f1/Unity.app/Contents/Resources/Scripting/NetStandard/compat/2.1.0/shims/netfx/System.dll"
-r:"/Applications/Unity/Hub/Editor/6000.6.0f1/Unity.app/Contents/Resources/Scripting/NetStandard/compat/2.1.0/shims/netfx/mscorlib.dll"
-r:"/Applications/Unity/Hub/Editor/6000.6.0f1/Unity.app/Contents/Resources/Scripting/NetStandard/compat/2.1.0/shims/netstandard/Microsoft.Win32.Primitives.dll"
-r:"/Applications/Unity/Hub/Editor/6000.6.0f1/Unity.app/Contents/Resources/Scripting/NetStandard/compat/2.1.0/shims/netstandard/System.AppContext.dll"
-r:"/Applications/Unity/Hub/Editor/6000.6.0f1/Unity.app/Contents/Resources/Scripting/NetStandard/compat/2.1.0/shims/netstandard/System.Buffers.dll"
-r:"/Applications/Unity/Hub/Editor/6000.6.0f1/Unity.app/Contents/Resources/Scripting/NetStandard/compat/2.1.0/shims/netstandard/System.Collections.Concurrent.dll"
-r:"/Applications/Unity/Hub/Editor/6000.6.0f1/Unity.app/Contents/Resources/Scripting/NetStandard/compat/2.1.0/shims/netstandard/System.Collections.NonGeneric.dll"
-r:"/Applications/Unity/Hub/Editor/6000.6.0f1/Unity.app/Contents/Resources/Scripting/NetStandard/compat/2.1.0/shims/netstandard/System.Collections.Specialized.dll"
-r:"/Applications/Unity/Hub/Editor/6000.6.0f1/Unity.app/Contents/Resources/Scripting/NetStandard/compat/2.1.0/shims/netstandard/System.Collections.dll"
-r:"/Applications/Unity/Hub/Editor/6000.6.0f1/Unity.app/Contents/Resources/Scripting/NetStandard/compat/2.1.0/shims/netstandard/System.ComponentModel.EventBasedAsync.dll"
-r:"/Applications/Unity/Hub/Editor/6000.6.0f1/Unity.app/Contents/Resources/Scripting/NetStandard/compat/2.1.0/shims/netstandard/System.ComponentModel.Primitives.dll"
-r:"/Applications/Unity/Hub/Editor/6000.6.0f1/Unity.app/Contents/Resources/Scripting/NetStandard/compat/2.1.0/shims/netstandard/System.ComponentModel.TypeConverter.dll"
-r:"/Applications/Unity/Hub/Editor/6000.6.0f1/Unity.app/Contents/Resources/Scripting/NetStandard/compat/2.1.0/shims/netstandard/System.ComponentModel.dll"
-r:"/Applications/Unity/Hub/Editor/6000.6.0f1/Unity.app/Contents/Resources/Scripting/NetStandard/compat/2.1.0/shims/netstandard/System.Console.dll"
-r:"/Applications/Unity/Hub/Editor/6000.6.0f1/Unity.app/Contents/Resources/Scripting/NetStandard/compat/2.1.0/shims/netstandard/System.Data.Common.dll"
-r:"/Applications/Unity/Hub/Editor/6000.6.0f1/Unity.app/Contents/Resources/Scripting/NetStandard/compat/2.1.0/shims/netstandard/System.Diagnostics.Contracts.dll"
-r:"/Applications/Unity/Hub/Editor/6000.6.0f1/Unity.app/Contents/Resources/Scripting/NetStandard/compat/2.1.0/shims/netstandard/System.Diagnostics.Debug.dll"
-r:"/Applications/Unity/Hub/Editor/6000.6.0f1/Unity.app/Contents/Resources/Scripting/NetStandard/compat/2.1.0/shims/netstandard/System.Diagnostics.FileVersionInfo.dll"
-r:"/Applications/Unity/Hub/Editor/6000.6.0f1/Unity.app/Contents/Resources/Scripting/NetStandard/compat/2.1.0/shims/netstandard/System.Diagnostics.Process.dll"
-r:"/Applications/Unity/Hub/Editor/6000.6.0f1/Unity.app/Contents/Resources/Scripting/NetStandard/compat/2.1.0/shims/netstandard/System.Diagnostics.StackTrace.dll"
-r:"/Applications/Unity/Hub/Editor/6000.6.0f1/Unity.app/Contents/Resources/Scripting/NetStandard/compat/2.1.0/shims/netstandard/System.Diagnostics.TextWriterTraceListener.dll"
-r:"/Applications/Unity/Hub/Editor/6000.6.0f1/Unity.app/Contents/Resources/Scripting/NetStandard/compat/2.1.0/shims/netstandard/System.Diagnostics.Tools.dll"
-r:"/Applications/Unity/Hub/Editor/6000.6.0f1/Unity.app/Contents/Resources/Scripting/NetStandard/compat/2.1.0/shims/netstandard/System.Diagnostics.TraceSource.dll"
-r:"/Applications/Unity/Hub/Editor/6000.6.0f1/Unity.app/Contents/Resources/Scripting/NetStandard/compat/2.1.0/shims/netstandard/System.Diagnostics.Tracing.dll"
-r:"/Applications/Unity/Hub/Editor/6000.6.0f1/Unity.app/Contents/Resources/Scripting/NetStandard/compat/2.1.0/shims/netstandard/System.Drawing.Primitives.dll"
-r:"/Applications/Unity/Hub/Editor/6000.6.0f1/Unity.app/Contents/Resources/Scripting/NetStandard/compat/2.1.0/shims/netstandard/System.Dynamic.Runtime.dll"
-r:"/Applications/Unity/Hub/Editor/6000.6.0f1/Unity.app/Contents/Resources/Scripting/NetStandard/compat/2.1.0/shims/netstandard/System.Globalization.Calendars.dll"
-r:"/Applications/Unity/Hub/Editor/6000.6.0f1/Unity.app/Contents/Resources/Scripting/NetStandard/compat/2.1.0/shims/netstandard/System.Globalization.Extensions.dll"
-r:"/Applications/Unity/Hub/Editor/6000.6.0f1/Unity.app/Contents/Resources/Scripting/NetStandard/compat/2.1.0/shims/netstandard/System.Globalization.dll"
-r:"/Applications/Unity/Hub/Editor/6000.6.0f1/Unity.app/Contents/Resources/Scripting/NetStandard/compat/2.1.0/shims/netstandard/System.IO.Compression.ZipFile.dll"
-r:"/Applications/Unity/Hub/Editor/6000.6.0f1/Unity.app/Contents/Resources/Scripting/NetStandard/compat/2.1.0/shims/netstandard/System.IO.Compression.dll"
-r:"/Applications/Unity/Hub/Editor/6000.6.0f1/Unity.app/Contents/Resources/Scripting/NetStandard/compat/2.1.0/shims/netstandard/System.IO.FileSystem.DriveInfo.dll"
-r:"/Applications/Unity/Hub/Editor/6000.6.0f1/Unity.app/Contents/Resources/Scripting/NetStandard/compat/2.1.0/shims/netstandard/System.IO.FileSystem.Primitives.dll"
-r:"/Applications/Unity/Hub/Editor/6000.6.0f1/Unity.app/Contents/Resources/Scripting/NetStandard/compat/2.1.0/shims/netstandard/System.IO.FileSystem.Watcher.dll"
-r:"/Applications/Unity/Hub/Editor/6000.6.0f1/Unity.app/Contents/Resources/Scripting/NetStandard/compat/2.1.0/shims/netstandard/System.IO.FileSystem.dll"
-r:"/Applications/Unity/Hub/Editor/6000.6.0f1/Unity.app/Contents/Resources/Scripting/NetStandard/compat/2.1.0/shims/netstandard/System.IO.IsolatedStorage.dll"
-r:"/Applications/Unity/Hub/Editor/6000.6.0f1/Unity.app/Contents/Resources/Scripting/NetStandard/compat/2.1.0/shims/netstandard/System.IO.MemoryMappedFiles.dll"
-r:"/Applications/Unity/Hub/Editor/6000.6.0f1/Unity.app/Contents/Resources/Scripting/NetStandard/compat/2.1.0/shims/netstandard/System.IO.Pipes.dll"
-r:"/Applications/Unity/Hub/Editor/6000.6.0f1/Unity.app/Contents/Resources/Scripting/NetStandard/compat/2.1.0/shims/netstandard/System.IO.UnmanagedMemoryStream.dll"
-r:"/Applications/Unity/Hub/Editor/6000.6.0f1/Unity.app/Contents/Resources/Scripting/NetStandard/compat/2.1.0/shims/netstandard/System.IO.dll"
-r:"/Applications/Unity/Hub/Editor/6000.6.0f1/Unity.app/Contents/Resources/Scripting/NetStandard/compat/2.1.0/shims/netstandard/System.Linq.Expressions.dll"
-r:"/Applications/Unity/Hub/Editor/6000.6.0f1/Unity.app/Contents/Resources/Scripting/NetStandard/compat/2.1.0/shims/netstandard/System.Linq.Parallel.dll"
-r:"/Applications/Unity/Hub/Editor/6000.6.0f1/Unity.app/Contents/Resources/Scripting/NetStandard/compat/2.1.0/shims/netstandard/System.Linq.Queryable.dll"
-r:"/Applications/Unity/Hub/Editor/6000.6.0f1/Unity.app/Contents/Resources/Scripting/NetStandard/compat/2.1.0/shims/netstandard/System.Linq.dll"
-r:"/Applications/Unity/Hub/Editor/6000.6.0f1/Unity.app/Contents/Resources/Scripting/NetStandard/compat/2.1.0/shims/netstandard/System.Memory.dll"
-r:"/Applications/Unity/Hub/Editor/6000.6.0f1/Unity.app/Contents/Resources/Scripting/NetStandard/compat/2.1.0/shims/netstandard/System.Net.Http.dll"
-r:"/Applications/Unity/Hub/Editor/6000.6.0f1/Unity.app/Contents/Resources/Scripting/NetStandard/compat/2.1.0/shims/netstandard/System.Net.NameResolution.dll"
-r:"/Applications/Unity/Hub/Editor/6000.6.0f1/Unity.app/Contents/Resources/Scripting/NetStandard/compat/2.1.0/shims/netstandard/System.Net.NetworkInformation.dll"
-r:"/Applications/Unity/Hub/Editor/6000.6.0f1/Unity.app/Contents/Resources/Scripting/NetStandard/compat/2.1.0/shims/netstandard/System.Net.Ping.dll"
-r:"/Applications/Unity/Hub/Editor/6000.6.0f1/Unity.app/Contents/Resources/Scripting/NetStandard/compat/2.1.0/shims/netstandard/System.Net.Primitives.dll"
-r:"/Applications/Unity/Hub/Editor/6000.6.0f1/Unity.app/Contents/Resources/Scripting/NetStandard/compat/2.1.0/shims/netstandard/System.Net.Requests.dll"
-r:"/Applications/Unity/Hub/Editor/6000.6.0f1/Unity.app/Contents/Resources/Scripting/NetStandard/compat/2.1.0/shims/netstandard/System.Net.Security.dll"
-r:"/Applications/Unity/Hub/Editor/6000.6.0f1/Unity.app/Contents/Resources/Scripting/NetStandard/compat/2.1.0/shims/netstandard/System.Net.Sockets.dll"
-r:"/Applications/Unity/Hub/Editor/6000.6.0f1/Unity.app/Contents/Resources/Scripting/NetStandard/compat/2.1.0/shims/netstandard/System.Net.WebHeaderCollection.dll"
-r:"/Applications/Unity/Hub/Editor/6000.6.0f1/Unity.app/Contents/Resources/Scripting/NetStandard/compat/2.1.0/shims/netstandard/System.Net.WebSockets.Client.dll"
-r:"/Applications/Unity/Hub/Editor/6000.6.0f1/Unity.app/Contents/Resources/Scripting/NetStandard/compat/2.1.0/shims/netstandard/System.Net.WebSockets.dll"
-r:"/Applications/Unity/Hub/Editor/6000.6.0f1/Unity.app/Contents/Resources/Scripting/NetStandard/compat/2.1.0/shims/netstandard/System.Numerics.Vectors.dll"
-r:"/Applications/Unity/Hub/Editor/6000.6.0f1/Unity.app/Contents/Resources/Scripting/NetStandard/compat/2.1.0/shims/netstandard/System.ObjectModel.dll"
-r:"/Applications/Unity/Hub/Editor/6000.6.0f1/Unity.app/Contents/Resources/Scripting/NetStandard/compat/2.1.0/shims/netstandard/System.Reflection.DispatchProxy.dll"
-r:"/Applications/Unity/Hub/Editor/6000.6.0f1/Unity.app/Contents/Resources/Scripting/NetStandard/compat/2.1.0/shims/netstandard/System.Reflection.Emit.ILGeneration.dll"
-r:"/Applications/Unity/Hub/Editor/6000.6.0f1/Unity.app/Contents/Resources/Scripting/NetStandard/compat/2.1.0/shims/netstandard/System.Reflection.Emit.Lightweight.dll"
-r:"/Applications/Unity/Hub/Editor/6000.6.0f1/Unity.app/Contents/Resources/Scripting/NetStandard/compat/2.1.0/shims/netstandard/System.Reflection.Emit.dll"
-r:"/Applications/Unity/Hub/Editor/6000.6.0f1/Unity.app/Contents/Resources/Scripting/NetStandard/compat/2.1.0/shims/netstandard/System.Reflection.Extensions.dll"
-r:"/Applications/Unity/Hub/Editor/6000.6.0f1/Unity.app/Contents/Resources/Scripting/NetStandard/compat/2.1.0/shims/netstandard/System.Reflection.Primitives.dll"
-r:"/Applications/Unity/Hub/Editor/6000.6.0f1/Unity.app/Contents/Resources/Scripting/NetStandard/compat/2.1.0/shims/netstandard/System.Reflection.dll"
-r:"/Applications/Unity/Hub/Editor/6000.6.0f1/Unity.app/Contents/Resources/Scripting/NetStandard/compat/2.1.0/shims/netstandard/System.Resources.Reader.dll"
-r:"/Applications/Unity/Hub/Editor/6000.6.0f1/Unity.app/Contents/Resources/Scripting/NetStandard/compat/2.1.0/shims/netstandard/System.Resources.ResourceManager.dll"
-r:"/Applications/Unity/Hub/Editor/6000.6.0f1/Unity.app/Contents/Resources/Scripting/NetStandard/compat/2.1.0/shims/netstandard/System.Resources.Writer.dll"
-r:"/Applications/Unity/Hub/Editor/6000.6.0f1/Unity.app/Contents/Resources/Scripting/NetStandard/compat/2.1.0/shims/netstandard/System.Runtime.CompilerServices.VisualC.dll"
-r:"/Applications/Unity/Hub/Editor/6000.6.0f1/Unity.app/Contents/Resources/Scripting/NetStandard/compat/2.1.0/shims/netstandard/System.Runtime.Extensions.dll"
-r:"/Applications/Unity/Hub/Editor/6000.6.0f1/Unity.app/Contents/Resources/Scripting/NetStandard/compat/2.1.0/shims/netstandard/System.Runtime.Handles.dll"
-r:"/Applications/Unity/Hub/Editor/6000.6.0f1/Unity.app/Contents/Resources/Scripting/NetStandard/compat/2.1.0/shims/netstandard/System.Runtime.InteropServices.RuntimeInformation.dll"
-r:"/Applications/Unity/Hub/Editor/6000.6.0f1/Unity.app/Contents/Resources/Scripting/NetStandard/compat/2.1.0/shims/netstandard/System.Runtime.InteropServices.dll"
-r:"/Applications/Unity/Hub/Editor/6000.6.0f1/Unity.app/Contents/Resources/Scripting/NetStandard/compat/2.1.0/shims/netstandard/System.Runtime.Numerics.dll"
-r:"/Applications/Unity/Hub/Editor/6000.6.0f1/Unity.app/Contents/Resources/Scripting/NetStandard/compat/2.1.0/shims/netstandard/System.Runtime.Serialization.Formatters.dll"
-r:"/Applications/Unity/Hub/Editor/6000.6.0f1/Unity.app/Contents/Resources/Scripting/NetStandard/compat/2.1.0/shims/netstandard/System.Runtime.Serialization.Json.dll"
-r:"/Applications/Unity/Hub/Editor/6000.6.0f1/Unity.app/Contents/Resources/Scripting/NetStandard/compat/2.1.0/shims/netstandard/System.Runtime.Serialization.Primitives.dll"
-r:"/Applications/Unity/Hub/Editor/6000.6.0f1/Unity.app/Contents/Resources/Scripting/NetStandard/compat/2.1.0/shims/netstandard/System.Runtime.Serialization.Xml.dll"
-r:"/Applications/Unity/Hub/Editor/6000.6.0f1/Unity.app/Contents/Resources/Scripting/NetStandard/compat/2.1.0/shims/netstandard/System.Runtime.dll"
-r:"/Applications/Unity/Hub/Editor/6000.6.0f1/Unity.app/Contents/Resources/Scripting/NetStandard/compat/2.1.0/shims/netstandard/System.Security.Claims.dll"
-r:"/Applications/Unity/Hub/Editor/6000.6.0f1/Unity.app/Contents/Resources/Scripting/NetStandard/compat/2.1.0/shims/netstandard/System.Security.Cryptography.Algorithms.dll"
-r:"/Applications/Unity/Hub/Editor/6000.6.0f1/Unity.app/Contents/Resources/Scripting/NetStandard/compat/2.1.0/shims/netstandard/System.Security.Cryptography.Csp.dll"
-r:"/Applications/Unity/Hub/Editor/6000.6.0f1/Unity.app/Contents/Resources/Scripting/NetStandard/compat/2.1.0/shims/netstandard/System.Security.Cryptography.Encoding.dll"
-r:"/Applications/Unity/Hub/Editor/6000.6.0f1/Unity.app/Contents/Resources/Scripting/NetStandard/compat/2.1.0/shims/netstandard/System.Security.Cryptography.Primitives.dll"
-r:"/Applications/Unity/Hub/Editor/6000.6.0f1/Unity.app/Contents/Resources/Scripting/NetStandard/compat/2.1.0/shims/netstandard/System.Security.Cryptography.X509Certificates.dll"
-r:"/Applications/Unity/Hub/Editor/6000.6.0f1/Unity.app/Contents/Resources/Scripting/NetStandard/compat/2.1.0/shims/netstandard/System.Security.Principal.dll"
-r:"/Applications/Unity/Hub/Editor/6000.6.0f1/Unity.app/Contents/Resources/Scripting/NetStandard/compat/2.1.0/shims/netstandard/System.Security.SecureString.dll"
-r:"/Applications/Unity/Hub/Editor/6000.6.0f1/Unity.app/Contents/Resources/Scripting/NetStandard/compat/2.1.0/shims/netstandard/System.Text.Encoding.Extensions.dll"
-r:"/Applications/Unity/Hub/Editor/6000.6.0f1/Unity.app/Contents/Resources/Scripting/NetStandard/compat/2.1.0/shims/netstandard/System.Text.Encoding.dll"
-r:"/Applications/Unity/Hub/Editor/6000.6.0f1/Unity.app/Contents/Resources/Scripting/NetStandard/compat/2.1.0/shims/netstandard/System.Text.RegularExpressions.dll"
-r:"/Applications/Unity/Hub/Editor/6000.6.0f1/Unity.app/Contents/Resources/Scripting/NetStandard/compat/2.1.0/shims/netstandard/System.Threading.Overlapped.dll"
-r:"/Applications/Unity/Hub/Editor/6000.6.0f1/Unity.app/Contents/Resources/Scripting/NetStandard/compat/2.1.0/shims/netstandard/System.Threading.Tasks.Extensions.dll"
-r:"/Applications/Unity/Hub/Editor/6000.6.0f1/Unity.app/Contents/Resources/Scripting/NetStandard/compat/2.1.0/shims/netstandard/System.Threading.Tasks.Parallel.dll"
-r:"/Applications/Unity/Hub/Editor/6000.6.0f1/Unity.app/Contents/Resources/Scripting/NetStandard/compat/2.1.0/shims/netstandard/System.Threading.Tasks.dll"
-r:"/Applications/Unity/Hub/Editor/6000.6.0f1/Unity.app/Contents/Resources/Scripting/NetStandard/compat/2.1.0/shims/netstandard/System.Threading.Thread.dll"
-r:"/Applications/Unity/Hub/Editor/6000.6.0f1/Unity.app/Contents/Resources/Scripting/NetStandard/compat/2.1.0/shims/netstandard/System.Threading.ThreadPool.dll"
-r:"/Applications/Unity/Hub/Editor/6000.6.0f1/Unity.app/Contents/Resources/Scripting/NetStandard/compat/2.1.0/shims/netstandard/System.Threading.Timer.dll"
-r:"/Applications/Unity/Hub/Editor/6000.6.0f1/Unity.app/Contents/Resources/Scripting/NetStandard/compat/2.1.0/shims/netstandard/System.Threading.dll"
-r:"/Applications/Unity/Hub/Editor/6000.6.0f1/Unity.app/Contents/Resources/Scripting/NetStandard/compat/2.1.0/shims/netstandard/System.ValueTuple.dll"
-r:"/Applications/Unity/Hub/Editor/6000.6.0f1/Unity.app/Contents/Resources/Scripting/NetStandard/compat/2.1.0/shims/netstandard/System.Xml.ReaderWriter.dll"
-r:"/Applications/Unity/Hub/Editor/6000.6.0f1/Unity.app/Contents/Resources/Scripting/NetStandard/compat/2.1.0/shims/netstandard/System.Xml.XDocument.dll"
-r:"/Applications/Unity/Hub/Editor/6000.6.0f1/Unity.app/Contents/Resources/Scripting/NetStandard/compat/2.1.0/shims/netstandard/System.Xml.XPath.XDocument.dll"
-r:"/Applications/Unity/Hub/Editor/6000.6.0f1/Unity.app/Contents/Resources/Scripting/NetStandard/compat/2.1.0/shims/netstandard/System.Xml.XPath.dll"
-r:"/Applications/Unity/Hub/Editor/6000.6.0f1/Unity.app/Contents/Resources/Scripting/NetStandard/compat/2.1.0/shims/netstandard/System.Xml.XmlDocument.dll"
-r:"/Applications/Unity/Hub/Editor/6000.6.0f1/Unity.app/Contents/Resources/Scripting/NetStandard/compat/2.1.0/shims/netstandard/System.Xml.XmlSerializer.dll"
-r:"/Applications/Unity/Hub/Editor/6000.6.0f1/Unity.app/Contents/Resources/Scripting/NetStandard/ref/2.1.0/netstandard.dll"
-r:"Library/PackageCache/com.unity.collections@10fff0607388/Unity.Collections.LowLevel.ILSupport/Unity.Collections.LowLevel.ILSupport.dll"
-r:"Library/PackageCache/com.unity.ext.nunit@0198eae3b53e/net472/unity-custom/nunit.framework.dll"
-r:"Library/PackageCache/com.unity.nuget.mono-cecil@ecb9724e46ff/Mono.Cecil.dll"
-r:"Library/PackageCache/com.unity.visualscripting@4edfcc09512f/Runtime/VisualScripting.Flow/Dependencies/NCalc/Unity.VisualScripting.Antlr3.Runtime.dll"
-r:"Library/Bee/artifacts/200b0aE.dag/PsdPlugin.ref.dll"
-r:"Library/Bee/artifacts/200b0aE.dag/Unity.2D.Animation.Editor.ref.dll"
-r:"Library/Bee/artifacts/200b0aE.dag/Unity.2D.Animation.Profiler.Editor.ref.dll"
-r:"Library/Bee/artifacts/200b0aE.dag/Unity.2D.Animation.Profiler.ref.dll"
-r:"Library/Bee/artifacts/200b0aE.dag/Unity.2D.Animation.Runtime.ref.dll"
-r:"Library/Bee/artifacts/200b0aE.dag/Unity.2D.Aseprite.Common.ref.dll"
-r:"Library/Bee/artifacts/200b0aE.dag/Unity.2D.Aseprite.Editor.ref.dll"
-r:"Library/Bee/artifacts/200b0aE.dag/Unity.2D.Common.Editor.ref.dll"
-r:"Library/Bee/artifacts/200b0aE.dag/Unity.2D.Common.Path.Editor.ref.dll"
-r:"Library/Bee/artifacts/200b0aE.dag/Unity.2D.Common.Runtime.ref.dll"
-r:"Library/Bee/artifacts/200b0aE.dag/Unity.2D.IK.Editor.ref.dll"
-r:"Library/Bee/artifacts/200b0aE.dag/Unity.2D.IK.Runtime.ref.dll"
-r:"Library/Bee/artifacts/200b0aE.dag/Unity.2D.PixelPerfect.Editor.ref.dll"
-r:"Library/Bee/artifacts/200b0aE.dag/Unity.2D.PixelPerfect.ref.dll"
-r:"Library/Bee/artifacts/200b0aE.dag/Unity.2D.Psdimporter.Editor.ref.dll"
-r:"Library/Bee/artifacts/200b0aE.dag/Unity.2D.Sprite.Editor.ref.dll"
-r:"Library/Bee/artifacts/200b0aE.dag/Unity.2D.SpriteShape.Editor.ref.dll"
-r:"Library/Bee/artifacts/200b0aE.dag/Unity.2D.SpriteShape.Runtime.ref.dll"
-r:"Library/Bee/artifacts/200b0aE.dag/Unity.2D.Tilemap.Editor.ref.dll"
-r:"Library/Bee/artifacts/200b0aE.dag/Unity.2D.Tilemap.Extras.Editor.ref.dll"
-r:"Library/Bee/artifacts/200b0aE.dag/Unity.2D.Tilemap.Extras.ref.dll"
-r:"Library/Bee/artifacts/200b0aE.dag/Unity.2D.Tooling.Editor.ref.dll"
-r:"Library/Bee/artifacts/200b0aE.dag/Unity.AI.Navigation.Editor.ConversionSystem.ref.dll"
-r:"Library/Bee/artifacts/200b0aE.dag/Unity.AI.Navigation.Editor.ref.dll"
-r:"Library/Bee/artifacts/200b0aE.dag/Unity.AI.Navigation.ref.dll"
-r:"Library/Bee/artifacts/200b0aE.dag/Unity.AI.Navigation.Updater.ref.dll"
-r:"Library/Bee/artifacts/200b0aE.dag/Unity.Burst.ref.dll"
-r:"Library/Bee/artifacts/200b0aE.dag/Unity.Collections.Editor.ref.dll"
-r:"Library/Bee/artifacts/200b0aE.dag/Unity.Collections.ref.dll"
-r:"Library/Bee/artifacts/200b0aE.dag/Unity.Collections.Tests.CoreCLR.InternalJobNestedPrivate.ref.dll"
-r:"Library/Bee/artifacts/200b0aE.dag/Unity.Collections.Tests.CoreCLR.PrivateJobNested.ref.dll"
-r:"Library/Bee/artifacts/200b0aE.dag/Unity.Collections.Tests.CoreCLR.ProtectedJobNested.ref.dll"
-r:"Library/Bee/artifacts/200b0aE.dag/Unity.Collections.Tests.CoreCLR.PublicJobPrivateGeneric.ref.dll"
-r:"Library/Bee/artifacts/200b0aE.dag/Unity.GraphAuthoring.Editor.ref.dll"
-r:"Library/Bee/artifacts/200b0aE.dag/Unity.InputSystem.ForUI.Editor.ref.dll"
-r:"Library/Bee/artifacts/200b0aE.dag/Unity.InputSystem.ForUI.ref.dll"
-r:"Library/Bee/artifacts/200b0aE.dag/Unity.InputSystem.ref.dll"
-r:"Library/Bee/artifacts/200b0aE.dag/Unity.InternalAPIEditorBridge.001.ref.dll"
-r:"Library/Bee/artifacts/200b0aE.dag/Unity.InternalAPIEditorBridge.ShaderGraph.Editor.ref.dll"
-r:"Library/Bee/artifacts/200b0aE.dag/Unity.InternalAPIEngineBridge.001.ref.dll"
-r:"Library/Bee/artifacts/200b0aE.dag/Unity.InternalAPIEngineBridge.004.ref.dll"
-r:"Library/Bee/artifacts/200b0aE.dag/Unity.InternalAPIEngineBridge.ObjectDispatcher.Runtime.ref.dll"
-r:"Library/Bee/artifacts/200b0aE.dag/Unity.InternalAPIEngineBridge.RenderPipelines.Core.Editor.ref.dll"
-r:"Library/Bee/artifacts/200b0aE.dag/Unity.InternalAPIEngineBridge.RenderPipelines.Core.Runtime.Shared.ref.dll"
-r:"Library/Bee/artifacts/200b0aE.dag/Unity.Mathematics.ref.dll"
-r:"Library/Bee/artifacts/200b0aE.dag/Unity.PathTracing.Editor.ref.dll"
-r:"Library/Bee/artifacts/200b0aE.dag/Unity.PathTracing.Runtime.ref.dll"
-r:"Library/Bee/artifacts/200b0aE.dag/Unity.PlasticSCM.Editor.Assistant.ref.dll"
-r:"Library/Bee/artifacts/200b0aE.dag/Unity.PlasticSCM.Editor.ref.dll"
-r:"Library/Bee/artifacts/200b0aE.dag/Unity.Profiling.Core.ref.dll"
-r:"Library/Bee/artifacts/200b0aE.dag/Unity.Rendering.LightTransport.Editor.ref.dll"
-r:"Library/Bee/artifacts/200b0aE.dag/Unity.RenderPipeline.Universal.ShaderLibrary.ref.dll"
-r:"Library/Bee/artifacts/200b0aE.dag/Unity.RenderPipelines.Core.Editor.ref.dll"
-r:"Library/Bee/artifacts/200b0aE.dag/Unity.RenderPipelines.Core.Editor.Shared.ref.dll"
-r:"Library/Bee/artifacts/200b0aE.dag/Unity.RenderPipelines.Core.Runtime.ref.dll"
-r:"Library/Bee/artifacts/200b0aE.dag/Unity.RenderPipelines.Core.Runtime.Shared.ref.dll"
-r:"Library/Bee/artifacts/200b0aE.dag/Unity.RenderPipelines.Core.ShaderLibrary.ref.dll"
-r:"Library/Bee/artifacts/200b0aE.dag/Unity.RenderPipelines.GPUDriven.Runtime.ref.dll"
-r:"Library/Bee/artifacts/200b0aE.dag/Unity.RenderPipelines.ShaderGraph.ShaderGraphLibrary.ref.dll"
-r:"Library/Bee/artifacts/200b0aE.dag/Unity.RenderPipelines.Universal.2D.Editor.Overrides.ref.dll"
-r:"Library/Bee/artifacts/200b0aE.dag/Unity.RenderPipelines.Universal.2D.Runtime.ref.dll"
-r:"Library/Bee/artifacts/200b0aE.dag/Unity.RenderPipelines.Universal.Config.Runtime.ref.dll"
-r:"Library/Bee/artifacts/200b0aE.dag/Unity.RenderPipelines.Universal.Editor.ref.dll"
-r:"Library/Bee/artifacts/200b0aE.dag/Unity.RenderPipelines.Universal.Runtime.ref.dll"
-r:"Library/Bee/artifacts/200b0aE.dag/Unity.RenderPipelines.Universal.Shaders.ref.dll"
-r:"Library/Bee/artifacts/200b0aE.dag/Unity.Rider.Editor.ref.dll"
-r:"Library/Bee/artifacts/200b0aE.dag/Unity.Searcher.Editor.ref.dll"
-r:"Library/Bee/artifacts/200b0aE.dag/Unity.ShaderGraph.Editor.ref.dll"
-r:"Library/Bee/artifacts/200b0aE.dag/Unity.SurfaceCache.Runtime.ref.dll"
-r:"Library/Bee/artifacts/200b0aE.dag/Unity.TextMeshPro.Editor.ref.dll"
-r:"Library/Bee/artifacts/200b0aE.dag/Unity.TextMeshPro.ref.dll"
-r:"Library/Bee/artifacts/200b0aE.dag/Unity.Timeline.Editor.ref.dll"
-r:"Library/Bee/artifacts/200b0aE.dag/Unity.Timeline.ref.dll"
-r:"Library/Bee/artifacts/200b0aE.dag/Unity.UnifiedRayTracing.Runtime.ref.dll"
-r:"Library/Bee/artifacts/200b0aE.dag/Unity.VisualScripting.Core.Editor.ref.dll"
-r:"Library/Bee/artifacts/200b0aE.dag/Unity.VisualScripting.Core.ref.dll"
-r:"Library/Bee/artifacts/200b0aE.dag/Unity.VisualScripting.Flow.Editor.ref.dll"
-r:"Library/Bee/artifacts/200b0aE.dag/Unity.VisualScripting.Flow.ref.dll"
-r:"Library/Bee/artifacts/200b0aE.dag/Unity.VisualScripting.SettingsProvider.Editor.ref.dll"
-r:"Library/Bee/artifacts/200b0aE.dag/Unity.VisualScripting.Shared.Editor.ref.dll"
-r:"Library/Bee/artifacts/200b0aE.dag/Unity.VisualScripting.State.Editor.ref.dll"
-r:"Library/Bee/artifacts/200b0aE.dag/Unity.VisualScripting.State.ref.dll"
-r:"Library/Bee/artifacts/200b0aE.dag/Unity.VisualStudio.Editor.ref.dll"
-r:"Library/Bee/artifacts/200b0aE.dag/UnityEditor.UI.Analytics.ref.dll"
-r:"Library/Bee/artifacts/200b0aE.dag/UnityEditor.UI.ref.dll"
-r:"Library/Bee/artifacts/200b0aE.dag/UnityEngine.UI.ref.dll"
-analyzer:"/Applications/Unity/Hub/Editor/6000.6.0f1/Unity.app/Contents/Resources/BuildPipeline/Unity.Analyzers.Common/Unity.Analyzers.Common.dll"
-analyzer:"/Applications/Unity/Hub/Editor/6000.6.0f1/Unity.app/Contents/Resources/BuildPipeline/Unity.Analyzers.LongLiving/Unity.Analyzers.LongLiving.dll"
-analyzer:"/Applications/Unity/Hub/Editor/6000.6.0f1/Unity.app/Contents/Resources/BuildPipeline/Unity.SourceGenerators/Unity.Properties.SourceGenerator.dll"
-analyzer:"/Applications/Unity/Hub/Editor/6000.6.0f1/Unity.app/Contents/Resources/BuildPipeline/Unity.SourceGenerators/Unity.SourceGenerators.dll"
-analyzer:"/Applications/Unity/Hub/Editor/6000.6.0f1/Unity.app/Contents/Resources/BuildPipeline/Unity.SourceGenerators/Unity.UIToolkit.SourceGenerator.dll"
-analyzer:"/Applications/Unity/Hub/Editor/6000.6.0f1/Unity.app/Contents/Resources/Scripting/BCLExtensions/TargetingPacks/netstandard2.1/analyzers/dotnet/roslyn4.0/cs/Microsoft.Extensions.Logging.Generators.dll"
-analyzer:"/Applications/Unity/Hub/Editor/6000.6.0f1/Unity.app/Contents/Resources/Scripting/BCLExtensions/TargetingPacks/netstandard2.1/analyzers/dotnet/roslyn4.0/cs/System.Text.Json.SourceGeneration.dll"
"Assets/Script/HelloWorld.cs"
"Assets/Script/Wasd/NewMonoBehaviourScript.cs"
"Assets/TutorialInfo/Readme.cs"
-langversion:9.0
/deterministic
/optimize+
/debug:portable
/nologo
/RuntimeMetadataVersion:v4.0.30319
/nowarn:0169
/nowarn:0649
/nowarn:0282
/nowarn:1701
/nowarn:1702
/utf8output
/preferreduilang:en-US
/additionalfile:"Library/Bee/artifacts/200b0aE.dag/Assembly-CSharp.UnityAdditionalFile.txt"
##### Custom Environment Variables
DOTNET_HOST_PATH=/Applications/Unity/Hub/Editor/6000.6.0f1/Unity.app/Contents/Resources/Scripting/DotNetSdk/dotnet
DOTNET_MULTILEVEL_LOOKUP=0
##### ExitCode
1
##### Output
Assets/Script/Wasd/NewMonoBehaviourScript.cs(41,34): error CS1001: Identifier expected
Assets/Script/Wasd/NewMonoBehaviourScript.cs(43,14): error CS1525: Invalid expression term '='
*** Tundra build failed (0.20 seconds), 2 items updated, 1166 evaluated
Assets/Script/Wasd/NewMonoBehaviourScript.cs(41,34): error CS1001: Identifier expected
Assets/Script/Wasd/NewMonoBehaviourScript.cs(43,14): error CS1525: Invalid expression term '='
Total cache size 100776008
Total cache size after purge 100776008, took 00:00:00.0663321

Asset Pipeline Refresh (id=6146948f5ceac41f4bd863db0b31fad2): Total: 0.716 seconds - Initiated by RefreshV2(AllowForceSynchronousImport)
	(Values over 0.05ms)
	Summary:
		Imports: total=0 (actual=0, local cache=0, cache server=0)
		Asset DB Process Time: managed=0 ms, native=303 ms
		Asset DB Callback time: managed=1 ms, native=6 ms
		Scripting: domain reloads=0, domain reload time=0 ms, compile time=0 ms, other=0 ms
		Project Asset Count: scripts=1649, non-scripts=3207
		Asset File Changes: new=0, changed=1, moved=0, deleted=0
		Scan Filter Count: 1
	InvokePackagesCallback: 0.186ms
	ApplyChangesToAssetFolders: 0.079ms
	Scan: 135.527ms
	Collect global state as custom dependencies: 0.172ms
	ProcessAssetsWithTransientArtifactChanges: 0.220ms
	CategorizeAssets: 14.827ms
	ImportOutOfDateAssets: 0.961ms (0.179ms without children)
		UnloadImportedAssets: 0.147ms
		EnsureUptoDateAssetsAreRegisteredWithGuidPM: 0.350ms
		ImportSchedulerStart: 0.252ms
	PostProcessAllAssets: 4.895ms
		XRBuildSystem.XRAssetImported 3.219ms
		MonoPostProcessAllAssets: 1.510ms
			ConfigAssetsTracker.OnPostprocessAllAssets 0.563ms
			SyncVS.PostprocessSyncProject 0.529ms
			SpriteEditorTexturePostprocessor.OnPostprocessAllAssets 0.063ms
	PostAssetChangesProfiler: 0.848ms
	PersistCurrentRevisions: 0.097ms
	Untracked: 3.035ms

2026-09-17 15:37:24.985 Unity[1293:18799] CAMetalLayer ignoring invalid setDrawableSize width=0.000000 height=0.000000
2026-09-17 15:37:24.986 Unity[1293:18799] CAMetalLayer ignoring invalid setDrawableSize width=0.000000 height=0.000000
[ScriptCompilation] Requested script compilation because: AssetDatabase observed changes in script compilation related files
Starting: /Applications/Unity/Hub/Editor/6000.6.0f1/Unity.app/Contents/Resources/BuildPipeline/bee_backend --ipc --defer-dag-verification --dagfile="Library/Bee/200b0aE.dag" --continue-on-failure --profile="Library/Bee/backend1.traceevents" ScriptAssemblies
WorkingDir: /Users/bindubk/First class
## Script Compilation Error for: Csc Library/Bee/artifacts/200b0aE.dag/Assembly-CSharp.dll (+2 others)
## CmdLine: "/Applications/Unity/Hub/Editor/6000.6.0f1/Unity.app/Contents/Resources/Scripting/DotNetSdk/dotnet" exec "/Applications/Unity/Hub/Editor/6000.6.0f1/Unity.app/Contents/Resources/Scripting/DotNetSdk/sdk/8.0.318/Roslyn/bincore/csc.dll" /nostdlib /noconfig /shared "@Library/Bee/artifacts/200b0aE.dag/Assembly-CSharp.rsp" "@Library/Bee/artifacts/200b0aE.dag/Assembly-CSharp.rsp2"
## Output:
Assets/Script/Wasd/NewMonoBehaviourScript.cs(41,34): error CS1001: Identifier expected

Assets/Script/Wasd/NewMonoBehaviourScript.cs(41,34): error CS1001: Identifier expected
ExitCode: 3 Duration: 0s232ms
[ 869/1166  0s] ILPP-Configuration Library/ilpp-configuration.nevergeneratedoutput
[1158/1166  0s] Csc Library/Bee/artifacts/200b0aE.dag/Assembly-CSharp.dll (+2 others)
##### CommandLine
"/Applications/Unity/Hub/Editor/6000.6.0f1/Unity.app/Contents/Resources/Scripting/DotNetSdk/dotnet" exec "/Applications/Unity/Hub/Editor/6000.6.0f1/Unity.app/Contents/Resources/Scripting/DotNetSdk/sdk/8.0.318/Roslyn/bincore/csc.dll" /nostdlib /noconfig /shared "@Library/Bee/artifacts/200b0aE.dag/Assembly-CSharp.rsp" "@Library/Bee/artifacts/200b0aE.dag/Assembly-CSharp.rsp2"
##### Contents of Library/Bee/artifacts/200b0aE.dag/Assembly-CSharp.rsp
-target:library
-out:"Library/Bee/artifacts/200b0aE.dag/Assembly-CSharp.dll"
-refout:"Library/Bee/artifacts/200b0aE.dag/Assembly-CSharp.ref.dll"
-define:UNITY_6000_6_0
-define:UNITY_6000_6
-define:UNITY_6000
-define:UNITY_5_3_OR_NEWER
-define:UNITY_5_4_OR_NEWER
-define:UNITY_5_5_OR_NEWER
-define:UNITY_5_6_OR_NEWER
-define:UNITY_2017_1_OR_NEWER
-define:UNITY_2017_2_OR_NEWER
-define:UNITY_2017_3_OR_NEWER
-define:UNITY_2017_4_OR_NEWER
-define:UNITY_2018_1_OR_NEWER
-define:UNITY_2018_2_OR_NEWER
-define:UNITY_2018_3_OR_NEWER
-define:UNITY_2018_4_OR_NEWER
-define:UNITY_2019_1_OR_NEWER
-define:UNITY_2019_2_OR_NEWER
-define:UNITY_2019_3_OR_NEWER
-define:UNITY_2019_4_OR_NEWER
-define:UNITY_2020_1_OR_NEWER
-define:UNITY_2020_2_OR_NEWER
-define:UNITY_2020_3_OR_NEWER
-define:UNITY_2021_1_OR_NEWER
-define:UNITY_2021_2_OR_NEWER
-define:UNITY_2021_3_OR_NEWER
-define:UNITY_2022_1_OR_NEWER
-define:UNITY_2022_2_OR_NEWER
-define:UNITY_2022_3_OR_NEWER
-define:UNITY_2023_1_OR_NEWER
-define:UNITY_2023_2_OR_NEWER
-define:UNITY_2023_3_OR_NEWER
-define:UNITY_6000_0_OR_NEWER
-define:UNITY_6000_1_OR_NEWER
-define:UNITY_6000_2_OR_NEWER
-define:UNITY_6000_3_OR_NEWER
-define:UNITY_6000_4_OR_NEWER
-define:UNITY_6000_5_OR_NEWER
-define:UNITY_6000_6_OR_NEWER
-define:PLATFORM_ARCH_64
-define:UNITY_64
-define:UNITY_INCLUDE_TESTS
-define:UNITY_ENABLE_CLOUD_SERVICES_ENGINE_DIAGNOSTICS_MANAGED
-define:ENABLE_AR
-define:ENABLE_AUDIO
-define:ENABLE_AUDIO_SCRIPTABLE_PIPELINE
-define:ENABLE_BURST
-define:ENABLE_CACHING
-define:ENABLE_CLOTH
-define:ENABLE_MICROPHONE
-define:ENABLE_MULTIPLE_DISPLAYS
-define:ENABLE_PHYSICS
-define:ENABLE_TEXTURE_STREAMING
-define:ENABLE_VIRTUALTEXTURING
-define:ENABLE_LZMA
-define:ENABLE_UNITYEVENTS
-define:ENABLE_VR
-define:ENABLE_WEBCAM
-define:ENABLE_UNITYWEBREQUEST
-define:ENABLE_WWW
-define:ENABLE_CLOUD_SERVICES
-define:ENABLE_CLOUD_SERVICES_ADS
-define:ENABLE_CLOUD_SERVICES_USE_WEBREQUEST
-define:ENABLE_UNITY_CONSENT
-define:ENABLE_UNITY_CLOUD_IDENTIFIERS
-define:ENABLE_CLOUD_SERVICES_CRASH_REPORTING
-define:ENABLE_CLOUD_SERVICES_NATIVE_CRASH_REPORTING
-define:ENABLE_CLOUD_SERVICES_PURCHASING
-define:ENABLE_CLOUD_SERVICES_ANALYTICS
-define:ENABLE_CLOUD_SERVICES_BUILD
-define:ENABLE_EDITOR_GAME_SERVICES
-define:ENABLE_UNITY_GAME_SERVICES_ANALYTICS_SUPPORT
-define:ENABLE_CLOUD_LICENSE
-define:ENABLE_EDITOR_HUB_LICENSE
-define:ENABLE_WEBSOCKET_CLIENT
-define:ENABLE_GENERATE_NATIVE_PLUGINS_FOR_ASSEMBLIES_API
-define:ENABLE_DIRECTOR_AUDIO
-define:ENABLE_DIRECTOR_TEXTURE
-define:ENABLE_MANAGED_JOBS
-define:ENABLE_MANAGED_TRANSFORM_JOBS
-define:ENABLE_MANAGED_ANIMATION_JOBS
-define:ENABLE_MANAGED_AUDIO_JOBS
-define:ENABLE_MANAGED_UNITYTLS
-define:INCLUDE_DYNAMIC_GI
-define:ENABLE_SCRIPTING_GC_WBARRIERS
-define:PLATFORM_SUPPORTS_MONO
-define:RENDER_SOFTWARE_CURSOR
-define:ENABLE_MARSHALLING_TESTS
-define:ENABLE_VIDEO
-define:ENABLE_NAVIGATION_OFFMESHLINK_TO_NAVMESHLINK
-define:ENABLE_ACCELERATOR_CLIENT_DEBUGGING
-define:ENABLE_ACCESSIBILITY_SCREEN_READER
-define:TEXTCORE_1_0_OR_NEWER
-define:EDITOR_ONLY_NAVMESH_BUILDER_DEPRECATED
-define:INCLUDE_UNIFIED_RAYTRACING_COMPUTE_BACKEND
-define:INCLUDE_UNIFIED_RAYTRACING_HARDWARE_BACKEND
-define:PLATFORM_STANDALONE_OSX
-define:PLATFORM_STANDALONE
-define:UNITY_STANDALONE_OSX
-define:UNITY_STANDALONE
-define:ENABLE_GAMECENTER
-define:ENABLE_RUNTIME_GI
-define:ENABLE_MOVIES
-define:ENABLE_NETWORK
-define:ENABLE_CRUNCH_TEXTURE_COMPRESSION
-define:ENABLE_CLOUD_SERVICES_ENGINE_DIAGNOSTICS
-define:ENABLE_CLUSTER_SYNC
-define:ENABLE_CLUSTERINPUT
-define:ENABLE_SPATIALTRACKING
-define:PLATFORM_HAS_CUSTOM_MUTEX
-define:PLATFORM_UPDATES_TIME_OUTSIDE_OF_PLAYER_LOOP
-define:PLATFORM_SUPPORTS_SPLIT_GRAPHICS_JOBS
-define:PLATFORM_REQUIRES_PATH_NORMALIZATION
-define:ENABLE_MONO
-define:NET_STANDARD_2_0
-define:NET_STANDARD
-define:NET_STANDARD_2_1
-define:NETSTANDARD
-define:NETSTANDARD2_1
-define:ENABLE_PROFILER
-define:UNITY_INCLUDE_INSTRUMENTATION
-define:DEBUG
-define:TRACE
-define:UNITY_ASSERTIONS
-define:UNITY_ENABLE_CHECKS
-define:UNITY_EDITOR
-define:UNITY_EDITOR_64
-define:UNITY_EDITOR_OSX
-define:ENABLE_UNITY_COLLECTIONS_CHECKS
-define:ENABLE_BURST_AOT
-define:UNITY_TEAM_LICENSE
-define:ENABLE_CUSTOM_RENDER_TEXTURE
-define:ENABLE_DIRECTOR
-define:ENABLE_LOCALIZATION
-define:ENABLE_SPRITES
-define:ENABLE_TERRAIN
-define:ENABLE_TILEMAP
-define:ENABLE_TIMELINE
-define:ENABLE_INPUT_SYSTEM
-define:TEXTCORE_FONT_ENGINE_1_5_OR_NEWER
-define:TEXTCORE_TEXT_ENGINE_1_5_OR_NEWER
-define:TEXTCORE_FONT_ENGINE_1_6_OR_NEWER
-define:CSHARP_7_OR_LATER
-define:CSHARP_7_3_OR_NEWER
-r:"/Applications/Unity/Hub/Editor/6000.6.0f1/Unity.app/Contents/Resources/Scripting/BCLExtensions/TargetingPacks/netstandard2.1/ref/Microsoft.Bcl.AsyncInterfaces.dll"
-r:"/Applications/Unity/Hub/Editor/6000.6.0f1/Unity.app/Contents/Resources/Scripting/BCLExtensions/TargetingPacks/netstandard2.1/ref/Microsoft.Extensions.DependencyInjection.Abstractions.dll"
-r:"/Applications/Unity/Hub/Editor/6000.6.0f1/Unity.app/Contents/Resources/Scripting/BCLExtensions/TargetingPacks/netstandard2.1/ref/Microsoft.Extensions.Logging.Abstractions.dll"
-r:"/Applications/Unity/Hub/Editor/6000.6.0f1/Unity.app/Contents/Resources/Scripting/BCLExtensions/TargetingPacks/netstandard2.1/ref/System.Collections.Immutable.dll"
-r:"/Applications/Unity/Hub/Editor/6000.6.0f1/Unity.app/Contents/Resources/Scripting/BCLExtensions/TargetingPacks/netstandard2.1/ref/System.Diagnostics.DiagnosticSource.dll"
-r:"/Applications/Unity/Hub/Editor/6000.6.0f1/Unity.app/Contents/Resources/Scripting/BCLExtensions/TargetingPacks/netstandard2.1/ref/System.IO.Hashing.dll"
-r:"/Applications/Unity/Hub/Editor/6000.6.0f1/Unity.app/Contents/Resources/Scripting/BCLExtensions/TargetingPacks/netstandard2.1/ref/System.Reflection.Metadata.dll"
-r:"/Applications/Unity/Hub/Editor/6000.6.0f1/Unity.app/Contents/Resources/Scripting/BCLExtensions/TargetingPacks/netstandard2.1/ref/System.Runtime.CompilerServices.Unsafe.dll"
-r:"/Applications/Unity/Hub/Editor/6000.6.0f1/Unity.app/Contents/Resources/Scripting/BCLExtensions/TargetingPacks/netstandard2.1/ref/System.Text.Encodings.Web.dll"
-r:"/Applications/Unity/Hub/Editor/6000.6.0f1/Unity.app/Contents/Resources/Scripting/BCLExtensions/TargetingPacks/netstandard2.1/ref/System.Text.Json.dll"
-r:"/Applications/Unity/Hub/Editor/6000.6.0f1/PlaybackEngines/MacStandaloneSupport/UnityEditor.iOS.Extensions.Xcode.dll"
-r:"/Applications/Unity/Hub/Editor/6000.6.0f1/Unity.app/Contents/Resources/Scripting/Managed/UnityEngine/Unity.Scripting.dll"
-r:"/Applications/Unity/Hub/Editor/6000.6.0f1/Unity.app/Contents/Resources/Scripting/Managed/UnityEngine/UnityEditor.AIModule.dll"
-r:"/Applications/Unity/Hub/Editor/6000.6.0f1/Unity.app/Contents/Resources/Scripting/Managed/UnityEngine/UnityEditor.AccessibilityModule.dll"
-r:"/Applications/Unity/Hub/Editor/6000.6.0f1/Unity.app/Contents/Resources/Scripting/Managed/UnityEngine/UnityEditor.AdaptivePerformanceModule.dll"
-r:"/Applications/Unity/Hub/Editor/6000.6.0f1/Unity.app/Contents/Resources/Scripting/Managed/UnityEngine/UnityEditor.AnimationWindowModule.dll"
-r:"/Applications/Unity/Hub/Editor/6000.6.0f1/Unity.app/Contents/Resources/Scripting/Managed/UnityEngine/UnityEditor.AssetComplianceModule.dll"
-r:"/Applications/Unity/Hub/Editor/6000.6.0f1/Unity.app/Contents/Resources/Scripting/Managed/UnityEngine/UnityEditor.BuildAnalysisModule.dll"
-r:"/Applications/Unity/Hub/Editor/6000.6.0f1/Unity.app/Contents/Resources/Scripting/Managed/UnityEngine/UnityEditor.BuildProfileModule.dll"
-r:"/Applications/Unity/Hub/Editor/6000.6.0f1/Unity.app/Contents/Resources/Scripting/Managed/UnityEngine/UnityEditor.BurstModule.dll"
-r:"/Applications/Unity/Hub/Editor/6000.6.0f1/Unity.app/Contents/Resources/Scripting/Managed/UnityEngine/UnityEditor.ClothModule.dll"
-r:"/Applications/Unity/Hub/Editor/6000.6.0f1/Unity.app/Contents/Resources/Scripting/Managed/UnityEngine/UnityEditor.ContentLoadModule.dll"
-r:"/Applications/Unity/Hub/Editor/6000.6.0f1/Unity.app/Contents/Resources/Scripting/Managed/UnityEngine/UnityEditor.CoreBusinessMetricsModule.dll"
-r:"/Applications/Unity/Hub/Editor/6000.6.0f1/Unity.app/Contents/Resources/Scripting/Managed/UnityEngine/UnityEditor.CoreModule.dll"
-r:"/Applications/Unity/Hub/Editor/6000.6.0f1/Unity.app/Contents/Resources/Scripting/Managed/UnityEngine/UnityEditor.DeviceSimulatorModule.dll"
-r:"/Applications/Unity/Hub/Editor/6000.6.0f1/Unity.app/Contents/Resources/Scripting/Managed/UnityEngine/UnityEditor.DiagnosticsModule.dll"
-r:"/Applications/Unity/Hub/Editor/6000.6.0f1/Unity.app/Contents/Resources/Scripting/Managed/UnityEngine/UnityEditor.EditorToolbarModule.dll"
-r:"/Applications/Unity/Hub/Editor/6000.6.0f1/Unity.app/Contents/Resources/Scripting/Managed/UnityEngine/UnityEditor.EmbreeModule.dll"
-r:"/Applications/Unity/Hub/Editor/6000.6.0f1/Unity.app/Contents/Resources/Scripting/Managed/UnityEngine/UnityEditor.GIModule.dll"
-r:"/Applications/Unity/Hub/Editor/6000.6.0f1/Unity.app/Contents/Resources/Scripting/Managed/UnityEngine/UnityEditor.GenericRemoteModule.dll"
-r:"/Applications/Unity/Hub/Editor/6000.6.0f1/Unity.app/Contents/Resources/Scripting/Managed/UnityEngine/UnityEditor.GraphToolkitModule.dll"
-r:"/Applications/Unity/Hub/Editor/6000.6.0f1/Unity.app/Contents/Resources/Scripting/Managed/UnityEngine/UnityEditor.GraphViewModule.dll"
-r:"/Applications/Unity/Hub/Editor/6000.6.0f1/Unity.app/Contents/Resources/Scripting/Managed/UnityEngine/UnityEditor.GraphicsStateCollectionSerializerModule.dll"
-r:"/Applications/Unity/Hub/Editor/6000.6.0f1/Unity.app/Contents/Resources/Scripting/Managed/UnityEngine/UnityEditor.GridAndSnapModule.dll"
-r:"/Applications/Unity/Hub/Editor/6000.6.0f1/Unity.app/Contents/Resources/Scripting/Managed/UnityEngine/UnityEditor.GridModule.dll"
-r:"/Applications/Unity/Hub/Editor/6000.6.0f1/Unity.app/Contents/Resources/Scripting/Managed/UnityEngine/UnityEditor.HierarchyModule.dll"
-r:"/Applications/Unity/Hub/Editor/6000.6.0f1/Unity.app/Contents/Resources/Scripting/Managed/UnityEngine/UnityEditor.LightingModule.dll"
-r:"/Applications/Unity/Hub/Editor/6000.6.0f1/Unity.app/Contents/Resources/Scripting/Managed/UnityEngine/UnityEditor.MathematicsModule.dll"
-r:"/Applications/Unity/Hub/Editor/6000.6.0f1/Unity.app/Contents/Resources/Scripting/Managed/UnityEngine/UnityEditor.MediaModule.dll"
-r:"/Applications/Unity/Hub/Editor/6000.6.0f1/Unity.app/Contents/Resources/Scripting/Managed/UnityEngine/UnityEditor.MultiplayerModule.dll"
-r:"/Applications/Unity/Hub/Editor/6000.6.0f1/Unity.app/Contents/Resources/Scripting/Managed/UnityEngine/UnityEditor.Physics2DModule.dll"
-r:"/Applications/Unity/Hub/Editor/6000.6.0f1/Unity.app/Contents/Resources/Scripting/Managed/UnityEngine/UnityEditor.PhysicsCore2DModule.dll"
-r:"/Applications/Unity/Hub/Editor/6000.6.0f1/Unity.app/Contents/Resources/Scripting/Managed/UnityEngine/UnityEditor.PhysicsModule.dll"
-r:"/Applications/Unity/Hub/Editor/6000.6.0f1/Unity.app/Contents/Resources/Scripting/Managed/UnityEngine/UnityEditor.PlayModeModule.dll"
-r:"/Applications/Unity/Hub/Editor/6000.6.0f1/Unity.app/Contents/Resources/Scripting/Managed/UnityEngine/UnityEditor.PresetsUIModule.dll"
-r:"/Applications/Unity/Hub/Editor/6000.6.0f1/Unity.app/Contents/Resources/Scripting/Managed/UnityEngine/UnityEditor.ProjectAuditorModule.dll"
-r:"/Applications/Unity/Hub/Editor/6000.6.0f1/Unity.app/Contents/Resources/Scripting/Managed/UnityEngine/UnityEditor.PropertiesModule.dll"
-r:"/Applications/Unity/Hub/Editor/6000.6.0f1/Unity.app/Contents/Resources/Scripting/Managed/UnityEngine/UnityEditor.QuickInstallModule.dll"
-r:"/Applications/Unity/Hub/Editor/6000.6.0f1/Unity.app/Contents/Resources/Scripting/Managed/UnityEngine/UnityEditor.QuickSearchModule.dll"
-r:"/Applications/Unity/Hub/Editor/6000.6.0f1/Unity.app/Contents/Resources/Scripting/Managed/UnityEngine/UnityEditor.SafeModeModule.dll"
-r:"/Applications/Unity/Hub/Editor/6000.6.0f1/Unity.app/Contents/Resources/Scripting/Managed/UnityEngine/UnityEditor.SceneTemplateModule.dll"
-r:"/Applications/Unity/Hub/Editor/6000.6.0f1/Unity.app/Contents/Resources/Scripting/Managed/UnityEngine/UnityEditor.SceneViewModule.dll"
-r:"/Applications/Unity/Hub/Editor/6000.6.0f1/Unity.app/Contents/Resources/Scripting/Managed/UnityEngine/UnityEditor.ShaderBuildSettingsModule.dll"
-r:"/Applications/Unity/Hub/Editor/6000.6.0f1/Unity.app/Contents/Resources/Scripting/Managed/UnityEngine/UnityEditor.ShaderCompilationModule.dll"
-r:"/Applications/Unity/Hub/Editor/6000.6.0f1/Unity.app/Contents/Resources/Scripting/Managed/UnityEngine/UnityEditor.ShaderFoundryModule.dll"
-r:"/Applications/Unity/Hub/Editor/6000.6.0f1/Unity.app/Contents/Resources/Scripting/Managed/UnityEngine/UnityEditor.ShaderPreprocessorModule.dll"
-r:"/Applications/Unity/Hub/Editor/6000.6.0f1/Unity.app/Contents/Resources/Scripting/Managed/UnityEngine/UnityEditor.SketchUpModule.dll"
-r:"/Applications/Unity/Hub/Editor/6000.6.0f1/Unity.app/Contents/Resources/Scripting/Managed/UnityEngine/UnityEditor.SpriteMaskModule.dll"
-r:"/Applications/Unity/Hub/Editor/6000.6.0f1/Unity.app/Contents/Resources/Scripting/Managed/UnityEngine/UnityEditor.SpriteShapeModule.dll"
-r:"/Applications/Unity/Hub/Editor/6000.6.0f1/Unity.app/Contents/Resources/Scripting/Managed/UnityEngine/UnityEditor.SubstanceModule.dll"
-r:"/Applications/Unity/Hub/Editor/6000.6.0f1/Unity.app/Contents/Resources/Scripting/Managed/UnityEngine/UnityEditor.SyntaxTreeModule.dll"
-r:"/Applications/Unity/Hub/Editor/6000.6.0f1/Unity.app/Contents/Resources/Scripting/Managed/UnityEngine/UnityEditor.TerrainModule.dll"
-r:"/Applications/Unity/Hub/Editor/6000.6.0f1/Unity.app/Contents/Resources/Scripting/Managed/UnityEngine/UnityEditor.TextCoreFontEngineModule.dll"
-r:"/Applications/Unity/Hub/Editor/6000.6.0f1/Unity.app/Contents/Resources/Scripting/Managed/UnityEngine/UnityEditor.TextCoreTextEngineModule.dll"
-r:"/Applications/Unity/Hub/Editor/6000.6.0f1/Unity.app/Contents/Resources/Scripting/Managed/UnityEngine/UnityEditor.TextRenderingModule.dll"
-r:"/Applications/Unity/Hub/Editor/6000.6.0f1/Unity.app/Contents/Resources/Scripting/Managed/UnityEngine/UnityEditor.TilemapModule.dll"
-r:"/Applications/Unity/Hub/Editor/6000.6.0f1/Unity.app/Contents/Resources/Scripting/Managed/UnityEngine/UnityEditor.TimelineFoundationModule.dll"
-r:"/Applications/Unity/Hub/Editor/6000.6.0f1/Unity.app/Contents/Resources/Scripting/Managed/UnityEngine/UnityEditor.TreeModule.dll"
-r:"/Applications/Unity/Hub/Editor/6000.6.0f1/Unity.app/Contents/Resources/Scripting/Managed/UnityEngine/UnityEditor.U2DModule.dll"
-r:"/Applications/Unity/Hub/Editor/6000.6.0f1/Unity.app/Contents/Resources/Scripting/Managed/UnityEngine/UnityEditor.UIAutomationModule.dll"
-r:"/Applications/Unity/Hub/Editor/6000.6.0f1/Unity.app/Contents/Resources/Scripting/Managed/UnityEngine/UnityEditor.UIBuilderModule.dll"
-r:"/Applications/Unity/Hub/Editor/6000.6.0f1/Unity.app/Contents/Resources/Scripting/Managed/UnityEngine/UnityEditor.UIElementsModule.dll"
-r:"/Applications/Unity/Hub/Editor/6000.6.0f1/Unity.app/Contents/Resources/Scripting/Managed/UnityEngine/UnityEditor.UIElementsSamplesModule.dll"
-r:"/Applications/Unity/Hub/Editor/6000.6.0f1/Unity.app/Contents/Resources/Scripting/Managed/UnityEngine/UnityEditor.UIToolkitAuthoringModule.dll"
-r:"/Applications/Unity/Hub/Editor/6000.6.0f1/Unity.app/Contents/Resources/Scripting/Managed/UnityEngine/UnityEditor.UmbraModule.dll"
-r:"/Applications/Unity/Hub/Editor/6000.6.0f1/Unity.app/Contents/Resources/Scripting/Managed/UnityEngine/UnityEditor.UnityConnectModule.dll"
-r:"/Applications/Unity/Hub/Editor/6000.6.0f1/Unity.app/Contents/Resources/Scripting/Managed/UnityEngine/UnityEditor.VFXModule.dll"
-r:"/Applications/Unity/Hub/Editor/6000.6.0f1/Unity.app/Contents/Resources/Scripting/Managed/UnityEngine/UnityEditor.VectorGraphicsModule.dll"
-r:"/Applications/Unity/Hub/Editor/6000.6.0f1/Unity.app/Contents/Resources/Scripting/Managed/UnityEngine/UnityEditor.VideoModule.dll"
-r:"/Applications/Unity/Hub/Editor/6000.6.0f1/Unity.app/Contents/Resources/Scripting/Managed/UnityEngine/UnityEditor.XRModule.dll"
-r:"/Applications/Unity/Hub/Editor/6000.6.0f1/Unity.app/Contents/Resources/Scripting/Managed/UnityEngine/UnityEditor.dll"
-r:"/Applications/Unity/Hub/Editor/6000.6.0f1/Unity.app/Contents/Resources/Scripting/Managed/UnityEngine/UnityEngine.AIModule.dll"
-r:"/Applications/Unity/Hub/Editor/6000.6.0f1/Unity.app/Contents/Resources/Scripting/Managed/UnityEngine/UnityEngine.ARModule.dll"
-r:"/Applications/Unity/Hub/Editor/6000.6.0f1/Unity.app/Contents/Resources/Scripting/Managed/UnityEngine/UnityEngine.AccessibilityModule.dll"
-r:"/Applications/Unity/Hub/Editor/6000.6.0f1/Unity.app/Contents/Resources/Scripting/Managed/UnityEngine/UnityEngine.AdaptivePerformanceModule.dll"
-r:"/Applications/Unity/Hub/Editor/6000.6.0f1/Unity.app/Contents/Resources/Scripting/Managed/UnityEngine/UnityEngine.AndroidJNIModule.dll"
-r:"/Applications/Unity/Hub/Editor/6000.6.0f1/Unity.app/Contents/Resources/Scripting/Managed/UnityEngine/UnityEngine.AnimationModule.dll"
-r:"/Applications/Unity/Hub/Editor/6000.6.0f1/Unity.app/Contents/Resources/Scripting/Managed/UnityEngine/UnityEngine.AssetBundleModule.dll"
-r:"/Applications/Unity/Hub/Editor/6000.6.0f1/Unity.app/Contents/Resources/Scripting/Managed/UnityEngine/UnityEngine.AudioModule.dll"
-r:"/Applications/Unity/Hub/Editor/6000.6.0f1/Unity.app/Contents/Resources/Scripting/Managed/UnityEngine/UnityEngine.BurstModule.dll"
-r:"/Applications/Unity/Hub/Editor/6000.6.0f1/Unity.app/Contents/Resources/Scripting/Managed/UnityEngine/UnityEngine.ClothModule.dll"
-r:"/Applications/Unity/Hub/Editor/6000.6.0f1/Unity.app/Contents/Resources/Scripting/Managed/UnityEngine/UnityEngine.ClusterInputModule.dll"
-r:"/Applications/Unity/Hub/Editor/6000.6.0f1/Unity.app/Contents/Resources/Scripting/Managed/UnityEngine/UnityEngine.ClusterRendererModule.dll"
-r:"/Applications/Unity/Hub/Editor/6000.6.0f1/Unity.app/Contents/Resources/Scripting/Managed/UnityEngine/UnityEngine.ContentLoadModule.dll"
-r:"/Applications/Unity/Hub/Editor/6000.6.0f1/Unity.app/Contents/Resources/Scripting/Managed/UnityEngine/UnityEngine.CoreModule.dll"
-r:"/Applications/Unity/Hub/Editor/6000.6.0f1/Unity.app/Contents/Resources/Scripting/Managed/UnityEngine/UnityEngine.CrashReportingModule.dll"
-r:"/Applications/Unity/Hub/Editor/6000.6.0f1/Unity.app/Contents/Resources/Scripting/Managed/UnityEngine/UnityEngine.DSPGraphModule.dll"
-r:"/Applications/Unity/Hub/Editor/6000.6.0f1/Unity.app/Contents/Resources/Scripting/Managed/UnityEngine/UnityEngine.DirectorModule.dll"
-r:"/Applications/Unity/Hub/Editor/6000.6.0f1/Unity.app/Contents/Resources/Scripting/Managed/UnityEngine/UnityEngine.GIModule.dll"
-r:"/Applications/Unity/Hub/Editor/6000.6.0f1/Unity.app/Contents/Resources/Scripting/Managed/UnityEngine/UnityEngine.GameCenterModule.dll"
-r:"/Applications/Unity/Hub/Editor/6000.6.0f1/Unity.app/Contents/Resources/Scripting/Managed/UnityEngine/UnityEngine.GraphicsStateCollectionSerializerModule.dll"
-r:"/Applications/Unity/Hub/Editor/6000.6.0f1/Unity.app/Contents/Resources/Scripting/Managed/UnityEngine/UnityEngine.GridModule.dll"
-r:"/Applications/Unity/Hub/Editor/6000.6.0f1/Unity.app/Contents/Resources/Scripting/Managed/UnityEngine/UnityEngine.HierarchyCoreModule.dll"
-r:"/Applications/Unity/Hub/Editor/6000.6.0f1/Unity.app/Contents/Resources/Scripting/Managed/UnityEngine/UnityEngine.HotReloadModule.dll"
-r:"/Applications/Unity/Hub/Editor/6000.6.0f1/Unity.app/Contents/Resources/Scripting/Managed/UnityEngine/UnityEngine.IMGUIModule.dll"
-r:"/Applications/Unity/Hub/Editor/6000.6.0f1/Unity.app/Contents/Resources/Scripting/Managed/UnityEngine/UnityEngine.IdentifiersModule.dll"
-r:"/Applications/Unity/Hub/Editor/6000.6.0f1/Unity.app/Contents/Resources/Scripting/Managed/UnityEngine/UnityEngine.ImageConversionModule.dll"
-r:"/Applications/Unity/Hub/Editor/6000.6.0f1/Unity.app/Contents/Resources/Scripting/Managed/UnityEngine/UnityEngine.InputForUIModule.dll"
-r:"/Applications/Unity/Hub/Editor/6000.6.0f1/Unity.app/Contents/Resources/Scripting/Managed/UnityEngine/UnityEngine.InputLegacyModule.dll"
-r:"/Applications/Unity/Hub/Editor/6000.6.0f1/Unity.app/Contents/Resources/Scripting/Managed/UnityEngine/UnityEngine.InputModule.dll"
-r:"/Applications/Unity/Hub/Editor/6000.6.0f1/Unity.app/Contents/Resources/Scripting/Managed/UnityEngine/UnityEngine.InsightsModule.dll"
-r:"/Applications/Unity/Hub/Editor/6000.6.0f1/Unity.app/Contents/Resources/Scripting/Managed/UnityEngine/UnityEngine.JSONSerializeModule.dll"
-r:"/Applications/Unity/Hub/Editor/6000.6.0f1/Unity.app/Contents/Resources/Scripting/Managed/UnityEngine/UnityEngine.LocalizationModule.dll"
-r:"/Applications/Unity/Hub/Editor/6000.6.0f1/Unity.app/Contents/Resources/Scripting/Managed/UnityEngine/UnityEngine.ManagedKernelModule.dll"
-r:"/Applications/Unity/Hub/Editor/6000.6.0f1/Unity.app/Contents/Resources/Scripting/Managed/UnityEngine/UnityEngine.MarshallingModule.dll"
-r:"/Applications/Unity/Hub/Editor/6000.6.0f1/Unity.app/Contents/Resources/Scripting/Managed/UnityEngine/UnityEngine.MathematicsModule.dll"
-r:"/Applications/Unity/Hub/Editor/6000.6.0f1/Unity.app/Contents/Resources/Scripting/Managed/UnityEngine/UnityEngine.MultiplayerModule.dll"
-r:"/Applications/Unity/Hub/Editor/6000.6.0f1/Unity.app/Contents/Resources/Scripting/Managed/UnityEngine/UnityEngine.ParticleSystemModule.dll"
-r:"/Applications/Unity/Hub/Editor/6000.6.0f1/Unity.app/Contents/Resources/Scripting/Managed/UnityEngine/UnityEngine.PerformanceReportingModule.dll"
-r:"/Applications/Unity/Hub/Editor/6000.6.0f1/Unity.app/Contents/Resources/Scripting/Managed/UnityEngine/UnityEngine.Physics2DModule.dll"
-r:"/Applications/Unity/Hub/Editor/6000.6.0f1/Unity.app/Contents/Resources/Scripting/Managed/UnityEngine/UnityEngine.PhysicsBackendPhysXModule.dll"
-r:"/Applications/Unity/Hub/Editor/6000.6.0f1/Unity.app/Contents/Resources/Scripting/Managed/UnityEngine/UnityEngine.PhysicsCore2DModule.dll"
-r:"/Applications/Unity/Hub/Editor/6000.6.0f1/Unity.app/Contents/Resources/Scripting/Managed/UnityEngine/UnityEngine.PhysicsModule.dll"
-r:"/Applications/Unity/Hub/Editor/6000.6.0f1/Unity.app/Contents/Resources/Scripting/Managed/UnityEngine/UnityEngine.PropertiesModule.dll"
-r:"/Applications/Unity/Hub/Editor/6000.6.0f1/Unity.app/Contents/Resources/Scripting/Managed/UnityEngine/UnityEngine.RenderAs2DModule.dll"
-r:"/Applications/Unity/Hub/Editor/6000.6.0f1/Unity.app/Contents/Resources/Scripting/Managed/UnityEngine/UnityEngine.RuntimeInitializeOnLoadManagerInitializerModule.dll"
-r:"/Applications/Unity/Hub/Editor/6000.6.0f1/Unity.app/Contents/Resources/Scripting/Managed/UnityEngine/UnityEngine.ScreenCaptureModule.dll"
-r:"/Applications/Unity/Hub/Editor/6000.6.0f1/Unity.app/Contents/Resources/Scripting/Managed/UnityEngine/UnityEngine.ScriptingModule.dll"
-r:"/Applications/Unity/Hub/Editor/6000.6.0f1/Unity.app/Contents/Resources/Scripting/Managed/UnityEngine/UnityEngine.ShaderVariantAnalyticsModule.dll"
-r:"/Applications/Unity/Hub/Editor/6000.6.0f1/Unity.app/Contents/Resources/Scripting/Managed/UnityEngine/UnityEngine.SpriteMaskModule.dll"
-r:"/Applications/Unity/Hub/Editor/6000.6.0f1/Unity.app/Contents/Resources/Scripting/Managed/UnityEngine/UnityEngine.SpriteShapeModule.dll"
-r:"/Applications/Unity/Hub/Editor/6000.6.0f1/Unity.app/Contents/Resources/Scripting/Managed/UnityEngine/UnityEngine.StreamingModule.dll"
-r:"/Applications/Unity/Hub/Editor/6000.6.0f1/Unity.app/Contents/Resources/Scripting/Managed/UnityEngine/UnityEngine.SubstanceModule.dll"
-r:"/Applications/Unity/Hub/Editor/6000.6.0f1/Unity.app/Contents/Resources/Scripting/Managed/UnityEngine/UnityEngine.SubsystemsModule.dll"
-r:"/Applications/Unity/Hub/Editor/6000.6.0f1/Unity.app/Contents/Resources/Scripting/Managed/UnityEngine/UnityEngine.TLSModule.dll"
-r:"/Applications/Unity/Hub/Editor/6000.6.0f1/Unity.app/Contents/Resources/Scripting/Managed/UnityEngine/UnityEngine.TerrainModule.dll"
-r:"/Applications/Unity/Hub/Editor/6000.6.0f1/Unity.app/Contents/Resources/Scripting/Managed/UnityEngine/UnityEngine.TerrainPhysicsModule.dll"
-r:"/Applications/Unity/Hub/Editor/6000.6.0f1/Unity.app/Contents/Resources/Scripting/Managed/UnityEngine/UnityEngine.TetgenModule.dll"
-r:"/Applications/Unity/Hub/Editor/6000.6.0f1/Unity.app/Contents/Resources/Scripting/Managed/UnityEngine/UnityEngine.TextCoreFontEngineModule.dll"
-r:"/Applications/Unity/Hub/Editor/6000.6.0f1/Unity.app/Contents/Resources/Scripting/Managed/UnityEngine/UnityEngine.TextCoreTextEngineModule.dll"
-r:"/Applications/Unity/Hub/Editor/6000.6.0f1/Unity.app/Contents/Resources/Scripting/Managed/UnityEngine/UnityEngine.TextRenderingModule.dll"
-r:"/Applications/Unity/Hub/Editor/6000.6.0f1/Unity.app/Contents/Resources/Scripting/Managed/UnityEngine/UnityEngine.TilemapModule.dll"
-r:"/Applications/Unity/Hub/Editor/6000.6.0f1/Unity.app/Contents/Resources/Scripting/Managed/UnityEngine/UnityEngine.TimelineFoundationModule.dll"
-r:"/Applications/Unity/Hub/Editor/6000.6.0f1/Unity.app/Contents/Resources/Scripting/Managed/UnityEngine/UnityEngine.U2DRuntimeModule.dll"
-r:"/Applications/Unity/Hub/Editor/6000.6.0f1/Unity.app/Contents/Resources/Scripting/Managed/UnityEngine/UnityEngine.UIElementsModule.dll"
-r:"/Applications/Unity/Hub/Editor/6000.6.0f1/Unity.app/Contents/Resources/Scripting/Managed/UnityEngine/UnityEngine.UIModule.dll"
-r:"/Applications/Unity/Hub/Editor/6000.6.0f1/Unity.app/Contents/Resources/Scripting/Managed/UnityEngine/UnityEngine.UmbraModule.dll"
-r:"/Applications/Unity/Hub/Editor/6000.6.0f1/Unity.app/Contents/Resources/Scripting/Managed/UnityEngine/UnityEngine.UnityAnalyticsCommonModule.dll"
-r:"/Applications/Unity/Hub/Editor/6000.6.0f1/Unity.app/Contents/Resources/Scripting/Managed/UnityEngine/UnityEngine.UnityAnalyticsModule.dll"
-r:"/Applications/Unity/Hub/Editor/6000.6.0f1/Unity.app/Contents/Resources/Scripting/Managed/UnityEngine/UnityEngine.UnityConnectModule.dll"
-r:"/Applications/Unity/Hub/Editor/6000.6.0f1/Unity.app/Contents/Resources/Scripting/Managed/UnityEngine/UnityEngine.UnityConsentModule.dll"
-r:"/Applications/Unity/Hub/Editor/6000.6.0f1/Unity.app/Contents/Resources/Scripting/Managed/UnityEngine/UnityEngine.UnityCurlModule.dll"
-r:"/Applications/Unity/Hub/Editor/6000.6.0f1/Unity.app/Contents/Resources/Scripting/Managed/UnityEngine/UnityEngine.UnityWebRequestAssetBundleModule.dll"
-r:"/Applications/Unity/Hub/Editor/6000.6.0f1/Unity.app/Contents/Resources/Scripting/Managed/UnityEngine/UnityEngine.UnityWebRequestAudioModule.dll"
-r:"/Applications/Unity/Hub/Editor/6000.6.0f1/Unity.app/Contents/Resources/Scripting/Managed/UnityEngine/UnityEngine.UnityWebRequestModule.dll"
-r:"/Applications/Unity/Hub/Editor/6000.6.0f1/Unity.app/Contents/Resources/Scripting/Managed/UnityEngine/UnityEngine.UnityWebRequestTextureModule.dll"
-r:"/Applications/Unity/Hub/Editor/6000.6.0f1/Unity.app/Contents/Resources/Scripting/Managed/UnityEngine/UnityEngine.UnityWebRequestWWWModule.dll"
-r:"/Applications/Unity/Hub/Editor/6000.6.0f1/Unity.app/Contents/Resources/Scripting/Managed/UnityEngine/UnityEngine.VFXModule.dll"
-r:"/Applications/Unity/Hub/Editor/6000.6.0f1/Unity.app/Contents/Resources/Scripting/Managed/UnityEngine/UnityEngine.VectorGraphicsModule.dll"
-r:"/Applications/Unity/Hub/Editor/6000.6.0f1/Unity.app/Contents/Resources/Scripting/Managed/UnityEngine/UnityEngine.VehiclesModule.dll"
-r:"/Applications/Unity/Hub/Editor/6000.6.0f1/Unity.app/Contents/Resources/Scripting/Managed/UnityEngine/UnityEngine.VideoModule.dll"
-r:"/Applications/Unity/Hub/Editor/6000.6.0f1/Unity.app/Contents/Resources/Scripting/Managed/UnityEngine/UnityEngine.VirtualTexturingModule.dll"
-r:"/Applications/Unity/Hub/Editor/6000.6.0f1/Unity.app/Contents/Resources/Scripting/Managed/UnityEngine/UnityEngine.WindModule.dll"
-r:"/Applications/Unity/Hub/Editor/6000.6.0f1/Unity.app/Contents/Resources/Scripting/Managed/UnityEngine/UnityEngine.XRModule.dll"
-r:"/Applications/Unity/Hub/Editor/6000.6.0f1/Unity.app/Contents/Resources/Scripting/Managed/UnityEngine/UnityEngine.dll"
-r:"/Applications/Unity/Hub/Editor/6000.6.0f1/Unity.app/Contents/Resources/Scripting/NetStandard/Extensions/2.0.0/System.Runtime.InteropServices.WindowsRuntime.dll"
-r:"/Applications/Unity/Hub/Editor/6000.6.0f1/Unity.app/Contents/Resources/Scripting/NetStandard/compat/2.1.0/shims/netfx/System.ComponentModel.Composition.dll"
-r:"/Applications/Unity/Hub/Editor/6000.6.0f1/Unity.app/Contents/Resources/Scripting/NetStandard/compat/2.1.0/shims/netfx/System.Core.dll"
-r:"/Applications/Unity/Hub/Editor/6000.6.0f1/Unity.app/Contents/Resources/Scripting/NetStandard/compat/2.1.0/shims/netfx/System.Data.dll"
-r:"/Applications/Unity/Hub/Editor/6000.6.0f1/Unity.app/Contents/Resources/Scripting/NetStandard/compat/2.1.0/shims/netfx/System.Drawing.dll"
-r:"/Applications/Unity/Hub/Editor/6000.6.0f1/Unity.app/Contents/Resources/Scripting/NetStandard/compat/2.1.0/shims/netfx/System.IO.Compression.FileSystem.dll"
-r:"/Applications/Unity/Hub/Editor/6000.6.0f1/Unity.app/Contents/Resources/Scripting/NetStandard/compat/2.1.0/shims/netfx/System.Net.dll"
-r:"/Applications/Unity/Hub/Editor/6000.6.0f1/Unity.app/Contents/Resources/Scripting/NetStandard/compat/2.1.0/shims/netfx/System.Numerics.dll"
-r:"/Applications/Unity/Hub/Editor/6000.6.0f1/Unity.app/Contents/Resources/Scripting/NetStandard/compat/2.1.0/shims/netfx/System.Runtime.Serialization.dll"
-r:"/Applications/Unity/Hub/Editor/6000.6.0f1/Unity.app/Contents/Resources/Scripting/NetStandard/compat/2.1.0/shims/netfx/System.ServiceModel.Web.dll"
-r:"/Applications/Unity/Hub/Editor/6000.6.0f1/Unity.app/Contents/Resources/Scripting/NetStandard/compat/2.1.0/shims/netfx/System.Transactions.dll"
-r:"/Applications/Unity/Hub/Editor/6000.6.0f1/Unity.app/Contents/Resources/Scripting/NetStandard/compat/2.1.0/shims/netfx/System.Web.dll"
-r:"/Applications/Unity/Hub/Editor/6000.6.0f1/Unity.app/Contents/Resources/Scripting/NetStandard/compat/2.1.0/shims/netfx/System.Windows.dll"
-r:"/Applications/Unity/Hub/Editor/6000.6.0f1/Unity.app/Contents/Resources/Scripting/NetStandard/compat/2.1.0/shims/netfx/System.Xml.Linq.dll"
-r:"/Applications/Unity/Hub/Editor/6000.6.0f1/Unity.app/Contents/Resources/Scripting/NetStandard/compat/2.1.0/shims/netfx/System.Xml.Serialization.dll"
-r:"/Applications/Unity/Hub/Editor/6000.6.0f1/Unity.app/Contents/Resources/Scripting/NetStandard/compat/2.1.0/shims/netfx/System.Xml.dll"
-r:"/Applications/Unity/Hub/Editor/6000.6.0f1/Unity.app/Contents/Resources/Scripting/NetStandard/compat/2.1.0/shims/netfx/System.dll"
-r:"/Applications/Unity/Hub/Editor/6000.6.0f1/Unity.app/Contents/Resources/Scripting/NetStandard/compat/2.1.0/shims/netfx/mscorlib.dll"
-r:"/Applications/Unity/Hub/Editor/6000.6.0f1/Unity.app/Contents/Resources/Scripting/NetStandard/compat/2.1.0/shims/netstandard/Microsoft.Win32.Primitives.dll"
-r:"/Applications/Unity/Hub/Editor/6000.6.0f1/Unity.app/Contents/Resources/Scripting/NetStandard/compat/2.1.0/shims/netstandard/System.AppContext.dll"
-r:"/Applications/Unity/Hub/Editor/6000.6.0f1/Unity.app/Contents/Resources/Scripting/NetStandard/compat/2.1.0/shims/netstandard/System.Buffers.dll"
-r:"/Applications/Unity/Hub/Editor/6000.6.0f1/Unity.app/Contents/Resources/Scripting/NetStandard/compat/2.1.0/shims/netstandard/System.Collections.Concurrent.dll"
-r:"/Applications/Unity/Hub/Editor/6000.6.0f1/Unity.app/Contents/Resources/Scripting/NetStandard/compat/2.1.0/shims/netstandard/System.Collections.NonGeneric.dll"
-r:"/Applications/Unity/Hub/Editor/6000.6.0f1/Unity.app/Contents/Resources/Scripting/NetStandard/compat/2.1.0/shims/netstandard/System.Collections.Specialized.dll"
-r:"/Applications/Unity/Hub/Editor/6000.6.0f1/Unity.app/Contents/Resources/Scripting/NetStandard/compat/2.1.0/shims/netstandard/System.Collections.dll"
-r:"/Applications/Unity/Hub/Editor/6000.6.0f1/Unity.app/Contents/Resources/Scripting/NetStandard/compat/2.1.0/shims/netstandard/System.ComponentModel.EventBasedAsync.dll"
-r:"/Applications/Unity/Hub/Editor/6000.6.0f1/Unity.app/Contents/Resources/Scripting/NetStandard/compat/2.1.0/shims/netstandard/System.ComponentModel.Primitives.dll"
-r:"/Applications/Unity/Hub/Editor/6000.6.0f1/Unity.app/Contents/Resources/Scripting/NetStandard/compat/2.1.0/shims/netstandard/System.ComponentModel.TypeConverter.dll"
-r:"/Applications/Unity/Hub/Editor/6000.6.0f1/Unity.app/Contents/Resources/Scripting/NetStandard/compat/2.1.0/shims/netstandard/System.ComponentModel.dll"
-r:"/Applications/Unity/Hub/Editor/6000.6.0f1/Unity.app/Contents/Resources/Scripting/NetStandard/compat/2.1.0/shims/netstandard/System.Console.dll"
-r:"/Applications/Unity/Hub/Editor/6000.6.0f1/Unity.app/Contents/Resources/Scripting/NetStandard/compat/2.1.0/shims/netstandard/System.Data.Common.dll"
-r:"/Applications/Unity/Hub/Editor/6000.6.0f1/Unity.app/Contents/Resources/Scripting/NetStandard/compat/2.1.0/shims/netstandard/System.Diagnostics.Contracts.dll"
-r:"/Applications/Unity/Hub/Editor/6000.6.0f1/Unity.app/Contents/Resources/Scripting/NetStandard/compat/2.1.0/shims/netstandard/System.Diagnostics.Debug.dll"
-r:"/Applications/Unity/Hub/Editor/6000.6.0f1/Unity.app/Contents/Resources/Scripting/NetStandard/compat/2.1.0/shims/netstandard/System.Diagnostics.FileVersionInfo.dll"
-r:"/Applications/Unity/Hub/Editor/6000.6.0f1/Unity.app/Contents/Resources/Scripting/NetStandard/compat/2.1.0/shims/netstandard/System.Diagnostics.Process.dll"
-r:"/Applications/Unity/Hub/Editor/6000.6.0f1/Unity.app/Contents/Resources/Scripting/NetStandard/compat/2.1.0/shims/netstandard/System.Diagnostics.StackTrace.dll"
-r:"/Applications/Unity/Hub/Editor/6000.6.0f1/Unity.app/Contents/Resources/Scripting/NetStandard/compat/2.1.0/shims/netstandard/System.Diagnostics.TextWriterTraceListener.dll"
-r:"/Applications/Unity/Hub/Editor/6000.6.0f1/Unity.app/Contents/Resources/Scripting/NetStandard/compat/2.1.0/shims/netstandard/System.Diagnostics.Tools.dll"
-r:"/Applications/Unity/Hub/Editor/6000.6.0f1/Unity.app/Contents/Resources/Scripting/NetStandard/compat/2.1.0/shims/netstandard/System.Diagnostics.TraceSource.dll"
-r:"/Applications/Unity/Hub/Editor/6000.6.0f1/Unity.app/Contents/Resources/Scripting/NetStandard/compat/2.1.0/shims/netstandard/System.Diagnostics.Tracing.dll"
-r:"/Applications/Unity/Hub/Editor/6000.6.0f1/Unity.app/Contents/Resources/Scripting/NetStandard/compat/2.1.0/shims/netstandard/System.Drawing.Primitives.dll"
-r:"/Applications/Unity/Hub/Editor/6000.6.0f1/Unity.app/Contents/Resources/Scripting/NetStandard/compat/2.1.0/shims/netstandard/System.Dynamic.Runtime.dll"
-r:"/Applications/Unity/Hub/Editor/6000.6.0f1/Unity.app/Contents/Resources/Scripting/NetStandard/compat/2.1.0/shims/netstandard/System.Globalization.Calendars.dll"
-r:"/Applications/Unity/Hub/Editor/6000.6.0f1/Unity.app/Contents/Resources/Scripting/NetStandard/compat/2.1.0/shims/netstandard/System.Globalization.Extensions.dll"
-r:"/Applications/Unity/Hub/Editor/6000.6.0f1/Unity.app/Contents/Resources/Scripting/NetStandard/compat/2.1.0/shims/netstandard/System.Globalization.dll"
-r:"/Applications/Unity/Hub/Editor/6000.6.0f1/Unity.app/Contents/Resources/Scripting/NetStandard/compat/2.1.0/shims/netstandard/System.IO.Compression.ZipFile.dll"
-r:"/Applications/Unity/Hub/Editor/6000.6.0f1/Unity.app/Contents/Resources/Scripting/NetStandard/compat/2.1.0/shims/netstandard/System.IO.Compression.dll"
-r:"/Applications/Unity/Hub/Editor/6000.6.0f1/Unity.app/Contents/Resources/Scripting/NetStandard/compat/2.1.0/shims/netstandard/System.IO.FileSystem.DriveInfo.dll"
-r:"/Applications/Unity/Hub/Editor/6000.6.0f1/Unity.app/Contents/Resources/Scripting/NetStandard/compat/2.1.0/shims/netstandard/System.IO.FileSystem.Primitives.dll"
-r:"/Applications/Unity/Hub/Editor/6000.6.0f1/Unity.app/Contents/Resources/Scripting/NetStandard/compat/2.1.0/shims/netstandard/System.IO.FileSystem.Watcher.dll"
-r:"/Applications/Unity/Hub/Editor/6000.6.0f1/Unity.app/Contents/Resources/Scripting/NetStandard/compat/2.1.0/shims/netstandard/System.IO.FileSystem.dll"
-r:"/Applications/Unity/Hub/Editor/6000.6.0f1/Unity.app/Contents/Resources/Scripting/NetStandard/compat/2.1.0/shims/netstandard/System.IO.IsolatedStorage.dll"
-r:"/Applications/Unity/Hub/Editor/6000.6.0f1/Unity.app/Contents/Resources/Scripting/NetStandard/compat/2.1.0/shims/netstandard/System.IO.MemoryMappedFiles.dll"
-r:"/Applications/Unity/Hub/Editor/6000.6.0f1/Unity.app/Contents/Resources/Scripting/NetStandard/compat/2.1.0/shims/netstandard/System.IO.Pipes.dll"
-r:"/Applications/Unity/Hub/Editor/6000.6.0f1/Unity.app/Contents/Resources/Scripting/NetStandard/compat/2.1.0/shims/netstandard/System.IO.UnmanagedMemoryStream.dll"
-r:"/Applications/Unity/Hub/Editor/6000.6.0f1/Unity.app/Contents/Resources/Scripting/NetStandard/compat/2.1.0/shims/netstandard/System.IO.dll"
-r:"/Applications/Unity/Hub/Editor/6000.6.0f1/Unity.app/Contents/Resources/Scripting/NetStandard/compat/2.1.0/shims/netstandard/System.Linq.Expressions.dll"
-r:"/Applications/Unity/Hub/Editor/6000.6.0f1/Unity.app/Contents/Resources/Scripting/NetStandard/compat/2.1.0/shims/netstandard/System.Linq.Parallel.dll"
-r:"/Applications/Unity/Hub/Editor/6000.6.0f1/Unity.app/Contents/Resources/Scripting/NetStandard/compat/2.1.0/shims/netstandard/System.Linq.Queryable.dll"
-r:"/Applications/Unity/Hub/Editor/6000.6.0f1/Unity.app/Contents/Resources/Scripting/NetStandard/compat/2.1.0/shims/netstandard/System.Linq.dll"
-r:"/Applications/Unity/Hub/Editor/6000.6.0f1/Unity.app/Contents/Resources/Scripting/NetStandard/compat/2.1.0/shims/netstandard/System.Memory.dll"
-r:"/Applications/Unity/Hub/Editor/6000.6.0f1/Unity.app/Contents/Resources/Scripting/NetStandard/compat/2.1.0/shims/netstandard/System.Net.Http.dll"
-r:"/Applications/Unity/Hub/Editor/6000.6.0f1/Unity.app/Contents/Resources/Scripting/NetStandard/compat/2.1.0/shims/netstandard/System.Net.NameResolution.dll"
-r:"/Applications/Unity/Hub/Editor/6000.6.0f1/Unity.app/Contents/Resources/Scripting/NetStandard/compat/2.1.0/shims/netstandard/System.Net.NetworkInformation.dll"
-r:"/Applications/Unity/Hub/Editor/6000.6.0f1/Unity.app/Contents/Resources/Scripting/NetStandard/compat/2.1.0/shims/netstandard/System.Net.Ping.dll"
-r:"/Applications/Unity/Hub/Editor/6000.6.0f1/Unity.app/Contents/Resources/Scripting/NetStandard/compat/2.1.0/shims/netstandard/System.Net.Primitives.dll"
-r:"/Applications/Unity/Hub/Editor/6000.6.0f1/Unity.app/Contents/Resources/Scripting/NetStandard/compat/2.1.0/shims/netstandard/System.Net.Requests.dll"
-r:"/Applications/Unity/Hub/Editor/6000.6.0f1/Unity.app/Contents/Resources/Scripting/NetStandard/compat/2.1.0/shims/netstandard/System.Net.Security.dll"
-r:"/Applications/Unity/Hub/Editor/6000.6.0f1/Unity.app/Contents/Resources/Scripting/NetStandard/compat/2.1.0/shims/netstandard/System.Net.Sockets.dll"
-r:"/Applications/Unity/Hub/Editor/6000.6.0f1/Unity.app/Contents/Resources/Scripting/NetStandard/compat/2.1.0/shims/netstandard/System.Net.WebHeaderCollection.dll"
-r:"/Applications/Unity/Hub/Editor/6000.6.0f1/Unity.app/Contents/Resources/Scripting/NetStandard/compat/2.1.0/shims/netstandard/System.Net.WebSockets.Client.dll"
-r:"/Applications/Unity/Hub/Editor/6000.6.0f1/Unity.app/Contents/Resources/Scripting/NetStandard/compat/2.1.0/shims/netstandard/System.Net.WebSockets.dll"
-r:"/Applications/Unity/Hub/Editor/6000.6.0f1/Unity.app/Contents/Resources/Scripting/NetStandard/compat/2.1.0/shims/netstandard/System.Numerics.Vectors.dll"
-r:"/Applications/Unity/Hub/Editor/6000.6.0f1/Unity.app/Contents/Resources/Scripting/NetStandard/compat/2.1.0/shims/netstandard/System.ObjectModel.dll"
-r:"/Applications/Unity/Hub/Editor/6000.6.0f1/Unity.app/Contents/Resources/Scripting/NetStandard/compat/2.1.0/shims/netstandard/System.Reflection.DispatchProxy.dll"
-r:"/Applications/Unity/Hub/Editor/6000.6.0f1/Unity.app/Contents/Resources/Scripting/NetStandard/compat/2.1.0/shims/netstandard/System.Reflection.Emit.ILGeneration.dll"
-r:"/Applications/Unity/Hub/Editor/6000.6.0f1/Unity.app/Contents/Resources/Scripting/NetStandard/compat/2.1.0/shims/netstandard/System.Reflection.Emit.Lightweight.dll"
-r:"/Applications/Unity/Hub/Editor/6000.6.0f1/Unity.app/Contents/Resources/Scripting/NetStandard/compat/2.1.0/shims/netstandard/System.Reflection.Emit.dll"
-r:"/Applications/Unity/Hub/Editor/6000.6.0f1/Unity.app/Contents/Resources/Scripting/NetStandard/compat/2.1.0/shims/netstandard/System.Reflection.Extensions.dll"
-r:"/Applications/Unity/Hub/Editor/6000.6.0f1/Unity.app/Contents/Resources/Scripting/NetStandard/compat/2.1.0/shims/netstandard/System.Reflection.Primitives.dll"
-r:"/Applications/Unity/Hub/Editor/6000.6.0f1/Unity.app/Contents/Resources/Scripting/NetStandard/compat/2.1.0/shims/netstandard/System.Reflection.dll"
-r:"/Applications/Unity/Hub/Editor/6000.6.0f1/Unity.app/Contents/Resources/Scripting/NetStandard/compat/2.1.0/shims/netstandard/System.Resources.Reader.dll"
-r:"/Applications/Unity/Hub/Editor/6000.6.0f1/Unity.app/Contents/Resources/Scripting/NetStandard/compat/2.1.0/shims/netstandard/System.Resources.ResourceManager.dll"
-r:"/Applications/Unity/Hub/Editor/6000.6.0f1/Unity.app/Contents/Resources/Scripting/NetStandard/compat/2.1.0/shims/netstandard/System.Resources.Writer.dll"
-r:"/Applications/Unity/Hub/Editor/6000.6.0f1/Unity.app/Contents/Resources/Scripting/NetStandard/compat/2.1.0/shims/netstandard/System.Runtime.CompilerServices.VisualC.dll"
-r:"/Applications/Unity/Hub/Editor/6000.6.0f1/Unity.app/Contents/Resources/Scripting/NetStandard/compat/2.1.0/shims/netstandard/System.Runtime.Extensions.dll"
-r:"/Applications/Unity/Hub/Editor/6000.6.0f1/Unity.app/Contents/Resources/Scripting/NetStandard/compat/2.1.0/shims/netstandard/System.Runtime.Handles.dll"
-r:"/Applications/Unity/Hub/Editor/6000.6.0f1/Unity.app/Contents/Resources/Scripting/NetStandard/compat/2.1.0/shims/netstandard/System.Runtime.InteropServices.RuntimeInformation.dll"
-r:"/Applications/Unity/Hub/Editor/6000.6.0f1/Unity.app/Contents/Resources/Scripting/NetStandard/compat/2.1.0/shims/netstandard/System.Runtime.InteropServices.dll"
-r:"/Applications/Unity/Hub/Editor/6000.6.0f1/Unity.app/Contents/Resources/Scripting/NetStandard/compat/2.1.0/shims/netstandard/System.Runtime.Numerics.dll"
-r:"/Applications/Unity/Hub/Editor/6000.6.0f1/Unity.app/Contents/Resources/Scripting/NetStandard/compat/2.1.0/shims/netstandard/System.Runtime.Serialization.Formatters.dll"
-r:"/Applications/Unity/Hub/Editor/6000.6.0f1/Unity.app/Contents/Resources/Scripting/NetStandard/compat/2.1.0/shims/netstandard/System.Runtime.Serialization.Json.dll"
-r:"/Applications/Unity/Hub/Editor/6000.6.0f1/Unity.app/Contents/Resources/Scripting/NetStandard/compat/2.1.0/shims/netstandard/System.Runtime.Serialization.Primitives.dll"
-r:"/Applications/Unity/Hub/Editor/6000.6.0f1/Unity.app/Contents/Resources/Scripting/NetStandard/compat/2.1.0/shims/netstandard/System.Runtime.Serialization.Xml.dll"
-r:"/Applications/Unity/Hub/Editor/6000.6.0f1/Unity.app/Contents/Resources/Scripting/NetStandard/compat/2.1.0/shims/netstandard/System.Runtime.dll"
-r:"/Applications/Unity/Hub/Editor/6000.6.0f1/Unity.app/Contents/Resources/Scripting/NetStandard/compat/2.1.0/shims/netstandard/System.Security.Claims.dll"
-r:"/Applications/Unity/Hub/Editor/6000.6.0f1/Unity.app/Contents/Resources/Scripting/NetStandard/compat/2.1.0/shims/netstandard/System.Security.Cryptography.Algorithms.dll"
-r:"/Applications/Unity/Hub/Editor/6000.6.0f1/Unity.app/Contents/Resources/Scripting/NetStandard/compat/2.1.0/shims/netstandard/System.Security.Cryptography.Csp.dll"
-r:"/Applications/Unity/Hub/Editor/6000.6.0f1/Unity.app/Contents/Resources/Scripting/NetStandard/compat/2.1.0/shims/netstandard/System.Security.Cryptography.Encoding.dll"
-r:"/Applications/Unity/Hub/Editor/6000.6.0f1/Unity.app/Contents/Resources/Scripting/NetStandard/compat/2.1.0/shims/netstandard/System.Security.Cryptography.Primitives.dll"
-r:"/Applications/Unity/Hub/Editor/6000.6.0f1/Unity.app/Contents/Resources/Scripting/NetStandard/compat/2.1.0/shims/netstandard/System.Security.Cryptography.X509Certificates.dll"
-r:"/Applications/Unity/Hub/Editor/6000.6.0f1/Unity.app/Contents/Resources/Scripting/NetStandard/compat/2.1.0/shims/netstandard/System.Security.Principal.dll"
-r:"/Applications/Unity/Hub/Editor/6000.6.0f1/Unity.app/Contents/Resources/Scripting/NetStandard/compat/2.1.0/shims/netstandard/System.Security.SecureString.dll"
-r:"/Applications/Unity/Hub/Editor/6000.6.0f1/Unity.app/Contents/Resources/Scripting/NetStandard/compat/2.1.0/shims/netstandard/System.Text.Encoding.Extensions.dll"
-r:"/Applications/Unity/Hub/Editor/6000.6.0f1/Unity.app/Contents/Resources/Scripting/NetStandard/compat/2.1.0/shims/netstandard/System.Text.Encoding.dll"
-r:"/Applications/Unity/Hub/Editor/6000.6.0f1/Unity.app/Contents/Resources/Scripting/NetStandard/compat/2.1.0/shims/netstandard/System.Text.RegularExpressions.dll"
-r:"/Applications/Unity/Hub/Editor/6000.6.0f1/Unity.app/Contents/Resources/Scripting/NetStandard/compat/2.1.0/shims/netstandard/System.Threading.Overlapped.dll"
-r:"/Applications/Unity/Hub/Editor/6000.6.0f1/Unity.app/Contents/Resources/Scripting/NetStandard/compat/2.1.0/shims/netstandard/System.Threading.Tasks.Extensions.dll"
-r:"/Applications/Unity/Hub/Editor/6000.6.0f1/Unity.app/Contents/Resources/Scripting/NetStandard/compat/2.1.0/shims/netstandard/System.Threading.Tasks.Parallel.dll"
-r:"/Applications/Unity/Hub/Editor/6000.6.0f1/Unity.app/Contents/Resources/Scripting/NetStandard/compat/2.1.0/shims/netstandard/System.Threading.Tasks.dll"
-r:"/Applications/Unity/Hub/Editor/6000.6.0f1/Unity.app/Contents/Resources/Scripting/NetStandard/compat/2.1.0/shims/netstandard/System.Threading.Thread.dll"
-r:"/Applications/Unity/Hub/Editor/6000.6.0f1/Unity.app/Contents/Resources/Scripting/NetStandard/compat/2.1.0/shims/netstandard/System.Threading.ThreadPool.dll"
-r:"/Applications/Unity/Hub/Editor/6000.6.0f1/Unity.app/Contents/Resources/Scripting/NetStandard/compat/2.1.0/shims/netstandard/System.Threading.Timer.dll"
-r:"/Applications/Unity/Hub/Editor/6000.6.0f1/Unity.app/Contents/Resources/Scripting/NetStandard/compat/2.1.0/shims/netstandard/System.Threading.dll"
-r:"/Applications/Unity/Hub/Editor/6000.6.0f1/Unity.app/Contents/Resources/Scripting/NetStandard/compat/2.1.0/shims/netstandard/System.ValueTuple.dll"
-r:"/Applications/Unity/Hub/Editor/6000.6.0f1/Unity.app/Contents/Resources/Scripting/NetStandard/compat/2.1.0/shims/netstandard/System.Xml.ReaderWriter.dll"
-r:"/Applications/Unity/Hub/Editor/6000.6.0f1/Unity.app/Contents/Resources/Scripting/NetStandard/compat/2.1.0/shims/netstandard/System.Xml.XDocument.dll"
-r:"/Applications/Unity/Hub/Editor/6000.6.0f1/Unity.app/Contents/Resources/Scripting/NetStandard/compat/2.1.0/shims/netstandard/System.Xml.XPath.XDocument.dll"
-r:"/Applications/Unity/Hub/Editor/6000.6.0f1/Unity.app/Contents/Resources/Scripting/NetStandard/compat/2.1.0/shims/netstandard/System.Xml.XPath.dll"
-r:"/Applications/Unity/Hub/Editor/6000.6.0f1/Unity.app/Contents/Resources/Scripting/NetStandard/compat/2.1.0/shims/netstandard/System.Xml.XmlDocument.dll"
-r:"/Applications/Unity/Hub/Editor/6000.6.0f1/Unity.app/Contents/Resources/Scripting/NetStandard/compat/2.1.0/shims/netstandard/System.Xml.XmlSerializer.dll"
-r:"/Applications/Unity/Hub/Editor/6000.6.0f1/Unity.app/Contents/Resources/Scripting/NetStandard/ref/2.1.0/netstandard.dll"
-r:"Library/PackageCache/com.unity.collections@10fff0607388/Unity.Collections.LowLevel.ILSupport/Unity.Collections.LowLevel.ILSupport.dll"
-r:"Library/PackageCache/com.unity.ext.nunit@0198eae3b53e/net472/unity-custom/nunit.framework.dll"
-r:"Library/PackageCache/com.unity.nuget.mono-cecil@ecb9724e46ff/Mono.Cecil.dll"
-r:"Library/PackageCache/com.unity.visualscripting@4edfcc09512f/Runtime/VisualScripting.Flow/Dependencies/NCalc/Unity.VisualScripting.Antlr3.Runtime.dll"
-r:"Library/Bee/artifacts/200b0aE.dag/PsdPlugin.ref.dll"
-r:"Library/Bee/artifacts/200b0aE.dag/Unity.2D.Animation.Editor.ref.dll"
-r:"Library/Bee/artifacts/200b0aE.dag/Unity.2D.Animation.Profiler.Editor.ref.dll"
-r:"Library/Bee/artifacts/200b0aE.dag/Unity.2D.Animation.Profiler.ref.dll"
-r:"Library/Bee/artifacts/200b0aE.dag/Unity.2D.Animation.Runtime.ref.dll"
-r:"Library/Bee/artifacts/200b0aE.dag/Unity.2D.Aseprite.Common.ref.dll"
-r:"Library/Bee/artifacts/200b0aE.dag/Unity.2D.Aseprite.Editor.ref.dll"
-r:"Library/Bee/artifacts/200b0aE.dag/Unity.2D.Common.Editor.ref.dll"
-r:"Library/Bee/artifacts/200b0aE.dag/Unity.2D.Common.Path.Editor.ref.dll"
-r:"Library/Bee/artifacts/200b0aE.dag/Unity.2D.Common.Runtime.ref.dll"
-r:"Library/Bee/artifacts/200b0aE.dag/Unity.2D.IK.Editor.ref.dll"
-r:"Library/Bee/artifacts/200b0aE.dag/Unity.2D.IK.Runtime.ref.dll"
-r:"Library/Bee/artifacts/200b0aE.dag/Unity.2D.PixelPerfect.Editor.ref.dll"
-r:"Library/Bee/artifacts/200b0aE.dag/Unity.2D.PixelPerfect.ref.dll"
-r:"Library/Bee/artifacts/200b0aE.dag/Unity.2D.Psdimporter.Editor.ref.dll"
-r:"Library/Bee/artifacts/200b0aE.dag/Unity.2D.Sprite.Editor.ref.dll"
-r:"Library/Bee/artifacts/200b0aE.dag/Unity.2D.SpriteShape.Editor.ref.dll"
-r:"Library/Bee/artifacts/200b0aE.dag/Unity.2D.SpriteShape.Runtime.ref.dll"
-r:"Library/Bee/artifacts/200b0aE.dag/Unity.2D.Tilemap.Editor.ref.dll"
-r:"Library/Bee/artifacts/200b0aE.dag/Unity.2D.Tilemap.Extras.Editor.ref.dll"
-r:"Library/Bee/artifacts/200b0aE.dag/Unity.2D.Tilemap.Extras.ref.dll"
-r:"Library/Bee/artifacts/200b0aE.dag/Unity.2D.Tooling.Editor.ref.dll"
-r:"Library/Bee/artifacts/200b0aE.dag/Unity.AI.Navigation.Editor.ConversionSystem.ref.dll"
-r:"Library/Bee/artifacts/200b0aE.dag/Unity.AI.Navigation.Editor.ref.dll"
-r:"Library/Bee/artifacts/200b0aE.dag/Unity.AI.Navigation.ref.dll"
-r:"Library/Bee/artifacts/200b0aE.dag/Unity.AI.Navigation.Updater.ref.dll"
-r:"Library/Bee/artifacts/200b0aE.dag/Unity.Burst.ref.dll"
-r:"Library/Bee/artifacts/200b0aE.dag/Unity.Collections.Editor.ref.dll"
-r:"Library/Bee/artifacts/200b0aE.dag/Unity.Collections.ref.dll"
-r:"Library/Bee/artifacts/200b0aE.dag/Unity.Collections.Tests.CoreCLR.InternalJobNestedPrivate.ref.dll"
-r:"Library/Bee/artifacts/200b0aE.dag/Unity.Collections.Tests.CoreCLR.PrivateJobNested.ref.dll"
-r:"Library/Bee/artifacts/200b0aE.dag/Unity.Collections.Tests.CoreCLR.ProtectedJobNested.ref.dll"
-r:"Library/Bee/artifacts/200b0aE.dag/Unity.Collections.Tests.CoreCLR.PublicJobPrivateGeneric.ref.dll"
-r:"Library/Bee/artifacts/200b0aE.dag/Unity.GraphAuthoring.Editor.ref.dll"
-r:"Library/Bee/artifacts/200b0aE.dag/Unity.InputSystem.ForUI.Editor.ref.dll"
-r:"Library/Bee/artifacts/200b0aE.dag/Unity.InputSystem.ForUI.ref.dll"
-r:"Library/Bee/artifacts/200b0aE.dag/Unity.InputSystem.ref.dll"
-r:"Library/Bee/artifacts/200b0aE.dag/Unity.InternalAPIEditorBridge.001.ref.dll"
-r:"Library/Bee/artifacts/200b0aE.dag/Unity.InternalAPIEditorBridge.ShaderGraph.Editor.ref.dll"
-r:"Library/Bee/artifacts/200b0aE.dag/Unity.InternalAPIEngineBridge.001.ref.dll"
-r:"Library/Bee/artifacts/200b0aE.dag/Unity.InternalAPIEngineBridge.004.ref.dll"
-r:"Library/Bee/artifacts/200b0aE.dag/Unity.InternalAPIEngineBridge.ObjectDispatcher.Runtime.ref.dll"
-r:"Library/Bee/artifacts/200b0aE.dag/Unity.InternalAPIEngineBridge.RenderPipelines.Core.Editor.ref.dll"
-r:"Library/Bee/artifacts/200b0aE.dag/Unity.InternalAPIEngineBridge.RenderPipelines.Core.Runtime.Shared.ref.dll"
-r:"Library/Bee/artifacts/200b0aE.dag/Unity.Mathematics.ref.dll"
-r:"Library/Bee/artifacts/200b0aE.dag/Unity.PathTracing.Editor.ref.dll"
-r:"Library/Bee/artifacts/200b0aE.dag/Unity.PathTracing.Runtime.ref.dll"
-r:"Library/Bee/artifacts/200b0aE.dag/Unity.PlasticSCM.Editor.Assistant.ref.dll"
-r:"Library/Bee/artifacts/200b0aE.dag/Unity.PlasticSCM.Editor.ref.dll"
-r:"Library/Bee/artifacts/200b0aE.dag/Unity.Profiling.Core.ref.dll"
-r:"Library/Bee/artifacts/200b0aE.dag/Unity.Rendering.LightTransport.Editor.ref.dll"
-r:"Library/Bee/artifacts/200b0aE.dag/Unity.RenderPipeline.Universal.ShaderLibrary.ref.dll"
-r:"Library/Bee/artifacts/200b0aE.dag/Unity.RenderPipelines.Core.Editor.ref.dll"
-r:"Library/Bee/artifacts/200b0aE.dag/Unity.RenderPipelines.Core.Editor.Shared.ref.dll"
-r:"Library/Bee/artifacts/200b0aE.dag/Unity.RenderPipelines.Core.Runtime.ref.dll"
-r:"Library/Bee/artifacts/200b0aE.dag/Unity.RenderPipelines.Core.Runtime.Shared.ref.dll"
-r:"Library/Bee/artifacts/200b0aE.dag/Unity.RenderPipelines.Core.ShaderLibrary.ref.dll"
-r:"Library/Bee/artifacts/200b0aE.dag/Unity.RenderPipelines.GPUDriven.Runtime.ref.dll"
-r:"Library/Bee/artifacts/200b0aE.dag/Unity.RenderPipelines.ShaderGraph.ShaderGraphLibrary.ref.dll"
-r:"Library/Bee/artifacts/200b0aE.dag/Unity.RenderPipelines.Universal.2D.Editor.Overrides.ref.dll"
-r:"Library/Bee/artifacts/200b0aE.dag/Unity.RenderPipelines.Universal.2D.Runtime.ref.dll"
-r:"Library/Bee/artifacts/200b0aE.dag/Unity.RenderPipelines.Universal.Config.Runtime.ref.dll"
-r:"Library/Bee/artifacts/200b0aE.dag/Unity.RenderPipelines.Universal.Editor.ref.dll"
-r:"Library/Bee/artifacts/200b0aE.dag/Unity.RenderPipelines.Universal.Runtime.ref.dll"
-r:"Library/Bee/artifacts/200b0aE.dag/Unity.RenderPipelines.Universal.Shaders.ref.dll"
-r:"Library/Bee/artifacts/200b0aE.dag/Unity.Rider.Editor.ref.dll"
-r:"Library/Bee/artifacts/200b0aE.dag/Unity.Searcher.Editor.ref.dll"
-r:"Library/Bee/artifacts/200b0aE.dag/Unity.ShaderGraph.Editor.ref.dll"
-r:"Library/Bee/artifacts/200b0aE.dag/Unity.SurfaceCache.Runtime.ref.dll"
-r:"Library/Bee/artifacts/200b0aE.dag/Unity.TextMeshPro.Editor.ref.dll"
-r:"Library/Bee/artifacts/200b0aE.dag/Unity.TextMeshPro.ref.dll"
-r:"Library/Bee/artifacts/200b0aE.dag/Unity.Timeline.Editor.ref.dll"
-r:"Library/Bee/artifacts/200b0aE.dag/Unity.Timeline.ref.dll"
-r:"Library/Bee/artifacts/200b0aE.dag/Unity.UnifiedRayTracing.Runtime.ref.dll"
-r:"Library/Bee/artifacts/200b0aE.dag/Unity.VisualScripting.Core.Editor.ref.dll"
-r:"Library/Bee/artifacts/200b0aE.dag/Unity.VisualScripting.Core.ref.dll"
-r:"Library/Bee/artifacts/200b0aE.dag/Unity.VisualScripting.Flow.Editor.ref.dll"
-r:"Library/Bee/artifacts/200b0aE.dag/Unity.VisualScripting.Flow.ref.dll"
-r:"Library/Bee/artifacts/200b0aE.dag/Unity.VisualScripting.SettingsProvider.Editor.ref.dll"
-r:"Library/Bee/artifacts/200b0aE.dag/Unity.VisualScripting.Shared.Editor.ref.dll"
-r:"Library/Bee/artifacts/200b0aE.dag/Unity.VisualScripting.State.Editor.ref.dll"
-r:"Library/Bee/artifacts/200b0aE.dag/Unity.VisualScripting.State.ref.dll"
-r:"Library/Bee/artifacts/200b0aE.dag/Unity.VisualStudio.Editor.ref.dll"
-r:"Library/Bee/artifacts/200b0aE.dag/UnityEditor.UI.Analytics.ref.dll"
-r:"Library/Bee/artifacts/200b0aE.dag/UnityEditor.UI.ref.dll"
-r:"Library/Bee/artifacts/200b0aE.dag/UnityEngine.UI.ref.dll"
-analyzer:"/Applications/Unity/Hub/Editor/6000.6.0f1/Unity.app/Contents/Resources/BuildPipeline/Unity.Analyzers.Common/Unity.Analyzers.Common.dll"
-analyzer:"/Applications/Unity/Hub/Editor/6000.6.0f1/Unity.app/Contents/Resources/BuildPipeline/Unity.Analyzers.LongLiving/Unity.Analyzers.LongLiving.dll"
-analyzer:"/Applications/Unity/Hub/Editor/6000.6.0f1/Unity.app/Contents/Resources/BuildPipeline/Unity.SourceGenerators/Unity.Properties.SourceGenerator.dll"
-analyzer:"/Applications/Unity/Hub/Editor/6000.6.0f1/Unity.app/Contents/Resources/BuildPipeline/Unity.SourceGenerators/Unity.SourceGenerators.dll"
-analyzer:"/Applications/Unity/Hub/Editor/6000.6.0f1/Unity.app/Contents/Resources/BuildPipeline/Unity.SourceGenerators/Unity.UIToolkit.SourceGenerator.dll"
-analyzer:"/Applications/Unity/Hub/Editor/6000.6.0f1/Unity.app/Contents/Resources/Scripting/BCLExtensions/TargetingPacks/netstandard2.1/analyzers/dotnet/roslyn4.0/cs/Microsoft.Extensions.Logging.Generators.dll"
-analyzer:"/Applications/Unity/Hub/Editor/6000.6.0f1/Unity.app/Contents/Resources/Scripting/BCLExtensions/TargetingPacks/netstandard2.1/analyzers/dotnet/roslyn4.0/cs/System.Text.Json.SourceGeneration.dll"
"Assets/Script/HelloWorld.cs"
"Assets/Script/Wasd/NewMonoBehaviourScript.cs"
"Assets/TutorialInfo/Readme.cs"
-langversion:9.0
/deterministic
/optimize+
/debug:portable
/nologo
/RuntimeMetadataVersion:v4.0.30319
/nowarn:0169
/nowarn:0649
/nowarn:0282
/nowarn:1701
/nowarn:1702
/utf8output
/preferreduilang:en-US
/additionalfile:"Library/Bee/artifacts/200b0aE.dag/Assembly-CSharp.UnityAdditionalFile.txt"
##### Custom Environment Variables
DOTNET_HOST_PATH=/Applications/Unity/Hub/Editor/6000.6.0f1/Unity.app/Contents/Resources/Scripting/DotNetSdk/dotnet
DOTNET_MULTILEVEL_LOOKUP=0
##### ExitCode
1
##### Output
Assets/Script/Wasd/NewMonoBehaviourScript.cs(41,34): error CS1001: Identifier expected
*** Tundra build failed (0.20 seconds), 2 items updated, 1166 evaluated
Total cache size 100776008
Total cache size after purge 100776008, took 00:00:00.0492587
Refreshing native plugins compatible for Editor in 2.21 ms, found 3 plugins.

Asset Pipeline Refresh (id=a61a9573158a04b11985a8c91b12981a): Total: 0.590 seconds - Initiated by RefreshV2(AllowForceSynchronousImport)
	(Values over 0.05ms)
	Summary:
		Imports: total=0 (actual=0, local cache=0, cache server=0)
		Asset DB Process Time: managed=0 ms, native=253 ms
		Asset DB Callback time: managed=1 ms, native=3 ms
		Scripting: domain reloads=0, domain reload time=0 ms, compile time=0 ms, other=0 ms
		Project Asset Count: scripts=1649, non-scripts=3207
		Asset File Changes: new=0, changed=1, moved=0, deleted=0
		Scan Filter Count: 1
	InvokePackagesCallback: 0.182ms
	ApplyChangesToAssetFolders: 0.079ms
	Scan: 136.578ms
	Collect global state as custom dependencies: 0.160ms
	ProcessAssetsWithTransientArtifactChanges: 0.208ms
	CategorizeAssets: 14.519ms
	ImportOutOfDateAssets: 0.854ms (0.174ms without children)
		UnloadImportedAssets: 0.127ms
		EnsureUptoDateAssetsAreRegisteredWithGuidPM: 0.299ms
		ImportSchedulerStart: 0.227ms
	PostProcessAllAssets: 2.137ms
		XRBuildSystem.XRAssetImported 0.085ms
		MonoPostProcessAllAssets: 1.899ms
			SyncVS.PostprocessSyncProject 0.828ms
			ConfigAssetsTracker.OnPostprocessAllAssets 0.628ms
			SpriteEditorTexturePostprocessor.OnPostprocessAllAssets 0.080ms
	PostAssetChangesProfiler: 2.745ms
	PersistCurrentRevisions: 0.096ms
	Untracked: 2.448ms

2026-09-17 15:38:12.013 Unity[1293:18799] CAMetalLayer ignoring invalid setDrawableSize width=0.000000 height=0.000000
2026-09-17 15:38:12.014 Unity[1293:18799] CAMetalLayer ignoring invalid setDrawableSize width=0.000000 height=0.000000
[ScriptCompilation] Requested script compilation because: AssetDatabase observed changes in script compilation related files
[Licensing::Client] Successfully resolved entitlement details
Starting: /Applications/Unity/Hub/Editor/6000.6.0f1/Unity.app/Contents/Resources/BuildPipeline/bee_backend --ipc --defer-dag-verification --dagfile="Library/Bee/200b0aE.dag" --continue-on-failure --profile="Library/Bee/backend1.traceevents" ScriptAssemblies
WorkingDir: /Users/bindubk/First class
ExitCode: 0 Duration: 0s653ms
[ 869/1166  0s] ILPP-Configuration Library/ilpp-configuration.nevergeneratedoutput
[1158/1166  0s] Csc Library/Bee/artifacts/200b0aE.dag/Assembly-CSharp.dll (+2 others)
Assets/Script/Wasd/NewMonoBehaviourScript.cs(21,45): warning CS0642: Possible mistaken empty statement
Assets/Script/Wasd/NewMonoBehaviourScript.cs(25,45): warning CS0642: Possible mistaken empty statement
Assets/Script/Wasd/NewMonoBehaviourScript.cs(29,44): warning CS0642: Possible mistaken empty statement
Assets/Script/Wasd/NewMonoBehaviourScript.cs(33,45): warning CS0642: Possible mistaken empty statement
Assets/Script/Wasd/NewMonoBehaviourScript.cs(41,44): warning CS0642: Possible mistaken empty statement
[1160/1166  0s] ILPostProcess Library/Bee/artifacts/200b0aE.dag/post-processed/Assembly-CSharp.dll (+pdb)
Processing assembly Library/Bee/artifacts/200b0aE.dag/Assembly-CSharp.dll, with 143 defines and 377 references
processors: Unity.Jobs.CodeGen.JobsILPostProcessor, zzzUnity.Burst.CodeGen.BurstILPostProcessor
1 processor(s) skipped this assembly
running Unity.Jobs.CodeGen.JobsILPostProcessor
[1161/1166  0s] ILPostProcess Library/Bee/artifacts/200b0aE.dag/post-processed/Assembly-CSharp-Editor.dll (+pdb)
Processing assembly Library/Bee/artifacts/200b0aE.dag/Assembly-CSharp-Editor.dll, with 141 defines and 399 references
processors: Unity.Jobs.CodeGen.JobsILPostProcessor, zzzUnity.Burst.CodeGen.BurstILPostProcessor
1 processor(s) skipped this assembly
running Unity.Jobs.CodeGen.JobsILPostProcessor
[1162/1166  0s] CopyFiles Library/ScriptAssemblies/Assembly-CSharp.pdb
[1163/1166  0s] CopyFiles Library/ScriptAssemblies/Assembly-CSharp.dll
*** Tundra build success (0.63 seconds), 6 items updated, 1166 evaluated
Assets/Script/Wasd/NewMonoBehaviourScript.cs(21,45): warning CS0642: Possible mistaken empty statement
Assets/Script/Wasd/NewMonoBehaviourScript.cs(25,45): warning CS0642: Possible mistaken empty statement
Assets/Script/Wasd/NewMonoBehaviourScript.cs(29,44): warning CS0642: Possible mistaken empty statement
Assets/Script/Wasd/NewMonoBehaviourScript.cs(33,45): warning CS0642: Possible mistaken empty statement
Assets/Script/Wasd/NewMonoBehaviourScript.cs(41,44): warning CS0642: Possible mistaken empty statement
Total cache size 100776008
Total cache size after purge 100776008, took 00:00:00.0214463
Reloading assemblies after forced synchronous recompile.
Begin MonoManager ReloadAssembly
Unloading 29 Unused Serialized files (Serialized files now loaded: 0)
GPU Resident Drawer disposed.
Unloading 16 unused Assets / (6.9 KB). Loaded Objects now: 10319.
Memory consumption went from 511.5 MB to 511.5 MB.
Total: 24.930791 ms (FindLiveObjects: 0.378791 ms CreateObjectMapping: 0.106834 ms MarkObjects: 24.307666 ms  DeleteObjects: 0.041333 ms)

Thread 0xc60877000 may have been prematurely finalized
Refreshing native plugins compatible for Editor in 2.94 ms, found 3 plugins.
Native extension for OSXStandalone target not found
[MODES] ModeService[none].Initialize
[MODES] ModeService[none].LoadModes
2026-09-17 15:38:34.363 Unity[1293:18799] NSEventModifierFlagFunction specified to -setKeyEquivalentModifierMask: for item <NSMenuItem: 0xc84a7b3a0 SDF, ke='Command-F12'>, but is only supported for system-provided menu items; will not be used
ScheduleIndexationOnStartup MainProcess:True IndexOnStartup:True
Scripting: successfully reloaded assembly
- Finished resetting the current domain, in  0.900 seconds
Domain Reload Profiling: 1559ms
	BeginReloadAssembly (411ms)
		DisableScriptedObjects (46ms)
		CreateAndSetChildDomain (223ms)
	RebuildCommonClasses (5ms)
	RebuildNativeTypeToScriptingClass (9ms)
	initialDomainReloadingComplete (20ms)
	LoadAllAssembliesAndSetupDomain (215ms)
		LoadAssemblies (86ms)
		TypeCache.Refresh (7ms)
		AnalyzeDomain (101ms)
			BuildScriptInfoCaches (88ms)
			ResolveRequiredComponents (11ms)
	FinalizeReload (900ms)
		SetupLoadedEditorAssemblies (0ms)
			BeforeProcessingInitializeOnLoad (117ms)
			ProcessInitializeOnLoadAttributes (180ms)
			ProcessInitializeOnLoadMethodAttributes (43ms)
			EditorAssembliesLoaded (3ms)
		AwakeInstancesAfterBackupRestoration (287ms)

Asset Pipeline Refresh (id=4c6bce900bb7a418c951985842b8c456): Total: 2.888 seconds - Initiated by RefreshV2(AllowForceSynchronousImport)
	(Values over 0.05ms)
	Summary:
		Imports: total=0 (actual=0, local cache=0, cache server=0)
		Asset DB Process Time: managed=0 ms, native=1304 ms
		Asset DB Callback time: managed=35 ms, native=8 ms
		Scripting: domain reloads=1, domain reload time=691 ms, compile time=1 ms, other=0 ms
		Project Asset Count: scripts=1649, non-scripts=3207
		Asset File Changes: new=0, changed=1, moved=0, deleted=0
		Scan Filter Count: 1
	InvokePackagesCallback: 0.385ms
	ApplyChangesToAssetFolders: 0.146ms
	Scan: 253.364ms
	Collect global state as custom dependencies: 1.177ms
	ProcessAssetsWithTransientArtifactChanges: 2.158ms
	CategorizeAssets: 38.751ms
	CompileScripts: 0.870ms
	ImportOutOfDateAssets: 906.577ms (905.347ms without children)
		CollectScriptTypesHashes: 0.509ms
		ReloadNativeAssets: 0.511ms
		UnloadImportedAssets: 0.101ms
		EnsureUptoDateAssetsAreRegisteredWithGuidPM: 0.395ms
		ImportSchedulerStart: 0.208ms
	PostProcessAllAssets: 36.284ms
		XRBuildSystem.XRAssetImported 0.079ms
		MonoPostProcessAllAssets: 35.949ms
			UniversalRenderPipelineGlobalSettingsPostprocessor.OnPostprocessAllAssets 9.898ms
			SyncVS.PostprocessSyncProject 3.865ms
			BuilderAssetPostprocessor.OnPostprocessAllAssets 3.778ms
			AssetChangedListener.OnPostprocessAllAssets 2.604ms
			AssetPostprocessor.OnPostprocessAllAssets 1.722ms
			SpriteSlicePostprocessor.OnPostprocessAllAssets 1.053ms
			WindowAssetPostprocessingWatcher.OnPostprocessAllAssets 0.807ms
			SpeedTree9Postprocessor.OnPostprocessAllAssets 0.768ms
			ShaderGraphAssetPostProcessor.OnPostprocessAllAssets 0.712ms
			RetainedModeAssetPostprocessor.OnPostprocessAllAssets 0.569ms
			EditModeScopePostprocessor.OnPostprocessAllAssets 0.402ms
			MaterialPostprocessor.OnPostprocessAllAssets 0.339ms
			ProjectSettingsPostprocessor.OnPostprocessAllAssets 0.330ms
			RenderPipelineGlobalSettingsPostprocessor.OnPostprocessAllAssets 0.300ms
			ShaderReflectionAssetPostProcessor.OnPostprocessAllAssets 0.253ms
			SpriteEditorTexturePostprocessor.OnPostprocessAllAssets 0.249ms
			TMPro_TexturePostProcessor.OnPostprocessAllAssets 0.248ms
			ArtifactBrowserPostProcessor.OnPostprocessAllAssets 0.244ms
			SpriteShapeAssetPostProcessor.OnPostprocessAllAssets 0.235ms
			UVCSAssetPostprocessor.OnPostprocessAllAssets 0.205ms
			InputActionAssetPostprocessor.OnPostprocessAllAssets 0.155ms
			TextAssetPostProcessor.OnPostprocessAllAssets 0.139ms
			AudioMixerPostprocessor.OnPostprocessAllAssets 0.133ms
			InputActionJsonNameModifierAssetProcessor.OnPostprocessAllAssets 0.124ms
			PostProcessor.OnPostprocessAllAssets 0.117ms
			ReferencedClipsPostProcessor.OnPostprocessAllAssets 0.106ms
			StyleCatalogPostProcessor.OnPostprocessAllAssets 0.096ms
			AssetEvents.OnPostprocessAllAssets 0.096ms
			SpriteLibraryAssetPostprocessor.OnPostprocessAllAssets 0.087ms
			SpeedTreePostProcessor.OnPostprocessAllAssets 0.067ms
			TerrainToolbarOverlayPostProcessor.OnPostprocessAllAssets 0.063ms
			AssetDatabaseCallbacks.OnPostprocessAllAssets 0.060ms
			PSDImportPostProcessor.OnPostprocessAllAssets 0.058ms
			ThemePostprocessor.OnPostprocessAllAssets 0.057ms
			ConfigAssetsTracker.OnPostprocessAllAssets 0.055ms
			SamplePostprocessor.OnPostprocessAllAssets 0.055ms
			PSDImporterAssetPostProcessor.OnPostprocessAllAssets 0.053ms
	PostAssetChangesProfiler: 5.720ms
	PersistCurrentRevisions: 0.086ms
	GenerateScriptTypeHashes: 1.248ms
	GenerateScriptTypeSerializationHashes: 2.243ms
	Untracked: 706.446ms

[Licensing::Client] Successfully resolved entitlement details
[Licensing::Client] Successfully resolved entitlement details
GPU Resident Drawer created.
2026-09-17 15:38:35.679 Unity[1293:18799] CAMetalLayer ignoring invalid setDrawableSize width=0.000000 height=0.000000
2026-09-17 15:38:35.681 Unity[1293:18799] CAMetalLayer ignoring invalid setDrawableSize width=0.000000 height=0.000000
2026-09-17 15:38:39.058 Unity[1293:18799] CAMetalLayer ignoring invalid setDrawableSize width=0.000000 height=0.000000
2026-09-17 15:38:39.059 Unity[1293:18799] CAMetalLayer ignoring invalid setDrawableSize width=0.000000 height=0.000000
Asset Pipeline Refresh (id=8e66b975f217349f3b9e38862d7296cc): Total: 0.092 seconds - Initiated by RefreshV2(AllowForceSynchronousImport)
